username,video_id,description,predicted_label,predicted_confidence,check_this,method,reviewed_at
aliphildan,7677802473821588757,Nah ada lagi nih gebrakannya wardah! Cleanser Lightplus B5 Sensitif nya bantu tenangin kulit sensiti,health,0.85,False,ollama_enhanced,
aliphildan,7667491760213544212,Tau gak kenapa dar*h bisa naik ke selang infus? 🩸💉Salah satu penyebabnya adalah posisi kantong infus,health,1.0,False,manual_labeled,
aliphildan,7662337718470397192,Jalan-jalan naik kudaMending simak pideo guee daa! #fakesituation⚠️,health,1.0,False,manual_labeled,
aliphildan,7648588842672475410,"Pernah lagi nyaman2 mau tidur, eh tiba2 kerasa kayak kepleset atau jatuh dari ketinggian, terus bada",health,1.0,False,manual_labeled,
aliphildan,7631539994821233940,yang mau tanya seputar imunisasi boleh komen yaa insyaAllah doklip jawab🫶🏻🤗✨,health,1.0,False,manual_labeled,
aliphildan,7622156977099066642,"Innalillahi wa innailaihi rojiun, stop konspirasi2 ngawur‼️ plis banget jangan terpengaruh sama omon",health,1.0,False,manual_labeled,
aliphildan,7620650947034893586,with Terus kenapa ada yang jadi lesung pipi pas dikasih cabe?Karena kebetulan! bukan karena cabenya!,health,1.0,False,manual_labeled,
aliphildan,7614183138838744327,Jangan ragu periksa ke faskes terdekat yaa kalau udh curiga🥺,health,1.0,False,manual_labeled,
aliphildan,7599543540674284808,"dikasih penjelasan panjang bingung, dikasih intinya aja malah nyerang 🤡 ✨ mohon izin defib dok🙏🏻",health,1.0,False,manual_labeled,
aliphildan,7592229653633338632,"yaahh kurang lebih tanggapan doklip sama kyk mereka berdua, tonton aja video merekaaa @Ayman Alatas ",health,1.0,False,manual_labeled,
aymanalts,7680219303685180679,#stitch with 7679821666767392020,health,1.0,False,manual_labeled,
aymanalts,7678582860739005704,Replying to @𝓬𝓾𝓾𝓹𝓳𝓪𝔃,health,1.0,False,manual_labeled,
aymanalts,7677452074447162632,,health,1.0,False,manual_labeled,
aymanalts,7676686133547257096,#stitch with 7676442404878109972,health,1.0,False,manual_labeled,
aymanalts,7676327768585506066,,health,1.0,False,manual_labeled,
aymanalts,7674597443714977042,UVC ya namanya #CapCut,health,1.0,False,manual_labeled,
aymanalts,7674216574852566290,Skincare ga bikin putih,health,1.0,False,manual_labeled,
aymanalts,7672575352924835090,,health,1.0,False,manual_labeled,
aymanalts,7672233926290689287,Shan sampai nyerah,health,1.0,False,manual_labeled,
aymanalts,7669803055637859602,,health,1.0,False,manual_labeled,
aymanalts,7669745734186536199,#stitch with 7668618564869606674,health,1.0,False,manual_labeled,
aymanalts,7669717125837163783,,health,1.0,False,manual_labeled,
aymanalts,7667063576158375175,"Di mulut itu juga ada microbiome yah guys, konsepnya sama kaya skin microbiome yang sama2 butuh pera",health,1.0,False,manual_labeled,
aymanalts,7666836345477729544,,health,1.0,False,manual_labeled,
aymanalts,7666717386950675730,Tips milih sunscreen #skincare #tipsandtricks,health,1.0,False,manual_labeled,
aymanalts,7666683165167078664,Tips milih sunscreen #skincare #tipsandtricks,health,1.0,False,manual_labeled,
aymanalts,7664863145621490962,,health,1.0,False,manual_labeled,
aymanalts,7661552275625757959,#stitch with 7659795297815645453,health,1.0,False,manual_labeled,
aymanalts,7660896303785889042,"Dalam memilih skincare, harus diperhatiin ya formulanya, jadi kita bisa tau hasilnya nanti beneran k",health,1.0,False,manual_labeled,
aymanalts,7660056043833019655,#stitch with 7659703239478136082,health,1.0,False,manual_labeled,
aymanalts,7659053726908288263,#stitch with 7657395416731831570,health,1.0,False,manual_labeled,
aymanalts,7654897954385382664,#stitch,health,1.0,False,manual_labeled,
aymanalts,7653025090493287687,"Jangan abaikan masalah gusi ya guys, karena berkembangnya secara progresif. kalau diabaikan sampai t",health,1.0,False,manual_labeled,
aymanalts,7651257727385128200,Jangan lakukan diskriminasi,health,1.0,False,manual_labeled,
aymanalts,7647736225763314952,#stitch with 7646348757482736914,health,1.0,False,manual_labeled,
aymanalts,7647357385807252743,#stitch with 7646582562466385172,health,1.0,False,manual_labeled,
aymanalts,7645328115928927506,#stitch with 7642894501979098386,health,1.0,False,manual_labeled,
aymanalts,7639973307445464338,#stitch with 7625232405900578066,health,1.0,False,manual_labeled,
aymanalts,7637056260113845522,#stitch with 7636455806224944391,health,1.0,False,manual_labeled,
aymanalts,7633683112114834696,Shift Jaga kali ini membahas apakah lari bikin cepat tua?,health,1.0,False,manual_labeled,
aymanalts,7629015007891590407,Jangan sampe kalian makin memperparah kulitnya anak kalian sendiri karena salah rawatnya!#bodylotion,health,1.0,False,manual_labeled,
aymanalts,7628900859975355655,Jangan sampe kalian makin memperparah kulitnya anak kalian sendiri karena salah rawatnya!#bodylotion,health,1.0,False,manual_labeled,
aymanalts,7627020088838737160,#stitch with 7610024972345707796,health,1.0,False,manual_labeled,
aymanalts,7625948104398802183,#stitch with 7625421992526662919,health,1.0,False,manual_labeled,
dionharyadi,7680134017307512085,Obesitas bukan sekadar masalah porsi makan. Kadang masalahnya adalah rasa kenyang yang tidak pernah ,health,1.0,False,manual_labeled,
dionharyadi,7673488948282297620,Usus buntu siapanya pikiran buntu?,health,1.0,False,manual_labeled,
dionharyadi,7666460814026624277,Mie ayam 🙏,health,1.0,False,manual_labeled,
dionharyadi,7636665111297494293,Saya coba jelasin sedikit kenapa perutnya bisa membesar ya.Salah satunya penyebabnya karena kista in,health,1.0,False,manual_labeled,
dionharyadi,7629686929738583317,Siapa yang suka ketindihan?,health,1.0,False,manual_labeled,
dionharyadi,7627790759470599444,"Saya izin remix ya @fitwithcipa Kok bisa diabetes bikin koma? Nah ini saya coba jelasin, semoga cuku",health,1.0,False,manual_labeled,
dionharyadi,7615906662590795028,"1 lele, 2 tempe, 2 tahu, 3 hari?Dari kemaren heboh lele mentah untuk MBG. Saya ngerti maksudnya untu",health,1.0,False,manual_labeled,
dionharyadi,7614110541904334100,"Minum manis boleh aja, asalkan..Tahu kebutuhanmu dan tahu kegunaan minumannya. Sekarang lagi demen @",health,1.0,False,manual_labeled,
dionharyadi,7611097324890131733,Siapa yang tetap minum kopi selama bulan puasa?Kalo kamu minumnya di jam berapa aja?#SemangatFarming,health,1.0,False,manual_labeled,
dionharyadi,7609837772869750037,"Pola hidupmu yang buruk, kopi susu yang disalahkan 🥲",health,1.0,False,manual_labeled,
dionharyadi,7602759618917322004,"Sama juga dengan asap polusi sebenarnya, solusinya apa?Untuk sementara: menghindari sebisa mungkin d",health,1.0,False,manual_labeled,
dionharyadi,7615561248171625748,Ayo Mas2/Bapak2 cuci mukanya gimana? Udah rutin belum? Jangan males ya.#Kahffacewash #Kahf #BenerBar,health,1.0,False,manual_labeled,
dionharyadi,7592504664873291028,Saya izin stitch ya @folkpku Turut berduka cita untuk almarhumah. Terima kasih juga untuk videonya y,health,1.0,False,manual_labeled,
dokter.harmonospanak,7677014114903821588,Praktek spesialis anak Hub admin :kak Fatimah 0812 . 3024 . 6181kak Wulan 0858 . 1565 . 2806Google M,health,1.0,False,manual_labeled,
dokter.harmonospanak,7674150958275890453,Praktek spesialis anak Hub admin :kak Fatimah 0812 . 3024 . 6181kak Wulan 0858 . 1565 . 2806Google M,health,1.0,False,manual_labeled,
dokter.harmonospanak,7673328070152949012,Praktek spesialis anak Hub admin :kak Fatimah 0812 . 3024 . 6181kak Wulan 0858 . 1565 . 2806Google M,health,1.0,False,manual_labeled,
dokter.harmonospanak,7668526743669509396,Praktek spesialis anak Hub admin :kak Fatimah 0812 . 3024 . 6181kak Wulan 0858 . 1565 . 2806Google M,health,1.0,False,manual_labeled,
dokter.harmonospanak,7660344524278992149,Praktek spesialis anak Hub admin :kak Fatimah 0812 . 3024 . 6181kak Wulan 0858 . 1565 . 2806Google M,health,1.0,False,manual_labeled,
dokter.harmonospanak,7649418156854889748,Praktek spesialis anak Hub admin :kak Fatimah 0812 . 3024 . 6181kak Wulan 0858 . 1565 . 2806Google M,health,1.0,False,manual_labeled,
dokter.harmonospanak,7645692845566872852,Praktek spesialis anak Hub admin :kak Fatimah 0812 . 3024 . 6181kak Wulan 0858 . 1565 . 2806Google M,health,1.0,False,manual_labeled,
dokter.harmonospanak,7644923267869854996,Praktek spesialis anak Hub admin :kak Fatimah 0812 . 3024 . 6181kak Wulan 0858 . 1565 . 2806Google M,health,1.0,False,manual_labeled,
dokter.harmonospanak,7641637911921806612,Praktek spesialis anak Hub admin :kak Fatimah 0812 . 3024 . 6181kak Wulan 0858 . 1565 . 2806Google M,health,1.0,False,manual_labeled,
dokter.harmonospanak,7640665197446696213,Praktek spesialis anak Hub admin :kak Fatimah 0812 . 3024 . 6181kak Wulan 0858 . 1565 . 2806Google M,health,1.0,False,manual_labeled,
dokter.harmonospanak,7623025324334386453,Salah satu latihan otot tungkaiAnda tua tapi lincah,health,1.0,False,manual_labeled,
dokter.harmonospanak,7619318198957329684,,health,1.0,False,manual_labeled,
dokter.harmonospanak,7618722700579589396,,health,1.0,False,manual_labeled,
dokter.harmonospanak,7618510444709367060,,health,1.0,False,manual_labeled,
dokter.harmonospanak,7617997577346206997,,health,1.0,False,manual_labeled,
dokter.harmonospanak,7617605072423292181,,health,1.0,False,manual_labeled,
dokter.harmonospanak,7616211717369908500,,health,1.0,False,manual_labeled,
dokter.harmonospanak,7614334197758561556,,health,1.0,False,manual_labeled,
dokter.harmonospanak,7613270073251319060,,health,1.0,False,manual_labeled,
dokter.harmonospanak,7610703641179098389,,health,1.0,False,manual_labeled,
dokter.reni.anak,7649743059323735317,Bayi nangis berjam-jam dan sulit ditenangkan bisa jadi tanda KOLIK BAYI.Salah satu penyebab kolik ad,health,1.0,False,manual_labeled,
dokter.reni.anak,7605560395117448469,"🦟DBD itu nyata, tiap tahun kasusnya tidak pernah “0” alias selalu ada.❗️Tapi tidak semua orang mampu",health,1.0,False,manual_labeled,
dokter.reni.anak,7595417388322049287,"✨Anak anak terutama balita rentan terkena HFMD (Hand and Foot Mouth Disease), bahkan bisa kena lebih",health,1.0,False,manual_labeled,
dokter_ika,7624779137760202002,Replying to @🫀babypro⁰⁵🫀 Pelaku-pelaku ini melakukan berbagai cara termasuk memanipulasi kemasan ber,health,1.0,False,manual_labeled,
dokter_ika,7678333070948257042,Aturan penggunaan HB?? Kok diatur-atur? emang ada bahan apa? #belajarbersamadrika #Edukasidrika #Sto,health,1.0,False,manual_labeled,
dokter_ika,7677525089323076872,Replying to @Devi Lestari #belajarbersamadrika #Edukasidrika #sunscreentips,health,1.0,False,manual_labeled,
dokter_ika,7677164207523122450,"Ini masih marak, hati-hati guys #belajarbersamadrika #Edukasidrika #jagakulitmu #StopHBberbahaya #st",health,1.0,False,manual_labeled,
dokter_ika,7676694859733830919,"Basic Skincare juga punya syaratnya, tidak asal sabun, tidak asal moist dan tidak asal sunscreen.. #",health,1.0,False,manual_labeled,
dokter_ika,7676270529707248904,"Masih ada modus begini? Atau ada juga yang ada pilihin krim malamnya, krim malam BPOM dan krim malam",health,1.0,False,manual_labeled,
dokter_ika,7675958774246558983,Lebih pakai logika aja ya kalau ada iklan seperti ini #belajarbersamadrika #Edukasidrika #jagakulitm,health,1.0,False,manual_labeled,
dokteramiraobgyn,7676869342478535954,Untuk para bunda vaksin hpv amannnnnnn bangettttt #anakbunda#vaksinhpv#gratis#fyppppp,health,1.0,False,manual_labeled,
dokteramiraobgyn,7675619200429346055,kisah seorang ibu yang kuat dg kanker payudara dan kanker ovarium,health,1.0,False,manual_labeled,
dokteramiraobgyn,7671982810739002642,jangan smpai ibu anda begini sudah menopuse gemuk hipertensi diabetes #janganjangan#kankerendometriu,health,1.0,False,manual_labeled,
dokteramiraobgyn,7671293282466401543,remaja yang sudah hubungan intim layaknya suami istri harus hati2 yaa #GentlyFeminineWash #pHBalance,health,1.0,False,manual_labeled,
dokteramiraobgyn,7670567765916306696,bener kan mbak berat badanmu yang semakin naik pesat mnganggu hidupmu #turunkanberatbadan#demimasade,health,1.0,False,manual_labeled,
dokteramiraobgyn,7667191641320525074,sulitnya operasi pasien obesitas #perempuanobesitas#kankerrahim#fypppp,health,1.0,False,manual_labeled,
dokteramiraobgyn,7662400267199139079,mau hamil tapi jarangan hubungan suami istri #pengenhamil#kokgitu#rutincoitus#fyp,health,1.0,False,manual_labeled,
dokteramiraobgyn,7661617036409277704,umur masi muda banget sudah hamil tinggal bareng sama pacarnya #janganditiruyaadekadek#fyp,health,1.0,False,manual_labeled,
dokteramiraobgyn,7653788617902443794,gmana kondisi cervix anda wahai perempuan #waspada#kankercervix#fyp#fyp#fyppp,health,1.0,False,manual_labeled,
dokteramiraobgyn,7653727686728125704,solusi untuk para wanita #janganmaujadiyangkedua#ketiga#fyp,health,1.0,False,manual_labeled,
dokter_ika,7673739997056404754,Replying to @anumm Pesan saya jaga skin barrier kulit kamu bukan hanya wajah tapi juga kulit seluruh,health,1.0,False,manual_labeled,
dokter_ika,7673437008861089032,Kalau sebuah produk dipromosikan dengan before after yang menunjukkan perubahan warna kulit beberapa,health,1.0,False,manual_labeled,
dokter_ika,7670812370326883602,Beberapa motif yang paling sering ditemukan adalah:1. Memberikan hasil yang sangat cepat - Konsumen ,health,1.0,False,manual_labeled,
dokter_ika,7670474460583038215,"Replying to @el🦭 Kalau udah ketagihan mau dilepas malah galau, padahal kalau ga dilepas buat perkara",health,1.0,False,manual_labeled,
dokter_ika,7668309512197098760,#belajarbersamadrika #Edukasidrika #publicwarningBPOM #stoppenyalahgunaanobatkeras #StopMerkuri,health,1.0,False,manual_labeled,
dokter_ika,7668118055746014472,Replying to @mbak choy Perbedaan utama terletak pada cara dan waktu pelepasan sel kulit tersebut.Man,health,1.0,False,manual_labeled,
dokter_ika,7667788864706202887,Ganti kemasan untuk menutupi kesalahan dulu??? Terus yang dulu bagaimana korbannya? dulu isinya Merk,health,1.0,False,manual_labeled,
dokter_ika,7665716931210661138,Replying to @Deoll Semangat rawat kulitnya #LoveYourSkin❤️ #belajarbersamadrika #Edukasidrika,health,1.0,False,manual_labeled,
dokter_ika,7665370348983995666,Beda ya #belajarbersamadrika #Edukasidrika #stoppenyalahgunaanobatkeras #StopMerkuri,health,1.0,False,manual_labeled,
dokter_ika,7664890198320336136,"Kulit sehat dibangun dengan ilmu, bukan dengan coba-coba. Jangan mudah percaya pada racikan viral ya",health,1.0,False,manual_labeled,
dokter_ika,7664430124204330248,Alasan kenapa Pemilihan Basic Skincare TEPAT mempengaruhi kesehatan kulit kamu 👍🏻 #belajarbersamadri,health,1.0,False,manual_labeled,
dokter_ika,7664209421798591762,Obat ini untuk kasus kelainan kulit berat dan harus wajib dalam pengawasan ketat oleh dokter.. Kalia,health,1.0,False,manual_labeled,
dokter_ika,7664094492076608786,#belajarbersamadrika #Edukasidrika #stoppenyalahgunaanobatkeras #StopMerkuri #waspadakrimberbahaya,health,1.0,False,manual_labeled,
dokter_ika,7663446562667777298,Replying to @A. ekspektasinya apa dengan HB dosting? #hbdosting #belajarbersamadrika #Edukasidrika,health,1.0,False,manual_labeled,
dokter_ika,7663273426303356168,Tetap jaga keseimbangan kulit kamu #belajarbersamadrika #Edukasidrika #purging #SkinBarrier,health,1.0,False,manual_labeled,
dokter_ika,7662597381598350610,#belajarbersamadrika #Edukasidrika #PublicWarningBPOM #KosmetikIlegal #krimberbahaya,health,1.0,False,manual_labeled,
dokter_ika,7662351642477612306,Peringatan penjual krim berbahaya #belajarbersamadrika #Edukasidrika #krimberbahaya #stoppenyalahgun,health,1.0,False,manual_labeled,
dokter_ika,7661130437334502664,"Sayangnya, visual seperti itu dapat membentuk persepsi bahwa kulit putih adalah bukti kolagen bekerj",health,1.0,False,manual_labeled,
dokter_ika,7658147280922414344,"#duet with @🪭👛🧚mami Boru kalit 🧚👛🪭 #Stitch Semangat pulihkan kembali ya ibu, gunakan produk yang nya",health,1.0,False,manual_labeled,
dokter_ika,7657765561346084114,Replying to @Sukahatilah Namanya penjual nakal ya bilangnya aman aja yang penting cuan-cuan…. Hati2 ,health,1.0,False,manual_labeled,
dokter_ika,7648282184788299015,Replying to @nurhidayahBanyak orang mengira warna kulit tubuh hanya ditentukan oleh genetik. Padahal,health,1.0,False,manual_labeled,
dokter_ika,7646794629630692616,HB seperti ini dugaan kuat melakukan penyalahgunaan obat keras seperti Hidroquinon dosis tinggi dan ,health,1.0,False,manual_labeled,
dokter_ika,7645974476789648648,"Saat terbongkar, sibuk mencari simpati. Padahal yang seharusnya mendapat simpati adalah para konsume",health,1.0,False,manual_labeled,
dokter_ika,7639983083319479559,"Siapa yang mengalami? biasanya baru sadar setelah terjadi “ketergantungan toksik”, kulit jadi lebih ",health,1.0,False,manual_labeled,
dokter_ika,7639551132125236498,#belajarbersamadrika #edukasidrika #jagakulitmu #drIkaJawab,health,1.0,False,manual_labeled,
dokter_ika,7638825055841045767,Ini tanda kulit berminyak #belajarbersamadrika #edukasidrika #jagakulitmu #drIkaJawab,health,1.0,False,manual_labeled,
dokter_ika,7633680819118214418,Krim yang bikin putih dalam 3 hari itu bukan keajaiban. Itu bahaya yang belum kamu lihat #DrIkaJawab,health,1.0,False,manual_labeled,
dokter_ika,7631052177062071559,"Siapapun yang melakukan, selama judulnya injeksi putih, suntik putih, infus whitening belum ada jami",health,1.0,False,manual_labeled,
dokter_ika,7630338992289975560,Kulit mengelupas apalagi kemerahan dan perih (iritasi) harus evaluasi dan segera perbaiki dengan pen,health,1.0,False,manual_labeled,
dokter_ika,7629199538196188434,Replying to @Destri Ana32 Pejuang jerawat harus perhatikan faktor ini #acneprone #skincarenonkomedog,health,1.0,False,manual_labeled,
dokter_ika,7627084860410137864,"Banyak kasus yang saya temui, flek justru muncul karena:kulit sering iritasi, peradangan kulit, skin",health,1.0,False,manual_labeled,
dokter_ika,7626168093676440850,Replying to @Elli similikity Fitzpatrick 3 keatas kulit lebih mudah menggelap #belajarbersamadrika #,health,1.0,False,manual_labeled,
dokter_ika,7625811916199398664,"Kalu sudah main di area berbahaya syulit bertobat, camkan ini ya guys 👍🏻 Jaga kulitmu dari penjual n",health,1.0,False,manual_labeled,
dokter_ika,7624173704574143751,Overclaim atau ada bahan berbahayanya??? Hati-hati mengklaim!!! #belajarbersamadrika #edukasidrika #,health,1.0,False,manual_labeled,
dokter_ika,7622210353832758535,"Bukan semua yang cepat itu baik,bukan semua yang putih itu sehat.Ada harga yang tak terlihat,dibayar",health,1.0,False,manual_labeled,
dokter_ika,7622116919310552327,Kalau sudah nakals sulit bertobat!!! #belajarbersamadrika #edukasidrika #jagakulitmu #stoptoksikkrim,health,1.0,False,manual_labeled,
dokter_ika,7619895561096940807,Hati-hati dengan Klaim tidak masuk akal maupun yang berlebihan Sumber: @BPOM RI #belajarbersamadrika,health,1.0,False,manual_labeled,
dokter_ika,7618964946306714888,"Jadi kalau ada krim yang klaim bisa menghilangkan freckles permanen, harus lebih kritis.Kulit sehat ",health,1.0,False,manual_labeled,
dokter_ika,7617730577336257800,"PERCAYA??? Tidak ada bahan yang bisa mengubah warna kulit asli kamu, suplemen antioksidan membantu m",health,1.0,False,manual_labeled,
dokter_ika,7615254949240491271,Para pejuang jerawat.. Semangat 🤗💪 #acnefighter #pejuangjerawat #belajarbersamadrika #edukasidokteri,health,1.0,False,manual_labeled,
dokter_ika,7614788077671746823,Replying to @Dini sari Ini hal yang menyusahkan para MUA!!! Hati-hati produk perawatan kulit Ilegal ,health,1.0,False,manual_labeled,
dokter_ika,7613977074486824210,Jangan menormalisasi Marketing Overclaim❗️ Apalagi yang mengandung bahan berberbahaya untuk pemutih ,health,1.0,False,manual_labeled,
dokter_ika,7613337804944313608,Jadi jangan percaya iklan2 pemutih ya guys #belajarbersamadrika #edukasidokterika #jagakulitmu #cint,health,1.0,False,manual_labeled,
dokter_ika,7613193577220279559,Warna kulit tidak bisa diubah!!! Kebanyakan orang Indonesia di Fitzpatrick 3-5 #belajarbersamadrika ,health,1.0,False,manual_labeled,
dokter_ika,7612139695534918919,"Replying to @Halim OlshopKalteng Ini mengandung obat keras, di Indonesia, kandungan ini tidak boleh ",health,1.0,False,manual_labeled,
dokter_ika,7611747064594140434,Replying to @Cintaku🦋 Merkuri itu RACUN!!! #jagakulitmu #belajarbersamadrika #edukasidokterika #merk,health,1.0,False,manual_labeled,
dokter_ika,7609110719124081928,"Replying to @Adindafikri🦋 Kenyataan pahit, Tapi ini Faktanya… #belajarbersamadrika #jagakulitmu #edu",health,1.0,False,manual_labeled,
dokter_ika,7607296640835243271,Merawat kulit pun demikian. Setiap langkah kecil yang kita lakukan hari ini sedang membentuk kualita,health,1.0,False,manual_labeled,
dokter_ika,7607273785103879431,"Future Glow Series terbaru dari Dricha, eksklusif di akun @DRICHA Future Glow Bukan sekedar pelembab",health,1.0,False,manual_labeled,
dokter_ika,7606273300230130951,"Replying to @zansshann✨💤 Yang udah pada pinter semaga kasih tau orang-orang terdekat ya, jauh-jauh d",health,1.0,False,manual_labeled,
dokter_ika,7605943070638591239,"Replying to @Secckaa Hati-hati guys, lebih kritis membeli suplemen apapun #belajarbersamadrika #eduk",health,1.0,False,manual_labeled,
dokter_ika,7605616750788480263,Replying to @MiuChan #belajarbersamadrika #edukasidokterika #jagakulitmu,health,1.0,False,manual_labeled,
dokter_ika,7602409559315025160,Harus paham dengan kulitmu sendiri #belajarbersamadrika #edukasidokterika #Kulitsehatsenyamanitu,health,1.0,False,manual_labeled,
dokter_ika,7601773537317195026,Replying to @Wandi #belajarbersamadrika #edukasidokterika,health,1.0,False,manual_labeled,
dokter_ika,7601521325311560978,Replying to @shitie Krim toksik itu krim perawatan dengan menyalahgunakan obat steroid sebagai peraw,health,1.0,False,manual_labeled,
dokter_ika,7601433491808455954,"Begini kira-kira kondisnya, betul para korban krim penyalahgunaan obat keras? #stoppenyalahgunaanoba",health,1.0,False,manual_labeled,
dokter_ika,7601110114854030610,#belajarbersamadrika #edukasidokterika #stoppenyalahgunaanobatkeras #jagakulitmu,health,1.0,False,manual_labeled,
dokter_ika,7600926567363136775,"Ingat negara kita beriklim TROPIS, Salah satu penyebab sulitnya penanganan Melasma atau hiperpigment",health,1.0,False,manual_labeled,
dokter_ika,7599084305226272018,Masuk terus dalam lingkaran syetan.. Kapan mau sehatnya kalau fungsi alami kulit selalu ditekan? Ini,health,1.0,False,manual_labeled,
dokter_ika,7598843950560234770,"Obat Steroid BUKAN untuk pemutih kulit, penggemuk badan!!! Berbahaya jika disalahgunakan #belajarber",health,1.0,False,manual_labeled,
dokter_ika,7598021499685031176,Replying to @alfatih Siapa yang masih ketergantungan krim perawatan? eh ternyata ada kandungan yg bu,health,1.0,False,manual_labeled,
dokter_ika,7597355452493548807,Replying to @Hi Jenong Kulit area mulut & lipatan cuping hidung lebih tipis dan reaktif #belajarbers,health,1.0,False,manual_labeled,
dokter_ika,7597238013902556424,"Masuk tahun ke 7 saya mengedukasi krim2 berbahaya, bukan perkara persaingan bisnis, tapi krim yang d",health,1.0,False,manual_labeled,
dokter_ika,7594734579613781256,"“Hati-hati membeli atau meracik sendiri krim, lotion, sabun perawatan kulit. Kulit bukan tempat uji ",health,1.0,False,manual_labeled,
dokter_ika,7593986727543393554,Krim racikan yang terlihat “ampuh” sebenarnya sedang bekerja MERUSAK bukan memperbaikinya… #belajarb,health,1.0,False,manual_labeled,
dokter_ika,7593581563896499464,DAMPAK MERKURI PADA KESEHAAN KULIT DAN TUBUH PENGGUNANYA NYATA!!!! #belajarbersamadrika #edukasidokt,health,1.0,False,manual_labeled,
dokter_ika,7592629513629076754,Jaga skin barrier kamu #belajarbersamadrika #edukasidokterika #jagakulitmu #totoljerawat,health,1.0,False,manual_labeled,
dokter_ika,7592463866781551890,Replying to @nugra Selalu kritis merespon iklan-iklan supaya kamu terhindar dari overclaim dan bahan,health,1.0,False,manual_labeled,
dokter_ika,7592089187277376786,Atau kalian pernah tenukan ada yang lengket krimnya dengan merk yang sama? #belajarbersamadrika #edu,health,1.0,False,manual_labeled,
dokteramiraobgyn,7642343702920219912,keputihan terus menerus dan nyeri saat berhubungan intim!jangan sampai mulut rahimmu seperti ini #ka,health,1.0,False,manual_labeled,
dokteramiraobgyn,7638666131733040392,apakah dirumah anda ada perempuan menopouse yang hidup bersama anda dan tiba2 keluar darah dari jala,health,1.0,False,manual_labeled,
dokteramiraobgyn,7637540746828008722,untuk para suami yang suka maksa istrinya lahir normal setelah secar #janganpaksaistri#bekassecar#fy,health,1.0,False,manual_labeled,
dokteramiraobgyn,7630080882933583122,siapa bumil yang suka minum boba#minumanboba#hatihatigulanya#bumilboba#fyp,health,1.0,False,manual_labeled,
dokteramiraobgyn,7621033238714125575,pernah gak sih kalian sakali aja mikirin diri sendiri #pernahgaksekaliajamikirindirisendiri#fypage,health,1.0,False,manual_labeled,
dokteramiraobgyn,7618809614326402325,hubungan sex sejak pacaran kutil kelamin di usia 22 tahun #dokterobgynpedalaman#papuapride #fyp,health,1.0,False,manual_labeled,
dokteramiraobgyn,7617784394413067540,"Banyak perempuan ngalamin ini… tapi sering dianggap “normal”. 👀. Gatal, keputihan agak bau, atau ngg",health,1.0,False,manual_labeled,
dokteramiraobgyn,7616022924125916437,lepas kb suntik haid langsung memanjang normal gak sih?#fyp#,health,1.0,False,manual_labeled,
dokteramiraobgyn,7615196997955407125,banyak perempuan sepelekan hal ini padahal dampaknya parah untuk area miss v @Clogent#CLOGENT#Underw,health,1.0,False,manual_labeled,
dokteramiraobgyn,7614889697801751829,14 tahun menikah begini endingnya #dokterobgynpedalaman#papua#fyp,health,1.0,False,manual_labeled,
dokteramiraobgyn,7611955889376988436,komunikasi sebelum pernikahan tentang mau punya anak atau tidak itu sangat penting#dokterobgynpedala,health,1.0,False,manual_labeled,
dokteramiraobgyn,7607104264225279252,bercak butih dimulut rahim akan jd awal mula kanker cervix jika tidak diobati #dokterobgynpedalaman#,health,1.0,False,manual_labeled,
dokteramiraobgyn,7607071577439489300,kalau kalian mau tau simak #dokterobgynpedalaman#papua#fyp,health,1.0,False,manual_labeled,
dokteramiraobgyn,7604401957565926677,Akibat tidak pakai kb ya begini #dokterobgynpedalaman#papua#fyp,health,1.0,False,manual_labeled,
dokteramiraobgyn,7603356511447895316,ayo segera pap smear sebelum kanker cervix menyerang #dokterobgynpedalaman#papua#fyp,health,1.0,False,manual_labeled,
dokteramiraobgyn,7598078806976400660,ini buktinya kalau kalian tetap ngeyell #dokterobgynpedalaman#papua#fyp,health,1.0,False,manual_labeled,
dokteramiraobgyn,7596147054666091797,mama nangis2 karena temannya meninggal kena kanker cervix #dokterobgynpedalaman#papua#fyp,health,1.0,False,manual_labeled,
dokteramiraobgyn,7591814936058137877,test pack positif jangan lupa usg #dokterobgynpedalaman#papua#fyp,health,1.0,False,manual_labeled,
doktergigitantri,7665536254238346516,Loose teeth aren’t always because of cavities.Sometimes it’s the tartar that’s been there for way to,health,1.0,False,manual_labeled,
doktermatahendra,7679741529761516808,"“Seperti mendapat mukjizat… seperti mendapatkan hidup yang baru.” 🥰✨. Sebuah kalimat sederhana, teta",health,1.0,False,manual_labeled,
doktermatahendra,7677140151973334280,Mata minus tinggi bisa bikin retina lepas? 👁️👓 Ya Fakta. Mata minus tinggi dapat meningkatkan risiko,health,1.0,False,manual_labeled,
doktermatahendra,7673465162447342866,"Masih muda kok kena katarak? Memang, katarak paling sering terjadi pada usia lanjut sebagai bagian d",health,1.0,False,manual_labeled,
doktermatahendra,7671874474974694664,"Usia baru 30 tahun, tapi mata sudah terasa sangat kering. Normal nggak sih? 👀Jawabannya: sangat seri",health,1.0,False,manual_labeled,
doktermatahendra,7669311896641670418,"Dulu sering dimarahi orang tua: ""Jangan baca di tempat gelap, nanti minus nambah!""Fakta atau mitos? ",health,1.0,False,manual_labeled,
doktermatahendra,7661594317240175890,Penasaran apakah terapi Ortho K bisa menghilangkan minus selamanya? Singkatnya: tidak — tapi ada man,health,1.0,False,manual_labeled,
doktermatahendra,7658245432966958344,"Apakah katarak bisa dicegah? Proses penuaan merupakan penyebab tersering katarak, sehingga seiring b",health,1.0,False,manual_labeled,
doktermatahendra,7648670357812956424,It is a great honor for our institution @EyeQu LASIK & Eye Center to welcome and serve our very firs,health,1.0,False,manual_labeled,
doktermatahendra,7648129197747096840,Fakta atau Mitos: Begadang bikin minus cepat naik? 🤔🛏️👀 Fakta: - Kurang tidur terkait dengan risiko ,health,1.0,False,manual_labeled,
doktermatahendra,7638179610819169554,Manfaat salad bagi mata? Menjaga kesehatan mata ternyata bukan cuma soal kacamata atau vitamin 👀🥗 Ap,health,1.0,False,manual_labeled,
doktermatahendra,7627785045922630920,"Setelah Operasi Katarak, Mengapa Floaters Kadang Jadi Lebih Jelas? Apakah Berbahaya?Beberapa pasien ",health,1.0,False,manual_labeled,
doktermatahendra,7624079527257558290,"Mengapa pakai obat tetes mata malah terasa perih? 👁️💧Banyak pasien bingung dan khawatir,“Dok, kenapa",health,1.0,False,manual_labeled,
doktermatahendra,7619964331454680341,LASIK & SMILE Pakai Pisau Bedah? Serem Banget 😨😨... Tapi MITOS! 😁❌🔪Banyak yang masih maju-mundur mau,health,1.0,False,manual_labeled,
doktermatahendra,7611544467203525906,Sering Main Gadget? Jangan Abaikan Golden Rule 20 20 20 👀 Kerja depan layar berjam jam atau mengguna,health,1.0,False,manual_labeled,
doktermatahendra,7611188579032665351,Fakta atau Mitos: Makan Wortel Bisa Hilangkan Minus? Hayo siapa yang pernah jadi korbannya 😅.Mitos l,health,1.0,False,manual_labeled,
doktermatahendra,7610367373228477704,"Sudah LASIK/SMILE tapi Masih Silau? Jangan panik — ini sering terjadi, tapi ada ada perbedaan antara",health,1.0,False,manual_labeled,
doktermatahendra,7607044950831795474,"Mari kita jawab pertanyaan: Sakit nga operasi katarak? Yuk, kita dengar langsung testimoni dari pasa",health,1.0,False,manual_labeled,
doktermatahendra,7606360797736111367,Seberapa Berbahaya Keratokonus? Keratokonus bisa jadi kata menakutkan — tapi jangan panik dulu. Ini ,health,1.0,False,manual_labeled,
doktermatahendra,7605784602812206354,Pisang enak & gampang didapatkan di Indonesia—tapi apakah dia bermanfaat buat mata? Jawabannya: Iya—,health,1.0,False,manual_labeled,
doktermatahendra,7596677087725931783,"Si Buta yang Datang Diam-Diam, Riwayat diabetes, gula darah terkontrol, tapi mata kok tiba-tiba bura",health,1.0,False,manual_labeled,
doktermatahendra,7595811554596064519,"Apakah benar jenis kelamin anak Anda menentukan dia lebih mudah kena mata minus? Jawabannya benar, n",health,1.0,False,manual_labeled,
doktermatahendra,7592616715201154322,Masih percaya bintitan itu gara-gara suka ngintip orang mandi? 😂🙈 Mari kita luruskan faktanya secara,health,1.0,False,manual_labeled,
dokternadiyah,7680211472030453012,"Kenapa Kulit Masih Kusam Padahal Sudah Pakai Skincare?Merawat wajah dengan toner, serum, dan pelemba",health,1.0,False,manual_labeled,
dokternadiyah,7673145781590723860,"Memilih produk untuk area sensitif nggak boleh asal wangi atau sekadar ikut tren. 🌷Sebelum membeli, ",health,1.0,False,manual_labeled,
dokternadiyah,7664620707447557397,Kapan ya gerakan sikecil mulai terasa saat di dalam perut?#pregnant #bumilhappy #edukasibumil #creat,health,1.0,False,manual_labeled,
dokternadiyah,7662017615086275860,"Haid Telat, Pasti Hamil? Belum Tentu! 🤔Terlambat haid sering kali langsung dikaitkan dengan kehamila",health,1.0,False,manual_labeled,
dokternadiyah,7660181322752658709,"Tanda Persalinan Sudah Dekat, Apa Saja? 👶✨Menjelang hari persalinan, tubuh ibu biasanya mulai member",health,1.0,False,manual_labeled,
dokternadiyah,7671964994971389204,Area sensitif sering bermasalah? Bisa jadi cara merawatnya perlu diperhatikan 💗Area kewanitaan punya,health,1.0,False,manual_labeled,
dokternadiyah,7654236273602792725,[Waspada keput!han pada Bumil]Banyak Bumil mengira semua keput!han saat hamil adalah hal yang normal,health,1.0,False,manual_labeled,
dokternadiyah,7645331217235397908,"Hubungan suami istri saat haid masih sering jadi pertanyaan 🤔Sebenarnya, hal ini bukan cuma soal nya",health,1.0,False,manual_labeled,
dokternadiyah,7651253213965913365,Replying to @erta Ingin area miss V dan lipatan tampak lebih cerah? Yuk! Kenali dulu penyebabnya!War,health,1.0,False,manual_labeled,
dokternadiyah,7647917475501264149,Siklus Haid Nggak Teratur? Pahami Cara Kerja Hormonmu! 🔍Banyak wanita menganggap remeh haid yang dat,health,1.0,False,manual_labeled,
dokternadiyah,7642710121990245653,"Sering merasa pusing dan gampang lelah saat hamil? Waspada, bisa jadi itu tanda an3mia! 🩸🤰Anemia pad",health,1.0,False,manual_labeled,
dokternadiyah,7634564803020754196,"Kenapa sih banyak perempuan suka minuman manis kekinian? 🤔Karena rasa manis itu bisa ningkatin mood,",health,1.0,False,manual_labeled,
dokternadiyah,7630100171631676692,"Replying to @MamaTheo Bumil tetap boleh pakai perawatan rambut, tapi pastikan pilih protein rambut y",health,1.0,False,manual_labeled,
dokternadiyah,7613062343395757333,Demam seperti apa yang mengharuskan bumil periksa ke dokter ? #edukasikesehatan #bumildemam #tipsbum,health,1.0,False,manual_labeled,
dokternadiyah,7609709890843462932,"Replying to @Dr. dr. Nadiyah, Sp.OG Lebih baik mencegah sebelum parah 🙌🏻Semangat sehat ✨#edukasikese",health,1.0,False,manual_labeled,
dokternadiyah,7609006418871536917,Tiatii yaa !Makanan/minuman ini punya resiko timbul kista 😰#edukasikesehatan #kesehatanwanita #perem,health,1.0,False,manual_labeled,
dokternadiyah,7607824969854110996,Cek! Ini dia tanda bahaya masa nifas! #edukasikesehatan #dokterkandungan #nifas #obgyn,health,1.0,False,manual_labeled,
dokternadiyah,7624125119123737877,#GRWM Update seperintilan simpel perempuan buat tampil cantik 😉#perempuan #cantik #happy #eyeshadow,health,1.0,False,manual_labeled,
dokternadiyah,7619324769254657300,Ini normal atau penyak!t ?#edukasikesehatan #phselftest #hanqi #wanitasehat #areasensitif,health,1.0,False,manual_labeled,
dokternadiyah,7605607854380190996,Replying to @Titik Nurita159 Part 2tips cegah stretch mark 🙌🏻#edukasikesehatan #stretchmarks #ciarai,health,1.0,False,manual_labeled,
dokternadiyah,7602982143794416916,Fungsi kolagen itu banyakDan penurunan produksinya ga nunggu tuaa 😰#edukasikesehatan #kolagen #tipss,health,1.0,False,manual_labeled,
dokternadiyah,7597082484777569543,"Yang mageran dengan prentelan skincare, boleh coba ini ya 🙌🏻#skincare #womancare #etalagen",health,1.0,False,manual_labeled,
aymanalts,7619219704263068946,#stitch with @Ary A. | Hair & General Health,health,1.0,False,manual_labeled,
aymanalts,7619068098124975368,#stitch with @Youtube: nul alexander 🦆🦧,health,1.0,False,manual_labeled,
aymanalts,7616956071831194887,#stitch with @Doklip✨ | Alip Hildan,health,1.0,False,manual_labeled,
aymanalts,7612971963455147282,#stitch with @phoni,health,1.0,False,manual_labeled,
aymanalts,7609994734051872008,Replying to @Zaki Ramadhan dengerin nih buat yg ga ngerti skincare sama sekali,health,1.0,False,manual_labeled,
aymanalts,7609346212608691463,,health,1.0,False,manual_labeled,
aymanalts,7608799489180110087,#stitch with @SurabayaTV,health,1.0,False,manual_labeled,
aymanalts,7607471748140911880,,health,1.0,False,manual_labeled,
aymanalts,7603924367990394120,Shift Jaga part 3 masih soal Dunia Forensik sama dr. Arfi Sp.FM,health,1.0,False,manual_labeled,
aymanalts,7601464858688720135,#stitch with @Pantau diet daddy,health,1.0,False,manual_labeled,
aymanalts,7600726915275640072,#stitch with @detik.com,health,1.0,False,manual_labeled,
aymanalts,7600385948559428882,"Susu tinggi kalsium itu baik untuk mendukung kesehatan tulang, tidak hanya untuk anak2, tapi untuk o",health,1.0,False,manual_labeled,
aymanalts,7598508266544565522,#stitch with @Fbryanihp,health,1.0,False,manual_labeled,
aymanalts,7596186717464546578,#stitch with @Lutviatunsukses,health,1.0,False,manual_labeled,
aymanalts,7594395242355232007,,health,1.0,False,manual_labeled,
aymanalts,7592854185784265992,#stitch with @bibainindonesia,health,1.0,False,manual_labeled,
dokternadiyah,7591913994948988181,"Usia bertambah, masa menopause rentan ini itu 🥲 #habarlic #habatussauda #edukasikesehatan #tipssehat",health,1.0,False,manual_labeled,
dokternadiyah,7590964030274112789,Info teman diet 🙌🏻 #stevia #pemanisalami #tipssehat,health,1.0,False,manual_labeled,
dr.deamaulidia,7638251084321983762,"Bayi nyusu lama bukan selalu berarti ASI-nya kurang, Bun 🤍 Kadang bayi memang sedang mencari nyaman…",health,1.0,False,manual_labeled,
dr.deamaulidia,7613973890154433800,Botol terlihat bersih tapi masih keruh atau bau? Itu bukan sekadar noda.” Residu lemak & protein dar,health,1.0,False,manual_labeled,
dr.ziee,7679279638023130375,"Contekan singkat buat yang punya masalah-masalah diatas ini. Stretchmark, callus, ketiak gelap, dll ",health,1.0,False,manual_labeled,
dr.ziee,7677510087975488775,"Kalau lotion cuma bikin lembap 2–3 jam, kadang masalahnya bukan karena kurang lembap, tapi skin barr",health,1.0,False,manual_labeled,
dr.ziee,7674140945390079239,Coba ngetes pengetahuan beberapa orang soal plak gigi. Ternyata masih banyak yang ketuker antara pla,health,1.0,False,manual_labeled,
dr.ziee,7673419551169711378,"Eksperimen ini memang bukan representasi langsung kondisi kulit manusia, tapi bisa jadi gambaran bah",health,1.0,False,manual_labeled,
dr.ziee,7666037061480238343,Campuran sabun + pasta gigi + baking soda memang bisa membuat air flush lebih berbusa dan sedikit le,health,1.0,False,manual_labeled,
dr.ziee,7663440162407468296,#stitch with @Dr. Meenal | Dermatologist Azelaic acid itu salah satu ingredient yang menarik secara ,health,1.0,False,manual_labeled,
dr.ziee,7660826391507766546,"Kalau mau tinted lip balm, lebih aman pakai produk yang memang dibuat untuk bibir. Atau kalau bibir ",health,1.0,False,manual_labeled,
dr.ziee,7657059479732636935,"Banyak banget yang tag aku di video Abel kemarin, jadi aku coba jelasin ya 🤍 izin stitch ya bel 🙏🏻 S",health,1.0,False,manual_labeled,
dr.ziee,7654198547910380807,"Kalau kulit kamu gampang jerawatan, bukan berarti kamu harus diet ekstrem atau takut semua makanan y",health,1.0,False,manual_labeled,
dr.ziee,7648264637317795080,"Selain ganggu orang orang, ternyata bau mulut itu salah satu tanda kalo mulut kamu bermasalah. That’",health,1.0,False,manual_labeled,
dr.ziee,7635140801764297991,pilih sepatu anak itu ternyata nggak sesimpel “yang penting lucu”. Ada hal yang lebih penting justru,health,1.0,False,manual_labeled,
dr.ziee,7618144227205123349,"Satu “misteri” yang dialamin sama banyak cewek Indonesia, tapi sebenernya ini bisa diatasin dan cara",health,1.0,False,manual_labeled,
dr.ziee,7615927942819941640,Siapa baru tahu kalo tubuh punya “prioritas” kaya gini? Apalagi pas puasa tubuh kita rawan ngalamin ,health,1.0,False,manual_labeled,
dr.ziee,7611111355743030536,"Ini tips yang gampang banget dilakuin dan nggak susah juga dicari, tapi nggak banyak orang Indonesia",health,1.0,False,manual_labeled,
dr.ziee,7608477737392573704,"Kenapa niacinamide 10% di satu orang works banget, tapi di kamu biasa aja? Karena di atas 5%, efekny",health,1.0,False,manual_labeled,
dr.ziee,7601024859497385234,Mungkin kamu nggak pernah kepikiran kalo hal sesimpel ini itu habit buruk yang bikin sakit. Tips aku,health,1.0,False,manual_labeled,
dr.ziee,7600364324829334792,"Kalo kamu salah satu dari orang yang mengalami hal ini, tonton sampe abis. Jerawat yang muncul di te",health,1.0,False,manual_labeled,
dr.ziee,7598160561125330184,Ada tipe wajah yang nggak butuh effort berlebihan buat kelihatan mahal. Bukan karena satu fitur yang,health,1.0,False,manual_labeled,
drgfira,7651979420063763730,Hayoo mama tim yang ngebolehin anak masih minum susu atau engga nih kalau sudah sikat gigi? 😌 #fyp,health,1.0,False,manual_labeled,
drgfira,7623828020091948296,"Namanya white spot ya, dan menandakan di bagian tersebut sangat rapuh 🥹 jadi butuh perawatan dan per",health,1.0,False,manual_labeled,
drkevinmak,7680144333546294536,SHARE ke temen kamu yang suka bunyiin jari tangan dan kaki!! Jangan lupa juga tambahin vitamin D3k2 ,health,1.0,False,manual_labeled,
drkevinmak,7679456920855497992,3 poin penting supaya kamu nggak sia-sia minum probiotik Share ke teman yang rutin minum probiotik d,health,1.0,False,manual_labeled,
drkevinmak,7677423468052221202,"Usia 40-an, kok badan mulai kerasa banyak keluhan? Usia memang bertambah, tapi bukan berarti kesehat",health,1.0,False,manual_labeled,
drkevinmak,7677425269786873095,"Replying to @Hi, Nad! Kalau kamu masih bingung, Vitamin D 4000 IU + magnesium itu diminumnya kapan d",health,1.0,False,manual_labeled,
drkevinmak,7677974633685077256,Remaja butuh vitamin apa? Salah satu yang penting diperhatikan adalah vitamin D. Vitamin D3 berperan,health,1.0,False,manual_labeled,
drkevinmak,7677972703801822482,"Buat kamu yang nggak mau ribet cari Vitamin D3 dan K2 terpisah, bisa pilih D3K2 dalam satu produk. L",health,1.0,False,manual_labeled,
drkevinmak,7677970975778016520,Perut buncit jangan cuma dianggap masalah penampilan. Lemak di perut bisa berkaitan dengan penumpuka,health,1.0,False,manual_labeled,
drkevinmak,7677419574941224200,"Buat kamu yang punya hipertensi atau kolesterol, jangan asal pilih suplemen! D3K2 bisa jadi salah sa",health,1.0,False,manual_labeled,
drkevinmak,7677417682106420487,"Jangan tunggu liver bermasalah baru mulai peduli! Jaga dari sekarang dengan pola makan sehat, rutin ",health,1.0,False,manual_labeled,
drkevinmak,7677145461676985608,Rambut rontok nggak selalu karena kurang vitamin! Ini beberapa penyebab rambut rontok yang perlu kam,health,1.0,False,manual_labeled,
drkevinmak,7675634497290816786,"Buat kamu yang sering lari, jangan cuma fokus latihan dan makan. Pastikan kebutuhan magnesium juga t",health,1.0,False,manual_labeled,
drkevinmak,7674950357100809479,Replying to @rinastley kalau kamu pernah ngerasain efek samping ga pas minum magnesium? Coba cerita ,health,1.0,False,manual_labeled,
drkevinmak,7673149526911307026,"Rambut rontok? Jangan asal pilih vitamin ya! Cari tahu dulu penyebabnya, baru pilih vitaminnya. Shar",health,1.0,False,manual_labeled,
drkevinmak,7673146924781800712,"Dari 3 ciri ini, kamu udah ada yang relate belum nih? Komen penyebab kamu kira3 yang mana dan Share ",health,1.0,False,manual_labeled,
drkevinmak,7672068645857660178,Kalau kamu udah minum vitamin apa aja selama menyusui? Komen ya ✅ #busui #vitamin #vitaminbusui #vit,health,1.0,False,manual_labeled,
drkevinmak,7668522361007721736,"Buat kamu yang tiap pagi bersin-bersin karena alergi dingin, plis dengerin sampai habis ya! Bisa jad",health,1.0,False,manual_labeled,
drkevinmak,7668524029321514247,Stop kebiasaan gigit atau nyemil es! Ini bukan kebiasaan yang bagus dan bisa jadi tanda ada sesuatu ,health,1.0,False,manual_labeled,
drkevinmak,7668521223537691922,"Kaum jompo, plis… Bukan kopi solusinya kalau kamu sering migrain. Jangan cuma diakalin pakai kafein ",health,1.0,False,manual_labeled,
drkevinmak,7668558263440444680,"Buat yang masih bingung minum vitamin apa buat rambut rontok, boleh coba 3 tips di video ini! #rambu",health,1.0,False,manual_labeled,
drkevinmak,7668520978540006663,"Buat kamu yang sering nyeri kepala sampai terasa ketarik begini, jangan diabaikan ya. Plis tonton sa",health,1.0,False,manual_labeled,
drkevinmak,7668333249504251154,Kalau kamu sering keram saat tidur ga? Coba komen dan jangan lupa tambahkan magnesium rutin untuk me,health,1.0,False,manual_labeled,
drkevinmak,7667871229046426888,"Nah, ayo ngaku… siapa yang sering pakai earphone sampai ketiduran? Plis, stop kebiasaan ini sebelum ",health,1.0,False,manual_labeled,
drkevinmak,7667223576428186898,"Please jangan abaikan gejala2 ini ya! Buanyak banget yang ujung2 nya kecolongan, kalau kamu paling s",health,1.0,False,manual_labeled,
drkevinmak,7665873729720782098,"Baru minum B complex, kok nafsu makan jadi meningkat? Tenang, hal ini bisa terjadi pada sebagian ora",health,1.0,False,manual_labeled,
drkevinmak,7666849220871130386,Kalau kamu ada tanda2 yang mana nih? Coba komen dibawah ya 🫡 #infokesehatan #vitaminb12 #kesemutan #,health,1.0,False,manual_labeled,
drkevinmak,7665867335445564680,"Sering blank atau gampang lupa blank atau gampang lupa? Yuk, jangan lupa penuhi kebutuhan vitamin B ",health,1.0,False,manual_labeled,
drkevinmak,7664387335143886087,"Sering lupa, apalagi kalau sudah jadi ibu? Bisa jadi bukan cuma karena sibuk, tapi tubuhmu sedang ke",health,1.0,False,manual_labeled,
drkevinmak,7663649855826431240,"Sering lupa dan susah fokus? Bisa jadi tubuhmu sedang kekurangan vitamin dan mineral tertentu, seper",health,1.0,False,manual_labeled,
drkevinmak,7659989614307970311,"buat kamu yang haid nya deras dan menggumpal, please rutin vitamin ini! Btw yang mau nonton full nya",health,1.0,False,manual_labeled,
drkevinmak,7659988994003881234,Kalau perut buncitmu sampai “ngintip” duluan pas sembunyi di balik tembok… Saatnya mulai ubah kebias,health,1.0,False,manual_labeled,
drkevinmak,7660549801230011666,Jangan salah lagi pilih magnesium! Sesuaikan dengan kebutuhan tubuhmu agar manfaatnya lebih optimal.,health,1.0,False,manual_labeled,
drkevinmak,7659978009771822344,"Nggak semua buah itu sama, apalagi kalau lagi diet. Masih pakai susu kental manis? Saatnya lebih cer",health,1.0,False,manual_labeled,
drkevinmak,7659814244342369543,"Buat kamu yang lagi struggling sama rambut rontok, coba ikuti tips di video ini ya! Kalau menurutmu ",health,1.0,False,manual_labeled,
drkevinmak,7654841115836763400,"Busui atau habis melahirkan kok rambut rontok banget? Tenang, kondisi ini cukup sering terjadi. Yuk ",health,1.0,False,manual_labeled,
drkevinmak,7654840557679807752,"Masih bingung vitamin D harus diminum bareng magnesium atau nggak? Biar nggak salah paham, jangan lu",health,1.0,False,manual_labeled,
drkevinmak,7653383072821562632,"Jujur kesel sih kalau munculnya di dagu dan rahang mulu, makannya tambahin zinc setelah makan ya! #j",health,1.0,False,manual_labeled,
drkevinmak,7652257918779198738,"Kalian yang baru lari bentar tapi udah sering cedera? 🏃‍♂️ Selain latihan dan recovery yang tepat, j",health,1.0,False,manual_labeled,
drkevinmak,7651949462063041810,Kalau kamu seminggu berapa kali keram pas tidur nih? #magnesium #rekomendasimagnesium #magnesiumglyc,health,1.0,False,manual_labeled,
drkevinmak,7648290096608857352,"Keputihan yang tidak normal bisa bikin nggak nyaman, gatal, mengganggu aktivitas, bahkan membuat seb",health,1.0,False,manual_labeled,
drkevinmak,7646364453918838034,Usia 25 tahun tapi masih sering tidur mangap? Jangan dianggap sepele. Karena tidur mangap bisa menja,health,1.0,False,manual_labeled,
drkevinmak,7644101147891911943,Replying to @Reski Ummu Salman pastikan kamu konsumsi jenis magnesium yang bener ya! Sayang udah kel,health,1.0,False,manual_labeled,
drkevinmak,7642527056118451464,Hp aku dimana ya Hp kok tdi di tas ga ada ya? Buat kamu yang sering ngomong gini ke temen pasangan a,health,1.0,False,manual_labeled,
drkevinmak,7642273287233342728,"Double chin kadang bukan cuma soal gemuk 👀 Postur, tidur, kebiasaan nunduk, sampai lifestyle juga bi",health,1.0,False,manual_labeled,
drkevinmak,7640789328888745234,"Buat kamu yang tiap hari belom mulai kerja aja udah capek, ati2 kecolongan dan kekurangan vitamin D!",health,1.0,False,manual_labeled,
drkevinmak,7639660460534517000,Kalau kamu termasuk yang leher nya kaku ga sih? Coba magnesium 1-2 jam sebelom tidur ya ✅ #infokeseh,health,1.0,False,manual_labeled,
drkevinmak,7638534392360553746,"Blind ranking vitamin buat bantu kualitas tidur, menurut kamu mana yang paling worth it? Coba komen ",health,1.0,False,manual_labeled,
drkevinmak,7637907353232264456,Kebanyakan minum manis ternyata bisa bikin keputihan makin gampang muncul Soalnya gula berlebih bisa,health,1.0,False,manual_labeled,
drkevinmak,7634387289027661074,Sering ngerasa gelisah atau cemas pas ketemu banyak orang? Bisa jadi tubuh lagi “tegang” terus tanpa,health,1.0,False,manual_labeled,
drkevinmak,7634384461907479816,"Sering anxiety? Bukan karena kamu “terlalu mikir”… tapi karena terlalu lama diam Semakin dipikirin, ",health,1.0,False,manual_labeled,
drkevinmak,7634094779818593554,"Replying to @mahesa Udah capek seharian, tapi pas mau tidur otak masih ‘meeting’? 😵‍💫 Bisa jadi buka",health,1.0,False,manual_labeled,
drkevinmak,7632299699579456776,"Jerawat di rahang nggak hilang-hilang? Sering muncul lagi di spot yang sama, ganggu banget ya. Bukan",health,1.0,False,manual_labeled,
drkevinmak,7631595770063473927,Replying to @user6266264743800 Kalau minum magnesium malah bikin sembelit… kemungkinan kamu salah pi,health,1.0,False,manual_labeled,
drkevinmak,7631100649756757266,"Cepet capek, susah fokus… banyak yang kira cuma kurang tidur atau kebanyakan kerja 😵‍💫 Padahal bisa ",health,1.0,False,manual_labeled,
drkevinmak,7629136826837585160,Sering ngorok tiap malam? Bisa jadi otot saluran napas kamu kurang relaks — salah satu yang berperan,health,1.0,False,manual_labeled,
drkevinmak,7628262920190741767,"Luka kecil sering diremehkan, padahal kalau dibiarkan bisa jadi luka besar dan lama sembuh. Jangan t",health,1.0,False,manual_labeled,
drkevinmak,7627467585155517714,Capek + overthinking itu bukan cuma di pikiran… tapi bisa ganggu hormon & kesehatan wanita juga Mula,health,1.0,False,manual_labeled,
drkevinmak,7627129495513910546,"Semakin dewasa, ternyata yang kita lawan bukan orang lain… tapi pikiran sendiri. Overthinking soal m",health,1.0,False,manual_labeled,
drkevinmak,7626260623319469319,"“Mata udah ngantuk… tapi pikiran nggak berhenti Badan capek, tapi otak masih ‘on’. Kadang bukan over",health,1.0,False,manual_labeled,
drkevinmak,7626040422623628562,"Replying to @YSS🌼 Sejak rutin magnesium, tidurnya jadi lebih nyenyak Nggak kebangun-bangun, bangun j",health,1.0,False,manual_labeled,
drkevinmak,7626039347975884039,"Sering cepet capek, gampang flu, atau rambut mulai rontok? Banyak orang langsung minum vitamin… tapi",health,1.0,False,manual_labeled,
drkevinmak,7624168051876891922,"Scroll bentar jadi berjam-jam… tau-tau udah jam 2 pagi, mata capek tapi otak masih “lagi seru nih” H",health,1.0,False,manual_labeled,
drkevinmak,7623655541780385032,Pantesan kan badan pegel tiap hari? Mending hindarin 5 hal ini deh! #infokesehatan #badanpegel #kura,health,1.0,False,manual_labeled,
drkevinmak,7623424313151999239,Kalau kamu masih breakout parah ga beres lebaran? Jangan lupa zinc nya 1x sehari setelah makan siang,health,1.0,False,manual_labeled,
drkevinmak,7622996546514062610,"Top 5 makanan yang diam-diam bisa bantu kurangi nyeri haid 👀 Bukan obat, tapi kalau kamu rutin konsu",health,1.0,False,manual_labeled,
drkevinmak,7621506046418259207,Beres lebaran kok malah gampang sakit? Padahal pas puasa lebih sehat… Biasanya karena pola makan & t,health,1.0,False,manual_labeled,
drkevinmak,7620114400501976328,Replying to @seojoonn_8 Umur 18 masih bisa nambah tinggi ga? Ini pertanyaan yang sering banget muncu,health,1.0,False,manual_labeled,
drkevinmak,7618391669913783570,"Sakit haid sering dianggap “lebay” Padahal buat banyak wanita, nyerinya bisa bener-bener mengganggu ",health,1.0,False,manual_labeled,
drkevinmak,7614398662130601224,Banyak orang baru sadar setelah orang tuanya mulai sering bilang lutut sakit atau pinggang pegal. Pa,health,1.0,False,manual_labeled,
drkevinmak,7614384577645268242,Kalau kamu udah rutin minum magnesium jenis apa nih? Coba komen dong ✅ #magnesium #overthinking #ins,health,1.0,False,manual_labeled,
drkevinmak,7613022991672233224,Obat maag itu ada levelnya.” Antasida → netralisir asam. H2 blocker → tekan produksi asam. PPI → sto,health,1.0,False,manual_labeled,
roozzaak,7679714657971522836,#stitch dengan @LAPAK VIRAL #fyp #fypシ #DokterGemoy #edukasi,health,1.0,False,manual_labeled,
roozzaak,7679709947545914644,Membalas @♋chici🦀🌊 #fyp #fypシ #DokterGemoy #edukasi #edukasikesehatan,health,1.0,False,manual_labeled,
roozzaak,7677021883363085589,Membalas @lalapoh #fyp #fypシ #DokterGemoy #vitaminD #vitaminD3,health,1.0,False,manual_labeled,
roozzaak,7675204200330038548,#stitch dengan @MiMa ✨ #fyp #fypシ #DokterGemoy #edukasi,health,1.0,False,manual_labeled,
roozzaak,7674840439702195476,#stitch dengan @rikkarcello📸 #fyp #fypシ #DokterGemoy #edukasi,health,1.0,False,manual_labeled,
roozzaak,7674411896811867412,#stitch dengan @Reyshaka Lipiyan Abizar #fyp #fypシ #DokterGemoy #edukasi,health,1.0,False,manual_labeled,
roozzaak,7671223025034857748,Membalas @xxx #fyp #fypシ #DokterGemoy #edukasi #edukasikesehatan,health,1.0,False,manual_labeled,
roozzaak,7671218519186459924,Membalas @ecerahya27 #fyp #fypシ #DokterGemoy #edukasi #edukasikesehatan,health,1.0,False,manual_labeled,
roozzaak,7669608732212382996,#stitch dengan @mom&dedek khanza #fyp #fypシ #DokterGemoy #edukasi,health,1.0,False,manual_labeled,
roozzaak,7667011626612165908,Membalas @Moch. Lukman H #fyp #fypシ #DokterGemoy #vitaminD #vitaminD3,health,1.0,False,manual_labeled,
roozzaak,7664787447137570069,Membalas @Desy Pradita #fyp #fypシ #DokterGemoy #edukasi #edukasikesehatan,health,1.0,False,manual_labeled,
roozzaak,7664783195560267029,Membalas @Al haddad #fyp #fypシ #DokterGemoy #edukasi #edukasikesehatan,health,1.0,False,manual_labeled,
roozzaak,7663307510069103892,Membalas @firna｡.｡:∞♡*♥ #fyp #fypシ #DokterGemoy #vitaminD #vitaminD3,health,1.0,False,manual_labeled,
roozzaak,7660737704828701973,Membalas @Toko Athakha #fyp #fypシ #DokterGemoy #dha #nordic,health,1.0,False,manual_labeled,
roozzaak,7658084679702088980,Membalas @Mersyhanda Tidak boleh kalau kata orang orang jadul bu 🤣 #fyp #fypシ #DokterGemoy #edukasi ,health,1.0,False,manual_labeled,
roozzaak,7655178365640428820,Membalas @MIR🐼 #fyp #fypシ #DokterGemoy #edukasi #edukasikesehatan,health,1.0,False,manual_labeled,
roozzaak,7654110801141288213,Membalas @sgmygel #fyp #fypシ #DokterGemoy #edukasi #edukasikesehatan,health,1.0,False,manual_labeled,
roozzaak,7654101910433139989,Membalas @Red_valvet09 #fyp #fypシ #DokterGemoy #vitaminD #vitaminD3,health,1.0,False,manual_labeled,
roozzaak,7654001633516424468,Membalas @🅶ᴇͫᴍᷝᴏᷤ🆈 #fyp #fypシ #DokterGemoy #edukasi #edukasikesehatan,health,1.0,False,manual_labeled,
roozzaak,7651413070471793941,Membalas @💚 #fyp #fypシ #DokterGemoy #edukasi #edukasikesehatan,health,1.0,False,manual_labeled,
roozzaak,7651412727847570709,Membalas @Kedai Telaga Warna #fyp #fypシ #DokterGemoy #edukasi #edukasikesehatan,health,1.0,False,manual_labeled,
roozzaak,7652560956760788245,Membalas @novitasinaga😊 #fyp #fypシ #DokterGemoy #vitaminD #vitaminD3,health,1.0,False,manual_labeled,
roozzaak,7652546341649845524,Membalas @M Zidan Al Malik #fyp #fypシ #DokterGemoy #edukasi #probiotik,health,1.0,False,manual_labeled,
roozzaak,7651412520032308500,Membalas @AI ROSMAYA #fyp #fypシ #DokterGemoy #edukasi #edukasikesehatan,health,1.0,False,manual_labeled,
roozzaak,7651818203475086613,#stitch dengan @AMAT MEDAN YG LAGI VIRAL NAIK #fyp #fypシ #DokterGemoy #edukasi,health,1.0,False,manual_labeled,
roozzaak,7651828595115052309,Membalas @ayuwidyawati46 #fyp #fypシ #DokterGemoy #kassa #kasalidahbayi,health,1.0,False,manual_labeled,
roozzaak,7651411886168116500,Membalas @Bu Imah || Guru BK Career👩‍🎓 #fyp #fypシ #DokterGemoy #edukasi #edukasikesehatan,health,1.0,False,manual_labeled,
roozzaak,7646345286457036053,Membalas @@DMA #fyp #fypシ #DokterGemoy #edukasi #edukasikesehatan,health,1.0,False,manual_labeled,
roozzaak,7646344846088637717,Membalas @Agustin #fyp #fypシ #DokterGemoy #edukasi #edukasikesehatan,health,1.0,False,manual_labeled,
roozzaak,7648116350593862932,Membalas @TuamaPasan19 #fyp #fypシ #DokterGemoy #vitaminD #vitaminD3,health,1.0,False,manual_labeled,
roozzaak,7647726693704027413,Membalas @Re•yna.NL #fyp #fypシ #DokterGemoy #vitaminD #vitaminD3,health,1.0,False,manual_labeled,
roozzaak,7645653659178568980,Salah satu video saya yang tiba tiba ndak ada lagi ini padahal jumlah penonton udah sampe ratusan ri,health,1.0,False,manual_labeled,
roozzaak,7638555756886773013,Membalas @Alesha_99 #fyp #fypシ #DokterGemoy #edukasi #edukasikesehatan,health,1.0,False,manual_labeled,
roozzaak,7644016215249194261,Membalas @Mbunya Faren #fyp #fypシ #DokterGemoy #vitaminD #vitaminD3,health,1.0,False,manual_labeled,
roozzaak,7638554704858893588,Membalas @yun93 #fyp #fypシ #DokterGemoy #edukasi #edukasikesehatan,health,1.0,False,manual_labeled,
roozzaak,7634389810832035092,Membalas @꧁༒☬𝓐𝓷𝓸𝓷𝔂𝓶𝓸𝓾𝓼☬༒꧂ #fyp #fypシ #DokterGemoy #edukasi #edukasikesehatan,health,1.0,False,manual_labeled,
roozzaak,7642281992431734037,Membalas @dewycaca966 #fyp #fypシ #DokterGemoy #vitaminD #vitamind3,health,1.0,False,manual_labeled,
roozzaak,7633236254477339924,Membalas @Umy Chiqi Welcome to Gemoy Club Bu 🥰 #fyp #fypシ #DokterGemoy #edukasi #edukasikesehatan,health,1.0,False,manual_labeled,
roozzaak,7641034635115236628,Terlebih lagi Apoteker yang belajarnya bertahun-tahun 🥹 #fyp #DokterGemoy #apoteker #farmasi #nakes,health,1.0,False,manual_labeled,
roozzaak,7633231686901468437,Membalas @binor #fyp #fypシ #DokterGemoy #edukasi #edukasikesehatan,health,1.0,False,manual_labeled,
roozzaak,7633229775791836436,Membalas @mama tasya🩷 #fyp #fypシ #DokterGemoy #edukasi #edukasikesehatan,health,1.0,False,manual_labeled,
roozzaak,7637699285785611540,Membalas @Oceano🌊 #fyp #fypシ #DokterGemoy #vitaminD #vitaminD3,health,1.0,False,manual_labeled,
roozzaak,7637412115157929237,Membalas @ms cindy #fyp #fypシ #DokterGemoy #kapsulikangabus #edukasi,health,1.0,False,manual_labeled,
roozzaak,7637328883246845204,Membalas @Chii🍀 #fyp #fypシ #DokterGemoy #channamix #kapsulikangabus,health,1.0,False,manual_labeled,
roozzaak,7625852069760617749,Membalas @ara all fierra #fyp #fypシ #DokterGemoy #edukasi #edukasikesehatan,health,1.0,False,manual_labeled,
roozzaak,7625585341549858069,Membalas @Mama Ryu👶 #fyp #fypシ #DokterGemoy #edukasi #edukasikesehatan,health,1.0,False,manual_labeled,
roozzaak,7634360371234508052,Membalas @Zena💫 #fyp #fypシ #DokterGemoy #vitaminD #vitaminD3,health,1.0,False,manual_labeled,
roozzaak,7624868038810160405,Membalas @rarisanz #fyp #fypシ #DokterGemoy #edukasi #edukasikesehatan,health,1.0,False,manual_labeled,
roozzaak,7632885569147784469,Membalas @mbaq shofia #fyp #fypシ #DokterGemoy #tiktok #tiktokindonesia,health,1.0,False,manual_labeled,
roozzaak,7632920798059171093,Membalas @Gian zolla #fyp #fypシ #DokterGemoy #vitaminD #vitaminD3,health,1.0,False,manual_labeled,
roozzaak,7632120113466199316,Membalas @. #fyp #fypシ #DokterGemoy #calmingcream #calmingbabycream,health,1.0,False,manual_labeled,
roozzaak,7629894998724578581,Membalas @azrilalfaridzi5 #fyp #fypシ #DokterGemoy #vitaminD #vitaminD3,health,1.0,False,manual_labeled,
roozzaak,7629532795748257045,Membalas @Boby best #fyp #fypシ #DokterGemoy #vitaminD #vitaminD3,health,1.0,False,manual_labeled,
roozzaak,7628019671672868116,Membalas @zizuww🦊 #fyp #fypシ #DokterGemoy #edukasi #edukasikesehatan,health,1.0,False,manual_labeled,
roozzaak,7627393332267765013,Membalas @mee #fyp #fypシ #DokterGemoy #vitaminD #vitaminD3,health,1.0,False,manual_labeled,
roozzaak,7625851834401377557,#stitch dengan @juan eliezer #fyp #fypシ #DokterGemoy #edukasi,health,1.0,False,manual_labeled,
roozzaak,7626904997007035669,Membalas @Nisa🦋 #fyp #fypシ #DokterGemoy #vitaminD #vitaminD3,health,1.0,False,manual_labeled,
roozzaak,7625830887032229140,Membalas @Nita kucing #fyp #fypシ #DokterGemoy #vitaminD #vitaminD3,health,1.0,False,manual_labeled,
roozzaak,7625826753960873237,Membalas @Febbi Sianiparr Pudan #fyp #fypシ #DokterGemoy #vitaminD #vitaminD3,health,1.0,False,manual_labeled,
roozzaak,7622985677805751572,Membalas @Mrs. Mora #fyp #fypシ #DokterGemoy #vitaminD #vitaminD3,health,1.0,False,manual_labeled,
roozzaak,7622980503465004309,Membalas @Novha Iffha #fyp #fypシ #DokterGemoy #vitaminD #vitaminD3,health,1.0,False,manual_labeled,
roozzaak,7622251444946750741,Membalas @Choirul #fyp #fypシ #DokterGemoy #vitaminD #vitaminD3,health,1.0,False,manual_labeled,
roozzaak,7617311021363088660,Membalas @Imas setianingrum #fyp #fypシ #DokterGemoy #edukasi #edukasikesehatan,health,1.0,False,manual_labeled,
roozzaak,7610383573094305045,Membalas @Dewi Hasanah Saepudi #fyp #fypシ #DokterGemoy #edukasi #edukasitiktok,health,1.0,False,manual_labeled,
roozzaak,7619176500042009877,Membalas @Nurjana #fyp #fypシ #DokterGemoy #cessa #transpulminbaby,health,1.0,False,manual_labeled,
roozzaak,7619120564237602068,Membalas @iniakuuu Gejala batuk pilek pada anak bisa diredakan dengan memberikan essential oil seper,health,1.0,False,manual_labeled,
roozzaak,7618750211602533652,Membalas @tika oktafiana #fyp #fypシ #DokterGemoy #vitaminD #vitamind3,health,1.0,False,manual_labeled,
roozzaak,7618019433612627220,Membalas @ekakusrina #fyp #fypシ #DokterGemoy #vitaminD #vitaminD3,health,1.0,False,manual_labeled,
roozzaak,7617677204171787540,Membalas @Adamsolehstore Vitamin D penting untun menunjang tumbuh kembang khususnya tinggi badan. Ja,health,1.0,False,manual_labeled,
roozzaak,7617307053068995860,Membalas @Ika Septia #fyp #fypシ #DokterGemoy #vitaminD #vitaminD3,health,1.0,False,manual_labeled,
roozzaak,7617305669217193236,"Membalas @𝐡𝐚𝐥𝐥𝐨, 𝐢𝐧𝐢 𝐫𝐚𝐢𝐢 #fyp #fypシ #DokterGemoy #vitaminD #vitaminD3",health,1.0,False,manual_labeled,
roozzaak,7617289696858770709,Membalas @MamaHana #fyp #fypシ #DokterGemoy #edukasi #diapercream,health,1.0,False,manual_labeled,
roozzaak,7616184783646821652,Membalas @NolasAR #fyp #fypシ #DokterGemoy #vitaminD #vitaminD3,health,1.0,False,manual_labeled,
roozzaak,7616182010670877972,Membalas @Erick_retno #fyp #fypシ #DokterGemoy #vitaminD #vitaminD3,health,1.0,False,manual_labeled,
roozzaak,7615509483376168212,Membalas @chen #fyp #fypシ #DokterGemoy #vitaminD #vitaminD3,health,1.0,False,manual_labeled,
roozzaak,7615504600119905556,#stitch dengan @Hilya22 #fyp #fypシ #DokterGemoy #edukasi,health,1.0,False,manual_labeled,
roozzaak,7615497117267774741,Membalas @mamadesti&alesya #fyp #fypシ #DokterGemoy #vitaminD #vitaminD3,health,1.0,False,manual_labeled,
roozzaak,7615495880208059668,Membalas @oreo pink #fyp #fypシ #DokterGemoy #edukasi #campak,health,1.0,False,manual_labeled,
roozzaak,7608177084719975700,Membalas @yuliszahra #fyp #fypシ #DokterGemoy #edukasi #edukasitiktok,health,1.0,False,manual_labeled,
roozzaak,7614775004412218644,Membalas @Ifah Nurhalimah #fyp #fypシ #DokterGemoy #vitaminD #vitaminD3,health,1.0,False,manual_labeled,
roozzaak,7614462994377870612,Membalas @RA_racingteam Zinc Lactate dari @Nutrisi Anak Indonesia adalah salah satu suplementasi yan,health,1.0,False,manual_labeled,
roozzaak,7608174639042284821,Membalas @keong racun🐌 #fyp #fypシ #DokterGemoy #edukasi #edukasitiktok,health,1.0,False,manual_labeled,
roozzaak,7608175036612054293,Membalas @Leogirlsss❤️ #fyp #fypシ #DokterGemoy #edukasi #edukasitiktok,health,1.0,False,manual_labeled,
drkevinmak,7610001813651164424,"Kepada Yth. Lambung, Dimohon kerjasamanya selama bulan puasa. 🙏 Jangan kaget. Jangan protes. Jangan ",health,1.0,False,manual_labeled,
drkevinmak,7606910525091368210,"Replying to @Derry Kalau GERD kamu nggak sembuh-sembuh, mungkin yang kurang itu probiotik. Banyak or",health,1.0,False,manual_labeled,
drkevinmak,7606298972164033800,Bekas jerawat nggak harus jadi ‘temen lama’ di muka kamu Pakai moisturizer yang bantu repair skin ba,health,1.0,False,manual_labeled,
drkevinmak,7605242157749783826,"Kulit berminyak tuh sering salah pilih moisturizer. Takut lengket, takut berat, takut makin kilang 😅",health,1.0,False,manual_labeled,
drkevinmak,7604822591093837064,Replying to @Kikoo 🧊 kalau kamu udah rutin minum magnesium glycinate? Coba spill pengalaman kamu dib,health,1.0,False,manual_labeled,
drkevinmak,7604135631337360658,Replying to @Nanaa kalau kamu udah pernah minum kolagen newlab? Coba spill hasilnya ya ✅ #infokeseha,health,1.0,False,manual_labeled,
drkevinmak,7603002638791134471,"Tahun 2026, tapi haid kamu masih telat-telat? Bukan karena kamu kurang usaha. Seringnya karena: • st",health,1.0,False,manual_labeled,
drkevinmak,7602790409185561874,Nggak sering jemuran tapi berharap Vitamin D cukup? Realitanya… banyak yang defisit tanpa sadar. Ker,health,1.0,False,manual_labeled,
drkevinmak,7601538691395292423,"Kulit kusam pas puasa, mau Lebaran pengen glowing? Masalahnya sering bukan di skincare. Kurang tidur",health,1.0,False,manual_labeled,
drkevinmak,7601426603155000594,Muka kusam pas puasa? Sering disangka salah skincare… padahal masalahnya dari dalam. Skincare pentin,health,1.0,False,manual_labeled,
drkevinmak,7600727329047956754,Replying to @momo kalau kamu udah rutin makan makanan ini buat keputihan belom? #keputihan #rekomend,health,1.0,False,manual_labeled,
drkevinmak,7600394128345615624,Replying to @Thy kalau kamu masih sering keputihan tiap hari ga? Komen ya ✅ #infokesehatan #viraldit,health,1.0,False,manual_labeled,
drkevinmak,7599661696671583495,Kalau kamu masih sering keputihan ga sih? Coba spill pengalaman kamu di komen ya ✅ #infokesehatan #k,health,1.0,False,manual_labeled,
drkevinmak,7598911369731165448,Replying to @Rista Safitri K Jangan salah lagi minum probiotik ❌ Karena probiotik itu bukan asal min,health,1.0,False,manual_labeled,
drkevinmak,7598010669388123410,"Aku sering jemuran, masih perlu vitamin D nggak?” Jawabannya: bisa iya, bisa nggak. Karena vitamin D",health,1.0,False,manual_labeled,
drkevinmak,7597427585961807122,Bantu keluhan keputihan kamu dengan rutin probiotik 1-2 hari sekali ya! Jangan diantepin karena past,health,1.0,False,manual_labeled,
drkevinmak,7596231024904834322,Vitamin D3 membantu penyerapan kalsium untuk tulang dan gigi yang kuat. Vitamin K2 membantu mengarah,health,1.0,False,manual_labeled,
drkevinmak,7595544808161053970,Kalau kamu tim astaxanhin atau glutathione? Atau jangan2 udah dua2 nya nih? #infokesehatan #astaxant,health,1.0,False,manual_labeled,
drkevinmak,7594733232348843282,"Kalau kamu sering keputihan tiap hari ga sih? Coba komen pengalaman kamu dibawah, jangan lupa follow",health,1.0,False,manual_labeled,
drkevinmak,7593991559406816530,Replying to @saadah Jerawat di dagu itu seringnya bukan soal skincare.” Kalau jerawat munculnya di d,health,1.0,False,manual_labeled,
drkevinmak,7592965634078641416,"Habis liburan, celana jadi sempit. Makan enak ✔️ Jam tidur berantakan ✔️ Perut sering begah ✔️ Berat",health,1.0,False,manual_labeled,
drkevinmak,7592563740189428999,Usia 25 tapi belum pernah minum astaxanthin? Bukan salah kamu—kebanyakan baru mikir antioksidan sete,health,1.0,False,manual_labeled,
drkevinmak,7592236753981820168,Kalau kamu ada rencana promil tahun ini? Jangan lupa benerin dulu haid nya ✅ #haid #vitamin #vitamin,health,1.0,False,manual_labeled,
drkevinmak,7592092873735032072,Hayo udah berapa resep MPASI yang udah kamu ikutin? 🥶 #infokesehatan #mpasi #dokter #probiotik #proe,health,1.0,False,manual_labeled,
farhanzubedi,7607442834995678484,,health,1.0,False,manual_labeled,
gelarsramdhani,7672263903442685202,Membalas @alexzhandria_22tambalan gigi permanen apakah perlu diganti?,health,1.0,False,manual_labeled,
gelarsramdhani,7663693779324374279,Membalas @majakuning sakit gigi bisa menyebabkan migrain sakit kepala?,health,1.0,False,manual_labeled,
gelarsramdhani,7661443433193573650,Membalas @caaaaaaaaaaaaaaaaa209 Gigi berlubang apakah harus dicabut?,health,1.0,False,manual_labeled,
gelarsramdhani,7657397788333985042,Membalas @chiwonk.rjm gigi bolong atau berlubang apakah harus segera ditambal?,health,1.0,False,manual_labeled,
gelarsramdhani,7654432840393772296,Membalas @azyakhira Bagaimana cara merapikan gigi? #doktergigi #gigi,health,1.0,False,manual_labeled,
gelarsramdhani,7652319072784272647,Bagaimana cara menjadi dokter gigi? Dalam video ini saya menjelaskan jalur pendidikan yang perlu dit,health,1.0,False,manual_labeled,
gelarsramdhani,7638852306091560199,Ibadah haji adalah ibadah fisik. Dibutuhkan tubuh yang sehat dan kuat agar ibadah berjalan optimal. ,health,1.0,False,manual_labeled,
gelarsramdhani,7635556738690845960,"Tips kesehatan untuk jemaah haji dalam menghadapi cuaca panas di Saudi Arabia, tetap semangat, mohon",health,1.0,False,manual_labeled,
gelarsramdhani,7634948514191002888,"Kesehatan gigi dan mulut merupakan bagian penting yang tidak terpisahkan dari kesehatan secara umum,",health,1.0,False,manual_labeled,
giapratamamd,7677598415680720148,Podcast Pulang Praktik. Episode pulang praktik hari ini saya kedatangan sohibku @doktermedok Teman-t,health,1.0,False,manual_labeled,
giapratamamd,7671883856487697684,"Ini adalah mesenterium. Dulu, struktur ini hanya dianggap sebagai lipatan jaringan yang menggantungk",health,1.0,False,manual_labeled,
giapratamamd,7664120517019929877,Jadi Lahir sebagai laki-laki atau perempuan bermula dari satu pertemuan 2 sel yg membawa pesan masin,health,1.0,False,manual_labeled,
giapratamamd,7635868140823514388,"Ini adalah bagian dalam lambung. Kerjanya luar biasa: menampung makanan, mengaduk, mencampur dengan ",health,1.0,False,manual_labeled,
giapratamamd,7634407094799633684,Tentang Polydeoxyribonucleotide. Untuk teman-teman yang mulai mau merawat kulit wajah.,health,1.0,False,manual_labeled,
giapratamamd,7630301277271936277,"Adik-adik koas, para calon dokter masa depan, dan penerus pengabdi kemanusiaan. Ya Allah, Lembutkan ",health,1.0,False,manual_labeled,
giapratamamd,7626355491878210836,"Tubuh kita punya sistem detoks sendiri, utamanya melalui hati dan ginjal. Hanya sebagian kecil lewat",health,1.0,False,manual_labeled,
giapratamamd,7625106533055040789,Ini adalah separuh Otak Manusia. Otak manusia dewasa rata-rata punya sekitar 86 miliar neuron. Pada ,health,1.0,False,manual_labeled,
giapratamamd,7624379548678802708,Air putih punya peran besar untuk menjaga kesehatan ginjal. Cukup minum membantu ginjal bekerja lebi,health,1.0,False,manual_labeled,
giapratamamd,7621023260838350100,Ini adalah sendi pergelangan kaki manusia. Pergelangan kaki mengingatkan kita bahwa hidup butuh kese,health,1.0,False,manual_labeled,
giapratamamd,7618063652817538325,"Ini adalah Ginjal Manusia. Ginjal bekerja setiap detik menjaga darah tetap bersih. Air, garam, sisa ",health,1.0,False,manual_labeled,
giapratamamd,7599144556025711890,Ini adalah 2 saluran di dalam leher manusia. Tersedak makanan adalah salah satu penyebab kematian ya,health,1.0,False,manual_labeled,
giapratamamd,7596989150419488007,"Teman teman, rambut rontok itu sebenarnya normal, asal tidak berlebihan. Di kulit kepala kita rata r",health,1.0,False,manual_labeled,
giapratamamd,7594350601484438802,"Banyak orang merasa “usus kotor”, padahal istilah itu keliru. Yang biasanya kamu rasakan sebenarnya ",health,1.0,False,manual_labeled,
giapratamamd,7593650567835094290,"PENGLIHATAN BARU. Saya mau berbagi penglihatan, agar harapan di rumah rumah kembali menyala. Saya ma",health,1.0,False,manual_labeled,
giapratamamd,7591077236019662101,LALAT IJO PARKIR MUNDUR. Podcast Radityadika dan dr. Gia Pratama. part 12.,health,1.0,False,manual_labeled,
giapratamamd,7591013738296249621,Tentang Tekanan Darah Tinggi. Podcast Radityadika dan dr. Gia Pratama. part 8.,health,1.0,False,manual_labeled,
giapratamamd,7591006210325777684,Jempol Copot Podcast Radityadika dan dr. Gia Pratama. part 6.,health,1.0,False,manual_labeled,
giapratamamd,7590969105407167764,Tentang Gula Darah dan Pankreas. Podcast Radityadika dan dr. Gia Pratama. part 4.,health,1.0,False,manual_labeled,
giapratamamd,7590960824584244500,Visi Misi mencegah 1 Juta Serangan Jantung dan Stroke. Podcast Radityadika dan dr. Gia Pratama. part,health,1.0,False,manual_labeled,
ikhsanqthii,7678647164427341072,Replying to @annisa begitu 👍,health,1.0,False,manual_labeled,
ikhsanqthii,7677470682103713045,"BUKAN DARAH MANIS! INI PRURIGO, bisa muncul karena reaksi kulit yang sensitif sama gigitan serangga.",health,1.0,False,manual_labeled,
ikhsanqthii,7677002948806724865,Obat cacing 👍 jgn lupa,health,1.0,False,manual_labeled,
ikhsanqthii,7676502319248297237,"jadi begitulah penyebab ""stress eating"".... jangan lupa dikelola stress nya",health,1.0,False,manual_labeled,
ikhsanqthii,7676113285267197205,Buat yang badannya sering gampang drop 🙏,health,1.0,False,manual_labeled,
ikhsanqthii,7675646419214077204,Replying to @roti.goreng,health,1.0,False,manual_labeled,
ikhsanqthii,7674227101460860180,Sebuah ilmu yang bermanfaat dari @Ayman Alatas,health,1.0,False,manual_labeled,
ikhsanqthii,7670111157025705237,Siapa yang baru tau kluwek ada racunnye?,health,1.0,False,manual_labeled,
ikhsanqthii,7670064389654940944,👍👍,health,1.0,False,manual_labeled,
ikhsanqthii,7666743705662999825,Replying to @Szaey demikian sekilas ingfo,health,1.0,False,manual_labeled,
ikhsanqthii,7665500934675418389,Siapa yang udah pernah kena ambeien? 😅,health,1.0,False,manual_labeled,
ikhsanqthii,7665348170565553424,"Yang gak terlihat tuh belum tentu gak terjadi yaa guysss!! Di mulut, bakteri tetap aktif 24/7. Makan",health,1.0,False,manual_labeled,
ikhsanqthii,7664986424256597268,"Dan kalau malam hari mau main hp, boleh coba nyalain night modenya… biar sinar birunya berkurang 👍👍",health,1.0,False,manual_labeled,
ikhsanqthii,7664566116483747089,#stitch with @kakgektik demikian sekilas ingfo 👍,health,1.0,False,manual_labeled,
ikhsanqthii,7663709753767415060,Replying to @Zifana inilah alesan kenapa ngucek mata bisa bikin silinder 👍,health,1.0,False,manual_labeled,
ikhsanqthii,7661956792418700565,Gula bukan sembarang gula 😎😎,health,1.0,False,manual_labeled,
ikhsanqthii,7659937882123128085,"Demikian sekilas ingfo 👍👍 Btw boleh liat penjelasan dr@dr.Danar Wicaksono,MSc.,SpDVE yg lebih lengka",health,1.0,False,manual_labeled,
ikhsanqthii,7658280604445936916,"Kulit belang tuh sebenernya resopon perlindungan kulit dari sinar UV. Biar warna kulit lebih merata,",health,1.0,False,manual_labeled,
ikhsanqthii,7657793069416287508,Buat temen2 perempuan diluar sana selalu aware ya dengan pola/siklus mens kalian. Ini udah dijelasin,health,1.0,False,manual_labeled,
ikhsanqthii,7651876939061316884,Demikian sekilas ingfoo 👍👍,health,1.0,False,manual_labeled,
ikhsanqthii,7650284559845559573,Demikian 🙏,health,1.0,False,manual_labeled,
ikhsanqthii,7649617178324454677,Demikian sekilas ingfo 👍👍,health,1.0,False,manual_labeled,
ikhsanqthii,7646056387713289493,#stitch with @Sertiana Siburian bawa ke faskes ya 👍,health,1.0,False,manual_labeled,
ikhsanqthii,7644894664302071061,Jadi jangan remehin soal microsleep #microsleep #drIkhsan #aromakopi,health,1.0,False,manual_labeled,
ikhsanqthii,7644003826986454293,Tolong dipelajari karena kita gak tau kapan ini akan dipakaii 👍👍👍,health,1.0,False,manual_labeled,
ikhsanqthii,7642359020430347537,Demikian sekilas info buat pertolongan pertama terpatuk ular 👍👍 TOLONG DISIMAK!,health,1.0,False,manual_labeled,
ikhsanqthii,7637528984271457556,Monggo bisa baca langsung informesyen di akunnya dokter tercinta kita @Ayman Alatas 🫶🙏,health,1.0,False,manual_labeled,
ikhsanqthii,7634524355132706068,Yang suka lari terutama anak2 SMA atau yang masih muda kalo misalnya ada nyeri pada bagian ituan lan,health,1.0,False,manual_labeled,
ikhsanqthii,7631742886987484436,Siapa yang suka kayak gini 🤨🤨🤨🧐🧐🧐,health,1.0,False,manual_labeled,
ikhsanqthii,7629383768851205396,Demikian sekilas info 👍,health,1.0,False,manual_labeled,
ikhsanqthii,7627459902327262485,"Kalau kalian sering ngantuk habis makan itu bisa aja disebabin karena hipoglikemia reaktif, intinya ",health,1.0,False,manual_labeled,
ikhsanqthii,7623410859490200853,"Yang penting itu bukan cepat, tapi bisa konsisten. Mulai dari hal sederhana kayak cukupin serat & ja",health,1.0,False,manual_labeled,
ikhsanqthii,7618169787897711873,Dan hati-hati2 biasanya serangan jantung mulai banyak pas lebaran 🫠🫠🫠,health,1.0,False,manual_labeled,
ikhsanqthii,7617238224552889620,Mindset menurut gue,health,1.0,False,manual_labeled,
ikhsanqthii,7610978814306356500,#stitch with @Jihan Baiq demikian sekilas ingfo 🙏 maap gangguannye banyak dalam mengedukasi kali ini,health,1.0,False,manual_labeled,
ikhsanqthii,7607423362800913685,"Apakah boleh makan makanan begituan ketika sahur? Ya boleh2 aje, cuman kalo gampang laper abis itu j",health,1.0,False,manual_labeled,
ikhsanqthii,7606937808762146068,No comment guys 🙏🫠,health,1.0,False,manual_labeled,
ikhsanqthii,7605260625496788244,Jadi begitulah info setelah saya telaah… kayaknya varietas yg biasa dibuat makan “edamame”juga sama ,health,1.0,False,manual_labeled,
ikhsanqthii,7604014226063068437,Ini infooo penting bgttt jgn lupa disebarinnn guyss 👍👍👍 karena ternyata ini termasuk kasus GAWAT DAR,health,1.0,False,manual_labeled,
ikhsanqthii,7603204834275249429,Intinya kalau anak itu sering pi*isnya gak lancar coba liat bagian preputium (kul*p). Soalnya kadang,health,1.0,False,manual_labeled,
ikhsanqthii,7602098051376745749,Jadi demikian sekilas info 🙏,health,1.0,False,manual_labeled,
ikhsanqthii,7600694364729347348,Jadi begitu ya guys.. Semoga penjelasan dari dr @Gagah Buana Putra MD Sp. 🫀 juga bisa meluruskan 👍 d,health,1.0,False,manual_labeled,
ikhsanqthii,7600419699536465172,Ada baiknya jgn lupa tuntaskan traumanya ya guys 🙏🙏,health,1.0,False,manual_labeled,
ikhsanqthii,7598567526729108757,Bahkan kemarin sempet ngobrol sama psikolog kalo magnesium itu emang bantu “manage” stress 👍,health,1.0,False,manual_labeled,
ikhsanqthii,7592254864105803024,#stitch with @ayualthas MENURUT GUE ITU TOOOI MUCHH YA IBUU 🫵🫵🫵😡😡😡,health,1.0,False,manual_labeled,
ikhsanqthii,7591693699495496980,Demikian sekilas ingfo 🙏,health,1.0,False,manual_labeled,
ikhsanqthii,7591110475409083668,"#stitch with @News flash pedia intinya… rabies itu menular, jadi… kalo ini beneran biar jadi pelajar",health,1.0,False,manual_labeled,
itsdoktermuda,7676682670729989392,"Mas yassir ini sudah ga pipis lagi, karena darahnya ga disaring sama ginjal. Buat kita yg masih bisa",health,1.0,False,manual_labeled,
itsdoktermuda,7676089730915634433,Sebat lagiii sebat lagii Vid: jr_dian21 (Buat dokter yg mau ngonten bisa klik link bioku yaa),health,1.0,False,manual_labeled,
itsdoktermuda,7673477648869231889,"Bakteri baik ternyata penting banget buat imun kita Makin beragam bakteri baik di tubuh, makin bagus",health,1.0,False,manual_labeled,
itsdoktermuda,7673025672243105025,"Ini yang diliat orang gangguan mata (Kalo kamu dokter, pengen ngonten tapi bingung mulainya, ebook “",health,1.0,False,manual_labeled,
itsdoktermuda,7673017899501620496,"Coba kamu tiruin ketawanya, rasain ada yg buka nutup di tenggorokann (Kalo kamu dokter, pengen ngont",health,1.0,False,manual_labeled,
itsdoktermuda,7671926492288322817,"Share ke yg suka nyepelein gerdd (Kalo kamu dokter, pengen ngonten tapi bingung mulainya, ebook “Mul",health,1.0,False,manual_labeled,
itsdoktermuda,7671901187821554961,"Kalo bayi udah dibiasain screen time tanpa aturan apalagi keseringan, lama-lama bisa jadi gampang ta",health,1.0,False,manual_labeled,
itsdoktermuda,7669293676580850960,"Yg bahaya bkn olahraga, tapi olahraga yg dipaksakan dan ga disesuaikan sm kondisi tubuh kitaa",health,1.0,False,manual_labeled,
itsdoktermuda,7668301591694380305,Pernah liat dislokasii?,health,1.0,False,manual_labeled,
itsdoktermuda,7664066637204688145,"Kita cuma bisa fokus ke hal2 yg bisa kita ubahh, sehat sehatt yaa temen2 semuaaa",health,1.0,False,manual_labeled,
itsdoktermuda,7661201026078346517,Bisa kerja keras + tidur masih bener = priviledge gede banget jaman skrg,health,1.0,False,manual_labeled,
itsdoktermuda,7658453716814564628,Manusia di level berapapun hidupnya pasti selalu cepat senang dan cepat susahh Jangan lupa bersyukur,health,1.0,False,manual_labeled,
itsdoktermuda,7652199553822723348,"Support suami adalah kunci Baby blues bukan cuma soal hormon, tapi juga soal beban yang tiba-tiba be",health,1.0,False,manual_labeled,
itsdoktermuda,7652180882186308884,Kok bisa percaya gula psir keluar dari puser?😭😭,health,1.0,False,manual_labeled,
itsdoktermuda,7649767560648461588,Semangaat yaa orangtua2 anak pejuang diabetes tipe 1💪🏻 vid faauifa_ & zahrenaa,health,1.0,False,manual_labeled,
itsdoktermuda,7649712642419854612,"Nggak salah kok kalau mau nyari yang simpel dan minim efek samping. Tapi ayolah, kita naik kelas bar",health,1.0,False,manual_labeled,
itsdoktermuda,7646048742054825236,Masih ada yg suka nyekerr?? Vid ig @varida_sr,health,1.0,False,manual_labeled,
itsdoktermuda,7641828688455060757,Ada yg udah bisa rutin berjemurr? Udah rutin berapa lamaa?? #Blackmores #BioD #VitDCepatDiserapEfekM,health,1.0,False,manual_labeled,
itsdoktermuda,7625464713060650260,"Kenapa Ibu Harus Tetap Semangat Nyusuin 1. ASI itu imun pertama bayi Dari lahir, ASI sudah langsung ",health,1.0,False,manual_labeled,
itsdoktermuda,7623724003777219861,Yg lagi punya si kecil ada pengalaman jugaa?😊 @proem1indonesia #PROEM1Indonesia,health,1.0,False,manual_labeled,
itsdoktermuda,7614918874865208597,Tapi aku masih percaya: berhenti rokok itu bisa. Banyak perokok akhirnya berhenti bukan karena sekad,health,1.0,False,manual_labeled,
itsdoktermuda,7612935938452229396,"Sebagai orang yang hampir tiap hari olahraga, aku belajar satu hal: konsistensi itu bukan cuma soal ",health,1.0,False,manual_labeled,
itsdoktermuda,7610743102503980308,Kalo kalian cukur bulu “bawah” gimana caranya??? #hairremoval #milkrecipe,health,1.0,False,manual_labeled,
itsdoktermuda,7608984472767302932,"Buat semua ibu yang tubuhnya pernah dibuka demi lahirnya sebuah kehidupan, Kita mungkin gak akan per",health,1.0,False,manual_labeled,
itsdoktermuda,7607414321005514004,"Keselek : biasanya masih bisa batuk, suara masih keluar, napas masih ada. Ini tubuh lagi berusaha ng",health,1.0,False,manual_labeled,
itsdoktermuda,7605505554378689812,Psikolog & psikiater itu hebat justru karena mereka nggak mungkin bisa kerja sebaik itu kalau diriny,health,1.0,False,manual_labeled,
itsdoktermuda,7604885706208447764,"Secara medis kondisi kayak gini memang ada, termasuk kasus langka, dan perbaikannya sering nggak mud",health,1.0,False,manual_labeled,
itsdoktermuda,7603015346471111956,Ada yg sering kaya gitu nggak? Jangan disepelein yaa #kesemutan #kebas #cepetanatasikesemutan #vitam,health,1.0,False,manual_labeled,
itsdoktermuda,7601111913388477717,"Menurut panduan dokter reumatologi, sayur kayak kangkung, bayam, brokoli, sama asparagus itu nggak t",health,1.0,False,manual_labeled,
itsdoktermuda,7600663536158788884,"Makan sembarangan, minum es, lupa cuci tangan ujung-ujungnya bolak-balik WC 🚽 Diare sering datang sa",health,1.0,False,manual_labeled,
itsdoktermuda,7599471362251558164,Aku sarankan bayi bunda semua utk tummy time sejak dini. Kenapa? 1. Leher jadi cepat kuat Pas bayi t,health,1.0,False,manual_labeled,
itsdoktermuda,7599100387315944725,Ini disebut Cleidocranial dysplasia. Yaitu kelainan genetik yang bikin tulang terutama kepala dan ba,health,1.0,False,manual_labeled,
itsdoktermuda,7596350661348887828,"(Revisi: bukan menarget space epidural, tapi subarachnoid) Spinal anesthesia itu adalah bius setenga",health,1.0,False,manual_labeled,
itsdoktermuda,7595228641030704404,"Banyak orang masih kemakan stigma HIV. Padahal HIV nggak nular lewat sentuhan fisik kayak salaman, p",health,1.0,False,manual_labeled,
itsdoktermuda,7594866604085710101,Aerofagia tuh kondisi saat kebanyakan udara ikut ketelen pas makan atau minum. Biasanya kejadian kal,health,1.0,False,manual_labeled,
itsdoktermuda,7590964693498481940,Kalo kalian tim yang dibarengi K2 apa ndak?😊 #VitDCepatDiserapEfekMaksimal,health,1.0,False,manual_labeled,
jamilatussadiyah,7672279718997036295,Prenatal yoga @bumilpamil.id ❤️🫶🏻,health,1.0,False,manual_labeled,
jamilatussadiyah,7647875152566406408,Tips untuk puting flat Saat menyusui,health,1.0,False,manual_labeled,
jamilatussadiyah,7624850088442989832,Cara merawat tali pusat supaya ga infeksi❤️🫶🏻,health,1.0,False,manual_labeled,
jamilatussadiyah,7608090015968546068,Ibu hamil dan menyusui boleh puasa apa ngga? 🤰🏼❤️,health,1.0,False,manual_labeled,
jamilatussadiyah,7607801725809872148,"Teknik mengedan efektif🥰 Mengedan sesuai dengan refleks alami, nafas perut dan rilekskan otot dasar ",health,1.0,False,manual_labeled,
jamilatussadiyah,7607000257259523349,Posisi janin optimal membantu persalinan lancar☺️🙏🏻,health,1.0,False,manual_labeled,
jamilatussadiyah,7591889766669503764,Gelombang cinta adalah Cinta dan syukur yang paling dalam dari allah untuk bantu janin melihat dunia,health,1.0,False,manual_labeled,
roozzaak,7613618111371087124,Membalas @Kina🐍 #fyp #fypシ #DokterGemoy #vitaminD #vitaminD3,health,1.0,False,manual_labeled,
roozzaak,7612866950485560597,Membalas @Nila Faulis Nasa #fyp #fypシ #DokterGemoy #vitaminD #vitaminD3,health,1.0,False,manual_labeled,
roozzaak,7611350430005611797,Membalas @fitri mulia #fyp #fypシ #DokterGemoy #edukasi #edukasitiktok,health,1.0,False,manual_labeled,
roozzaak,7610951836727528724,Membalas @depiii♈️✨ #fyp #fypシ #DokterGemoy #vitaminD #vitaminD3,health,1.0,False,manual_labeled,
roozzaak,7609192506256837908,Membalas @d #fyp #fypシ #DokterGemoy #edukasi #edukasitiktok,health,1.0,False,manual_labeled,
roozzaak,7609192130707213588,Membalas @leta putri_07 #fyp #fypシ #DokterGemoy #edukasi #edukasitiktok,health,1.0,False,manual_labeled,
roozzaak,7608948619474963733,#stitch dengan @detik.com #fyp #fypシ #DokterGemoy #edukasi,health,1.0,False,manual_labeled,
roozzaak,7608863221616856341,Membalas @Kapuchiri96 #fyp #fypシ #DokterGemoy #vitaminD #vitaminD3,health,1.0,False,manual_labeled,
roozzaak,7607982697381776660,Membalas @syut #fyp #fypシ #DokterGemoy #vitaminD #vitaminD3,health,1.0,False,manual_labeled,
roozzaak,7604059114154642709,Membalas @mdysean #fyp #fypシ #DokterGemoy #edukasi #edukasitiktok,health,1.0,False,manual_labeled,
roozzaak,7604058100903021844,Membalas @anjely #fyp #fypシ #DokterGemoy #edukasi #edukasitiktok,health,1.0,False,manual_labeled,
roozzaak,7601420256191761685,Membalas @RANI #fyp #fypシ #DokterGemoy #edukasi #edukasitiktok,health,1.0,False,manual_labeled,
roozzaak,7601330037119323412,Membalas @Shinta #fyp #fypシ #DokterGemoy #edukasi #edukasitiktok,health,1.0,False,manual_labeled,
roozzaak,7599887523099184404,Membalas @kepiting 🦀 #fyp #fypシ #DokterGemoy #edukasi #edukasitiktok,health,1.0,False,manual_labeled,
roozzaak,7599272355805859080,Membalas @Yanti Ariefardhan #fyp #fypシ #DokterGemoy #edukasi #edukasitiktok,health,1.0,False,manual_labeled,
roozzaak,7599272308649348359,Membalas @iita✨ #fyp #fypシ #DokterGemoy #edukasi #edukasitiktok,health,1.0,False,manual_labeled,
roozzaak,7598035983233502471,Membalas @kimi #fyp #fypシ #DokterGemoy #edukasi #edukasitiktok,health,1.0,False,manual_labeled,
roozzaak,7598035558216060168,Membalas @..... #fyp #fypシ #DokterGemoy #edukasi #edukasitiktok,health,1.0,False,manual_labeled,
roozzaak,7598034800804416775,Membalas @syasyaaputri #fyp #fypシ #DokterGemoy #edukasi #edukasitiktok,health,1.0,False,manual_labeled,
roozzaak,7598032844371332359,Membalas @loopy #fyp #fypシ #DokterGemoy #edukasi #edukasitiktok,health,1.0,False,manual_labeled,
roozzaak,7597487109288578311,Membalas @gina azriyadh #fyp #fypシ #DokterGemoy #edukasi #edukasitiktok,health,1.0,False,manual_labeled,
roozzaak,7597486848402803976,Membalas @malaikatpelindungmu1 #fyp #fypシ #DokterGemoy #edukasi #edukasitiktok,health,1.0,False,manual_labeled,
roozzaak,7596869601070288146,Membalas @nyonyadrl432 #fyp #fypシ #DokterGemoy #edukasi #edukasitiktok,health,1.0,False,manual_labeled,
roozzaak,7595979504066022663,Membalas @upikupik3818 #fyp #fypシ #DokterGemoy #edukasi #edukasitiktok,health,1.0,False,manual_labeled,
roozzaak,7595977103368080648,Membalas @Dewi #fyp #fypシ #DokterGemoy #edukasi #edukasitiktok,health,1.0,False,manual_labeled,
roozzaak,7595976284191165714,Membalas @WiNnie #fyp #fypシ #DokterGemoy #edukasi #edukasitiktok,health,1.0,False,manual_labeled,
spesialist.kesehatan,7680173413859675393,Seberapa penting medical check-up buat kamu? Yuk simak sampai akhir #spesialistkesehatan #tipskeseha,health,1.0,False,manual_labeled,
tirtacipeng,7678524985136254229,Sinusitis,health,1.0,False,manual_labeled,
tirtacipeng,7673783229266234645,#onthisday,health,1.0,False,manual_labeled,
tirtacipeng,7672341220055649557,Kenapa ada kasur harganya muahal banget?,health,1.0,False,manual_labeled,
tirtacipeng,7671553651021761813,Tonton video ini buat kalian yang rambutnya rusak. Joooss bonvie @Bonvie Haircare,health,1.0,False,manual_labeled,
tirtacipeng,7671143934063693077,"Telapak tangan basah pertanda jantung lemah? Tonton video singkat ini yaaaa, mayan ilmu tipis2",health,1.0,False,manual_labeled,
tirtacipeng,7668469576149126420,Perjalanan hobi dan pola makan ko guntur sampe di level sekarang,health,1.0,False,manual_labeled,
tirtacipeng,7662180207578664212,Sedikit edukasi soal energy gel @EJ Sport Store,health,1.0,False,manual_labeled,
tirtacipeng,7656639695815740692,Olahraga buat sehat dan bugar,health,1.0,False,manual_labeled,
tirtacipeng,7651880938359590165,Penjelasan superficial (singkat dan sekilas) soal penyakit autoimun.,health,1.0,False,manual_labeled,
tirtacipeng,7646031294882942229,"Hari ini adalah Hari Tanpa Tembakau Sedunia, semoga jadi momentum untuk mulai mengurangi dan berhent",health,1.0,False,manual_labeled,
tirtacipeng,7645490071952575765,Siapa disini yang abis lari suka langsung nongkrong tanpa bersih-bersih dulu? @Betadine Shop #Waktun,health,1.0,False,manual_labeled,
tirtacipeng,7644111837977513237,Martabax,health,1.0,False,manual_labeled,
tirtacipeng,7643769966390512917,"Buat yang masih bingung tentang susu, tonton biar pada paham & gak bingung lagi @Greenfields Indones",health,1.0,False,manual_labeled,
tirtacipeng,7640079564525292821,"Gula, buah dan diabetes",health,1.0,False,manual_labeled,
tirtacipeng,7639350529004490005,Serba serbi boyoken,health,1.0,False,manual_labeled,
tirtacipeng,7627125250324647189,Mengenai reaksi alergi. Masih bersama dengan tirta klimis.,health,1.0,False,manual_labeled,
tirtacipeng,7621398739583880469,"Cowok cowok yang kulitnya mbladus, tonton video ini!",health,1.0,False,manual_labeled,
tirtacipeng,7620322110224829717,Per lontong an,health,1.0,False,manual_labeled,
tirtacipeng,7617353063149440276,Habis makan trus rebahan bisa jadi gemuk?,health,1.0,False,manual_labeled,
tirtacipeng,7611444437159349525,Waktu yang tepat untuk latihan ketika bulan puasa adalah sesuai dengan tubuh kalian masing-masing. A,health,1.0,False,manual_labeled,
tirtacipeng,7599253885399665938,Cek EKG sebelum ikut event itu Wajib! Bahs risiko serangan jantung saat olahraga intensitas sedang–b,health,1.0,False,manual_labeled,
tirtacipeng,7598372397242174727,Buat temen2 usia 40 tahun ke atas yang skrng rutin olahraga. Tonton ya,health,1.0,False,manual_labeled,
tirtacipeng,7591729993034632469,Setelah rajin olahraga malah muncul jerawat punggung? Monggo tonton sampe abis! @Barber Daily,health,1.0,False,manual_labeled,
wishdrboyke,7680052205617024274,"Minder karena ukuran dada ""setipis kertas""? Stop gak pede, ini faktanya! 📐✨ ​Besar kecilnya ukuran p",health,1.0,False,manual_labeled,
wishdrboyke,7678151955847384328,"""Seru di Awal, Hancur di Akhir!"" Ini Risiko Tersembunyi Seks Bebas Menurut dr. Boyke! 🫣💥 Banyak yang",health,1.0,False,manual_labeled,
wishdrboyke,7670072778351004935,Banyak yang Gak Tahu! 'Darah Tinggi' Bisa Bikin Momen Mesra Jadi Ambrul Adul! 😳💥 Pernah merasa perfo,health,1.0,False,manual_labeled,
wishdrboyke,7669690824354974984,Ciri-ciri menopause mulai terasa padahal umur masih di bawah 40-an? Jangan diabaikan! 🩺⚠️ ​Banyak wa,health,1.0,False,manual_labeled,
wishdrboyke,7668531161731239176,"Si mungil pengen performanya tetap mantap dan stamina makin prima? Terbongkar, ini dia rahasia terse",health,1.0,False,manual_labeled,
wishdrboyke,7642315729684942088,"Hey pria, apakah kamu tahu Andropause? 😵 Kali ini Dr. Boyke jelasin apa sih andropause, kapan dan ap",health,1.0,False,manual_labeled,
wishdrboyke,7636366143229299975,3 hal yg membuat kamu dapat nyoba banyak variasi gaya sama pasangan saat usia tua. PENASARAN apa saj,health,1.0,False,manual_labeled,
wishdrboyke,7636233062719720722,Nikmatnya kursi pijat 🤤 Janglah engkau lupa untuk relaksasi ya sahabat... kalau tubuh mulai terasa m,health,1.0,False,manual_labeled,
wishdrboyke,7628570249188625671,Bahaya! Jangan biarkan area kewanitaan gatal & bau merusak momen percayamu di luar rumah! 🛑😱 ​Banyak,health,1.0,False,manual_labeled,
wishdrboyke,7623367131802897672,"Hati-hati! Stress berlebih bukan cuma bikin pusing, tapi bisa bikin ""si Joni"" jadi kuncup! 🛑🧠 ​Banya",health,1.0,False,manual_labeled,
wishdrboyke,7616246841360911634,"Cuma butuh 3 detik untuk proteksi area kewanitaan seharian! ​Gak perlu ribet, cukup semprot Wish Int",health,1.0,False,manual_labeled,
wishdrboyke,7615620569865669895,Waspada! Area sensitif bisa jadi sarang bakteri kalau cuma dibersihkan pakai tisu. Ternyata pengguna,health,1.0,False,manual_labeled,
wishdrboyke,7615525168688958738,Masih ragu soal hal ini? Pahami faktanya langsung di video untuk kesehatan yang lebih baik. Share in,health,1.0,False,manual_labeled,
wishdrboyke,7611379342324567303,"Habis buka puasa langsung ""gas pol"" atau nunggu nanti? 🌙 Jangan sampai salah pilih waktu ya. Sahabat",health,1.0,False,manual_labeled,
bidancynthia,7679730707845156116,"Membalas @AzzuraAurellia Kalau belum tengkurap Stimulasi kak, Ini juga belum tengkurap sepenuhnya. T",health,1.0,False,manual_labeled,
bidancynthia,7679061677563776276,"Ini yg aku lakuin buat annaku, Alhamdullillah ga rewel ,badannya anget aja #imunisasidpt2",health,1.0,False,manual_labeled,
bidancynthia,7678934414578994453,"Bu bid setuju bgt sama dokter Indra Tarigan , soalnya perkara sabun gaboleh disepelein bun apalagi k",health,1.0,False,manual_labeled,
bidancynthia,7677913862556912917,"Membalas @less.sugar kalo lagi menyusui takut asi jadi seret ,ini pilihannya semoga ga bingung lagi ",health,1.0,False,manual_labeled,
bidancynthia,7668406045580201237,Sehat kuat untuk bunda yang ada di fase ini 🫶🏻,health,1.0,False,manual_labeled,
bidancynthia,7666152486193122581,Masih menjadi bahan perdebatan 😩😩,health,1.0,False,manual_labeled,
bidancynthia,7666022291272420628,"Jangan takut imunisasi Bunda☺️ ricy after imunisasi nangis” bobo,nangis dikit bobo lagi, rewel dikit",health,1.0,False,manual_labeled,
bidancynthia,7659260968676953365,Membalas @Tikaaaaa 🐬 hpl Juni juli udah pada meluncur belum?,health,1.0,False,manual_labeled,
bidancynthia,7654535710732537109,Bumil busui Jangan asal beli yang viral ya pastiin yang aman dipake,health,1.0,False,manual_labeled,
bidancynthia,7635457612242341141,"Kontraksi masih belum intens, Jalan jongkok dlm kondisi perut kenceng” nyeri misvi rasanyaaa ah mant",health,1.0,False,manual_labeled,
bidancynthia,7629372644738993429,"Luka jahitan melahirkan normal , simak sampai habis ya , #ibuhamil #lahirannorma",health,1.0,False,manual_labeled,
bidancynthia,7622273338928270613,Ada yang minum pas Lebaran kemarin bumil? #sirup #ibuhamil,health,1.0,False,manual_labeled,
drhans_spesialisanak,7592623335024921874,Rambut Bayi Rontok Terus? Jangan Panik Dulu Sebelum Tahu Ini! 😱Rambut bayi 0-6 bulan rontok itu waja,health,1.0,False,manual_labeled,
drhans_spesialisanak,7597250621917465863,Kelihatan sehat belum tentu cukup vitaminnya. Sering flu atau susah tidur bisa jadi tanda kurang vit,health,1.0,False,manual_labeled,
drhans_spesialisanak,7600585443893071111,"Banyak orang tua baru sadar setelah terlambat 😱😱 Ketika Si Kecil muncul gejala seperti ruam, diare, ",health,1.0,False,manual_labeled,
drhans_spesialisanak,7612136868901162248,Anak terlihat anteng saat pegang gadget. Tapi efeknya bisa tidak langsung terlihat. Paparan layar be,health,1.0,False,manual_labeled,
drhans_spesialisanak,7618164933125033237,"Tau ga sih 60% alergi pada anak dipengaruhi faktor keturunan? Karena itu, penting mengurangi risikon",health,1.0,False,manual_labeled,
drhans_spesialisanak,7628162950842322184,"Sedih ya lihat bapak di video ini. Banyak yang menyalahkan rekan kantornya, tapi jujur, secara medis",health,1.0,False,manual_labeled,
drhans_spesialisanak,7634133095666453767,Orang tua sering fokus ke makanan dan imun anak… tapi lupa satu hal penting: 'Kualitas udara di ruma,health,1.0,False,manual_labeled,
drhans_spesialisanak,7640450240214027528,"Anak itu peniru terbaik… 👀💛 Cara kita ngomong, kebiasaan kita, bahkan cara kita merawat diri — semua",health,1.0,False,manual_labeled,
drhans_spesialisanak,7642965591891922183,"Kalau Bunda merasa si kecil menunjukkan tanda-tanda pencernaan sensitif, penting untuk memperhatikan",health,1.0,False,manual_labeled,
drhans_spesialisanak,7654874804348144914,"Sebagai dokter spesialis anak, salah satu keluhan yang paling sering saya temui adalah kulit anak ya",health,1.0,False,manual_labeled,
drhans_spesialisanak,7664817424021130514,"Red Flags: Kapan Anak Harus Dibawa ke IGD? 🚨 Saat Si Kecil demam atau batuk, wajar jika Moms merasa ",health,1.0,False,manual_labeled,
drhans_spesialisanak,7674045500093484295,"Dukung tumbuh kembang si kecil sejak dini! Nutrisi yang tepat, termasuk sinbiotik dan zat besi, dapa",health,1.0,False,manual_labeled,
guru.bidan.wulan,7592505482036776210,Mitos atau Fakta #fyppppppppppppppppppppppp,health,1.0,False,manual_labeled,
guru.bidan.wulan,7593195802453904658,Kalian biasanya nomor berapa??? #fyppppppppppppppppppppppp,health,1.0,False,manual_labeled,
guru.bidan.wulan,7593916765218802952,Ayo ke Puskesmas bun 🥰 #fyppppppppppppppppppppppp #gurubidanwulan,health,1.0,False,manual_labeled,
guru.bidan.wulan,7595104434321984786,Hayyo suami sayapa tuh 🫣 #fyppppppppppppppppppppppp #gurubidanwulan,health,1.0,False,manual_labeled,
guru.bidan.wulan,7595402265091902728,Mending masukin ditempatnya aja yah guys 🤭🥰 #fyppppppppppppppppppppppp #gurubidanwulan,health,1.0,False,manual_labeled,
guru.bidan.wulan,7595866074818579730,Katakan tidak pada r0kok yah paksu #fyppppppppppppppppppppppp,health,1.0,False,manual_labeled,
guru.bidan.wulan,7597782394153864455,Jangan sering nonton film 🦋yah 🤭 #fyppppppppppppppppppppppp,health,1.0,False,manual_labeled,
guru.bidan.wulan,7599930824280116487,Kalau kalian dikubur juga yah ari2nya?? #fyppppppppppppppppppppppp,health,1.0,False,manual_labeled,
guru.bidan.wulan,7606306635618880776,STOP MEROKOK demi kesehatan dirimu dan orang lain 🚭 #fyppppppppppppppppppppppp #smkkesehatanterpadum,health,1.0,False,manual_labeled,
guru.bidan.wulan,7628840004332047636,Obat Streach Mark andalang kuuh #fyppppppppppppppppppppppp #edukasi #soohoo #streachmarks,health,1.0,False,manual_labeled,
guru.bidan.wulan,7650693529160666389,Benar dan salah yang biasa dilakukan moms di rumah 😊🥹 #gurubidanwulan #CapCut,health,1.0,False,manual_labeled,
nadialaydrus,7592943972113272072,"Di antara semua ini, kamu paling sering yang mana hayo? #edukasikesehatan #serunyabelajar #kebiasaan",health,1.0,False,manual_labeled,
nadialaydrus,7593325122660994311,Save video ini biar kamu ga salah obat 😆✌🏻 atau ada yang selama ini masih salah? #edukasikesehatan #,health,1.0,False,manual_labeled,
nadialaydrus,7594376085479886088,STOP begadang! Kamu masih suka begadang ga nih? #edukasikesehatan #serunyabelajar #begadang #fyp,health,1.0,False,manual_labeled,
nadialaydrus,7595206141290777874,Biar ga salah obat part 2 😍✌🏻hayo masih ada yang suka salah gak? #serunyabelajar #edukasikesehatan #,health,1.0,False,manual_labeled,
nadialaydrus,7595548511576280338,Jadi yang ngga waras itu siapa? 😭😭 Plis kasih tau!! #serunyabelajar #edukasikesehatan #brokenstrings,health,1.0,False,manual_labeled,
nadialaydrus,7598171796621364498,Kira2 organ kamu apa yang paling banyak ga sukanya hayo??? #serunyabelajar #edukasikesehatan #fyp #o,health,1.0,False,manual_labeled,
nadialaydrus,7599268931693513991,"Kebiasaan yang bikin organ kamu cepet rusak, kamu yang mana nih? #serunyabelajar #edukasikesehatan #",health,1.0,False,manual_labeled,
nadialaydrus,7602623822365265159,"Nah kali ini yang di sukai sama organ kita, kira2 organ kamu apa nih yang paling happy? 😝😜 #edukasik",health,1.0,False,manual_labeled,
nadialaydrus,7605603766322121992,Kamu bisa semuanya atau engga hayo? 🤭 #edukasikesehatan #serunyabelajar #fyp,health,1.0,False,manual_labeled,
nadialaydrus,7606329965923011848,"Pantes mereka sehat2 banget ya, ada yang mau coba? #edukasikesehatan #serunyabelajar #fyp",health,1.0,False,manual_labeled,
nadialaydrus,7607820889828101396,"Kita bukan makin gendut, kita cuma lagi PMS!! #edukasikesehatan #serunyabelajar #fyp #pms",health,1.0,False,manual_labeled,
nadialaydrus,7608544288795872532,"Udah ga sehat, ngendep lama lagi di tubuh 😭😭 kalian lebih banyak yang mana nih? #edukasikesehatan #s",health,1.0,False,manual_labeled,
nadialaydrus,7608571174007917845,"Jangan percaya hoax diluar sana ya, apalagi untuk menyembuhkan luka. kira kira baiknya pake apa sih?",health,1.0,False,manual_labeled,
nadialaydrus,7608940966447205652,"Yuk mulai sekarang rawat dan nabung kolagen untuk kulit kita, supaya ga nyesel pas waktu tua 😍@PONDS",health,1.0,False,manual_labeled,
nadialaydrus,7609660484391898388,Ada yang ngalamin gini? 😂 #serunyabelajar #edukasikesehatan #fyp,health,1.0,False,manual_labeled,
nadialaydrus,7613367328067161365,Mention temen kamu yang lebih banyak minum sup buah daripada air putihnya 😭😭 #serunyabelajar #edukas,health,1.0,False,manual_labeled,
nadialaydrus,7615230114241973525,"Jangan sampe kamu ngalamin ini dulu, baru sadar pentingnya aware sama gejala2 ini 🥹 #serunyabelajar ",health,1.0,False,manual_labeled,
nadialaydrus,7615622664429800725,"Kamu suka ngerasa ""nyeri-nyeri"" gak nih? Jangan anggep sepele loh! #serunyabelajar #edukasikesehatan",health,1.0,False,manual_labeled,
nadialaydrus,7615956132896509204,Kamu makan semuanya ga hayo? Atau malah ga ada yang kamu makan? 😂✌🏻 #serunyabelajar #edukasikesehata,health,1.0,False,manual_labeled,
nadialaydrus,7616749582483000597,Coba sekarang cek punggung tangan kamu dan buktiin seberapa haus kulit kamu? #ByeKulitHaus @NIVEA Of,health,1.0,False,manual_labeled,
nadialaydrus,7617831015704186133,Tantangan 30 hari stop GULA! Ada yang berani? #edukasikesehatan #serunyabelajar #fyp,health,1.0,False,manual_labeled,
nadialaydrus,7617857617821568277,Yuk jaga metabolisme kita saat bulan puasa kaya gini dengan tetap cukupi kebutuhan air minum kamu! #,health,1.0,False,manual_labeled,
nadialaydrus,7618206991239941397,Jadi masih mau minum esteh manis atau air putih ni? #serunyabelajar #edukasikesehatan #fyp,health,1.0,False,manual_labeled,
nadialaydrus,7621159944074693909,GERGAJI UNTUK MEMUDAHKAN PERSALINAN?? WHATT??? #serunyabelajar #edukasikesehatan #fyp,health,1.0,False,manual_labeled,
nadialaydrus,7622204503009381653,"Nah loh, masih mau dalam hubungan toxic?",health,1.0,False,manual_labeled,
nadialaydrus,7626374364996439317,Kuku kamu warnanya apa hayo?,health,1.0,False,manual_labeled,
nadialaydrus,7635985845006503189,Ga olahraga = mempercepat kem4t1an,health,1.0,False,manual_labeled,
nadialaydrus,7637875221915061511,"Yang masih nyepelein makanan manis, ga aware sama gejala, dan sepelein lemak berlebih, liat nih 🥹",health,1.0,False,manual_labeled,
nadialaydrus,7641211496126745864,Merapat! untuk tau skincare yang tepat untuk wajah kamu👋🏻@celimax.global #celimax #celimaxretinalsho,health,1.0,False,manual_labeled,
nadialaydrus,7650473722712722709,"Hayo, lebih banyak makan yang harusnya sesekali atau yang lebih baik setiap hari?",health,1.0,False,manual_labeled,
nadialaydrus,7657167257147067668,Dracula itu fiksi. Tapi gusi berdarah yang dianggap normal? Itu horor yang nyata. #gumvestment #Peps,health,1.0,False,manual_labeled,
nadialaydrus,7658287636091915541,"Di tengah aktivitas yang padat, aku belajar bahwa menjaga tubuh tetap fit itu soal konsistensi, buka",health,1.0,False,manual_labeled,
nadialaydrus,7658649563884014868,Jangan tunggu kulit bayi bermasalah dulu baru dirawat. Menjaga skin barrier sejak dini adalah bentuk,health,1.0,False,manual_labeled,
nadialaydrus,7659001856529714452,"Tanda tanda liver kamu ada masalah, ada yang ngalamin ga nih?",health,1.0,False,manual_labeled,
nadialaydrus,7660840757460487444,"Naikin atau nurunin itu bukan berarti asal makan banyak ya, tapi harus tau juga nih jenis makanannya",health,1.0,False,manual_labeled,
nadialaydrus,7661961352046497044,"Edisi, bibir, lidah and area mulut. Nah, ada yang ngalamin gak nih?",health,1.0,False,manual_labeled,
nadialaydrus,7662005086406626581,"Kalo masih ada yang ngeyel gak pakein anak sunscreen, liat aja yaa efek jangka panjangnya! #Sunscree",health,1.0,False,manual_labeled,
nadialaydrus,7662356059234848020,"Ga semua kebutuhan air itu sama ya, kebutuhan itu bisa meningkat tergantung aktivitas dan kondisi tu",health,1.0,False,manual_labeled,
nadialaydrus,7664560273193274644,Stop nunggu sunscreen bikin glowing seminggu. Karena manfaat paling besarnya itu bukan yang langsung,health,1.0,False,manual_labeled,
nadialaydrus,7664577356203330836,Kulit terasa keset setelah cuci muka bukan berarti lebih bersih. 👀 Justru cleanser yang terlalu kera,health,1.0,False,manual_labeled,
nadialaydrus,7664976693219708181,Nih rekomendasi skincare sesuai masalah kulit kalian 😘✌🏻,health,1.0,False,manual_labeled,
nadialaydrus,7668215414790524180,💧 1. Minum air putih sebelum ngopiBantu rehidrasi tubuh setelah semalaman tidur.🐟 2. Rutin konsumsi ,health,1.0,False,manual_labeled,
nadialaydrus,7670816282048056596,"Ya pikir aja ga sih, tangan habis pegang sampah lah, dudukan toilet lah, pegangan eskalator lah, han",health,1.0,False,manual_labeled,
nadialaydrus,7671618034913611028,Kamu yakin kebutuhan vitamin D harianmu sudah cukup? 👀☀️Kadang tubuh kasih tanda-tanda kecil yang su,health,1.0,False,manual_labeled,
nadialaydrus,7673805852968586516,"Skincare tuh nggak harus makin banyak, makin mahal, atau makin viral. Kadang kulit justru butuh kita",health,1.0,False,manual_labeled,
doktervito,7596095950360186133,,health,1.0,False,manual_labeled,
doktervito,7597303841805094165,Apakah benar suplemen bisa membantu memperlambat penuaan jantung dan pembuluh darah?Atau justru hany,health,1.0,False,manual_labeled,
doktervito,7598095366671633685,Ada bahan alami yang sering diremehkan seperti kunyit yang ternyata punya peran untuk kesehatan jant,health,1.0,False,manual_labeled,
dr.saddam_ismail,7602471518907501844,Minum sambil berdiri tidak merusak ginjal. Air akan ditampung dulu di lambung oleh otot klep sebelum,health,1.0,False,manual_labeled,
dr.saddam_ismail,7603264689019079944,"Tidur dengan rambut basah tidak menyebabkan flu karena flu disebabkan oleh virus, bukan suhu dingin.",health,1.0,False,manual_labeled,
nisaobgyn,7631524211869207829,"Baru mau duduk manis buat pumping, eh tiba-tiba dipanggil meeting mendadak... Relate banget nggak si",health,1.0,False,manual_labeled,
nisaobgyn,7670858061946359060,"Bunsay, udah tau belum kapan waktu yang tepat untuk vaksin selama hamil? Jangan sampai kelewat ya, k",health,1.0,False,manual_labeled,
doktervito,7602855465835416852,"PERHATIKAN INI SUPAYA TERHINDAR DARI SUMBATAN JANTUNG Sobat DRV, penjelasan mengenai sumbatan jantun",health,1.0,False,manual_labeled,
doktervito,7603665111395437844,"5 Kebiasaan Sehari-hari Agar Jantung Tetap Sehatdibahas langsung oleh:Dr. dr. Vito A. Damay, SpJP(K)",health,1.0,False,manual_labeled,
doktervito,7604775769662901524,,health,1.0,False,manual_labeled,
doktervito,7608123999834426644,Punya penyakit jantung bukan berarti tidak bisa makan enak. Tapi ada beberapa hal yang WAJIB dikontr,health,1.0,False,manual_labeled,
doktervito,7625813489222962453,"Sudah rutin minum obat darah tinggi, tapi tensi tetap tidak turun? Banyak orang mengira cukup minum ",health,1.0,False,manual_labeled,
doktervito,7626296809597553941,"Tanpa Gejala, Wanita Bisa Kena Serangan Jantung! Kapan Harus Waspada? dibahas langsung oleh Dr. dr. ",health,1.0,False,manual_labeled,
doktervito,7626976792624057621,"Ini Kesekian Kalinya, Pasien datang karena anggap enteng Pencegahan. Catat Kelompok Berisiko: 1. Per",health,1.0,False,manual_labeled,
doktervito,7628096332292427029,Banyak orang yang punya varises langsung berpikir: “harus dilaser!” Padahal… tidak semua varises but,health,1.0,False,manual_labeled,
doktervito,7632234494241541396,Mana yang lebih baik untuk kesehatan jantung: jalan kaki atau angkat beban? 🤔Banyak orang berpikir h,health,1.0,False,manual_labeled,
doktervito,7633268455822691604,Banyak yang takut olahraga berlebihan bahaya buat jantung. Padahal… kebanyakan dari kita justru kura,health,1.0,False,manual_labeled,
doktervito,7635919280080555285,"Banyak orang pikir olahraga terbaik untuk jantung harus yang berat, lari, HIIT, atau gym intens.Pada",health,1.0,False,manual_labeled,
doktervito,7636291295257922837,"Ada seribu lebih video edukasi di DRV channel, perlu niat dan sediakan waktu untuk belajar menyayang",health,1.0,False,manual_labeled,
doktervito,7638466916398468373,Tidak semua sumbatan jantung harus langsung dipasang ring.,health,1.0,False,manual_labeled,
doktervito,7642950270019718421,Jadi pertanyaannya bukan cuma soal pemasukan negara.Tapi: apakah yang didapat sebanding dengan dampa,health,1.0,False,manual_labeled,
doktervito,7649243205229399316,"Karena yang terpenting bukan sekadar membuka sumbatan, tapi memastikan tindakan yang dilakukan meman",health,1.0,False,manual_labeled,
doktervito,7649622490985008405,"Sudah diingatkan berkali-kali, tapi tetap merokok?Menurut dr. Gia dan Dr. dr. Vito A. Damay, SpJP(K)",health,1.0,False,manual_labeled,
doktervito,7650472492125097236,Sumbatan Jantung sering kali berawal dari kebiasaan yang kita lakukan setiap hari. Dibahas langsung ,health,1.0,False,manual_labeled,
doktervito,7657075277536824597,"“Masuk usia 30-an, berat badan sering lebih mudah naik meski pola makan terasa sama. Ini karena meta",health,1.0,False,manual_labeled,
doktervito,7659234191422344468,"Banyak yang mengira setelah pembuluh darah dibuka dengan tindakan, masalahnya langsung selesai. Pada",health,1.0,False,manual_labeled,
doktervito,7660676363623451924,"HUBUNGAN GERD DAN PENYAKIT JANTUNG Sobat DRV, penjelasan ini dibahas langsung oleh Dr. dr. Vito A. D",health,1.0,False,manual_labeled,
doktervito,7664530450563583253,"Jangan nekat ikut HYROX tanpa persiapan!Finish memang membanggakan, tapi keselamatan tetap nomor sat",health,1.0,False,manual_labeled,
doktervito,7669740152771611924,Cepat capek dan mudah sesak bukan selalu karena usia atau berat badan. Bisa jadi itu tanda hipertens,health,1.0,False,manual_labeled,
doktervito,7673362154434825493,“Urat varises ini sebenarnya mengalir ke mana?” Banyak yang mengira varises hanya urat yang muncul d,health,1.0,False,manual_labeled,
dr.saddam_ismail,7679377433258102036,"Kalau memilih suplemen, jangan hanya melihat 1 kandungan di bagian depan kemasan. Coba cek juga daft",health,1.0,False,manual_labeled,
dr.saddam_ismail,7651430359757884692,Ini namanya selang kateter dialisis untuk tindakan hemodialisis. Tahu fungsi selang ini buat pasien ,health,1.0,False,manual_labeled,
dr.saddam_ismail,7643725390661422356,Pernah lihat korban kecelakaan langsung dikasih minum? #ReaksiDokter #PertolonganPertama #EdukasiKes,health,1.0,False,manual_labeled,
dr.saddam_ismail,7643723468705385749,Cegah cacingan dengan langkah simpel. Cuci tangan pakai sabun sebelum makan dan setelah dari kamar m,health,1.0,False,manual_labeled,
dr.saddam_ismail,7637011607029173512,"Mitos atau fakta sih kalau tangan atau kaki tiba-tiba kesemutan, katanya itu tandanya aliran darah k",health,1.0,False,manual_labeled,
dr.saddam_ismail,7642922936294280469,Jangan ya bersihin karang gigi sendiri di rumah? #ReaksiDokter #KesehatanGigi #EdukasiKesehatan #Fak,health,1.0,False,manual_labeled,
dr.saddam_ismail,7636629822030007560,"Bener gak sih kalau ada orang yang sakit gigi, lubangnya didiamkan bertahun-tahun, tiba-tiba malah k",health,1.0,False,manual_labeled,
dr.saddam_ismail,7634373390899481877,"Bener gak sih kalau lagi enak-enaknya makan es krim atau minum air es yang sangat dingin, tiba-tiba ",health,1.0,False,manual_labeled,
dr.saddam_ismail,7633992226166607111,"Mitos atau fakta sih kalau lagi lewat tempat angker, merasa takut, atau lagi kedinginan tiba-tiba bu",health,1.0,False,manual_labeled,
dr.saddam_ismail,7640012707948694805,Kaget gak sih kalau tiba tiba gerak? #ReaksiDokter #FaktaMedis #kejadianmistis #MitosKesehatan #laza,health,1.0,False,manual_labeled,
dr.saddam_ismail,7633264286277602581,"Bener gak sih kalau habis makan makanan yang terlalu pedas, katanya perut bisa langsung terasa panas",health,1.0,False,manual_labeled,
dr.saddam_ismail,7640012274161208597,Siapa yang pernah nyeri leher saat bangun tidurs? #ReaksiDokter #SalahBantal #nyerileher #sakitleher,health,1.0,False,manual_labeled,
dr.saddam_ismail,7679368530533338389,Minum kalsium saja ternyata belum cukup jika tidak didampingi nutrisi pendukung seperti vitamin D3 d,health,1.0,False,manual_labeled,
dr.saddam_ismail,7640009144191159572,Kulit gampang bentol kalau tergores? #ReaksiDokter #KesehatanKulit #EdukasiKesehatan #FaktaMedis #In,health,1.0,False,manual_labeled,
dr.saddam_ismail,7631027963194068232,"Mitos atau fakta sih kalau lagi mau bersin tapi sengaja ditahan, katanya bisa bikin gendang telinga ",health,1.0,False,manual_labeled,
dr.saddam_ismail,7630749498725223698,Bener gak sih kalau lagi stres atau banyak pikiran katanya bisa langsung bikin kita jerawatan? #eduk,health,1.0,False,manual_labeled,
dr.saddam_ismail,7678964277411138823,"Banyak orang tua bingung, sampai kapan sih anak butuh nutrisi tambahan? Simak penjelasannya agar pem",health,1.0,False,manual_labeled,
dr.saddam_ismail,7630741949544238343,Mitos atau fakta sih kalau mandi pakai air hangat di malam hari katanya bisa bikin kita lebih cepat ,health,1.0,False,manual_labeled,
dr.saddam_ismail,7633623495959792917,Siapa yang kakinya kapalan ? #ReaksiDokter #KesehatanKulit #EdukasiKesehatan #FaktaMedis #InfoKeseha,health,1.0,False,manual_labeled,
dr.saddam_ismail,7628076754984258832,Mitos atau fakta sih kalau lagi banyak mikir atau ngerjain tugas berat katanya bikin kita jadi lebih,health,1.0,False,manual_labeled,
dr.saddam_ismail,7628076219090652433,"Bener gak sih kalau kita lihat orang menguap, katanya kita otomatis bakal ikutan menguap juga? #eduk",health,1.0,False,manual_labeled,
dr.saddam_ismail,7633338409381072148,Siapa yang tertarik ? #ReaksiDokter #KesehatanKulit #EdukasiKesehatan #FaktaMedis #PerawatanWajah,health,1.0,False,manual_labeled,
dr.saddam_ismail,7628066541275319553,Mitos atau fakta sih kalau lagi cegukan terus tiba-tiba dikagetin katanya cegukannya bisa langsung s,health,1.0,False,manual_labeled,
dr.saddam_ismail,7633335192236657940,Nah siapa yang muncul di beranda akhir akhir ini ? #ReaksiDokter #BahayaRacun #EdukasiKesehatan #Fak,health,1.0,False,manual_labeled,
dr.saddam_ismail,7632165611870686471,Mendingan kebiasaan iseng ngagetin orang distop aja nggak sih? #ReaksiDokter #KesehatanJantung #Eduk,health,1.0,False,manual_labeled,
dr.saddam_ismail,7628065008559164689,"Bener gak sih kalau habis makan nanas katanya lidah jadi terasa gatal, kebas, atau perih? #edukasike",health,1.0,False,manual_labeled,
dr.saddam_ismail,7678248717081677073,glukosamin yang bukan berasal dari ekstrak jagung! #suplemen #edukasilabel #blackmoreshealthyjoints ,health,1.0,False,manual_labeled,
dr.saddam_ismail,7677836066346274065,"Memberikan asupan Omega 3 sering terhalang oleh drama rasa amis. Kenali peran DHA, EPA, dan Kolin, s",health,1.0,False,manual_labeled,
dr.saddam_ismail,7677507859738807559,Sering ragu minum suplemen bentuk kapsul lunak karena penasaran bahannya dari apa? Yuk kita bedah ko,health,1.0,False,manual_labeled,
dr.saddam_ismail,7674148372068486408,Kali ini kita bahas review kandungan suplemen Nature's Pride Glucosamine Omega 3. Apa sih fungsi gab,health,1.0,False,manual_labeled,
dr.saddam_ismail,7674147170156580103,Kali ini kita bahas review kandungan suplemen Nature's Pride Vitamin D3 4000 IU. Sebenarnya apa saja,health,1.0,False,manual_labeled,
dr.saddam_ismail,7673802164376046869,Aktivitas harian sering kali memberikan beban dan tekanan pada persendian. Selalu perhatikan postur ,health,1.0,False,manual_labeled,
dr.saddam_ismail,7673801356439833877,"Rutinitas harian beri beban pada sendi. Pastikan peregangan, alas kaki, serta suplai nutrisi dari da",health,1.0,False,manual_labeled,
dr.saddam_ismail,7673396240297512200,"Seiring bertambahnya usia, penjagaan sendi harus ekstra. Jaga gaya hidup aktif dan lengkapi asupan n",health,1.0,False,manual_labeled,
dr.saddam_ismail,7628062758310890768,Mitos atau fakta sih kalau lagi sedih terus makan cokelat katanya bisa bikin kita jadi lebih happy? ,health,1.0,False,manual_labeled,
dr.saddam_ismail,7672679613469969672,"Setiap hari lutut menahan beban aktivitas. Hindari angkat barang terlalu berat, gunakan alas kaki em",health,1.0,False,manual_labeled,
dr.saddam_ismail,7665941473598262529,Bingung pilih astaxanthin ? @suplemenastria @mensa_healthcare #Astria #Jerawat #AntiAging #Astaxanth,health,1.0,False,manual_labeled,
dr.saddam_ismail,7658567372281777429,"Persendian adalah pondasi utama seumur hidup yang nggak bisa diganti suku cadangnya. Yuk, mulai pedu",health,1.0,False,manual_labeled,
dr.saddam_ismail,7658566834085498133,Penampilan luar yang maksimal tentu harus diimbangi pondasi tubuh yang kuat untuk bergerak. Seimbang,health,1.0,False,manual_labeled,
dr.saddam_ismail,7657053778683743495,Aktivitas berulang harian itu butuh topangan persendian yang kuat lho. Jangan sepelekan pemenuhan nu,health,1.0,False,manual_labeled,
dr.saddam_ismail,7657053220878994695,"Bukan cuma soal urusan finansial, nutrisi untuk persendian juga investasi jangka panjang yang sangat",health,1.0,False,manual_labeled,
dr.saddam_ismail,7655976889416224020,Mobilitas harian kita sangat bergantung pada asupan nutrisi yang tepat. Mari mulai penuhi kebutuhan ,health,1.0,False,manual_labeled,
dr.saddam_ismail,7651436850728504583,"Membalas @Yuliamadu Zymuno gunakan sesuai anjuran pakai ya, info lengkap cek keranjang. #maduzymuno ",health,1.0,False,manual_labeled,
dr.saddam_ismail,7650731980694375688,"Membalas @Umma iffah Suplemen Vitamin D3 4000 IU bantu memelihara kesehatan tulang secara umum, info",health,1.0,False,manual_labeled,
dr.saddam_ismail,7650020273575529735,Membalas @MasRyan Suplemen Vitamin D3 4000 IU cocok untuk bantu memelihara kesehatan tulang dan gigi,health,1.0,False,manual_labeled,
dr.saddam_ismail,7647342614055881991,"Membalas @Maynasa.sby Suplemen Rillus bantu memelihara kesehatan fungsi pencernaan harian, info leng",health,1.0,False,manual_labeled,
dr.saddam_ismail,7646680081871424776,"Membalas @sukai_StoreWah seneng banget ya dengernya, info lengkap cek keranjang. #pemulihanfisik #ik",health,1.0,False,manual_labeled,
dr.saddam_ismail,7645608688459320583,"Siapa nih yang udah konsumsi juga ?, info lengkap cek keranjang. #suplemencollagen #kesehatankulit #",health,1.0,False,manual_labeled,
dr.saddam_ismail,7645162859030236424,"Membalas @teh Oim🌺 Sudah tau belum Suplemen D3 dan K2 untuk apa, info lengkap cek keranjang. #vitami",health,1.0,False,manual_labeled,
dr.saddam_ismail,7645160711756270855,"Membalas @🦄 Suplemen Vitamin D3 1000 IU pas untuk pemeliharaan harian jangka panjang, info lengkap c",health,1.0,False,manual_labeled,
dr.saddam_ismail,7644120883811880200,"Membalas @ocha fatma Suplemen Vitamin D3 1000 IU cukup kok buat harian, info lengkap cek keranjang. ",health,1.0,False,manual_labeled,
dr.saddam_ismail,7638900141725879572,"Review Nutrimax Pasangin varian Peppermint, mengandung ekstrak jahe merah, daun mint, madu, dan roya",health,1.0,False,manual_labeled,
dr.saddam_ismail,7628062052115877136,Mitos atau fakta sih kalau habis menangis itu katanya bikin hati jadi lebih tenang dan rileks? #eduk,health,1.0,False,manual_labeled,
dr.saddam_ismail,7625855840821579025,Kira-kira apa yang kalian lakukan saat keram? #ReaksiDokter #KramBetis #EdukasiKesehatan #FaktaMedis,health,1.0,False,manual_labeled,
dr.saddam_ismail,7625853327913340177,Ada ga ni yang ketiaknya wangi? #ReaksiDokter #EdukasiKesehatan #BauBadan #KesehatanKulit #TipsKeseh,health,1.0,False,manual_labeled,
dr.saddam_ismail,7625846593777896705,Kalo kamu tidur jam berapa ni? #ReaksiDokter #WaktuTidur #EdukasiKesehatan #KualitasTidur #FaktaMedi,health,1.0,False,manual_labeled,
dr.saddam_ismail,7625863312873426193,Sudah tahu belum apa sih yang terjadi pada otak saat kita kurang tidur ? #edukasikesehatan #kurangti,health,1.0,False,manual_labeled,
dr.saddam_ismail,7615063435834838273,Sering ditakuti jangan makan buah setelah makan karena bisa membusuk di perut? Emangnya sistem pence,health,1.0,False,manual_labeled,
dr.saddam_ismail,7612477847671737620,Rajin minum sari kacang hijau saat hamil agar rambut bayi lebat dan hitam? Apakah kebiasaan ini bena,health,1.0,False,manual_labeled,
dr.saddam_ismail,7611015370719186192,Sedang datang bulan lalu dilarang keramas karena takut darah membeku? Emangnya ada hubungan langsung,health,1.0,False,manual_labeled,
dr.saddam_ismail,7609962395946978577,Ingin membelikan baby walker agar anak cepat lancar berjalan? Apakah alat ini benar-benar melatih ot,health,1.0,False,manual_labeled,
dr.saddam_ismail,7609960429586025744,Rela beli kacamata anti-radiasi mahal agar mata tidak rusak saat main HP? Apakah pemakaian kacamata ,health,1.0,False,manual_labeled,
dr.saddam_ismail,7618140036353019157,Siapa sih yang kasih ide beginian ? #EdukasiKesehatan #FaktaMedis #pengetahuan #pijatsehat #Kesehata,health,1.0,False,manual_labeled,
dr.saddam_ismail,7609930963526733072,Siapa nih yang ingin infus putih biar glowing katanya? Tapi sudah tau belum sih efeknya? #edukasikes,health,1.0,False,manual_labeled,
dr.saddam_ismail,7609164382823632145,Pernah gak sih denger fenomena air kencing di kerubungi semut ? Kira kira kenapa ya #edukasikesehata,health,1.0,False,manual_labeled,
dr.saddam_ismail,7608453591421947137,Susu tidak bisa membersihkan paru-paru dari racun rokok. Jalur napas dan pencernaan terpisah. Susu m,health,1.0,False,manual_labeled,
dr.saddam_ismail,7608453206867234065,Gorengan bukan penyebab infeksi radang tenggorokan. Infeksi disebabkan virus atau bakteri. Minyak pa,health,1.0,False,manual_labeled,
dr.saddam_ismail,7608451669969407248,Kopi tidak menyebabkan dehidrasi berat. Kafein bersifat diuretik ringan yang membuat sering buang ai,health,1.0,False,manual_labeled,
dr.saddam_ismail,7608451217391455489,Air alkali tidak bisa mengubah pH darah atau menyembuhkan penyakit berat. Asam lambung menetralkan s,health,1.0,False,manual_labeled,
dr.saddam_ismail,7603265221251058952,Celana jeans yang terlalu ketat dapat menekan testis ke tubuh dan memerangkap panas. Suhu panas ini ,health,1.0,False,manual_labeled,
dr.saddam_ismail,7627384647722290433,"Review Nutrimax Diagard ekstrak pare dan brotowali , info lengkap cek keranjang #vitamin #kesehatan ",health,1.0,False,manual_labeled,
dr.saddam_ismail,7624083520679398657,"Udah mulai ""nabung"" buat fondasi tubuhmu di masa depan belum? Yuk, amankan produknya di keranjang ku",health,1.0,False,manual_labeled,
dr.saddam_ismail,7624082993879010561,Udah nemu cara gampang buat konsisten tiap hari? Langsung klik keranjang buat temani kebiasaan barum,health,1.0,False,manual_labeled,
dr.saddam_ismail,7615877879477341447,"Vitamin D tidak hanya berkaitan dengan tulang, tetapi juga berperan dalam berbagai proses yang memba",health,1.0,False,manual_labeled,
dr.saddam_ismail,7615877216567676167,Kombinasi vitamin D3 dan K2 menjadi populer karena keduanya bekerja di tahap berbeda—penyerapan dan ,health,1.0,False,manual_labeled,
dr.saddam_ismail,7615876457302068488,"Banyak aktivitas harian membuat kita jarang terkena matahari langsung, padahal tubuh butuh paparan t",health,1.0,False,manual_labeled,
dr.saddam_ismail,7615875755792272647,MK-7 adalah salah satu bentuk vitamin K2 yang stabil dan sering digunakan pada suplemen yang digabun,health,1.0,False,manual_labeled,
dr.saddam_ismail,7615874394711248135,Suplemen tulang sering menggabungkan beberapa nutrisi karena fungsinya tidak berdiri sendiri. Ada ya,health,1.0,False,manual_labeled,
dr.saddam_ismail,7615810212049521927,"Kalau jarang kena matahari, produksi vitamin D di tubuh bisa berkurang. Ini penjelasan sederhana ten",health,1.0,False,manual_labeled,
dr.saddam_ismail,7615808746228321544,"Vitamin D3 membantu proses penyerapan kalsium, makanya sering ditemukan dalam suplemen yang berhubun",health,1.0,False,manual_labeled,
dr.saddam_ismail,7613609387474685185,Istirahat cukup aja nggak mempan kalau tubuh kekurangan bahan baku buat ngebangun daya tahan. Cek in,health,1.0,False,manual_labeled,
dr.saddam_ismail,7615545430599945480,Banyak orang tidak sadar kalau aktivitas harian membuat tubuh kurang mendapatkan vitamin D. Ini penj,health,1.0,False,manual_labeled,
dr.saddam_ismail,7613608020190268689,Badan sering kerasa kaku dan berat pas bangun tidur? Cek info di keranjang! #kesehatan #lemas #bangu,health,1.0,False,manual_labeled,
dr.saddam_ismail,7609176084604570897,Jangan abaikan rasa tidak nyaman di mulut! Itu tanda area mulut dan tenggorokanmu butuh dukungan nut,health,1.0,False,manual_labeled,
dr.saddam_ismail,7614359667275336976,"D3 membantu penyerapan kalsium, sedangkan K2 membantu menempatkan kalsium di bagian yang tepat. Ini ",health,1.0,False,manual_labeled,
dr.saddam_ismail,7609158186821602577,Jangan bangga jadi remaja jompo lho. Gaya hidup yang sering di dalam ruangan bisa bikin tubuh kurang,health,1.0,False,manual_labeled,
dr.saddam_ismail,7609156713358445841,Perubahan rutinitas dari super sibuk ke mode santai ternyata bisa bikin daya tahan tubuh terpengaruh,health,1.0,False,manual_labeled,
dr.saddam_ismail,7609150800622783761,"Di usia senja, kemampuan tubuh ngolah nutrisi dari matahari emang udah menurun drastis. Yuk berikan ",health,1.0,False,manual_labeled,
dr.saddam_ismail,7609145555758959889,"Itu bukan bawaan badan kok, tapi adaptasi suhu di tubuhmu emang lagi kurang maksimal. Yuk bantu jaga",health,1.0,False,manual_labeled,
dr.saddam_ismail,7609142075182845200,Sudah makan dan istirahat cukup tapi tetap lemas? Bisa jadi proses pembentukan energi di tubuhmu bel,health,1.0,False,manual_labeled,
dr.saddam_ismail,7609139374265044241,Cuaca berubah drastis bikin tubuh kerja dua kali lipat buat adaptasi. Pastikan asupan nutrisi daya t,health,1.0,False,manual_labeled,
dr.saddam_ismail,7607300317834956050,"Pelembap alami gak sampai ke ujung? Dukung ""pabrik"" minyak rambutmu dari dalam biar kembali lembut. ",health,1.0,False,manual_labeled,
dr.saddam_ismail,7607299704078044423,"Mau basah atau kering, kuncinya ada pada keseimbangan regenerasi kulit kepala. Perbaiki sistemnya da",health,1.0,False,manual_labeled,
dr.saddam_ismail,7607299178414312712,Jangan biarkan rambut cuma tumbuh halus. Dukung akarnya biar bisa produksi rambut yang tebal dan kua,health,1.0,False,manual_labeled,
dr.saddam_ismail,7607298275393260818,"Rambut segitu-gitu aja? Perpanjang ""jam kerja"" pertumbuhan rambutmu dengan nutrisi yang pas. Cek rah",health,1.0,False,manual_labeled,
dr.saddam_ismail,7607297414965267720,"Rontok ekstrem itu tanda tubuh lagi mode hemat energi darurat. Jangan tunda, segera cukupi nutrisiny",health,1.0,False,manual_labeled,
dr.saddam_ismail,7607296824566680840,"Jangan dicabut! Uban dini tanda sel pigmen butuh dukungan nutrisi. Dukung ""pabrik warna"" rambutmu le",health,1.0,False,manual_labeled,
dr.saddam_ismail,7607296244498582792,Gatal gak hilang-hilang? Mungkin pertahanan kulit kepalamu lagi lemah. Perkuat imunitas kulit dari d,health,1.0,False,manual_labeled,
dr.saddam_ismail,7607295332652780808,"Dulu ikatan rambut tebal, sekarang kok jadi tipis? Itu sinyal volume rambutmu menyusut. Rawat sebelu",health,1.0,False,manual_labeled,
dr.saddam_ismail,7604726018624081172,"Rambut lepek sore-sore itu tanda kelenjar minyakmu butuh ""wasit"" pengatur. Seimbangkan dari dalam bi",health,1.0,False,manual_labeled,
dr.saddam_ismail,7603593116133674248,"Perawatan dari luar saja rasanya belum cukup? Mungkin ""pabrik"" sel di dalam tubuhmu yang kurang baha",health,1.0,False,manual_labeled,
dr.saddam_ismail,7603592384089279751,"Kuku tipis dan rambut rontok itu ""saudara kembar"". Kalau satu bermasalah, tandanya struktur tubuh bu",health,1.0,False,manual_labeled,
dr.saddam_ismail,7602472578778680596,Sering menahan kencing meningkatkan risiko batu ginjal karena mineral dalam urine mengendap dan meng,health,1.0,False,manual_labeled,
dr.saddam_ismail,7603590561550912776,"Masalahnya bukan di hijabnya, tapi kekuatan akar rambut yang kurang nutrisi. Yuk perkuat dari dalam,",health,1.0,False,manual_labeled,
dr.saddam_ismail,7593640878539803912,Es krim bukan penyebab radang amandel. Radang disebabkan oleh infeksi virus atau bakteri. Suhu dingi,health,1.0,False,manual_labeled,
dr.saddam_ismail,7593595077948083457,Mengoleskan odol ke jerawat biar kempes? Hentikan kebiasaan ini. Bahan kimia pada odol terlalu keras,health,1.0,False,manual_labeled,
dr.saddam_ismail,7593536518640209153,Minum air di sela makan tidak bikin perut buncit atau mengganggu pencernaan. Asam lambung sangat kua,health,1.0,False,manual_labeled,
dr.saddam_ismail,7593536199487212816,"Remaja dilarang nge-gym karena takut pendek? Faktanya, latihan beban yang terukur justru merangsang ",health,1.0,False,manual_labeled,
dr.saddam_ismail,7593196621291080968,Panik lihat darah berwarna merah gelap saat cek lab? Itu bukan darah kotor penuh racun. Itu adalah d,health,1.0,False,manual_labeled,
dr.saddam_ismail,7590975381839170823,"Takut makan kecap karena bikin bekas luka hitam? Faktanya, pigmen kecap tidak diserap darah ke kulit",health,1.0,False,manual_labeled,
dr.saddam_ismail,7601391326340336916,Jangan lupa ya calon ayah dan bunda penihi Vitamin D3 4000 IU. #vitamind3 #d34000iu #suplemen #nutri,health,1.0,False,manual_labeled,
dr.saddam_ismail,7601353561124982036,d3 4000 IU ? #d34000iu #suplemen #vitamin #tipssehat #nutrimax,health,1.0,False,manual_labeled,
dr.saddam_ismail,7600590373349641488,Sering di ruang AC bikin tubuh kurang vitamin D meski matahari terik. Cukupi kebutuhanmu sekarang. #,health,1.0,False,manual_labeled,
dr.saddam_ismail,7599965400201317652,Kamu pilih D3 1000 IU atau 4000 IU? #nutrimax #nutrimaxd34000iu #suplemen #vitamin #nutrimaxd3,health,1.0,False,manual_labeled,
dr.saddam_ismail,7590999779748941064,Suplemen Vitamin D3 kapsul lunak yang Mengandung vitamin D3 400 IU. Spill produk di keranjang. #natu,health,1.0,False,manual_labeled,
jiemiardian,7593681632264064276,"Ketika trauma telah diproses, bukan berarti semua masalah selesai. Seringkali, malah muncul perasaan",health,1.0,False,manual_labeled,
jiemiardian,7595188344078880020,Baru aja selesai baca e-book Broken Strings -nya @Aurelie Moeremans - Bigenho dan banyak pelajaran y,health,1.0,False,manual_labeled,
jiemiardian,7595885247430954261,Gimana sih sebenernya pola pikir seseorang yang manipulatif dan abusif seperti Bobby di buku Broken ,health,1.0,False,manual_labeled,
jiemiardian,7599606997654244629,"Ada Pola, Ada Masalah? Pola-pola dalam masalah kita sehari-hari bisa jadi pertanda bahwa kita berkon",health,1.0,False,manual_labeled,
jiemiardian,7605542353490758933,Perfeksionisme bisa menjadi penghalang menuju kesempurnaan. Saat perfeksionis hadir karena ketakutan,health,1.0,False,manual_labeled,
jiemiardian,7606837798745754900,Mengapa begitu sulit untuk benar-benar menerima kenyataan? Apakah kita sering terjebak dalam penyang,health,1.0,False,manual_labeled,
jiemiardian,7608871798637169940,"Terkadang kita perlu menerima sebelum bisa berubah. Sama seperti seorang anak, untuk berkembang, dia",health,1.0,False,manual_labeled,
jiemiardian,7609484006177901844,🤔 Apakah kita sudah terlalu jauh dalam melihat hal positif sebagai sesuatu yang negatif? Positivity ,health,1.0,False,manual_labeled,
jiemiardian,7610237170514726165,"Takut tidak disukai bisa datang karena kekhawatiran akan penerimaan. Di satu sisi, benar penolakan m",health,1.0,False,manual_labeled,
jiemiardian,7610586057448377620,"Ada banyak tanda seseorang belum pulih, yang diceritakan di video ini hanya sebagian kecilnya saja. ",health,1.0,False,manual_labeled,
jiemiardian,7611714789236051220,"Pernah ga si kaya ga punya pilihan? Tapi kalau kamu boleh punya pilihan, kamu mau pilih apa? #CapCut",health,1.0,False,manual_labeled,
jiemiardian,7613183428078406933,🔥 Tiga Tanda Kamu Sudah Pulih dari Trauma! 🔥 1️⃣ Kamu sudah merasa baik-baik saja meski sedang bosan,health,1.0,False,manual_labeled,
jiemiardian,7613955263220960533,"Pernah nggak sih merasa senang kalau gebetan kamu bucin banget? Tapi, apakah bucin di awal bakal jam",health,1.0,False,manual_labeled,
jiemiardian,7614680873983593748,Yang bikin kita cemburu sering kali bukan realita di depan mata. Kita terlalu terpengaruh data dari ,health,1.0,False,manual_labeled,
jiemiardian,7615887198805691668,"Banyak yang percaya kalau trauma adalah selamanya, padahal otak kita sebenarnya bisa memproses memor",health,1.0,False,manual_labeled,
jiemiardian,7617300919415311637,"Masih ingat momen ketika trauma terpicu dan rasanya begitu menyakitkan? Ternyata itu wajar, namun pe",health,1.0,False,manual_labeled,
jiemiardian,7618403150889798933,Pernahkah kamu merasa sakit tapi malah mencoba mengerti kenapa seseorang menyakitimu? Sepertinya ini,health,1.0,False,manual_labeled,
jiemiardian,7622966155677928725,Gangguan bipolar diperkirakan terjadi pada 37 juta orang di seluruh dunia. Itu kira-kira satu dari 2,health,1.0,False,manual_labeled,
jiemiardian,7627009066522430740,"Trauma bisa diturunkan ke anak, tapi pemulihan juga bisa diturunkan",health,1.0,False,manual_labeled,
jiemiardian,7633346004011584789,Bagaimana menurutmu? Apakah kematian pakar dalam bidang medik ini terutama juga dipengaruhi oleh med,health,1.0,False,manual_labeled,
jiemiardian,7635091901342944533,Karena banyak orang ketika sedang baik baik saja malah berpikir “kayaknya enggak perlu konsultasi de,health,1.0,False,manual_labeled,
jiemiardian,7645212296905542933,"Cara kita ""ngeliat"" masa lalu ternyata bisa menyembuhkan trauma? 🧠✨ Kenalan sama Memory Recall Persp",health,1.0,False,manual_labeled,
jiemiardian,7647061714474749205,"“Dulu saya gapapa, kenapa pas punya anak jadi gampang trigger ya?”Pernah gak sih penasaran, kenapa t",health,1.0,False,manual_labeled,
jiemiardian,7652283252098518293,"""Otak Reptil"" ternyata cuma mitos?! 🧠 Shock banget pas tahu fakta neurobiologi ini! 👇 Banyak yang ng",health,1.0,False,manual_labeled,
jiemiardian,7654135588664216852,"Mendengarkan itu ternyata NGGAK menyembuhkan? Sering kali saat curhat atau terapi, kita terlalu foku",health,1.0,False,manual_labeled,
jiemiardian,7655633626876448020,“Kenapa gak langsung pergi aja sih?”Pertanyaan ini sering muncul saat ada kasus kekerasan dalam hubu,health,1.0,False,manual_labeled,
jiemiardian,7656753792565677332,"""Udah konseling dan divalidasi, tapi kok pas pulang rasanya sama aja?"" Kalau ini yang kamu rasakan, ",health,1.0,False,manual_labeled,
jiemiardian,7659331504299953429,Kenapa sesi konsul kamu sering terasa “kurang”?Sering nggak sih pulang dari sesi psikolog atau psiki,health,1.0,False,manual_labeled,
jiemiardian,7660097197542755605,"Buat yang mau belajar lebih banyak soal trauma, bisa cari buku “Pulih Dari Trauma: Berkenalan dengan",health,1.0,False,manual_labeled,
jiemiardian,7661461597650488597,"""Saya kan cuma depresi, bukan korupsi. Kenapa harus ditutupi?"" Sebagai psikiater yang juga berjuang ",health,1.0,False,manual_labeled,
jiemiardian,7667120069889199380,"Mana sebelumnya rambutnya dicat pirang, terus begitu ketahuan balik item rambutnya si Hye Ri. Macam ",health,1.0,False,manual_labeled,
jiemiardian,7673047967086955796,"Kemarin adalah hari pertama saya kembali menggeluti Martial Arts, dan rasanya seperti kehidupan—penu",health,1.0,False,manual_labeled,
jiemiardian,7675288359840845077,"Pernah nggak, saat emosi lagi memuncak, kita merasa nggak bisa mengendalikan diri? Sebenarnya, menge",health,1.0,False,manual_labeled,
jiemiardian,7676041360176106772,Memori kita bukanlah rekaman yang selalu akurat. Ini lebih seperti buku catatan yang bisa diubah isi,health,1.0,False,manual_labeled,
jiemiardian,7678996025872305428,"Pernah nggak kamu merasa terjebak di antara kepentingan orang lain dan dirimu sendiri? Kalau begitu,",health,1.0,False,manual_labeled,
dr.ndreamon,7591065083854212373,"Sudah bikin target, tapi tidak dilakukan? Ini alasannya",health,1.0,False,manual_labeled,
dr.ndreamon,7644549398034173204,"Saya pemalu, jadi saya nggak pede ngomong… jadi begini saja ya.",health,1.0,False,manual_labeled,
dr.ndreamon,7655496932315401493,Diajak ngomong saya diam… Ditanya-tanya saya juga diam… Tapi hari ini saya akan jawab: apa itu phubb,health,1.0,False,manual_labeled,
dr.ndreamon,7659254951612402965,Musik metal buruk buat kesehatan mental? Kata siapa? Riset yang ada malah menunjukkan hal yang unik:,health,1.0,False,manual_labeled,
dr.ndreamon,7662926012329643285,"Cuaca panas bikin mood makin buruk, sampai keinginan hidup menipis? Apakah ini berlebihan? Ternyata,",health,1.0,False,manual_labeled,
dr.ndreamon,7664419668169444628,Ini adalah filosofi kertas yang lecek.,health,1.0,False,manual_labeled,
dr.ndreamon,7667392266771696916,Jerawat membuat jadi stres… atau sebaliknya? Stres membuat jerawat? Mari kita bahas dengan sopan san,health,1.0,False,manual_labeled,
drluckyspa,7598062935818358023,Membalas @julayeeeee15_ Jadi ga mau nasi?,health,1.0,False,manual_labeled,
drluckyspa,7598349365282901256,Semakin cepat acceptance semakin baik anak bertumbuh dan berkembang @nikitawillyofficial,health,1.0,False,manual_labeled,
drluckyspa,7600316138693725460,"Catet ya, lemak itu bagus untuk anak buat ningkatin BB dan dukung otak anak. Tapi apakah semua lemak",health,1.0,False,manual_labeled,
drluckyspa,7610430121593310482,"Hati-hati ya bu, jangan sampai kurang stimulasi sama anak! Sesimple pakein skincare ke anak boleh ba",health,1.0,False,manual_labeled,
drluckyspa,7613513436777024775,Sensori bukan cuma taktil! Jangan lupa vestibuler juga yaa,health,1.0,False,manual_labeled,
drluckyspa,7639014524905016597,ibu-ibu sekarang harus lebih cerdas lagi ya biar kuliat anak gak lagi gampang iritasi #kulitbayi #mi,health,1.0,False,manual_labeled,
drluckyspa,7641563994247007508,"Bayi kelihatan lapar, tapi pas nyusu malah marah, narik puting, terus rewel? 👀 Eits buibu, ini nggak",health,1.0,False,manual_labeled,
drluckyspa,7657176744234962196,"Udah pernah cek kode di bawah galon air minum di rumah? Kelihatannya sepele, tapi air diminum setiap",health,1.0,False,manual_labeled,
drluckyspa,7657449326716767508,Hayoloh kalian tim sunscreen atau tim lotion?? Ingat yaaa anak itu butuh dua-duanya. Ayah bunda jang,health,1.0,False,manual_labeled,
drluckyspa,7660825950296247573,"Dokter juga manusia. Kadang poli padat, visite jalan, IGD telepon, makan siang mundur… dan di tengah",health,1.0,False,manual_labeled,
drluckyspa,7667519562149006612,"Udah lah... buat lemak anak pake aja lah itu minyak goreng kan sama aja!"" Hmmm apa bener tuh? Yakin ",health,1.0,False,manual_labeled,
drluckyspa,7676459076062055701,Membalas @milano_putra apa itu pneumonia?,health,1.0,False,manual_labeled,
zickyneuro,7611100555498458389,PENYEBAB SAKIT KEPALA DI BULAN RAMADHAN !Kunjungan pasien karena sakit kepala lebih sering terjadi p,health,1.0,False,manual_labeled,
zickyneuro,7634698061893143829,"PEMANASAN DONG SEBELUM MAIN Buat jaga kelenturan, cegah DOMS, kurangin resiko cedera #zickyyombana #",health,1.0,False,manual_labeled,
zickyneuro,7641445041315122453,"PADEL GAK CUMA BIKIN BUGAR TAPI BIKIN PINTAR Olahraga fisik dan otak, happy nya dapet, manfaatnya ba",health,1.0,False,manual_labeled,
zickyneuro,7644741896568442133,MAKAN KAMBING GAK BIKIN TEKANAN DARAH LOE NAIK !!! #zickyyombana #informasikesehatan #infokesehatan ,health,1.0,False,manual_labeled,
zickyneuro,7654162354804034836,PERNAH NGERASA ADA GEMPA TAPI LOE DOANG YANG NGERASA ? VERTIGO banyak yang sering denger istilah ini,health,1.0,False,manual_labeled,
zickyneuro,7666649863769328916,"KESURUPAN : Antara Iman dan Ilmu Kedokteran Sebagai seorang Muslim, gue meyakini adanya alam gaib. I",health,1.0,False,manual_labeled,
zickyneuro,7672773627409960212,🧠 SARAF KEJEPIT GAK SELALU HARUS LANGSUNG OPERASI LHO ! Gue sering ketemu pasien yang begitu denger ,health,1.0,False,manual_labeled,
zickyneuro,7677575762181917972,"COWOK TAPI PILATES Pilates itu bukan cuma buat cewek. Cowok juga butuh core kuat, badan lebih fleksi",health,1.0,False,manual_labeled,
putriemje,7614809254226201877,Tips Lambung Sehat Selama Puasa 🌙Buka puasa coba pilih soto kuning ✨Kandungan kunyit (curcumin) bant,health,1.0,False,manual_labeled,
putriemje,7623037421311036692,"Dear Girls, kalo lagi haid MAKAN DAGING, ATI AYAM, IKAN, TAHU, TEMPE, DAN SAYURAN HIJAU YA, biar ngg",health,1.0,False,manual_labeled,
putriemje,7625876722755325204,Cara baca informasi nilai gizi,health,1.0,False,manual_labeled,
putriemje,7627445782341340437,Banyak yang bilang UPF itu “bahaya”.Tapi bahaya di sini bukan berarti kayak racun yang sekali makan ,health,1.0,False,manual_labeled,
ekidarehanf,7679743947995942164,kamu tim yang tetep makan makanan yang udah mau basi atau buang? #setauekida,health,1.0,False,manual_labeled,
ekidarehanf,7674182698637757716,siapa yang kalau panik malah suka bertindak ngawur? #setauekida,health,1.0,False,manual_labeled,
ekidarehanf,7672710194563976469,kok bisa gagal ginjal karena makan mie instan rutin tiap hari dari kecil >1 porsi/hari? mulai sekara,health,1.0,False,manual_labeled,
ekidarehanf,7669358037332790548,"yang lagi pengen berhenti ngerokok tapi udah kecanduan dan susah, bisa konsultasi ke dokter ya, bias",health,1.0,False,manual_labeled,
ekidarehanf,7666761983156440341,perlu ga sih buat pijat setiap hari? secara umumnya kalau hanya untuk pegal2 jadi berlebihan kalau p,health,1.0,False,manual_labeled,
ekidarehanf,7665649379277032725,kalau ketemu orang dengan hoarding disorder jangan dijudge ya tapi dibantu buat berobat ke psikolog/,health,1.0,False,manual_labeled,
ekidarehanf,7663785560779001109,"ga semua perut buncit atau mual2 artinya hamil ya, tanda pasti hamil ketika sudah ada denyut jantung",health,1.0,False,manual_labeled,
ekidarehanf,7663423554603552021,"masyaAllah semangat untuk para pejuang sehat, insyaAllah ikhtiar kita berdampak positif #setauekida",health,1.0,False,manual_labeled,
ekidarehanf,7658969241785240852,sejak kapan kalian baru tau ada kanker ganas yang sekilas mirip tahi lalat? #setauekida,health,1.0,False,manual_labeled,
ekidarehanf,7658227315150785812,taukah kamu kalau ada tungau yang hidup bareng sama kita di kulit wajah kita? normal atau bahaya? #s,health,1.0,False,manual_labeled,
ekidarehanf,7657149409192316181,"karena lagi banyak yang sakit tenggorokan, pakai tablet hisap antiseptik sebagai pertolongan pertama",health,1.0,False,manual_labeled,
ekidarehanf,7656370889864383765,menurut kalian pembuluh darah keliatan jelas gini jadi keren/serem/gampang di infus? #setauekida,health,1.0,False,manual_labeled,
ekidarehanf,7655983155622563093,"ini bukan herpes yg penyebabnya virus tapi ini kurap yg penyebabnya jamur, cara pakai krim antijamur",health,1.0,False,manual_labeled,
ekidarehanf,7654505267454872853,"minuman sehat yang bisa diminum anak adalah air putih biasa, ASI, susu murni, atau air kelapa tergan",health,1.0,False,manual_labeled,
ekidarehanf,7651926290043358484,"buat yang sering anyang2an, kalau kencing perih, atau bahkan gatel dan keluar parasit/larva cacing d",health,1.0,False,manual_labeled,
ekidarehanf,7650811015302483221,ion magnesium membantu otot berelaksasi dan ion kalium mengatur sinyal saraf agar otot tidak berkont,health,1.0,False,manual_labeled,
ekidarehanf,7645605319850347796,"nangis bayi itu adalah cara komunikasi dia ketika ia merasa tidak nyaman entah karena lelah ngantuk,",health,1.0,False,manual_labeled,
ekidarehanf,7643396327111478549,siapa yang mau coba trend masukin bunga ke lubang hidung? #setauekida,health,1.0,False,manual_labeled,
ekidarehanf,7642271546903448852,pernah liat tangan berurat gede kayak gitu? ternyata itu cimino untuk cuci darah #setauekida,health,1.0,False,manual_labeled,
ekidarehanf,7641154322893409556,siapa yang pernah lebam abis disuntik? jangan salahin yang nyuntik yaa! bisa jadi itu karena pembulu,health,1.0,False,manual_labeled,
ekidarehanf,7638931325629582612,siapa yang udah berhasil penuhin kebutuhan protein harian untuk ningkatin massa otot? btw ini disesu,health,1.0,False,manual_labeled,
ekidarehanf,7637445678574112020,"siapa yang tangannya pecah2, ngelupas, gatel2, dan bersisik atau bahkan ganti kulit? #setauekida #ku",health,1.0,False,manual_labeled,
ekidarehanf,7637073159971294484,Ini cara aku buat gak gampang capek #EnervonFizz #BackToFizz @Darya Varia,health,1.0,False,manual_labeled,
ekidarehanf,7630771916407639316,siapa yang suka DOMS setelah olahraga berat? salah satu penanganannya justru dengan olahraga kardio ,health,1.0,False,manual_labeled,
ekidarehanf,7630361608232963349,"siapa yang mau anaknya manis punya lesung pipi? sebenernya ini terjadi alami secara keturunan, tapi ",health,1.0,False,manual_labeled,
ekidarehanf,7629629303390571797,nyeri dada yang ga berbahaya seperti precordial catch syndrome atau kostokondritis bisa hilang denga,health,1.0,False,manual_labeled,
ekidarehanf,7629248357743054100,menurut kalian istilah2 saat hamil bikin bingung ga? kira2 apalagi singkatan/istilah terkait hamil y,health,1.0,False,manual_labeled,
ekidarehanf,7628912205353782549,"sengatan tawon bisa berakibat fatal, salah satu penanganan pertamanya dengan memberikan kompres suhu",health,1.0,False,manual_labeled,
ekidarehanf,7628539065037638933,"tutorial biar sakit maag kamu sering kambuh yaitu perbanyak minum2, hirup asap rokok, dan yang palin",health,1.0,False,manual_labeled,
ekidarehanf,7627430174572743957,terapi gelombang kejut atau sering awam kira “laser” bisa digunakan untuk disfungsi ereksi tertentu ,health,1.0,False,manual_labeled,
ekidarehanf,7626302464928664852,niat gym biar sehat tapi malah kena varikokel yang bisa bikin infertilitas? risiko ini bisa diminima,health,1.0,False,manual_labeled,
ekidarehanf,7625206801662807317,badan tinggi dan kurus tiba2 gelembung parunya pecah dan sesak napas?! bahkan jika parah perlu dekom,health,1.0,False,manual_labeled,
ekidarehanf,7624400805809949972,cara mengatasi furap alias sakit kurap pada kulit gatal dengan pake krim antijamur dioles sampe … (a,health,1.0,False,manual_labeled,
ekidarehanf,7617040077130190101,siapa yang mikir kalau sedot lemak bisa kurusin badan?,health,1.0,False,manual_labeled,
ekidarehanf,7614777678285114644,"tolong jangan dinormalisasi ketika anak kecil hamil muda, menurut penelitian usia ideal hamil itu di",health,1.0,False,manual_labeled,
ekidarehanf,7614390855989775636,bisul di kulit karena kebanyakan makan telor?,health,1.0,False,manual_labeled,
ekidarehanf,7612210629713218836,menurut kalian janggal ga kalau 12 tahun udah jadi bapak?,health,1.0,False,manual_labeled,
meta.hanindita,7592910235489160455,"Katanya, MPASI tuh ga perlu ditambah bumbu apa-apa (misalnya bawang merah, gula, garam dll) karena t",health,1.0,False,manual_labeled,
meta.hanindita,7600319331351760136,"Untuk Buibu Pakbapak yang punya anak balita, mungkin pernah galau ya. Nutrisi yang diberikan nih uda",health,1.0,False,manual_labeled,
meta.hanindita,7600319623552109832,,health,1.0,False,manual_labeled,
meta.hanindita,7604080770516356370,Buibu pakbapak baru (eh yang lama juga kadang masih sih😁) seringkali panik begitu bayinya gumoh. Apa,health,1.0,False,manual_labeled,
meta.hanindita,7604081393097854226,Bener ga sih bb seret tuh karena gizi lari ke otak?,health,1.0,False,manual_labeled,
meta.hanindita,7605222020414147858,"Salah satu tujuan pemberian MPASI adalah melatih kemampuan makan bayi agar kelak di usia setahun, ia",health,1.0,False,manual_labeled,
meta.hanindita,7617447240625425671,Buibu pakbapak inget kan yaa kalau melengkapi status imunisasi anak itu adalah HAK anak yang tentu h,health,1.0,False,manual_labeled,
meta.hanindita,7626275870449323271,Udah pada tahu doong kalau protein hewani itu penting untuk pertumbuhan dan perkembangan optimal? Na,health,1.0,False,manual_labeled,
meta.hanindita,7626277016622337298,,health,1.0,False,manual_labeled,
meta.hanindita,7641157845811023111,,health,1.0,False,manual_labeled,
reisabrotoasmoro,7677251594123185429,"Kalau tinggal bareng anabul, kebersihan rumah jadi salah satu hal yang selalu aku perhatikan. Apalag",health,1.0,False,manual_labeled,
reisabrotoasmoro,7671452623534312724,"Tahun ajaran baru dimulai, aktivitas anak juga makin padat. Selain membiasakan pola makan yang baik,",health,1.0,False,manual_labeled,
reisabrotoasmoro,7656487252314541332,Banyak yang baru sadar kalau kesehatan pencernaan anak juga berpengaruh ke kenyamanan mereka saat be,health,1.0,False,manual_labeled,
reisabrotoasmoro,7644819083241819413,"Jawabannya boleh ya Moms, selama pilih probiotik yang memang diformulasikan khusus untuk bayi. Karen",health,1.0,False,manual_labeled,
reisabrotoasmoro,7644756945169157396,"Minum es teh manis saat cuaca panas memang paling menggoda. Tapi kalau terlalu sering dikonsumsi, ka",health,1.0,False,manual_labeled,
reisabrotoasmoro,7644138411678305557,"Sering fokus ke alat, padahal yang lebih penting adalah tahu dulu masalah udara di rumahmu. 1. Kuali",health,1.0,False,manual_labeled,
reisabrotoasmoro,7641114040219045140,"Serat memang tidak diserap tubuh, tapi justru penting untuk bantu kerja pencernaan. - Serat tidak la",health,1.0,False,manual_labeled,
reisabrotoasmoro,7636327303521357077,"Kondisi lambung yang sensitif tetap perlu dukungan dari dalam, salah satunya dengan menjaga keseimba",health,1.0,False,manual_labeled,
reisabrotoasmoro,7630710122322496789,"Lovely people, Kenapa hubungan toxic bisa terus terulang?” Terkadang jawabannya tidak sesederhana ya",health,1.0,False,manual_labeled,
reisabrotoasmoro,7631874308394077461,"Banyak orang sudah rutin konsumsi probiotik, tapi tanpa sadar ada kebiasaan yang membuat manfaatnya ",health,1.0,False,manual_labeled,
reisabrotoasmoro,7622554545003990292,"Salah satu gangguan pencernaan yang bisa muncul setelah lebaran adalah susah BAB, termasuk pada anak",health,1.0,False,manual_labeled,
reisabrotoasmoro,7618109494035369237,"Siapa yang habis sahur langsung tidur lagi? 👀 Sebaiknya hati-hati, karena langsung tidur setelah mak",health,1.0,False,manual_labeled,
reisabrotoasmoro,7617802071609380117,"Banyak orang fokus memilih vitamin yang bagus, tapi sering lupa bahwa waktu konsumsi juga bisa memen",health,1.0,False,manual_labeled,
reisabrotoasmoro,7613358696663502100,Sering dengar kan kalau anak batuk diberikan campuran kecap dan jeruk nipis? Ini bukan sekedar mitos,health,1.0,False,manual_labeled,
reisabrotoasmoro,7611368914651516181,"Lovely People, Kita sering dengar tentang kanker tapi apakah kita benar-benar paham penyebabnya? Ban",health,1.0,False,manual_labeled,
reisabrotoasmoro,7611082733179145493,Video currently unavailable (deleted/private/etc),health,1.0,False,manual_labeled,
reisabrotoasmoro,7605925459066375445,Salah satu penyebab utama sariawan adalah ketidakseimbangan bakteri baik di dalam mulut. Probiotik k,health,1.0,False,manual_labeled,
reisabrotoasmoro,7595409670630640916,"Lovely People, rokok yang sudah jelas memiliki banyak dampak negatif bagi kesehatan bisa beredar sec",health,1.0,False,manual_labeled,
fauzaannibras,7590940021771848980,cung yg dari sma udh kena gerd 🫵🏻😭#dokter #doktergenz,health,1.0,False,manual_labeled,
fauzaannibras,7595545330104421652,"gak enak bgt hidup, kl kita ga bisa nikmatin makanan dan minuman viral 😭. coba pake pasta gigi yg bi",health,1.0,False,manual_labeled,
fauzaannibras,7608775607358328084,"malu kan punya gigi kuning, sama gua juga 😭🙏 #dokter #doktergenz #FinestToothpaste",health,1.0,False,manual_labeled,
fauzaannibras,7613330976298585364,"kao pacar lu masih bingung dan males, suruh pake #thipankfacialwash ga ribet lg #thipankskin #growup",health,1.0,False,manual_labeled,
fauzaannibras,7618907462778752277,baru tau kan sunscreen ada yg non comedogenic? #dokter #doktergenz,health,1.0,False,manual_labeled,
fauzaannibras,7619498670685179157,semua ini terjadi bersamaan di jam 6,health,1.0,False,manual_labeled,
fauzaannibras,7621410859390209300,teruntuk org” yg galer garmek tidak kenal waktu & tempat 🙏 #BekasLuka #CreamGatal #CreamIritasi #dok,health,1.0,False,manual_labeled,
fauzaannibras,7623083294804004117,"biasanya abis lebaran makin byk nih gigi bolong, kl anak gamau gosok gigi cb dicari penyebabnya.. jg",health,1.0,False,manual_labeled,
fauzaannibras,7628823133243395348,"mohon ibu2 baru yg gen z, byk nih pr lo 😅#rekomendasiasibooster #momuung #doktergenz",health,1.0,False,manual_labeled,
fauzaannibras,7630417039903214869,"berikut hal tambahan yg hrs dipersiapkan wahai maharaja @Ikhsanqthii, MD terganteng, termantap, tert",health,1.0,False,manual_labeled,
fauzaannibras,7633614921699200276,emg kalo mau se fresh & seglowing mereka tuh hrs effort & konsisten 😭#glycolicacid #bodyacne #eksfol,health,1.0,False,manual_labeled,
fauzaannibras,7645990582468234517,"yap cwk itu wajib bahagia, makanya jgn bikin luka yg keliatan/ga keliatan ya ke cwk 🙏🗿#dokter #dokte",health,1.0,False,manual_labeled,
fauzaannibras,7652295466259942676,"ttp utamakan real food utk MPASI, tp kl MBG nya jd real food bukan susu? 🧐🤔",health,1.0,False,manual_labeled,
fauzaannibras,7660086293900184852,berdarah 🩸 pas sikat gigi krn kekencengan nyikat? 🧐🤓#dokter #doktergenz,health,1.0,False,manual_labeled,
fauzaannibras,7663057349074078996,tiap hari = setiap hari ya😊 udh2-3x diblg msh ada aja kontrol ga diminum obatnya 🙏😭#dokter #dokterge,health,1.0,False,manual_labeled,
fauzaannibras,7666394621076917524,"muka agak basah bkn abis nangis y, abis solat 🙏😇😜#dokter #doktergenz",health,1.0,False,manual_labeled,
fauzaannibras,7668177138863901973,bahas gigi sensitif yg umum bgt terjadi 🥶🥲#dokter #doktergenz #gigi,health,1.0,False,manual_labeled,
fauzaannibras,7672709199410760980,kirim ke pacar kalian yg lg haid 🩸🥹/ yg punya pacar namanya yoga tolong tag 🗿#dokter #doktergenz,health,1.0,False,manual_labeled,
fauzaannibras,7673442561154911509,ga sia2 nonton podcast dr tirta sm dr rara 1 jam 🗿 #usmileid #usmileJadiLebihBaik #solusiGigiPutih @,health,1.0,False,manual_labeled,
dr.zulvia.syarif.spkj,7680032699406421255,Ada yang pernah kenal dengan seseorang yang alami siklus ini? #narcissisticabuse #npd #thetruthabout,health,1.0,False,manual_labeled,
dr.zulvia.syarif.spkj,7676638709487389959,"Prinsipnya, gangguan kepribadian narsisiatik bisa dialami oleh pria maupun wanita, hanya ada yg geja",health,1.0,False,manual_labeled,
dr.zulvia.syarif.spkj,7675420136920206610,Ga ada ya! Karena banyak faktor yg terlibat dalam pembentukan kepribadian seseorang! #npdawareness #,health,1.0,False,manual_labeled,
dr.zulvia.syarif.spkj,7673724004733111570,Replying to @wintergolden sayang sekali banyak hal yang mungkin missed dari evaluasi psikiater dan k,health,1.0,False,manual_labeled,
dr.zulvia.syarif.spkj,7672615084308581640,"Sibuk dengan ""penderitaan"" diri sendiri kadang membuat kita sulit jadi berempati. Yuk asah lagi empa",health,1.0,False,manual_labeled,
dr.zulvia.syarif.spkj,7664602427898793224,"Kalau teguran/nasihat ga kena-kena, berarti connectionnya yg perlu kita perbaiki dulu #kesehatanment",health,1.0,False,manual_labeled,
dr.zulvia.syarif.spkj,7655305578704686354,"Hati2 dalam berelasi ya gaess, stay safe 🫶 kalau mau saya bahas red flags mengenali pola manipulatif",health,1.0,False,manual_labeled,
dr.zulvia.syarif.spkj,7654272823241788680,"Sebagai produk Xellennials, saya sering takjub dengan Gen Alfa dan Gen Z 😁 Btw kalau kalian 'kecadua",health,1.0,False,manual_labeled,
dr.zulvia.syarif.spkj,7651814347555081480,Yuk jadi teman curhat yang lebih baik dibanding AI chatbot #WHOFides #mentalhealth #psikiater @WHO F,health,1.0,False,manual_labeled,
dr.zulvia.syarif.spkj,7645689688358915346,Replying to @Shazzwear Biosocial Theory - Marsha Linehan #bpd #borderlinepersonalitydisorder #psikia,health,1.0,False,manual_labeled,
dr.zulvia.syarif.spkj,7642140121696832776,"Replying to @your friend from somewhere tetap lanjut obat, selama hamil dipertimbangkan tanpa obat s",health,1.0,False,manual_labeled,
dr.zulvia.syarif.spkj,7638091042419510535,Ketika psikiater mengedukasi di medsos #psikiater #mediasosial #mentalhealth,health,1.0,False,manual_labeled,
dr.zulvia.syarif.spkj,7634959130767248648,"Ga cuma luka fisik, luka psikologis juga perlu penanganan segera #psikiater #edukasi #psychologicalf",health,1.0,False,manual_labeled,
dr.zulvia.syarif.spkj,7631415432360037639,"Adiksi itu gangguan mental. Kalau sudah adiksi, perlu terqpi dan rehabilitasi agar pulih. #adiksi #e",health,1.0,False,manual_labeled,
dr.zulvia.syarif.spkj,7628913159218269447,Paham ya sekarang? #edukasi #ks #psikiater,health,1.0,False,manual_labeled,
dr.zulvia.syarif.spkj,7624777291893083410,Selengkapnya di YT dr Vivi Syarif - Psikiater #psikiater #edukasi #toxicrelationship,health,1.0,False,manual_labeled,
dr.zulvia.syarif.spkj,7621376082305994002,"Yuk, mulai belajar merasa aman kembali #overthinking #edukasidokvisya #psikiater",health,1.0,False,manual_labeled,
dr.zulvia.syarif.spkj,7619271996538440978,"You should be enjoying Lebaran, guysss 🥰❤️#lebaran #anxiety #psikiater",health,1.0,False,manual_labeled,
dr.zulvia.syarif.spkj,7610976518772149511,"Haruskah Memaafkan? Bagi seseorang yang tersakiti dan terluka, mungkin timbul pertanyaan, ""haruskah ",health,1.0,False,manual_labeled,
dr.zulvia.syarif.spkj,7605575444561153288,Nomer berapa yang kamu baru tahu? #trauma #psikiater #mentalhealth,health,1.0,False,manual_labeled,
dr.zulvia.syarif.spkj,7602805346867957000,Sedih banget ya Allah 😭 #kesehatanmental #psikiater #depresi,health,1.0,False,manual_labeled,
dr.zulvia.syarif.spkj,7598767606635433224,"#stitch with @Inilah.com Ga heran sih, cuma ga terdeteksi aja! #psikiater #kesehatanmental #kejiwaan",health,1.0,False,manual_labeled,
dr.zulvia.syarif.spkj,7598368144431779079,Jangan pernah hujat korban ya! #edukasi #trauma #kesehatanmental,health,1.0,False,manual_labeled,
dr.zulvia.syarif.spkj,7597080150110457095,Penting nih parents untuk diketahui ya! #kesehatanmental #anakremaja #psikiater,health,1.0,False,manual_labeled,
dr.zulvia.syarif.spkj,7596928710142463239,"Kalau menurutmu, lebih baik pergi atau bertahan? Thanks @kis951fm for the discussion! Seru banget! #",health,1.0,False,manual_labeled,
dr.zulvia.syarif.spkj,7595900662039203090,"Replying to @andaraja29 Jadi ortu ga mudah, mari kita sama2 terus belajar #parenting #childgrooming ",health,1.0,False,manual_labeled,
dr.zulvia.syarif.spkj,7595393736796949767,"Replying to @moms_alyna Hati2, selalu dampingi anak dg aktivitasnya yaa #gameonline #predatoranak #c",health,1.0,False,manual_labeled,
dr.zulvia.syarif.spkj,7594660992013978898,Replying to @ibu.citra3 Mari kita jaga anak2 kita 🙏 #childgrooming #kesehatanmental #psikiater,health,1.0,False,manual_labeled,
dr.zulvia.syarif.spkj,7590305649616047368,Saatnya pegang kendali ya! #2026 #newyear #psikiater,health,1.0,False,manual_labeled,
doktermedok,7679059325691645204,"5 “Penyebab” kamu sering cidera saat olahraga Note : Penjelasan ini adalah penyebab secara umum, unt",health,1.0,False,manual_labeled,
doktermedok,7676106110838869269,Latihan mandiri buat “Release” Otot SCM (Sternocleidomastoideus) 🔥 Lakkukan kedua sisi,health,1.0,False,manual_labeled,
doktermedok,7675709778647174420,Reminder buat Para Runner 🔥 Otot area Core-Lower Body lainnya yang belum disebutin di video (Iliopso,health,1.0,False,manual_labeled,
doktermedok,7675339214455754004,"Wrist, Hand, Finger Mobility 🔥 Dirutinin setiap 1-2 jam sekali supaya engga gampang sakit Trigger Th",health,1.0,False,manual_labeled,
doktermedok,7673114404124200212,Full Body Warming Up : Dynamic Stretching 🔥 Bisa buat olahraga apapun dan WAJIB ada sebelum olahraga,health,1.0,False,manual_labeled,
doktermedok,7672399811068415253,"Kalau ada nyeri saat gerakan olahraga, apakah boleh lanjut atau harus stop? Monggo tak jelasin",health,1.0,False,manual_labeled,
doktermedok,7670147955084709140,Latihan Mandiri buat Sakit Panggul luar 🔥 Buat diagnosa pasti harus cek dokter ya,health,1.0,False,manual_labeled,
doktermedok,7667542559299964181,Disuntik sakit nda to?? Jawabannya TERGANTUNG dari 3 hal ini,health,1.0,False,manual_labeled,
doktermedok,7667197050211061012,Latihan buat sakit bagian pantat / area tulang ekor setelah duduk lama 🔥 Jangan lupa diagnosa pasti ,health,1.0,False,manual_labeled,
doktermedok,7666064280759897364,"Latihan yang Aman buat Penguatan Lutut, Panggul, Pantat, dan Paha sambil posisi berbaring 🔥 Latihan ",health,1.0,False,manual_labeled,
doktermedok,7665719723975249172,3 Latihan dan Stretching Mandiri buat otot Quadratus Lumborum 🔥 Salah satu “biang kerok” sakit boyok,health,1.0,False,manual_labeled,
doktermedok,7665116783124204820,"Yok pasti sempet, cuma 1 menit doang 🔥 Bangun tidur ➡️ doa ➡️ stretching ➡️ mandi, sarapan ➡️ lanjut",health,1.0,False,manual_labeled,
doktermedok,7664591332169501972,Pertolongan Pertama Nyeri Betis gara-gara : Otot Robek VS Kram 🔥 Buat penanganan lebih detail wajib ,health,1.0,False,manual_labeled,
doktermedok,7662734872569597204,"Rehabilitasi untuk Frozen Shoulder 🔥 Note Penting : - Latihan Mandiri bisa dilakukan 3 set, 2-3x seh",health,1.0,False,manual_labeled,
doktermedok,7662336992277056788,5 Latihan Penguatan Otot yang bisa di mana aja : Isometric Strengthening 🔥 Note : - Secara umum lati,health,1.0,False,manual_labeled,
doktermedok,7660531909226761480,Metode Alternatif ukur Intensitas Olahraga : Talk Test 🔥,health,1.0,False,manual_labeled,
doktermedok,7657937817418435861,3 Latihan Simpel buat Plantar Fasciitis terutama setelah bangun tidur atau duduk lama 🔥 Note : -Kunc,health,1.0,False,manual_labeled,
doktermedok,7657158902160608533,"Yok pasti sempet, cuma 1 menit doang 🔥 Simpel tapi penting pol Note : Sakit area Pundak, Leher, beli",health,1.0,False,manual_labeled,
doktermedok,7655668899551186197,Salah satu latihan WAJIB buat “menjaga” lutut : Glutes Strengthening 🔥 Note : - Tujuan latihan ini a,health,1.0,False,manual_labeled,
doktermedok,7655326624195333396,"3 Posisi “Recovery” di rumah buat sakit boyok / encok, terutama gara-gara HNP Lumbal atau Saraf keje",health,1.0,False,manual_labeled,
doktermedok,7654586608263417109,"Yok pasti sempet yok, cuma 1 menit doang 🔥 Pulang rumah ➡️ mandi-mandi ➡️”me time” ➡️ stretching ➡️ ",health,1.0,False,manual_labeled,
doktermedok,7654216964503555348,Prinsip Penanganan Rehabilitasi “Rounded Shoulder” (Postur Bongkok) 🔥 Note : - Untuk diagnosa lebih ,health,1.0,False,manual_labeled,
doktermedok,7653653369583684884,Balance & Stability Exercise 🔥 Ini juga latihan yang penting puol dan bahkan fondasi dari hampir sem,health,1.0,False,manual_labeled,
doktermedok,7649017856360910100,Rutinitas setiap sebelum atau setelah praktek 🔥 Monggo bisa banget dicobain “Exercise Snack” kaya gi,health,1.0,False,manual_labeled,
doktermedok,7647551602600971540,"3 Gerakan buat sakit boyok, encok, lipat paha, selangkangan 🔥 Catatan penting : Penyebab sakit ini b",health,1.0,False,manual_labeled,
doktermedok,7646771670228978965,"Single Leg Exercise 🔥 Latihan yang penting pol buat Runner dan hampir semua olahraga (tennis, sepak ",health,1.0,False,manual_labeled,
doktermedok,7645878983111789845,"3 Gerakan Stretching buat yang sering Sakit Belikat, Punggung, sampai Belakang Bahu + Ketiak 🔥 Serin",health,1.0,False,manual_labeled,
doktermedok,7644872625637920021,Curcol dikit tentang Perawatan Rambut & Kulit Kepala Junjun 🩵 Monggo yang barusan jadi Papa atau Mam,health,1.0,False,manual_labeled,
doktermedok,7643826390810283285,Hydrodissection buat Deep Gluteal Syndrome (tindakan buat “membebaskan” saraf sciatic yang kejepit d,health,1.0,False,manual_labeled,
doktermedok,7642684166768758037,Upper Body Strength Training yang bisa buat Lansia 🔥 Strength Training area upper body ini penting p,health,1.0,False,manual_labeled,
doktermedok,7641567993910005012,Fascia Hydrodissection buat Myofascia Pain Syndrome Upper Back (terutama area belikat) 🔥 WAJIB rutin,health,1.0,False,manual_labeled,
doktermedok,7639357611342712084,Latihan Mandiri Plantar Fasciitis yang mungkin masih jarang dilakukan 💪🏻,health,1.0,False,manual_labeled,
doktermedok,7637492249701518612,2 jenis Low Back Pain : Flexor Pattern dan Extensor Pattern 🔥 Beberapa kemungkinan diagnosa penyebab,health,1.0,False,manual_labeled,
doktermedok,7636761094945590548,Supinator Hydrodissection & Release Exercise 🔥 Otot + Fascia yang paling sering lengket atau tegang ,health,1.0,False,manual_labeled,
doktermedok,7635495823001849109,Monggo buat Para Mommy & Calon Mommy 🙌🏻 Penanganan & Rehabilitasi buat Mommy Wrist (Tenosynovitis De,health,1.0,False,manual_labeled,
doktermedok,7635105207948545301,Full Body Hybrid Workout : EMOM 25 minute (artinya latihan selama 25 menit dan setiap 1 menit ganti ,health,1.0,False,manual_labeled,
doktermedok,7634545467644316949,"Fascia Hydrodissection buat Occipital Neuralgia (Sakit dan Rasa Kencang di Kepala, Leher belakang, s",health,1.0,False,manual_labeled,
doktermedok,7634148462157729045,"Abis Olahraga, jangan cuma leyeh-leyeh atau langsung nongkrong WAJIB Cooling Down + Stretching sek 🔥",health,1.0,False,manual_labeled,
doktermedok,7632288001460325653,Dekompresi Mandiri buat HNP Cervical (Saraf Kejepit area Leher) 🙌🏻 Ini penting banget buat dilakukan,health,1.0,False,manual_labeled,
doktermedok,7631947681291635988,"Bahayanya MAGER : Kalau uda mager, bikin makin mager 🫠",health,1.0,False,manual_labeled,
doktermedok,7630269730842021141,Seated Core Exercise Snacks 🔥 Latihan Otot Core posisi duduk ➡️ bisa buat “exercise snacks” di kanto,health,1.0,False,manual_labeled,
doktermedok,7591308351544380693,Kinesiotapping buat Bumil Ini tujuannya untuk bantu menyangga dan “menarik” perut ke atasCara pasang,health,1.0,False,manual_labeled,
doktermedok,7592237569463667988,Kenapa suntik di Lutut biasanya di area itu? Berapa titik yang biasanya disuntik?Tak jelasin di sini,health,1.0,False,manual_labeled,
doktermedok,7592610495870405909,"Axillary Nerve Glide Exercise 🔥Frozen Shoulder yang uda berbulan-bulan dan menahun, selain gara-gara",health,1.0,False,manual_labeled,
doktermedok,7594838795531455764,Posisi Tidur & Bantal buat Bumil supaya enda gampang sakit encok atau boyok 🫶🏻*area kepala-leher tet,health,1.0,False,manual_labeled,
doktermedok,7598186075273776404,Monggo bisa buat Bumil Trimester 1-3 🫶🏻,health,1.0,False,manual_labeled,
doktermedok,7599090929189932309,"Menu Workout-ku 🔥Workout 1 : HIIT 2,5 menit Latihan2,5 menit IstirahatDiulang 5 set✅ Lari 400 meter,",health,1.0,False,manual_labeled,
doktermedok,7599667847035489557,"Buat para pejuang Low Back Pain ➡️ Jangan males atau skip latihan CORE, supaya enda gampang kambuh 🙌",health,1.0,False,manual_labeled,
doktermedok,7600041640908131604,Latihan buat kamu yang pundaknya kuerasss kaya papan 🥹 Latihan sing rajin lho ya,health,1.0,False,manual_labeled,
doktermedok,7601139424604327188,Kapan boleh main Padel atau Tennis lagi kalau ada cedera tennis elbow? Tak kasih tau *Jangan lupa WA,health,1.0,False,manual_labeled,
doktermedok,7602630301080177941,"2 Cara supaya Bahu “Aman” (engga sakit, engga radang, engga robek) 🙌🏻",health,1.0,False,manual_labeled,
doktermedok,7603378179998223636,Stretching buat kamu yang selangkangannya sakit 🙌🏻*Sakit selangkangan bisa gara-gara tegang dan kaku,health,1.0,False,manual_labeled,
doktermedok,7603739581573254421,"Buat yang sering sakit di bawah tempurung lutut, monggo 🙌🏻",health,1.0,False,manual_labeled,
doktermedok,7604866087733234964,Boleh nda latihan squat kalau ada pengapuran (osteoarthritis) lutut? Tak jawab di sini*Jenis latihan,health,1.0,False,manual_labeled,
doktermedok,7605229509444504853,"“Core Exercise” buat Bumil supaya engga gampang sakit & pegel di punggung bawah, pinggang, panggul, ",health,1.0,False,manual_labeled,
doktermedok,7605591254302461204,Stretching buat Sakit Leher Belakang & Kepala 🙌🏻Jangan langsung mikirnya gara-gara kolesterol tinggi,health,1.0,False,manual_labeled,
doktermedok,7606893354466561301,Scapula Push Up ➡️ Latihan buat ngelatih otot Serratus Anterior (Otot yang jarang dilatih dan sering,health,1.0,False,manual_labeled,
doktermedok,7608571361304661269,Prinsip Penting Olahraga selama Bulan PuasaTetep yang rajin lho yaSelamat menunaikan Ibadah Puasa 😇,health,1.0,False,manual_labeled,
doktermedok,7610789479607160084,Latihan yang bisa dilakukan sambil “Mager” 😳 atau buat yang lagi BedrestTujuannya ya supaya otot-sen,health,1.0,False,manual_labeled,
doktermedok,7612658373292608788,Exercise Snacks di Kantor yang paling gampang tapi buanyak manfaatnya : Sit to Stand 🔥Supaya otot pa,health,1.0,False,manual_labeled,
doktermedok,7613013938485382421,Sebetulnya berapa banyak sih jumlah cairan yang hilang selama puasa? Tak kasih tauTak ingetin juga a,health,1.0,False,manual_labeled,
doktermedok,7613384878444367124,"Dimanapun aktivitas kamu baik itu Outdoor atau Indoor, WAJIB pake Sunscreen. No skip, aku selalu pak",health,1.0,False,manual_labeled,
doktermedok,7614130141580791060,USG Guided Knee Joint Aspiration (Sedot Cairan Radang di Lutut pakai USG)Gejala paling sering kalau ,health,1.0,False,manual_labeled,
doktermedok,7615614867210308885,Rehabilitasi untuk Flat Foot 🔥 Latihan yang rajin dan tetep konsul ke dokter untuk pemeriksaan lebih,health,1.0,False,manual_labeled,
doktermedok,7615977162860268820,Hybrid workout hari ini 🔥Hybrid : kombinasi latihan cardio + strength intensitas tinggiBuagus buat m,health,1.0,False,manual_labeled,
doktermedok,7616367615425940757,"Posisi penting buat Bumil Trimester 3 : Knee to Chest PositionBisa dirutinin setiap hari, 2x sehari ",health,1.0,False,manual_labeled,
doktermedok,7616720448365137173,Latihan Mandiri buat Cervicogenic Headache 🔥Ini adalah sakit kepala yang penyebabnya gara-gara masal,health,1.0,False,manual_labeled,
doktermedok,7617281681669590293,Stretching dan Latihan ringan di mobil selama mudik💪🏻*semua stretching / latihan dilakukan kanan & k,health,1.0,False,manual_labeled,
doktermedok,7617849342350724373,"Strength Training supaya Lutut “Kuat” 💪🏻Jangan cuma otot Quadricep aja yang dilatih, otot-otot lain ",health,1.0,False,manual_labeled,
doktermedok,7618785133331614997,Single Leg Calf Raise Test 🔥Tes buat cek kekuatan dan kebugaran “jantung kedua” (Otot Betis) Cara la,health,1.0,False,manual_labeled,
doktermedok,7619145005181013269,Fascia Hydrodissection buat Myofascia Pain Syndrome Upper Back 🔥Tindakan ini bisa buat nyeri di area,health,1.0,False,manual_labeled,
doktermedok,7620268334151421205,"Bumil boleh banyak jalan nda sih?Jelas BOLEH dan PENTING, bahkan olahraga yang intensitas nya sesuai",health,1.0,False,manual_labeled,
doktermedok,7620809162708045076,Tes Mandri buat Tennis/Padel Elbow dan Golfers Elbow 🔥Ini 2 diagnosa paling sering dari sakit sikuWa,health,1.0,False,manual_labeled,
doktermedok,7621169090610171157,"Latihan Otot Pantat dan Pinggul “Lengkap” (Gluteus Maximus, Gluteus Medius, Gluteus Minimus)supaya r",health,1.0,False,manual_labeled,
doktermedok,7621571293048999188,Suntik Regeneratif PRP (Platelet Rich Plasma) & PPP (Platelet Poor Plasma) buat Tennis Elbow dengan ,health,1.0,False,manual_labeled,
doktermedok,7621916864930680085,Latihan Mandiri buat Piriformis Syndrome & Gluteus Piriformis Syndrome 🔥Hampir serupa tapi tak samaP,health,1.0,False,manual_labeled,
doktermedok,7622478145282657557,Latihan & Stretching buat Sakit dan Tegang Otot Paha Depan-Panggul depan 🔥 Salah satu stretching waj,health,1.0,False,manual_labeled,
doktermedok,7623041216044649749,Kesalahan paling sering yang tak temuin tentang kompres es : Ngompresnya kelamaan (lebih dari 20 men,health,1.0,False,manual_labeled,
doktermedok,7623768789162741012,HIIT (High Intensity Interval Training) hari ini 🔥Setiap 2 menit lakukan :4 Dealift4 Push Up4 Devil ,health,1.0,False,manual_labeled,
doktermedok,7624162493807693077,"Penyebab paling sering dari Sakit Kepala, Leher, Pundak Belikat 🙌🏻Jangan langsung mikirnya gara-gara",health,1.0,False,manual_labeled,
doktermedok,7624497654529002772,"Kneel to Squat Challenge Test 🔥 “Fun Challenge Test”, yang bisa lakuin ini katanya Body Age 20tahuna",health,1.0,False,manual_labeled,
doktermedok,7625075546589908245,Latihan Mandiri buat Nyeri Punggung Tengah (Mid Back Pain) 🔥Diinget : jangan kebiasaan duduk melorot,health,1.0,False,manual_labeled,
doktermedok,7625642110485531925,Latihan buat “Jantung Kedua” atau Otot Betis biar engga gampang cedera 🫶🏻Bisa dilatih setiap hari ✅B,health,1.0,False,manual_labeled,
doktermedok,7626757377764625684,Push Up Test 🔥 Tes buat cek kebugaran otot “Upper Body” dan “perkiraan” kesehatan fungsi jantung Lat,health,1.0,False,manual_labeled,
doktermedok,7627112566480899348,Fascia Hydrodissection buat Myofascia Pain Syndrome Thoracolumbal 🔥WAJIB rutin stretching & mobility,health,1.0,False,manual_labeled,
doktermedok,7627671907835333909,HIIT (High Intesity Interval Training) Bodyweight Exercise Low Impact 🔥Menunya :40 detik gerak latih,health,1.0,False,manual_labeled,
doktermedok,7628255665386999061,“Ritual” Wajib sebelum tidur : Hip Mobility Stretch ✅Mungkin banyak yang belum ngeuh tapi Otot dan S,health,1.0,False,manual_labeled,
doktermedok,7629352268608883988,Rehabilitasi & Latihan Mandiri buat ITB Syndrome 🔥Ini salah satu cedera yang sering banget di pelari,health,1.0,False,manual_labeled,
dr.mariojohan,7601103177098153236,Aku sering ingetin : Jangan sembarangan pegang pipi anak karena tangan yang kebersihannya tidak dike,health,1.0,False,manual_labeled,
dr.mariojohan,7602243939269135636,Kamu harus tau produksi minyak berlebih ga selalu berarti kulit terhidrasi dengan baik !! Coba tonto,health,1.0,False,manual_labeled,
dr.mariojohan,7605197522138615060,Wajib tonton video ini ! Biar lu tau Faktanya #skin,health,1.0,False,manual_labeled,
dr.mariojohan,7608138703931788565,SEMUA ORANG HARUS DENGER INI ! Share supaya penanganan yang salah gak terjadi di kamu atau keluarga ,health,1.0,False,manual_labeled,
dr.mariojohan,7611097439461788948,"Sebagai dokter, ini salah satu hal yang paling bikin gue deg-degan tiap lihat video kecelakaan di ja",health,1.0,False,manual_labeled,
dr.mariojohan,7612597616987147541,Dia cuma tumpahin minum. Seketika kamu meledak.. Dia tiba2 nangis Kamu langsung pusing dan jadi emos,health,1.0,False,manual_labeled,
dr.mariojohan,7615602171203144980,Ada oknum selebgram “berkeliaran” pas lagi “diduga campak” ? Banyak yg bilang lebay banget sih netiz,health,1.0,False,manual_labeled,
dr.mariojohan,7650850896997387540,Para wanita di umur berapa kamu tahu fun fact kalau di luar negeri ada softlense yg bisa filter blue,health,1.0,False,manual_labeled,
dr.mariojohan,7659333401039654165,"Salah kaprah, ketombe itu BUKAN karna “JOROK” ! orang yg “bersih” juga bisa ketombean, dengerin penj",health,1.0,False,manual_labeled,
dr.mariojohan,7671518292648955157,Ada berita kasus wanita 23 tahun sembelit. Sekali masuk toilet bisa sampai 2 jam! Ternyata karena al,health,1.0,False,manual_labeled,
dr.mariojohan,7674120140346199316,Sekedar bertanya….,health,1.0,False,manual_labeled,
dr.mariojohan,7680134760643022100,"Hayoo, siapa di sini yang suka pakein produk ke si kecil tapi belum pernah baca penelitiannya? 👀 Jan",health,1.0,False,manual_labeled,
dokterprasadja,7599893523546033416,"“Kok akhir-akhir ini aku sering lupa kata ya…?” Bukan cuma karena sibuk. Pada perempuan, insomnia & ",health,1.0,False,manual_labeled,
dokterprasadja,7601704150560181511,"Ngorok bukan soal suara. Secara medis, ini tanda henti nafas saat tidur (sleep apnea). Data menunjuk",health,1.0,False,manual_labeled,
dokterprasadja,7602956183825140999,"Sering terbangun malam karena dada panas atau asam naik? Hati-hati, GERD bukan cuma gangguan lambung",health,1.0,False,manual_labeled,
dokterprasadja,7614315883762076936,Ngorok sering dianggap “cuma ganggu pasangan”. Padahal bisa jadi tanda sleep apnea yang berdampak ke,health,1.0,False,manual_labeled,
dokterprasadja,7616586152723762440,Ngorok bukan sekadar “ganggu pasangan”. Bisa tanda sleep apnea: napas berulang kali berhenti saat ti,health,1.0,False,manual_labeled,
dokterprasadja,7628471116188798226,"Ngorok hilang, hidup balik ON 🔥 Otak lebih fokus, energi naik, libido pun kembali. Tidur berkualitas",health,1.0,False,manual_labeled,
dokterprasadja,7630633892948544775,"Kurang tidur itu bukan “biasa”—itu bom waktu. Otak melambat, mood berantakan, hormon kacau, risiko p",health,1.0,False,manual_labeled,
dokterprasadja,7634461166303071495,"Tidur bareng pendengkur = kualitas tidur hancur diam-diam 😴❌ Sering kebangun, jantung ikut stres, sa",health,1.0,False,manual_labeled,
dokterprasadja,7644760757183335698,Yang bikin ngorok berbahaya itu bukan cuma suaranya… Tapi MICRO AWAKENINGS! ⚠️😴 Otak terbangun berka,health,1.0,False,manual_labeled,
aliphildan,7674836724253461767,"Aku infus whitening yaa, jan salah paham✨😊",health,0.85,False,ollama_enhanced,
aliphildan,7670297317257284885,"Fun fact: suka nyemilin es batu tuh bisa jadi bukan cuma iseng. 🧊Kebiasaan ini disebut pagophagia, s",health,0.95,False,ollama_enhanced,
aliphildan,7667811802696273159,Siapa yg lututnya suka nyeri? 🙋🏻‍♂️Jangan langsung nyalahin faktor usia ya. Nyeri lutut bisa dialami,health,0.95,False,ollama_enhanced,
aliphildan,7665314659154627858,"Kenapa muka Gen Z sekarang keliatan lebih tua dari umurnya? Ternyata bukan cuma soal usia, tapi skin",health,0.95,False,ollama_enhanced,
aliphildan,7664448121975377173,Dokter bengkel juga jadi✨🤙🏻,health,0.85,False,ollama_enhanced,
aliphildan,7657149144775101716,Asli dah ngga tahan liat masih ada aja yang sembarangan mandiin bayi😭🙏🏻#fakesituation⚠ #KulitSensiti,health,0.85,False,ollama_enhanced,
aliphildan,7657108489713618183,"Ternyata, dua jamu yang paling sering ditemui punya manfaat yang beda, lho. Beras kencur dikenal dap",health,0.95,False,ollama_enhanced,
aliphildan,7652620700343078162,"Partnya dr. Ayman canduu bgt 🕺🏻🤟🏻🤣 @Ayman Alatas @Ikhsanqthii, MD",health,0.85,False,ollama_enhanced,
aliphildan,7643681153379159304,"Pemanasan dulu #SaLiMan @Ayman Alatas @Ikhsanqthii, MD",health,0.85,False,ollama_enhanced,
aliphildan,7641892291929443602,"Nggak ada yang bilang jaga gula darah itu gampang, apalagi kalau harus ngerem asupan kesukaan. Tapi ",health,0.95,False,ollama_enhanced,
aliphildan,7636676256074976519,"jujur bingung, jadi baiknya doklip support siapa?",health,0.85,False,ollama_enhanced,
aliphildan,7635135230948461832,🥀 terjadi lagi @Kementerian Kesehatan RI,health,0.95,False,ollama_enhanced,
aliphildan,7631808655679180050,"#stitch with Nii lagi rame soal totok sirih, tapi kalau sampai anak dipijat keras sampai kesakitan i",health,1.0,True,manual_check,2026-09-19T08:15:58.069506
aliphildan,7631171265897794837,Day 1 magang di Kemenkes @Kementerian Kesehatan RI,health,0.95,False,ollama_enhanced,
aliphildan,7630732234315648276,"Doklip ga pernah malu buat berteman sama yang lebih muda, serius deh energi mereka bener2 bikin hidu",health,0.85,False,ollama_enhanced,
aliphildan,7628900509759409426,buruaan giihh berobat ke dokter mataaa😭 ambil ni surat rujukannya!📃,health,0.95,False,ollama_enhanced,
aliphildan,7626350535213419783,"siap brantem tiap hari☺️☝🏻 #SaLiMan @Ikhsanqthii, MD @Ayman Alatas",health,0.85,False,ollama_enhanced,
aliphildan,7625956338773937428,"Noh, badan yang berasa makin ""lebar-an"" emang paling bener bantu entenginnya pakai serat. Tapi wajib",health,0.95,False,ollama_enhanced,
aliphildan,7622118967821323538,"perkenalkan saya doklip, Furab cabang kemanggisan💜",health,0.85,False,ollama_enhanced,
aliphildan,7621107499453664530,Yang suka berdebar2 itu ga semua karena masalah di jantung yaa…. Bisa jadi minta ditamPOL 🙏🏻,health,0.85,False,ollama_enhanced,
aliphildan,7618149354502769927,Semoga tipsnya membanting 🕺🏻🪩#EmergencySkinReset #LebaranGlowing #LightplusbyWardah,health,0.75,False,ollama_enhanced,
aliphildan,7617759669074922760,"Bukannya kita anti-herbal, tapi TBC itu penyakit infeksi serius yang pengobatannya sudah jelas ada s",health,0.95,False,ollama_enhanced,
aliphildan,7616529711950236949,izin menanggapi dengan keterbatasan keilmuan saya sebagai dokter umum🙏🏻 mohon koreksi. *agak panjang,health,0.85,False,ollama_enhanced,
aliphildan,7616470174119628040,"Kebutuhan protein orang dewasa umumnya sekitar 0,8–1 gram per kg berat badan per hari.Contoh:BB 60 k",health,0.95,False,ollama_enhanced,
aliphildan,7616075416993893639,"😒 @Ikhsanqthii, MD",health,0.85,False,ollama_enhanced,
aliphildan,7613226597604183314,"rekening gak di cek?🧐 @Ikhsanqthii, MD @Luthfigo",health,0.85,False,ollama_enhanced,
aliphildan,7613010604676189447,"milih sambil melek juga nyesel ini @Ikhsanqthii, MD",health,0.95,False,ollama_enhanced,
aliphildan,7612653556952255762,"obner tiba2 jadi reporter, btw kenapa pas bagian @Ikhsanqthii, MD dramatis bgt😭🤣😭😭😭 src: @TRANS7",health,0.85,False,ollama_enhanced,
aliphildan,7611364442357452039,"Salah satu keajaiban di Masjid Nabawi pagi ini🥹✨ @Ikhsanqthii, MD",health,0.95,False,ollama_enhanced,
aliphildan,7608534826496331029,"GERD bukan berarti kamu nggak bisa puasa yaa, justru puasa bisa membantu kalau pola makannya benar✨🤗",health,0.95,False,ollama_enhanced,
aliphildan,7606680919876963592,"jadi warga jakarta juga😮‍💨 bareng musuh bebuyutan @Ikhsanqthii, MD",health,0.85,False,ollama_enhanced,
aliphildan,7605925176584326418,kali ini pasiennya mbahlip sendiri✨@SinocareOfficialShop #CGM #Sinocare #iCani6 #iCanControlmyBloodS,health,0.85,False,ollama_enhanced,
aliphildan,7605115654374542610,jadi gitu ternyata alasan orang2 yg anti-vax 😥💔,health,0.85,False,ollama_enhanced,
aliphildan,7602606907899038994,"apapun yang terjadi tetap jaga kesehatan mental, berbuat baik, dan saling jaga ya gess🥺✨🥀",health,0.85,False,ollama_enhanced,
aliphildan,7602560967880363272,"#stitch pararunten dok, ni Valip udah mau ramadhan masih harus edukasi duluu. izin menanggapi si Fac",health,1.0,True,manual_check,2026-09-19T08:16:53.185750
aliphildan,7601036688470625543,first trial loh!!! nii aplikasi punya masalah apa deh sama doklip??😒🫩,health,0.85,False,ollama_enhanced,
aliphildan,7598809086683122952,"Walaupun doklip belum “lurus”, doklip coba lurusin yaa✨•Waspada kalau GERD disertai:1. Sering tersed",health,0.95,False,ollama_enhanced,
aliphildan,7595544101936762120,ngerasa ga sii belakangan ini kek flu ga enak badan tp lebih berat gejalanya? 😷🤧,health,0.95,False,ollama_enhanced,
aliphildan,7595516244481019154,Next coba diliat ya bentuknya gimana🙏🏻 •⚠️ Kapan harus waspada dan gak boleh disepelekan?Kalau kamu ,health,0.95,False,ollama_enhanced,
aliphildan,7593306438039293202,"udah lama ga pake jas putih ini, sampe lupa doklip tuh ternyata dokter yaak😅✨",health,0.85,False,ollama_enhanced,
aliphildan,7592453279401938194,"obener, pantes doklip setelah lulus jadi dukun✨",health,0.75,False,ollama_enhanced,
aliphildan,7592205587849465095,"#stitch with Apa yg terjadi jika kita minum jus kecoak🪳⁉️•Secara medis, kecoa adalah vektor pembawa ",health,1.0,True,manual_check,2026-09-19T08:17:02.123293
aymanalts,7680172911017168136,"Gak semua yang viral itu aman yaa, apalagi untuk anak dibawah setahun. karena kulit kepala bayi itu ",health,0.95,False,ollama_enhanced,
aymanalts,7680005273213308167,#stitch with 7659390266658360597,health,1.0,True,manual_check,2026-09-19T08:17:14.223120
aymanalts,7679310100288294151,Replying to @Bunda Khayra,health,0.8,False,ollama_enhanced,
aymanalts,7678197621294386440,,health,1.0,True,manual_check,2026-09-19T08:17:44.485652
aymanalts,7677565200211528968,"Pilih cleanser yang aman buat skin barrier itu penting, jangan asal byur aja. bisa pilih yg mengandu",health,0.95,False,ollama_enhanced,
aymanalts,7674469582223969543,,health,1.0,True,manual_check,2026-09-19T08:18:59.381567
aymanalts,7673859248685600007,Di dalam mulut kita itu ternyata ada ekosistem yang kompleks dan kunci mulut sehat itu bukan membasm,health,0.95,False,ollama_enhanced,
aymanalts,7678312551859375368,"Jerawat bisa muncul lagi di tempat yg sama, karena pemicunya ga hanya bakteri. bisa karena sebum ber",health,0.95,False,ollama_enhanced,
aymanalts,7672959175151947026,,health,1.0,True,manual_check,2026-09-19T08:19:48.145608
aymanalts,7672694481040231698,,health,1.0,True,manual_check,2026-09-19T08:19:58.714442
aymanalts,7672393402666847495,#stitch with 7671933875718802708,health,1.0,True,manual_check,2026-09-19T08:20:06.167989
aymanalts,7672274701426740498,Siapa yang pakai skincare abal abal,health,0.85,False,ollama_enhanced,
aymanalts,7671870842934168839,Siapa yang uda tau Nakes ATLM?,health,0.85,False,ollama_enhanced,
aymanalts,7670004453524671762,,health,1.0,True,manual_check,2026-09-19T08:20:33.114030
aymanalts,7669692324624092423,Terima penghargaan sama panutanku dr Gia,health,0.8,False,ollama_enhanced,
aymanalts,7669640622894025992,Terima penghargaan sama panutanku dr Gia,health,0.8,False,ollama_enhanced,
aymanalts,7669400715021929746,#stitch with 7668942030248103175,health,1.0,True,manual_check,2026-09-19T08:21:14.163415
aymanalts,7668605016734846216,,health,1.0,True,manual_check,2026-09-19T08:22:16.122539
aymanalts,7668255975245090066,"Replying to @Ikhsanqthii, MD",health,0.85,False,ollama_enhanced,
aymanalts,7667496135858130194,"Di mulut itu juga ada microbiome yah guys, konsepnya sama kaya skin microbiome yang sama2 butuh pera",health,0.85,False,ollama_enhanced,
aymanalts,7667057803592338706,,health,1.0,True,manual_check,2026-09-19T08:22:56.048542
aymanalts,7666339996772896007,#stitch with 7665686886597266706,health,1.0,True,manual_check,2026-09-19T08:23:13.553099
aymanalts,7666101590620671239,,health,1.0,True,manual_check,2026-09-19T08:23:24.231009
aymanalts,7665888034323172616,#stitch with 7663904417648790802,health,1.0,True,manual_check,2026-09-19T08:23:42.671103
aymanalts,7665633114546326792,Jerawat dan PCOS?#CapCut #dokter #fypage #edutok,health,0.95,False,ollama_enhanced,
aymanalts,7665527397197843719,Namanya Limfedema,health,0.95,False,ollama_enhanced,
aymanalts,7665371018373893394,Namanya Limfedema,health,0.95,False,ollama_enhanced,
aymanalts,7664973302519155975,,health,1.0,True,manual_check,2026-09-19T08:23:55.355466
aymanalts,7664482371617525000,Shift jaga bareng Dok Ikhsan part 5,health,0.85,False,ollama_enhanced,
aymanalts,7664083684886203656,Shift jaga bareng Dok Ikhsan part 5,health,0.85,False,ollama_enhanced,
aymanalts,7663683030715796744,#stitch with 7663427295104830736,health,1.0,True,manual_check,2026-09-19T08:24:05.599050
aymanalts,7663523049987165447,#stitch with 7653472381566225671,health,1.0,True,manual_check,2026-09-19T08:24:08.427217
aymanalts,7663357237863238930,,health,1.0,True,manual_check,2026-09-19T08:24:34.671063
aymanalts,7663028730025086215,#stitch with 7662716515313192212,health,1.0,True,manual_check,2026-09-19T08:25:03.457246
aymanalts,7662696212096683272,,health,1.0,True,manual_check,2026-09-19T08:25:08.059238
aymanalts,7662283918632029448,#stitch with 7648864426992471303,health,1.0,True,manual_check,2026-09-19T08:25:26.852340
aymanalts,7662210684561739015,#stitch with 7643106489799953695,health,1.0,True,manual_check,2026-09-19T08:25:36.348550
aymanalts,7662015584468536594,#stitch with 7661446051412446484,health,1.0,True,manual_check,2026-09-19T08:25:38.807990
aymanalts,7661933011444780296,Lagi jerawatan boleh pakai skincare?,health,0.95,False,ollama_enhanced,
aymanalts,7660704511861869842,#stitch with 7659021449352498452,health,1.0,True,manual_check,2026-09-19T08:26:34.807001
aymanalts,7660439131977207048,#stitch with 7637358701975751943,health,1.0,True,manual_check,2026-09-19T08:26:58.632210
aymanalts,7659414076774157586,#stitch with 7658561259628956936,health,1.0,True,manual_check,2026-09-19T08:27:07.306977
aymanalts,7659325147341458695,#stitch with 7656730087504629012,health,1.0,True,manual_check,2026-09-19T08:27:30.366770
aymanalts,7659306385317973255,#stitch with 7658809062427004180,health,1.0,True,manual_check,2026-09-19T08:27:40.955866
aymanalts,7659271543280667912,Kakak Sehat?,health,0.85,False,ollama_enhanced,
aymanalts,7659039185730407688,#stitch with @Core_id,health,1.0,True,manual_check,2026-09-19T08:27:53.299625
aymanalts,7658510935123938578,#stitch with 7655720112665758984,health,1.0,True,manual_check,2026-09-19T08:28:07.798148
aymanalts,7658196182535048455,"Kebanyakan energi#SaLiMan@Doklip✨ | Alip Hildan @Ikhsanqthii, MD Ib: @carol",health,0.85,False,ollama_enhanced,
aymanalts,7657186426974489874,#stitch with 7639708913016769813,health,1.0,True,manual_check,2026-09-19T08:28:24.294622
aymanalts,7657121920537693458,"Uda paham kan? Cc @Ikhsanqthii, MD @Doklip✨ | Alip Hildan #SaLiManIb: @jk",health,0.85,False,ollama_enhanced,
aymanalts,7656676696564829458,#stitch with 7656197824916294942,health,1.0,True,manual_check,2026-09-19T08:28:30.984088
aymanalts,7656369233378544904,#stitch with 7656197824916294942,health,1.0,True,manual_check,2026-09-19T08:28:40.762916
aymanalts,7655676436157582610,"Sering kesemutan itu gak biasa ya guys, apalagi sampai nyeri kaya ditusuk-tusuk, itu bisa jadi masal",health,0.95,False,ollama_enhanced,
aymanalts,7655623731607260434,Rambut suka rontok pas lagi mens? Waspada itu gejala kurang darah. Salah satu cara mencegahnya itu p,health,0.95,False,ollama_enhanced,
aymanalts,7655281903804681490,Rambut suka rontok pas lagi mens? Waspada itu gejala kurang darah. Salah satu cara mencegahnya itu p,health,0.95,False,ollama_enhanced,
aymanalts,7654836900296920338,#stitch with 7637894137697651975,health,1.0,True,manual_check,2026-09-19T08:28:57.037772
aymanalts,7654515173394304264,Jadi jangan FOMO kalo ga paham,health,0.8,False,ollama_enhanced,
aymanalts,7654128374599896328,Jadi jangan FOMO kalo ga paham,health,0.8,False,ollama_enhanced,
aymanalts,7653703094303280392,,health,1.0,True,manual_check,2026-09-19T08:29:11.012119
aymanalts,7652984396252761352,#stitch with 7652642663128141063,health,1.0,True,manual_check,2026-09-19T08:29:16.950561
aymanalts,7652001991433948423,"#stitch with 7638158568062979348 yang biasa makan mentah, memang ga semua akan sakit tapi meningkatk",health,1.0,True,manual_check,2026-09-19T08:29:49.413339
aymanalts,7650669789106523410,#stitch with 7649617505584958727,health,1.0,True,manual_check,2026-09-19T08:30:08.113861
aymanalts,7650506607482260743,#stitch with 7650139925563641106,health,1.0,True,manual_check,2026-09-19T08:30:18.271830
aymanalts,7650052816265809160,#stitch with 7649763920571305233,health,1.0,True,manual_check,2026-09-19T08:30:31.885845
aymanalts,7649700024531635474,"Gak semua orang butuh vit C. tapi ada kondisi orang yg butuh bantuan vit C seperti yg lagi ga fit, d",health,0.95,False,ollama_enhanced,
aymanalts,7649244144577154312,#stitch with 7648301201506848016,health,1.0,True,manual_check,2026-09-19T08:30:39.665785
aymanalts,7648862800311307538,#stitch with 7648301201506848016,health,1.0,True,manual_check,2026-09-19T08:30:51.448358
aymanalts,7648246924323130642,#stitch with 7640375814038539528,health,1.0,True,manual_check,2026-09-19T08:31:12.008686
aymanalts,7647450157742656775,#stitch with 7646383087047265557,health,1.0,True,manual_check,2026-09-19T08:31:47.266316
aymanalts,7647084457542962450,,health,1.0,True,manual_check,2026-09-19T08:31:54.466325
aymanalts,7646251030962769170,,health,1.0,True,manual_check,2026-09-19T08:32:06.315220
aymanalts,7646092238807747847,"Glowing berkelanjutan itu harus dengan menjaga kulit dengan benar setiap hari, dengan memilih bahan ",health,0.85,False,ollama_enhanced,
aymanalts,7646029435581254919,"Glowing berkelanjutan itu harus dengan menjaga kulit dengan benar setiap hari, dengan memilih bahan ",health,0.85,False,ollama_enhanced,
aymanalts,7645924273701375239,,health,1.0,True,manual_check,2026-09-19T08:32:21.303008
aymanalts,7645704863073963272,#stitch with 7645228121108614408,health,1.0,True,manual_check,2026-09-19T08:32:39.779018
aymanalts,7644888477431123208,"Jaga Irama - 1 Juni 2026@Ikhsanqthii, MD @Doklip✨ | Alip Hildan",health,0.85,False,ollama_enhanced,
aymanalts,7644858914000882962,#stitch with 7644187302251515154 #indonesia #Jakarta,health,1.0,True,manual_check,2026-09-19T08:33:11.984990
aymanalts,7644417211871841554,Replying to @cala,health,0.7,False,ollama_enhanced,
aymanalts,7644393907442306322,#stitch with 7644108825305287956,health,1.0,True,manual_check,2026-09-19T08:33:20.914969
aymanalts,7644168599329869063,"Luka lecet di kaki itu paling sering terjadi di Tanah Suci, kalau gak ditangani dengan benar bisa be",health,0.95,False,ollama_enhanced,
aymanalts,7643778735329512712,"Hayo kalian yang minum air mineral tiap hari, sadar gak tentang hal ini?",health,0.85,False,ollama_enhanced,
aymanalts,7643276304351202578,#stitch with 7642687489102187796,health,1.0,True,manual_check,2026-09-19T08:33:37.378932
aymanalts,7642916735594548488,#stitch with,health,1.0,True,manual_check,2026-09-19T08:33:43.500158
aymanalts,7642532262982061330,#stitch with,health,1.0,True,manual_check,2026-09-19T08:33:48.295628
aymanalts,7641488684470045960,"Pentingnya kompetensi dalam memberikan edukasi. Karena tanpa dasar keilmuan, informasi yang disampai",health,0.95,False,ollama_enhanced,
aymanalts,7640498292861783314,#stitch with 7627095390826908949,health,1.0,True,manual_check,2026-09-19T08:53:03.950617
aymanalts,7640319890007674130,#stitch with 7639005600965250325,health,1.0,True,manual_check,2026-09-19T08:53:11.210850
aymanalts,7640087152151317768,"Skin barrier yang kuat itu dimulai dari pilihan sabun mandi, karena sabun “keras” yang biasanya berb",health,0.95,False,ollama_enhanced,
aymanalts,7639708964590062866,#stitch with 7625232405900578066,health,1.0,True,manual_check,2026-09-19T08:53:16.753186
aymanalts,7639402514034511122,Masih bisa jaga IGD 36 jam @Doklip✨ | Alip Hildan,health,0.95,False,ollama_enhanced,
aymanalts,7639384340719308040,Masih bisa jaga IGD 36 jam @Doklip✨ | Alip Hildan,health,0.95,False,ollama_enhanced,
aymanalts,7639226519914663186,"Muncul ruam dan bintik belum tentu campak ya bund, kita harus lihat dulu timeline gejalanya.Dengerin",health,0.95,False,ollama_enhanced,
aymanalts,7639008814183812359,#stitch with 7638825086065052949,health,1.0,True,manual_check,2026-09-19T08:53:20.605240
aymanalts,7638910467859074322,#stitch with 7638868887601270037,health,1.0,True,manual_check,2026-09-19T08:53:24.841654
aymanalts,7638796996312075528,#stitch with 7637692080927673618,health,1.0,True,manual_check,2026-09-19T08:53:32.386589
aymanalts,7638230859623025938,#stitch with 7636741366889958677,health,1.0,True,manual_check,2026-09-19T08:53:53.609677
aymanalts,7637910014916857106,#stitch with 7637690492104527112,health,1.0,True,manual_check,2026-09-19T08:57:18.775032
aymanalts,7637476281126292754,"Terkadang luka tanpa tanda itu bisa berbahaya. Kelihatannya aman aja, tapi ternyata bisa ada peradan",health,0.95,False,ollama_enhanced,
aymanalts,7637176375983492359,#stitch with 7637031676421491988,health,1.0,True,manual_check,2026-09-19T08:57:32.036362
aymanalts,7636808884988038408,#stitch with 7636455806224944391,health,1.0,True,manual_check,2026-09-19T08:57:43.146902
aymanalts,7636654571661643026,#stitch with 7636032866807205134,health,1.0,True,manual_check,2026-09-19T08:57:51.608633
aymanalts,7636226914297974034,#stitch with 7636115642587925761 sudah 3 korban jiwa di kapal pesiar ini,health,1.0,True,manual_check,2026-09-19T08:57:53.740714
aymanalts,7636046168992042248,Replying to @asa,health,0.7,False,ollama_enhanced,
aymanalts,7635937488221048071,Replying to @asa,health,0.7,False,ollama_enhanced,
aymanalts,7633664904104348946,"Orang kurus bisa kena stretch mark loh, salah satunya karena naik turunnya berat badan cepat, gym, d",health,0.85,False,ollama_enhanced,
aymanalts,7634526505212644616,"Tenggorokan itu rentan banget iritasi bahkan infeksi karena bicara berlebihan, perubahan cuaca, juga",health,0.95,False,ollama_enhanced,
aymanalts,7634090504891813128,#stitch with 7633787452171373845,health,1.0,True,manual_check,2026-09-19T08:58:20.974969
aymanalts,7633836166176902418,#stitch with 7633595610284805396,health,1.0,True,manual_check,2026-09-19T08:58:35.106160
aymanalts,7633731474012835079,,health,1.0,True,manual_check,2026-09-19T08:58:46.093207
aymanalts,7633709927168527634,Shift Jaga kali ini membahas apakah lari bikin cepat tua?,health,0.85,False,ollama_enhanced,
aymanalts,7632207401214643474,#stitch with 7630854962771201301,health,1.0,True,manual_check,2026-09-19T08:59:36.405786
aymanalts,7631829606382816530,"Jika ada yang pakai sarung tangan karena masalah kulit, takut tangan panas atau bau silahkan saja cu",health,0.95,False,ollama_enhanced,
aymanalts,7631587143198067986,,health,1.0,True,manual_check,2026-09-19T08:59:42.432858
aymanalts,7631449067263888648,,health,1.0,True,manual_check,2026-09-19T08:59:49.042461
aymanalts,7630836207483768082,#stitch with 7630491408457157909,health,1.0,True,manual_check,2026-09-19T08:59:56.334601
aymanalts,7629963787788930311,Shift Jaga kali ini bahas soal Bau Mulut,health,0.85,False,ollama_enhanced,
aymanalts,7629563531259596040,"Jangan anggap remeh luka kecil yaa, karena kalau ga dibersihin dengan benar, bahayanya infeksi dan s",health,0.95,False,ollama_enhanced,
aymanalts,7628895102424943880,,health,1.0,True,manual_check,2026-09-19T09:00:12.057853
aymanalts,7628074800304377095,#stitch with 7627872291090713863,health,1.0,True,manual_check,2026-09-19T09:00:28.263111
aymanalts,7627892476552039698,#stitch with 7609898421746421000,health,1.0,True,manual_check,2026-09-19T09:00:37.160688
aymanalts,7627473694004120839,#stitch with 7626981291656809749,health,1.0,True,manual_check,2026-09-19T09:01:03.980555
aymanalts,7626324214278147336,Siapa yang dietnya selalu gagal konsisten karena perutnya kerasa gak nyaman dan gampang lapar? salah,health,0.95,False,ollama_enhanced,
aymanalts,7626028287562812679,#stitch with 7625232405900578066,health,1.0,True,manual_check,2026-09-19T09:01:24.670571
aymanalts,7625494554027789576,#stitch with 7624032668124073236,health,1.0,True,manual_check,2026-09-19T09:01:41.512469
aymanalts,7624000736673762567,Replying to @Sutisna AL Quddus,health,0.85,False,ollama_enhanced,
dionharyadi,7679326005353401620,Kolagen buat kulit doang ❌Kolagen buat SETRONG ✅,health,0.85,False,ollama_enhanced,
dionharyadi,7677546454235368725,Kenapa sih jadi gampang emosi pas cuaca panas? #AQUAdemIndonesia @SehatAQUA,health,0.95,False,ollama_enhanced,
dionharyadi,7677118400631442708,Kalo kamu masih minum susu berperisa gak?Btw senang banget bisa ngisi materi di National Dietitian W,health,0.85,False,ollama_enhanced,
dionharyadi,7676431547020381461,Kerugian >>> keuntunganTHAT SIMPLE,health,0.85,False,ollama_enhanced,
dionharyadi,7667841841710042389,Tertarik gak untuk nyobain trik urutan makan ini?Atau kamu tim campur-campur aja?#iCanTakeControl #i,health,0.85,False,ollama_enhanced,
dionharyadi,7664959975248170260,Kudos to @movement.sg_ 💪💪💪Siapa yang tertarik untuk latihan jatuh seperti ini? Di Indonesia udah ada,health,0.85,False,ollama_enhanced,
dionharyadi,7663399059368971541,Apa bentuk self-love-mu?Karena self-love juga berarti memikirkan kesehatan jangka panjang dengan pen,health,0.95,False,ollama_enhanced,
dionharyadi,7657142654844538133,Ada satu fakta unik lagi soal Ester-C ini:Jadi Vitamin C itu berperan sebagai antioksidan yang disim,health,0.95,False,ollama_enhanced,
dionharyadi,7654887151787740436,Udah ada berapa tanda yang kamu rasakan?#KembaliFizz #EnervonFizz@Darya Varia,health,0.85,False,ollama_enhanced,
dionharyadi,7646389384098385173,No no ya kalo rokok nanti bisa ek ☝️Saya izin react ya Dok @anfaldidok,health,0.95,False,ollama_enhanced,
dionharyadi,7645998173206482196,No no ya kalo rokok nanti bisa ek ☝️Saya izin react ya Dok @anfaldidok,health,0.95,False,ollama_enhanced,
dionharyadi,7645234647064087828,Keracunan madu?,health,0.85,False,ollama_enhanced,
dionharyadi,7644100850608065813,Beli karena FOMO ❌Beli karena ngerti ingredients ✅,health,0.85,False,ollama_enhanced,
dionharyadi,7643763615585013013,Siapa nih yang siklus sakitnya begini?Anak 1 ➡️ Anak 2 ➡️ Mama ➡️ PapaMinggu depannya ngulang lagi 🥲,health,0.95,False,ollama_enhanced,
dionharyadi,7641570812461534484,Siapa nih yang siklus sakitnya begini?Anak 1 ➡️ Anak 2 ➡️ Mama ➡️ PapaMinggu depannya ngulang lagi 🥲,health,0.95,False,ollama_enhanced,
dionharyadi,7638901895456673045,"Mulai besok ❌Mulai sekarang ✅Jangan ditunda-tunda lagi 🫵Buat yang penasaran, HUAWEI WATCH FIT 5 Pro ",health,0.95,False,ollama_enhanced,
dionharyadi,7638093636474899732,Saya izin react ya @putrii.qilah @homfamilygym AYO LATIHAN BEBAN SEKARANG 🫵💪,health,0.85,False,ollama_enhanced,
dionharyadi,7634048344284826901,Kenapa kalo sakit badannya kayak ancur digilas truk begini? Nah ini sebabnya!,health,0.95,False,ollama_enhanced,
dionharyadi,7631127600454208789,Saya dari kemaren mikir gol apaan @oliviapassya Ternyata… 🥲Ini ya gengs tebak2an berhadiahnya. Kalau,health,0.95,False,ollama_enhanced,
dionharyadi,7628961995026369812,"Saya izin remix ya @fitwithcipa Kok bisa diabetes bikin koma? Nah ini saya coba jelasin, semoga cuku",health,0.95,False,ollama_enhanced,
dionharyadi,7627086087822789908,"Kebayang gak, mau minum air putih, mau makan buah aja gak bisa.Belum waktu dan tenaga yang harus dih",health,0.95,False,ollama_enhanced,
dionharyadi,7626660818859560213,"Siapa yang mau atau udah nyobain olive oil lemon shot ini?Kalau dari saya, sepertinya Mbak @bellahad",health,0.85,False,ollama_enhanced,
dionharyadi,7625290557346123028,"Siapa yang mau atau udah nyobain olive oil lemon shot ini?Kalau dari saya, sepertinya Mbak @bellahad",health,0.85,False,ollama_enhanced,
dionharyadi,7624814567767444757,Diabetes bukan penyakit yang terjadi tiba-tiba tapi adalah akumulasi jangka panjang.Solusinya yah de,health,0.95,False,ollama_enhanced,
dionharyadi,7621918253178277140,Gak salah kan untuk hemat gas. Bener kan?,health,0.85,False,ollama_enhanced,
dionharyadi,7621442850647018772,"Hati-hati ya musim tak menentu begini!Sedia payung sebelum hujan, siapin tubuhmu dari sekarang 💪",health,0.95,False,ollama_enhanced,
dionharyadi,7616732719543864597,MBG apa gainer nih?,health,0.85,False,ollama_enhanced,
dionharyadi,7616618742264433940,Tahukah kamu bahwa gak cuma tenggorokanmu yang bisa haus?Kulitmu juga bisa! Apalagi selama bulan pua,health,0.95,False,ollama_enhanced,
dionharyadi,7615055192597253396,Masih perlu gak nih?,health,0.85,False,ollama_enhanced,
dionharyadi,7612624093044542741,Selama puasa kamu olahraga gak? #LevelUpEnergy #EnervonActive #LevelUpAfterBukaPuasa,health,0.85,False,ollama_enhanced,
dionharyadi,7612584656642346261,Heboh semua gegara ikan besi lucky iron fish ini ya ☺️Jadi apakah ikan besi ini berguna buat kamu ya,health,0.85,False,ollama_enhanced,
dionharyadi,7610765254527569173,"Saya ngerti ada dorongan dan mungkin tekanan juga untuk bekerja lebih keras, tapi..Jangan sampai men",health,0.95,False,ollama_enhanced,
dionharyadi,7610308747541417236,Stroke bisa terjadi di siapa saja termasuk di usia muda! Hati-hati!,health,0.95,False,ollama_enhanced,
dionharyadi,7608861899685465365,"Mulai olahraga gak harus heboh, mulai dari jalan kaki aja juga bisa banget.Jangan lupa invest ke sma",health,0.85,False,ollama_enhanced,
dionharyadi,7606146181067984148,Cerita lengkapnya di @medicstory.id @medicmedia.id Jujur khawatir kalo pas koass saja sudah jadi ter,health,0.85,False,ollama_enhanced,
dionharyadi,7605233272381115668,Kenapa konsumsi Madu? That simple 🙏@MaduTJ_Pilihanku,health,0.85,False,ollama_enhanced,
dionharyadi,7603281355295853845,Kenapa konsumsi Madu? That simple 🙏@MaduTJ_Pilihanku,health,0.85,False,ollama_enhanced,
dionharyadi,7676038423349792021,Siapa yang suka ngalamin keringetan berlebihan begini juga? Coba simak penjelasannya soal hiperhidro,health,0.95,False,ollama_enhanced,
dionharyadi,7599175230405299476,"Saya izin stitch ya @adisyah_reza Sakit lambung itu tidak menyebabkan kematian. Iya, saya yakin past",health,0.95,False,ollama_enhanced,
dionharyadi,7598761240801971477,N2O atau nitrous oxide pada dasarnya digunakan di dunia medis juga sebenarnya di bidang anestesi tap,health,0.95,False,ollama_enhanced,
dionharyadi,7635970121697168660,Padahal kembar tapi kok bisa berbeda wajahnya? Kok bisa yang satu terlihat lebih tua?Nah alasannya k,health,0.85,False,ollama_enhanced,
dionharyadi,7612988783004355861,👆Treadmill rekomendasi 👆Kalo kamu olahraganya di jam berapa selama bulan puasa? Intinya waktu olahra,health,0.95,False,ollama_enhanced,
dionharyadi,7595478729397177621,Mohon maaf kalo ada yang kaget 🙏 Saya izin stitch ya @nujucoffee Ada apa dengan protein?Karena kalau,health,0.95,False,ollama_enhanced,
dokter.harmonospanak,7607991320770055444,Praktek spesialis anak Hub admin :kak Fatimah 0812 . 3024 . 6181kak Wulan 0858 . 1565 . 2806Google M,health,0.85,False,ollama_enhanced,
dokter.harmonospanak,7680103525883350293,Praktek spesialis anak Hub admin :kak Fatimah 0812 . 3024 . 6181kak Wulan 0858 . 1565 . 2806Google M,health,0.85,False,ollama_enhanced,
dokter.harmonospanak,7679627992645078292,PASAR KERAMAT TRADISIONALDs. Keramat JetakKec. PacetKab. Mojokerto #konsultasigratiswalinkbio,health,0.85,False,ollama_enhanced,
dokter.harmonospanak,7679464415258742036,Praktek spesialis anak Hub admin :kak Fatimah 0812 . 3024 . 6181kak Wulan 0858 . 1565 . 2806Google M,health,0.85,False,ollama_enhanced,
dokter.harmonospanak,7678903758520061205,Praktek spesialis anak Hub admin :kak Fatimah 0812 . 3024 . 6181kak Wulan 0858 . 1565 . 2806Google M,health,0.85,False,ollama_enhanced,
dokter.harmonospanak,7678320887862545685,Tanya2 hub. 0822.5769.6547Google Map praktek dr.Harmono PD Sp.A #konsultasigratiswalinkbio,health,0.85,False,ollama_enhanced,
dokter.harmonospanak,7676766537453194516,potong lanangpotong wedok#dokteranakmojosari,health,0.85,False,ollama_enhanced,
dokter.harmonospanak,7676474107436829972,Praktek spesialis anak Hub admin :kak Fatimah 0812 . 3024 . 6181kak Wulan 0858 . 1565 . 2806Google M,health,0.95,False,ollama_enhanced,
dokter.harmonospanak,7675903534499466516,Praktek spesialis anak Hub admin :kak Fatimah 0812 . 3024 . 6181kak Wulan 0858 . 1565 . 2806Google M,health,0.95,False,ollama_enhanced,
dokter.harmonospanak,7675254406459165972,Praktek spesialis anak Hub admin :kak Fatimah 0812 . 3024 . 6181kak Wulan 0858 . 1565 . 2806Google M,health,0.95,False,ollama_enhanced,
dokter.harmonospanak,7674605119085989141,Praktek spesialis anak Hub admin :kak Fatimah 0812 . 3024 . 6181kak Wulan 0858 . 1565 . 2806Google M,health,0.85,False,ollama_enhanced,
dokter.harmonospanak,7671504053263682836,Praktek spesialis anak Hub admin :kak Fatimah 0812 . 3024 . 6181kak Wulan 0858 . 1565 . 2806Google M,health,0.85,False,ollama_enhanced,
dokter.harmonospanak,7671093435117374740,Praktek spesialis anak Hub admin :kak Fatimah 0812 . 3024 . 6181kak Wulan 0858 . 1565 . 2806Google M,health,0.85,False,ollama_enhanced,
dokter.harmonospanak,7670707684928179476,Praktek spesialis anak Hub admin :kak Fatimah 0812 . 3024 . 6181kak Wulan 0858 . 1565 . 2806Google M,health,0.85,False,ollama_enhanced,
dokter.harmonospanak,7670278456629939476,Praktek spesialis anak Hub admin :kak Fatimah 0812 . 3024 . 6181kak Wulan 0858 . 1565 . 2806Google M,health,0.85,False,ollama_enhanced,
dokter.harmonospanak,7669267937827507477,Praktek spesialis anak Hub admin :kak Fatimah 0812 . 3024 . 6181kak Wulan 0858 . 1565 . 2806Google M,health,0.85,False,ollama_enhanced,
dokter.harmonospanak,7668824647777013012,Praktek spesialis anak Hub admin :kak Fatimah 0812 . 3024 . 6181kak Wulan 0858 . 1565 . 2806Google M,health,0.85,False,ollama_enhanced,
dokter.harmonospanak,7668087233315966228,Praktek spesialis anak Hub admin :kak Fatimah 0812 . 3024 . 6181kak Wulan 0858 . 1565 . 2806Google M,health,0.95,False,ollama_enhanced,
dokter.harmonospanak,7667638899442732308,dr.Harmono PD Sp.A spesialis anak #konsultasigratiswalinkbio #dokteranakmojosari,health,0.85,False,ollama_enhanced,
dokter.harmonospanak,7667011625374780692,Praktek spesialis anak Hub admin :kak Fatimah 0812 . 3024 . 6181kak Wulan 0858 . 1565 . 2806Google M,health,0.85,False,ollama_enhanced,
dokter.harmonospanak,7666258365621865748,Praktek spesialis anak Hub admin :kak Fatimah 0812 . 3024 . 6181kak Wulan 0858 . 1565 . 2806Google M,health,0.95,False,ollama_enhanced,
dokter.harmonospanak,7665552611969420565,Jl.Airlangga 33 Apotek Diandra Mojosari Mojokerto #konsultasigratiswalinkbio,health,0.85,False,ollama_enhanced,
dokter.harmonospanak,7665484882616995092,Praktek spesialis anak Hub admin :kak Fatimah 0812 . 3024 . 6181kak Wulan 0858 . 1565 . 2806Google M,health,0.95,False,ollama_enhanced,
dokter.harmonospanak,7665192928670649621,Praktek spesialis anak Hub admin :kak Fatimah 0812 . 3024 . 6181kak Wulan 0858 . 1565 . 2806Google M,health,0.95,False,ollama_enhanced,
dokter.harmonospanak,7664785280418762004,Praktek spesialis anak Hub admin :kak Fatimah 0812 . 3024 . 6181kak Wulan 0858 . 1565 . 2806Google M,health,0.85,False,ollama_enhanced,
dokter.harmonospanak,7664480476211449109,Praktek spesialis anak Hub admin :kak Fatimah 0812 . 3024 . 6181kak Wulan 0858 . 1565 . 2806Google M,health,0.95,False,ollama_enhanced,
dokter.harmonospanak,7664247235181333780,Praktek spesialis anak Hub admin :kak Fatimah 0812 . 3024 . 6181kak Wulan 0858 . 1565 . 2806Google M,health,0.85,False,ollama_enhanced,
dokter.harmonospanak,7664015710204513557,Praktek spesialis anak Hub admin :kak Fatimah 0812 . 3024 . 6181kak Wulan 0858 . 1565 . 2806Google M,health,0.95,False,ollama_enhanced,
dokter.harmonospanak,7663711382503755028,Praktek spesialis anak Hub admin :kak Fatimah 0812 . 3024 . 6181kak Wulan 0858 . 1565 . 2806Google M,health,0.95,False,ollama_enhanced,
dokter.harmonospanak,7663299495928663317,Praktek spesialis anak Hub admin :kak Fatimah 0812 . 3024 . 6181kak Wulan 0858 . 1565 . 2806Google M,health,0.95,False,ollama_enhanced,
dokter.harmonospanak,7662934135693987092,Praktek spesialis anak Hub admin :kak Fatimah 0812 . 3024 . 6181kak Wulan 0858 . 1565 . 2806Google M,health,0.85,False,ollama_enhanced,
dokter.harmonospanak,7662558528099437845,Praktek spesialis anak Hub admin :kak Fatimah 0812 . 3024 . 6181kak Wulan 0858 . 1565 . 2806Google M,health,0.85,False,ollama_enhanced,
dokter.harmonospanak,7661740319406361877,Praktek spesialis anak Hub admin :kak Fatimah 0812 . 3024 . 6181kak Wulan 0858 . 1565 . 2806Google M,health,0.85,False,ollama_enhanced,
dokter.harmonospanak,7661472417574915349,Praktek spesialis anak Hub admin :kak Fatimah 0812 . 3024 . 6181kak Wulan 0858 . 1565 . 2806Google M,health,0.85,False,ollama_enhanced,
dokter.harmonospanak,7661061001495858453,Praktek spesialis anak Hub admin :kak Fatimah 0812 . 3024 . 6181kak Wulan 0858 . 1565 . 2806Google M,health,0.85,False,ollama_enhanced,
dokter.harmonospanak,7659945811215650069,Praktek spesialis anak Hub admin :kak Fatimah 0812 . 3024 . 6181kak Wulan 0858 . 1565 . 2806Google M,health,0.85,False,ollama_enhanced,
dokter.harmonospanak,7659690190142786836,Praktek spesialis anak Hub admin :kak Fatimah 0812 . 3024 . 6181kak Wulan 0858 . 1565 . 2806Google M,health,0.95,False,ollama_enhanced,
dokter.harmonospanak,7659593556775980308,Praktek spesialis anak Hub admin :kak Fatimah 0812 . 3024 . 6181kak Wulan 0858 . 1565 . 2806Google M,health,0.85,False,ollama_enhanced,
dokter.harmonospanak,7659176789498957076,Praktek spesialis anak Hub admin :kak Fatimah 0812 . 3024 . 6181kak Wulan 0858 . 1565 . 2806Google M,health,0.95,False,ollama_enhanced,
dokter.harmonospanak,7658108173466832148,Praktek spesialis anak Hub admin :kak Fatimah 0812 . 3024 . 6181kak Wulan 0858 . 1565 . 2806Google M,health,0.85,False,ollama_enhanced,
dokter.harmonospanak,7657810259918064917,Praktek spesialis anak Hub admin :kak Fatimah 0812 . 3024 . 6181kak Wulan 0858 . 1565 . 2806Google M,health,0.95,False,ollama_enhanced,
dokter.harmonospanak,7657455366573231380,Praktek spesialis anak Hub admin :kak Fatimah 0812 . 3024 . 6181kak Wulan 0858 . 1565 . 2806Google M,health,0.85,False,ollama_enhanced,
dokter.harmonospanak,7657146988563025172,Praktek spesialis anak Hub admin :kak Fatimah 0812 . 3024 . 6181kak Wulan 0858 . 1565 . 2806Google M,health,0.85,False,ollama_enhanced,
dokter.harmonospanak,7656210697923104020,Praktek spesialis anak Hub admin :kak Fatimah 0812 . 3024 . 6181kak Wulan 0858 . 1565 . 2806Google M,health,0.95,False,ollama_enhanced,
dokter.harmonospanak,7655688674155302165,Praktek spesialis anak Hub admin :kak Fatimah 0812 . 3024 . 6181kak Wulan 0858 . 1565 . 2806Google M,health,0.85,False,ollama_enhanced,
dokter.harmonospanak,7655203809366527252,Praktek spesialis anak Hub admin :kak Fatimah 0812 . 3024 . 6181kak Wulan 0858 . 1565 . 2806Google M,health,0.85,False,ollama_enhanced,
dokter.harmonospanak,7655141453097618709,Praktek spesialis anak Hub admin :kak Fatimah 0812 . 3024 . 6181kak Wulan 0858 . 1565 . 2806Google M,health,0.85,False,ollama_enhanced,
dokter.harmonospanak,7654923198902914324,Praktek spesialis anak Hub admin :kak Fatimah 0812 . 3024 . 6181kak Wulan 0858 . 1565 . 2806Google M,health,0.85,False,ollama_enhanced,
dokter.harmonospanak,7654240541907062036,Praktek spesialis anak Hub admin :kak Fatimah 0812 . 3024 . 6181kak Wulan 0858 . 1565 . 2806Google M,health,0.85,False,ollama_enhanced,
dokter.harmonospanak,7653976601234885908,Praktek spesialis anak Hub admin :kak Fatimah 0812 . 3024 . 6181kak Wulan 0858 . 1565 . 2806Google M,health,0.85,False,ollama_enhanced,
dokter.harmonospanak,7653218145385155860,Praktek spesialis anak Hub admin :kak Fatimah 0812 . 3024 . 6181kak Wulan 0858 . 1565 . 2806Google M,health,0.85,False,ollama_enhanced,
dokter.harmonospanak,7652902832361966869,Praktek spesialis anak Hub admin :kak Fatimah 0812 . 3024 . 6181kak Wulan 0858 . 1565 . 2806Google M,health,0.85,False,ollama_enhanced,
dokter.harmonospanak,7652461901120621844,Praktek spesialis anak Hub admin :kak Fatimah 0812 . 3024 . 6181kak Wulan 0858 . 1565 . 2806Google M,health,0.95,False,ollama_enhanced,
dokter.harmonospanak,7651802262829878548,Praktek spesialis anak Hub admin :kak Fatimah 0812 . 3024 . 6181kak Wulan 0858 . 1565 . 2806Google M,health,0.85,False,ollama_enhanced,
dokter.harmonospanak,7651413280392498453,Praktek spesialis anak Hub admin :kak Fatimah 0812 . 3024 . 6181kak Wulan 0858 . 1565 . 2806Google M,health,0.85,False,ollama_enhanced,
dokter.harmonospanak,7650679958834122005,Praktek spesialis anak Hub admin :kak Fatimah 0812 . 3024 . 6181kak Wulan 0858 . 1565 . 2806Google M,health,0.95,False,ollama_enhanced,
dokter.harmonospanak,7649168425943616788,Praktek spesialis anak Hub admin :kak Fatimah 0812 . 3024 . 6181kak Wulan 0858 . 1565 . 2806Google M,health,0.85,False,ollama_enhanced,
dokter.harmonospanak,7646588806870682900,KONSULTASI GRATIS :Gabung grup 2 WA...link di profil bioPraktek spesialis anak Hub admin :kak Fatima,health,0.85,False,ollama_enhanced,
dokter.harmonospanak,7639591929767906581,Praktek spesialis anak Hub admin :kak Fatimah 0812 . 3024 . 6181kak Wulan 0858 . 1565 . 2806Google M,health,0.85,False,ollama_enhanced,
dokter.harmonospanak,7638798106611453204,konsultasigratis gabung grup WA...link di profil bioPraktek spesialis anak Hub admin :kak Fatimah 08,health,0.85,False,ollama_enhanced,
dokter.harmonospanak,7636774259171364116,oralit pengganti cairan yg hilang mencegah dehidrasi. Walau ada muntah tetap diberikan karena yg dim,health,0.95,False,ollama_enhanced,
dokter.harmonospanak,7634684526794689812,"Lingkungan sehat , kamar tidur sehat tidak lembab. :1.ventilasi udara cukup2.ventilasi sinar cukup3.",health,0.85,False,ollama_enhanced,
dokter.harmonospanak,7633686095342947604,konsultasi dokter anak gratis gabung grup WA...link di profil bio saya. Daftar bu Fatimah 0812 . 302,health,0.85,False,ollama_enhanced,
dokter.harmonospanak,7633226102890138900,"sayur soto daging , rawon , gule kambing , sop iga , kikil , jauh lebih bergizi dibanding sayuran(da",health,0.95,False,ollama_enhanced,
dokter.harmonospanak,7632822878337076501,"Ingat minum sufor itu , airnya lewat pipis. Ampasnya lewat anus (silit)",health,0.95,False,ollama_enhanced,
dokter.harmonospanak,7632482231302343957,Mitos yg menyesatkanklo memang konsekuen dg mitos ya habis melahirkan jangan pulang dulu tetap opnam,health,0.95,False,ollama_enhanced,
dokter.harmonospanak,7632120693559168276,"Alhamdulillah ternyata baik sabar care perhatian , cocok anak saya ga rewel , cocok terimakasih Prak",health,0.85,False,ollama_enhanced,
dokter.harmonospanak,7631792864187485460,ada protein lemak karbohidrat dan serat. SEHAT,health,0.85,False,ollama_enhanced,
dokter.harmonospanak,7631732663853829397,Sehat itu nilai paling ber harga,health,0.85,False,ollama_enhanced,
dokter.harmonospanak,7630271745261374741,"tanya2 masalah kesehatan anak gabung di grup wa...link di profil bio saya. Hari SENIN , RABU dan JUM",health,0.95,False,ollama_enhanced,
dokter.harmonospanak,7628788530470276373,Bahasa bayi yg minta netek ASI bolak balik karena ASI enak dan mudah dicerna. Sehingga sebentar sdh ,health,0.95,False,ollama_enhanced,
dokter.harmonospanak,7627988106528034069,konsultasi dokter spesialis anak gratis gabung grup WA...link di profil bio saya. Beda klo periksa d,health,0.85,False,ollama_enhanced,
dokter.harmonospanak,7626180757546929428,"konsultasi peyakit anak gratisgabung grup WA...link di profil bio saya. Hari SENIN , RABU , JUM'AT j",health,0.95,False,ollama_enhanced,
dokter.harmonospanak,7624786187751918868,dr.Harmono PD Sp.A buka konsultasi gratis di grup WA...link di profil bio saya,health,0.85,False,ollama_enhanced,
dokter.harmonospanak,7622457522418421012,Salah satu latihan otot tungkaiAnda tua tapi lincah,health,0.85,False,ollama_enhanced,
dokter.harmonospanak,7622170002996743445,"Refreshing itu perlu, healing pikiran",health,0.8,False,ollama_enhanced,
dokter.harmonospanak,7621715871764843797,"Refreshing itu perlu, healing pikiran",health,0.85,False,ollama_enhanced,
dokter.harmonospanak,7621707633577315605,Sehat saja tidak cukup perlu ditingkatkan jadi BUGAR,health,0.95,False,ollama_enhanced,
dokter.harmonospanak,7621406072716152085,Sehat saja tidak cukup perlu ditingkatkan jadi BUGAR,health,0.95,False,ollama_enhanced,
dokter.harmonospanak,7620603520059804948,,health,1.0,True,manual_check,2026-09-19T09:02:29.573669
dokter.harmonospanak,7620257071090535700,,health,1.0,True,manual_check,2026-09-19T09:02:36.391439
dokter.harmonospanak,7617989801584626965,,health,1.0,True,manual_check,2026-09-19T09:03:37.231575
dokter.harmonospanak,7616846350772145428,,health,1.0,True,manual_check,2026-09-19T09:03:50.196551
dokter.harmonospanak,7616475595681041685,,health,1.0,True,manual_check,2026-09-19T09:03:54.629608
dokter.harmonospanak,7615877205121371412,,health,1.0,True,manual_check,2026-09-19T09:04:01.120101
dokter.harmonospanak,7615474727817186580,,health,1.0,True,manual_check,2026-09-19T09:04:03.287527
dokter.harmonospanak,7613392930920729877,,health,1.0,True,manual_check,2026-09-19T09:04:33.651859
dokter.harmonospanak,7613054922141027605,,health,1.0,True,manual_check,2026-09-19T09:04:37.118492
dokter.harmonospanak,7612171427503983893,,health,1.0,True,manual_check,2026-09-19T09:04:39.587596
dokter.harmonospanak,7611931917398658324,,health,1.0,True,manual_check,2026-09-19T09:04:43.118834
dokter.harmonospanak,7611102252576591125,,health,1.0,True,manual_check,2026-09-19T09:04:45.892914
dokter.harmonospanak,7608837204692995348,,health,1.0,True,manual_check,2026-09-19T09:05:03.018525
dokter.harmonospanak,7607591917920013589,https://chat.whatsapp.com/GsYdOE9keOq6YgxpwKD1yc?mode=gi_t,health,0.85,False,ollama_enhanced,
dokter.reni.anak,7649629921752534293,Koreng madu adalah nama awam untuk Impetigo.Penyakit ini bisa menyebar dgn cepat dalam hitungan hari,health,0.95,False,ollama_enhanced,
dokter.reni.anak,7639010278415289621,"Parents ‘wajib tahu’ ❗️Tdk perlu panik, ajari anak pake masker, rajin cuci tangan, hindari playgroun",health,0.95,False,ollama_enhanced,
dokter.reni.anak,7638877397110017300,"Big thanks to Terapi Air @javasporties 📍Batununggal Indah Club, yg uda ajarin Ibu aku latihan dan ge",health,0.95,False,ollama_enhanced,
dokter.reni.anak,7633822355025857812,Flu Singapur vs Cacar Air itu BEDA YA. Jangan sampe salah tim terus dikasih salep aneh-aneh 🫠❗️Flu S,health,0.95,False,ollama_enhanced,
dokter.reni.anak,7631458234645302548,"Moms Dads, HFMD lagi banyak banget ya❗️Simak vidio ini, sharing dari saya yg belakangan ini sering b",health,0.95,False,ollama_enhanced,
dokter.reni.anak,7625527509458685204,Anak balita kena luka lepuh seperti ini? Waspada cacar ular ya. Segera bawa ke dokter sejak pertama ,health,0.95,False,ollama_enhanced,
dokter.reni.anak,7624051047291489556,Hari ini baru kedatangan pasien balita dgn keluhan seperti ini.Ada yg tahu sakit apa ini??Namanya IM,health,0.95,False,ollama_enhanced,
dokter.reni.anak,7611849723191840020,Tips buat busui agar tetap bisa ikut puasa di bulan Ramadhan✨Ibu menyusui boleh berpuasa selama ibun,health,0.95,False,ollama_enhanced,
dokter.reni.anak,7608734538927213844,Anak puasa lemes? Loyo? Sakit kepala? Rewel bilang lapar trs seharian? Cobain tips ini deh ✨ biar an,health,0.85,False,ollama_enhanced,
dokter.reni.anak,7606254423446129941,Waspada❗️Saat ini kasus Campak sedang naik✨#campak #measles,health,0.95,False,ollama_enhanced,
dokter.reni.anak,7605577338016812308,Ramadan sebentar lagi tiba. Banyak Bunda2 yg nanya ini..Yuk disimak.Mana suaranya busui? Siap berpua,health,0.85,False,ollama_enhanced,
dokter.reni.anak,7600367067170114837,Ramadan sebentar lagi tiba❗️Yuk kenalkan anak puasa. Mulai usia berapa Dok? Simak vidio nya ya✨#anak,health,0.85,False,ollama_enhanced,
dokter.reni.anak,7590647297495584020,Uda 2026 aja.Yuk jgn lupa booster vaksin influenza.Lagi rame nih superflu banyak nyerang anak2 di In,health,0.95,False,ollama_enhanced,
dokter_ika,7643091015028526354,"#VoiceEffects Selain no ijin edar BPOM, perhatikan cara menjual… janji dan klaim berlebihan tanpa me",health,1.0,True,manual_check,2026-09-19T09:05:22.204105
dokter_ika,7645901412328656146,Replying to @jojo Horor 🥶🥵 #edukasidrika #belajarbersamadrika #stopkrimberbahaya,health,0.95,False,ollama_enhanced,
dokter_ika,7680072814870727954,#stitch with 7679654246026857746 Jangan termakan dengan iklan-iklan berlebihan yang tidak bertanggun,health,1.0,True,manual_check,2026-09-19T09:05:26.334654
dokter_ika,7680055053041831175,Replying to @Ntaa💫 Harus dapatkan formula sunscreen yang tepat dan nyaman di kulit kamu #Edukasidrik,health,0.95,False,ollama_enhanced,
dokter_ika,7679654246026857746,Putih VS Cerah??? #Edukasidrika #belajarbersamadrika,health,0.85,False,ollama_enhanced,
dokter_ika,7679266879487118599,Hati-hati Penjual HB nakals masih marak dengan iming-iming kulit putih “norak” 😰 #belajarbersamadrik,health,0.95,False,ollama_enhanced,
dokter_ika,7679064896700566792,Ingat buat evaluasi sambil pelajari dan pahami kulit kamu 👍🏻 #belajarbersamadrika #Edukasidrika #jag,health,0.95,False,ollama_enhanced,
dokter_ika,7678641311842389256,"Kelola Stress membantu penyembuhan lebih cepat, Sebum lebih terkontrol sehingga meminimalkan penyumb",health,0.95,False,ollama_enhanced,
dokter_ika,7678221523655658770,"Hati-hati kena jebakan penjual nakals, lebih kritis #belajarbersamadrika #Edukasidrika #jagakulitmu ",health,0.95,False,ollama_enhanced,
dokter_ika,7677964718392364296,"Perjalanan yang membutuhkan kesabaran, kepercayaan, dan konsistensi. Tiga tahun bukan perjalanan yan",health,0.95,False,ollama_enhanced,
dokter_ika,7677440076632165639,"HB kemasan seperti ini dengan berbagai merk, tulisan, stiker dengan hasil bombastis memutihkan kulit",health,0.95,False,ollama_enhanced,
dokter_ika,7677227013488315656,Kenapa?? yang tag saya para korbannya 🥹 #belajarbersamadrika #StopHBberbahaya,health,0.95,False,ollama_enhanced,
dokter_ika,7677021265625926930,Replying to @🌴HerSi🌴 #glowing #belajarbersamadrika #Edukasidrika #jagakulitmu,health,0.85,False,ollama_enhanced,
dokter_ika,7676750600226262280,Tersedia di @Dricha @DrichaJkt @drichamalang @DRICHA SEMARANG @DRICHABANDUNG @Dricha Bali Offline st,health,0.85,False,ollama_enhanced,
dokter_ika,7675639632855338248,"Pilih sabun bukan karena tinggi bahan pencerahnya, tapi yang gentle surfactantnya dan mampu membersi",health,0.85,False,ollama_enhanced,
dokteramiraobgyn,7680148965018340615,resep untuk kalian yang sedanh menjalani ppds harus sabar yaahhh #ppds#junior#sabar#resepampuh#fyp,health,0.95,False,ollama_enhanced,
dokteramiraobgyn,7679469951845027079,mbakkk tolong obesitas itu ganggu haid bikin sulit hamil dan kanker endometrium #mbakmbak#obesitas#t,health,0.95,False,ollama_enhanced,
dokteramiraobgyn,7677915748261514514,mbak masalahnya banyak bangettttt padahal baru awal kehamilan#hamilobesitas#preeklampsia#fyppppp,health,0.95,False,ollama_enhanced,
dokteramiraobgyn,7677630162074176786,untuk adik2 yang belum siap dengan ikatan pernikahan,health,0.85,False,ollama_enhanced,
dokteramiraobgyn,7677107490299088146,perjalanan melewati laut lepas mengunjungi ibu hamil,health,0.85,False,ollama_enhanced,
dokteramiraobgyn,7677075823467302151,Simak penjelasan penting dari My Prof @dr.brahmana.spog tentang Vaksin HPV untuk anak anak,health,0.95,False,ollama_enhanced,
dokteramiraobgyn,7676811812284697863,belajar menjadi pendengar yang baik dari pasien pasien .,health,0.85,False,ollama_enhanced,
dokteramiraobgyn,7676476550233033991,mbak inget inget ya bekas secar 2x banyak resiko jika maksa lahir normal #bekassecar#pengenlahirnorm,health,0.95,False,ollama_enhanced,
dokteramiraobgyn,7675327269887397127,terlambattt ohhhh terlambat #kankercervix#janganterlambat#fyppppp,health,0.95,False,ollama_enhanced,
dokteramiraobgyn,7672398728447216904,nyeri perut di awal kehamilan hati hati ya #kehamilanektopik#usgawal#fyppp,health,0.95,False,ollama_enhanced,
dokteramiraobgyn,7671689554277059847,mbak sadarrrr dong ayo periksa,health,0.95,False,ollama_enhanced,
dokteramiraobgyn,7670541733918166279,umur masi 30 tahunan tp berat badan 100 kg bahaya utk masa depan reproduksi anda #stopgemuk#turunkan,health,0.95,False,ollama_enhanced,
dokteramiraobgyn,7669822013376138503,mulai dari sekarang mbak harus banget diet !!! #kankerendometrium#kankerovarium#obesitas#fypppp,health,0.95,False,ollama_enhanced,
dokteramiraobgyn,7669688485934124295,kalau kalian berani berhubungan intim maka harus berani skrining kanker cervix #beraniskrining#kanke,health,0.95,False,ollama_enhanced,
dokteramiraobgyn,7667580037297605896,#Clogent #UnderwearDetergent #MinimResidu @Clogent Indonesia #fyp,health,1.0,True,manual_check,2026-09-19T09:05:42.520988
dokteramiraobgyn,7666424725496777991,gemuk tapi hobi banget pake kb hormonal #janganpakekbhormon#kalaugemuk#fypp,health,0.85,False,ollama_enhanced,
dokteramiraobgyn,7665298704022424840,Moment moment terbaik di hidupku mengunjungi pasien kerumahnya dikampung pasca kritis 7 hari di ICU.,health,0.95,False,ollama_enhanced,
dokteramiraobgyn,7663920608593546503,jangan sex sebelum nikah ya ini kata kaka @Nowela Mikhelia #anakanakpapua#anakrantau#nosexbeforemarr,health,0.95,False,ollama_enhanced,
dokteramiraobgyn,7663113753465982216,perempuan obesitas ayo segera turunkan berat badan anda karena ini resiko keguguran berkali kali #st,health,0.95,False,ollama_enhanced,
dokteramiraobgyn,7660538678762097927,stop alasan gak bisa diet karena sakit magh #obesitas#gangguanhaid#gakbisadiet#fyp,health,0.95,False,ollama_enhanced,
dokteramiraobgyn,7660181445415062792,kb hormonal bikin berat badan mbak meningkat pesat ini solusinya #jangangemuk2#pilihkbnonhormonal#fy,health,0.95,False,ollama_enhanced,
dokteramiraobgyn,7659042535003720967,mulut rahim yang normal itu kaya gimana sih #mulutrahimnormal#hatihatisexualaktif#fyp,health,0.95,False,ollama_enhanced,
dokteramiraobgyn,7656422689149586695,hayoooo jangan langsung nyalahin pasangan #jagakebersihan#areamissv#stopnyalahinpasangan#fyp,health,0.85,False,ollama_enhanced,
dokteramiraobgyn,7655915691719036168,sudah aktifitas sexual belum menikah dan begini mulut rahimnya #skriningrutinya#kankercervixmenginta,health,0.95,False,ollama_enhanced,
dokteramiraobgyn,7655291289553947911,bunda bunda yang punya anak remaja perempuan dan sering mengeluh gatal garuk garuk missV hingga kepu,health,0.95,False,ollama_enhanced,
dokteramiraobgyn,7654833096348716295,jangan suuzon sama doktermu bisa jadi ia sedang bergelut dengan segala komplikasi #dokterpasien#curh,health,0.95,False,ollama_enhanced,
dokteramiraobgyn,7654235424008719634,mbak sering keputihan wajib dengar ini #hatihatikeputihan#waspada#kanker#infeksimenularsex#fyp,health,0.95,False,ollama_enhanced,
dokteramiraobgyn,7653698431256497416,yakin mulut rahimmu aman aman aja #janganngeyel#ayoperiksa#mulutrahimmu#fypppppp,health,0.95,False,ollama_enhanced,
dokteramiraobgyn,7653486687405886738,gimana nasib mulut rahimmu #iva#papsmear#hpvdna#skriningkankercervix#fyp,health,0.95,False,ollama_enhanced,
dokter_ika,7674494700077813000,“Berarti produknya nggak cocok di kulit kamu.” sering mendapatkan kalimat ini? Formulanya atau kulit,health,0.95,False,ollama_enhanced,
dokter_ika,7673692558660242696,Replying to @Sella gidingin🌻 Kulit punya kerja biologis dan ia sel hidup.. So gunakan formula yang s,health,0.95,False,ollama_enhanced,
dokter_ika,7673076875526163719,"Rangkaian Skincare itu harus selaras, supaya kesehatannya meningkat #belajarbersamadrika #Edukasidri",health,0.95,False,ollama_enhanced,
dokter_ika,7672414332415741191,Merawat kulit dengan membeli mimpi atau realistis? #belajarbersamadrika #Edukasidrika #LoveYourSkin❤,health,0.95,False,ollama_enhanced,
dokter_ika,7672355909426810130,#belajarbersamadrika #Edukasidrika #sabunpemutih #LoveYourSkin❤️,health,1.0,True,manual_check,2026-09-19T09:05:54.697062
dokter_ika,7671096806985518344,#KulitSehatTanpaToksik #belajarbersamadrika #Edukasidrika #stoppenyalahgunaanobatkeras #LoveYourSkin,health,1.0,True,manual_check,2026-09-19T09:06:02.748281
dokter_ika,7670700186372508936,Skincare itu Tanpa Obat keras maupun krim racikan! #KulitSehatTanpaToksik #belajarbersamadrika #Eduk,health,0.95,False,ollama_enhanced,
dokter_ika,7670553687558753544,Replying to @ANA Rawat kulit pikirkan masa depan kulitmu #KulitSehatTanpaToksik #belajarbersamadrika,health,0.95,False,ollama_enhanced,
dokter_ika,7670513657079500039,Selalu Hepi dengan kedamaian 🤗❤️ Hot Cappuccino & Oglio olio ckckckcck… #KulitSehatTanpaToksik,health,0.85,False,ollama_enhanced,
dokter_ika,7670115199201840402,Setiap testimoni seperti ini bukan hanya tentang produk. Ini tentang seseorang yang akhirnya bisa ke,health,0.95,False,ollama_enhanced,
dokter_ika,7669996217429921032,#belajarbersamadrika #Edukasidrika #LoveYourSkin❤️ #KulitSehatTanpaToksik #stoppenyalahgunaanobatker,health,1.0,True,manual_check,2026-09-19T09:06:07.978699
dokter_ika,7669790429843393800,#belajarbersamadrika #Edukasidrika #LoveYourSkin❤️ #KulitSehatTanpaToksik,health,1.0,True,manual_check,2026-09-19T09:06:12.322484
dokter_ika,7669320704029986055,New Sunscreen ❤️Coming Soon @DRICHA Future Glow #perimenopauseskincare #drichafutureglow,health,0.85,False,ollama_enhanced,
dokter_ika,7668910996773162258,"Replying to @SHEVILYAS (LOVITA) Yang jelas nakals kan sudah ada di public warning BPOM, di cek lagi👍",health,0.95,False,ollama_enhanced,
dokter_ika,7668601348983737607,Replying to @Nurul Wahida Ini adalah efek samping dari golongan obat Steroid yang disalahgunakan pad,health,0.95,False,ollama_enhanced,
dokter_ika,7668509400763583762,Replying to @sasijuli632 Tidak selalu Tapi selalu diulang atau di modifikasi modusnya 😥 #ReputasiBra,health,0.85,False,ollama_enhanced,
dokter_ika,7667732683639819527,"Pada pasien yang menghentikan krim mengandung hidroquinon (terutama yang disertai steroid), keluhan ",health,0.95,False,ollama_enhanced,
dokter_ika,7667581469975448840,Steroid pada wajah sering memberikan hasil yang tampak cepat karena menekan peradangan. Namun penggu,health,0.95,False,ollama_enhanced,
dokter_ika,7667194676285394194,Efek samping Krim berMerkuri masuk ke aliran darah melalui kulitmu dan me”racuni” organ tubuh 😰 Masi,health,0.95,False,ollama_enhanced,
dokter_ika,7666770169494211848,"Selain cek BPOM, cek juga reaksi di kulit kamu.. kalau ada tanda kulit kemerahan, perih, panas, atau",health,0.95,False,ollama_enhanced,
dokter_ika,7666717782888779015,Replying to @Sharmila Jangan jadikan kulitmu “kelinci percobaan” terus #belajarbersamadrika #Edukasi,health,0.95,False,ollama_enhanced,
dokter_ika,7666690081461128456,Replying to @Sunghoon Geber Supra #belajarbersamadrika #Edukasidrika #KulitSehatTanpaToksik #LoveYou,health,0.85,False,ollama_enhanced,
dokter_ika,7666286823009766663,Replying to @Sunghoon Geber Supra #belajarbersamadrika #Edukasidrika #KulitSehatTanpaToksik #LoveYou,health,0.95,False,ollama_enhanced,
dokter_ika,7665883608942497042,Replying to @Alika_nph Kulit punya cerita masing-masing #belajarbersamadrika #Edukasidrika #KulitSeh,health,0.95,False,ollama_enhanced,
dokter_ika,7665647885052153096,“Kulit sebenarnya tidak butuh dipaksa.Kulit hanya butuh diperbarui sedikit demi sedikit” #LoveYourSk,health,0.95,False,ollama_enhanced,
dokter_ika,7665600044900519176,"Merkuri dan Penyalahgunaan obat keras, ini lagi ini lagi yang dibuat senjata putah putih dan hasil i",health,0.95,False,ollama_enhanced,
dokter_ika,7665505533515828488,Tidak ada merkuncritnya tapi melakukan penyalahgunaan obat keras yang menrugikan konsumennya juga #b,health,0.95,False,ollama_enhanced,
dokter_ika,7665142018678525191,Obat Keras hanya digunakan sesuai indikasi dan tidak digunakan semaunya/ asal suka pake terus 😰 term,health,0.95,False,ollama_enhanced,
dokter_ika,7664850718364290311,Replying to @T I A R A Jaga SKIN BARRIER itu kunci dasar perawatan kulit! #belajarbersamadrika #Eduk,health,0.95,False,ollama_enhanced,
dokter_ika,7663300191965007111,"Replying to @musdalifachaniago Sayangi dirimu dan keluarga, jauh-jauh penggunaan krim berMerkuri!!! ",health,0.95,False,ollama_enhanced,
dokter_ika,7663289724680916231,#belajarbersamadrika #Edukasidrika #PublicWarningBPOM #KosmetikIlegal #krimberbahaya,health,1.0,True,manual_check,2026-09-19T09:06:20.766345
dokter_ika,7663090061688179986,#belajarbersamadrika #Edukasidrika #stoppenyalahgunaanobatkeras #StopMerkuri #krimberbahaya,health,1.0,True,manual_check,2026-09-19T09:06:37.163917
dokter_ika,7662959805707062536,Replying to @Baiq Elsa Banyak tahapan yang dilewati sampai clear dan diumumkan.. Apalagi yang dalamn,health,0.95,False,ollama_enhanced,
dokter_ika,7662944866715929874,@cegahtangkal.bpom Please jangan fomo ikutan racik-meracik sendiri ataupun membeli racikan2 seperti ,health,1.0,True,manual_check,2026-09-19T09:06:40.487881
dokter_ika,7662901962416983304,Para pejuang Flek pantangan kamu pakai toner seperti ini!! rawat kulit terlalu keras malah memunculk,health,0.95,False,ollama_enhanced,
dokter_ika,7662742069022084360,Kesehatan kulit adalah investasi jangka panjang. Pilih dengan bijak.#belajarbersamadrika #Edukasidri,health,0.95,False,ollama_enhanced,
dokter_ika,7662672506473565448,#belajarbersamadrika #PublicWarningBPOM #Edukasidrika #stoppenyalahgunaanobatkeras #StopMerkuri,health,1.0,True,manual_check,2026-09-19T09:06:52.702075
dokter_ika,7662605343452581138,"Replying to @🤙+_L1-l1=_p2>23_+ Rata-rata penjual nakals melakukan trik yang mirip, karena tindakan h",health,0.95,False,ollama_enhanced,
dokter_ika,7662562337290718471,"Hand Body (HB) bermerkuri, kok jahatnya 🥵 makin tinggi penyerapannya ke dalam aliran darah karena se",health,0.95,False,ollama_enhanced,
dokter_ika,7662530717296954631,Replying to @🌟 Jangan di penasarin lagi #belajarbersamadrika #Edukasidrika #PublicWarningBPOM #Kosme,health,0.95,False,ollama_enhanced,
dokter_ika,7662270022441536776,Cek masih beredar kah di market place? #belajarbersamadrika #Edukasidrika #PublicWarningBPOM #Kosmet,health,0.95,False,ollama_enhanced,
dokter_ika,7662248360711163143,"Kalau pakai seperti ini, hidupmu dikelilingi racun, tidak hanya kamu pengguna, orang yang hidup bers",health,0.95,False,ollama_enhanced,
dokter_ika,7662187829195246866,Merawat kulit bukan sekadar mengejar hasil yang cepat. Merawat kulit juga berarti belajar melindungi,health,0.95,False,ollama_enhanced,
dokter_ika,7661992083909037320,"Ketika BPOM mengeluarkan Public Warning, yang dipertaruhkan bukan sekadar izin edar. Yang dipertaruh",health,0.95,False,ollama_enhanced,
dokter_ika,7661954475887774983,Public Warning BPOM Terbaru!! Siapa yang masih gunakan? #belajarbersamadrika #edukasidrika #publicwa,health,0.95,False,ollama_enhanced,
dokter_ika,7661650064971992327,"Praktik yang menjadikan obat keras sebagai skincare harian, menjual kosmetik ilegal, menjual produk ",health,0.95,False,ollama_enhanced,
dokter_ika,7660755306271477010,Replying to @IraSN1999 Obat punya fungsi.Skincare punya peran.Jangan sampai keinginan memperbaiki ku,health,0.95,False,ollama_enhanced,
dokter_ika,7660006902574664968,"Rawat kulit, bukan mengubah identitas kulitmu. #belajarbersamadrika #edukasidrika #Suplemenkolagen",health,0.95,False,ollama_enhanced,
dokter_ika,7659965161389772040,"Efek samping bukan hanya ditentukan dari mana asal produknya, tapi dari zat aktif, dosis, cara pengg",health,0.95,False,ollama_enhanced,
dokter_ika,7659773090766802183,JANGAN!!! Pejuang flek ingat ini #belajarbersamadrika #edukasidrika #pejuangflek,health,0.95,False,ollama_enhanced,
dokter_ika,7659628911382367496,"Bangga untuk setiap orang yang memilih berproses, bukan mencari jalan pintas. #belajarbersamadrika #",health,0.85,False,ollama_enhanced,
dokter_ika,7659607908669246738,#belajarbersamadrika #edukasidrika #cintaiwarnakulitmu #Kulitkitahebat,health,1.0,True,manual_check,2026-09-19T09:07:10.686325
dokter_ika,7659401346499480839,Yang tidak simple itu cari produknya #belajarbersamadrika #edukasidrika #Kulitkitahebat #kulitsehatt,health,0.85,False,ollama_enhanced,
dokter_ika,7658959326601661703,"“Dok, tapi mereka cocok-cocok aja kok…”“Banyak yang tadinya jerawatan, flek, malu ketemu orang… sete",health,0.95,False,ollama_enhanced,
dokter_ika,7658887078637260040,Replying to @☕️Kopi hitam  #belajarbersamadrika #edukasidrika #Obatkerasobatmedis #StopJualBebasOba,health,0.95,False,ollama_enhanced,
dokter_ika,7658507075206614290,Media sosial tidak bisa menggantikan evaluasi kulit secara langsung. Cara pakai yang berhasil di sat,health,0.95,False,ollama_enhanced,
dokter_ika,7658176733878816018,My Skin #belajarbersamadrika #edukasidrika #stoppenyalahgunaanobatkeras #kulitsehattanpaobatkeras #k,health,0.95,False,ollama_enhanced,
dokter_ika,7658124450667318536,Replying to @Arudo.Ricardo Para kreator/influencer yang promosikan salep obat keras bisa pertanggung,health,0.95,False,ollama_enhanced,
dokter_ika,7657912971561143559,Obat keras kok dijual bebas?? #stoppenyalahgunaanobatkeras #belajarbersamadrika #edukasidrika #drIka,health,0.95,False,ollama_enhanced,
dokter_ika,7657534481385016584,"Bukan karena Vitacid atau Reticor adalah produk yang buruk, tetapi karena obat keras tidak seharusny",health,0.95,False,ollama_enhanced,
dokter_ika,7657492818071440658,Kulit yang sehat tidak harus mengelupas untuk menjadi lebih cerah. Produk skincare yang baik bekerja,health,0.95,False,ollama_enhanced,
dokter_ika,7655184578327563528,Replying to @yuniaw #belajarbersamadrika #edukasidrika #pahamikerjakulit #drIkaJawab,health,0.95,False,ollama_enhanced,
dokter_ika,7654849486782614791,Kulit sehat tak perlu toksik #belajarbersamadrika #edukasidrika #JagaSkinBarrier #pahamikerjakulit #,health,0.95,False,ollama_enhanced,
dokter_ika,7653848812573740306,Replying to @N #Facial #belajarbersamadrika #edukasidrika #ekstraksikomedo,health,0.85,False,ollama_enhanced,
dokter_ika,7653493366113455368,Replying to @Mamud🔥😜 #belajarbersamadrika #edukasidrika #JagaSkinBarrier #drIkaJawab,health,0.95,False,ollama_enhanced,
dokter_ika,7652281789787983111,"Apakah perbaikan tekstur, pori, bekas jerawat, dan hiperpigmentasi bisa berubah drastis hanya dalam ",health,0.95,False,ollama_enhanced,
dokter_ika,7650443175718391047,"Dalam dunia perawatan kulit, kepercayaan tidak dibangun oleh klaim yang paling besar #belajarbersama",health,0.95,False,ollama_enhanced,
dokter_ika,7649730998048967944,"Karena menua bukan tentang kehilangan pesona, melainkan bertambahnya kebijaksanaan, rasa syukur, dan",health,0.95,False,ollama_enhanced,
dokter_ika,7649216641481477384,Replying to @taurus Hati-hati dengan HB (Handbody) racik!!! #belajarbersamadrika #edukasidrika #drIk,health,0.95,False,ollama_enhanced,
dokter_ika,7649000834314849544,Replying to @taurus Hati-hati dengan HB (Handbody) racik!!! #belajarbersamadrika #edukasidrika #drIk,health,0.95,False,ollama_enhanced,
dokter_ika,7648855576683891986,Replying to @SIRLI Masih bingung? #belajarbersamadrika #edukasidrika #drIkaJawab,health,0.95,False,ollama_enhanced,
dokter_ika,7648651596422892818,Lets go to the next level my Girl 😘🤗 Jaga kulit sejak dini,health,0.85,False,ollama_enhanced,
dokter_ika,7647744935617236242,Replying to @🌹 Minimal basic skincare kamu terutama moisturizer dan sunscreen yang potensi komedogen,health,0.95,False,ollama_enhanced,
dokter_ika,7647519171953151240,Jaga baik2 skin barrier kamu 👍🏻 itu kuncinya #belajarbersamadrika #edukasidrika #edukasidrika #pejua,health,0.95,False,ollama_enhanced,
dokter_ika,7647455467723132168,"aMengatasi Flek atau hiperpigmentasi harus tepat pendekatannya, jagan asal keras atau tinggi dosis #",health,0.95,False,ollama_enhanced,
dokter_ika,7646949600623922440,"Replying to @Cyla_FA Jika Flek cepat sekali balik lagi setelah penghentian krim, biasanya menggunaka",health,0.95,False,ollama_enhanced,
dokter_ika,7646622974283500818,"Ciri krim mengandung obat Steroid yang disalahgunakan jangka panjang sebagai pemutih kulit, efek tok",health,0.95,False,ollama_enhanced,
dokter_ika,7646425290213772551,Masih percaya sama krim oplosan kamu? krimnya buat ketergantungan toksik! Kalau ga dipakai beberapa ,health,0.95,False,ollama_enhanced,
dokter_ika,7645569995929423111,"Kulit yang tetap kuat meski menghadapi usia, hormon, polusi, dan kehidupan sehari-hari. #belajarbers",health,0.95,False,ollama_enhanced,
dokter_ika,7645559440078327048,Banyak yang berpikir bahwa cara menghilangkan flek adalah dengan memakai bahan yang paling keras dan,health,0.95,False,ollama_enhanced,
dokter_ika,7645301394819403016,@DRICHA Future Glow #skincareperimenopause #pahamikerjakulit #drikajawab #AgingGracefully #drikajawa,health,1.0,True,manual_check,2026-09-19T09:07:17.318930
dokter_ika,7644441695391583495,"Replying to @fitri Para pejuan flek harus paham ini, ini dasar yang harus kamu perbaiki dan pengguna",health,0.95,False,ollama_enhanced,
dokter_ika,7643828343263087879,Replying to @Nurfitri | Review Random Kalian harus paham ini! #purgingvsbreakout #belajarbersamadrik,health,0.95,False,ollama_enhanced,
dokter_ika,7643049732415163655,Replying to @Minyak bumi asli ❀࿐ Resiko Produk berbahan keras apalagi yang berbahaya 😰 #Janganpaksak,health,0.95,False,ollama_enhanced,
dokter_ika,7642494361959189778,Replying to @ell Cintai warna kulitmu dan rawat dengan benar #Janganpaksakulit #drIkaJawab #belajarb,health,0.95,False,ollama_enhanced,
dokter_ika,7642252020652461319,"Produk begini yang paling membahayakan!!!! Merkuri, penyalahgunaan obat keras berbalut kemasan berij",health,0.95,False,ollama_enhanced,
dokter_ika,7641808711031262471,"Di Tengah Keributan Mereka, Ada Yang Terlupakan 🥹 Perjuangkan kembali kesehatan kulit kalian #drIkaJ",health,0.95,False,ollama_enhanced,
dokter_ika,7641040690629168392,Get Ready With Me… Morning guys 🥳 #skincareanbarengdrika #getreadywithme #AgingGracefully #drIkaJawa,health,0.85,False,ollama_enhanced,
dokter_ika,7640344523549265159,Replying to @Zita mel Tolong ingat satu hal:yang salah bukan warna kulitmu.Yang salah adalah standar,health,0.95,False,ollama_enhanced,
dokter_ika,7639351324349451527,"Setahun lalu ada data yang bikin saya speechless 🥹 Terharu.. 596% growth bukan karena iklan besar,ta",health,0.95,False,ollama_enhanced,
dokter_ika,7639185525403946248,Fokus sehatkan kulitmu #belajarbersamadrika #edukasidrika #jagakulitmu #drIkaJawab,health,0.95,False,ollama_enhanced,
dokter_ika,7638559874498202888,#belajarbersamadrika #edukasidrika #stoppenyalahgunaanobatkeras #jagakulitmu #drIkaJawab,health,1.0,True,manual_check,2026-09-19T09:07:20.066363
dokter_ika,7638456954213469448,"Hati-hati ya guys, Obat steroid memiliki efek “instant white” seakan cocok dan buat ketagihan.. Inga",health,0.95,False,ollama_enhanced,
dokter_ika,7638428632968383752,Jadi mulai sekarang:- Cek BPOM sebelum beli bukan sesudah.- Curigai klaim yang nggak masuk akal.- Pi,health,0.95,False,ollama_enhanced,
dokter_ika,7637743633671802120,Ternyata masih aja ada modus seperti ini #belajarbersamadrika #edukasidrika,health,0.85,False,ollama_enhanced,
dokter_ika,7637374348235509010,Cek baik-baik tiap ada public warning BPOM #belajarbersamadrika #Reputasibrandsangatpenting #stoppen,health,0.95,False,ollama_enhanced,
dokter_ika,7637297189944954130,"Udah lama mau videoin skincarean tiap pagi tapi tiap kamera keluar, langsung kabur atau tutup muka 😂",health,0.95,False,ollama_enhanced,
dokter_ika,7636946499875769618,Jangan main-main dengan obat keras atau bahan berbahaya lain seperti Merkuri! Reputasi Brand sangat ,health,0.95,False,ollama_enhanced,
dokter_ika,7636575194303221010,✅BACA INI SAMPAI SELESAI! Efek penggunaan produk iritatif pada kulit bisa berdampak jangka pendek ma,health,0.95,False,ollama_enhanced,
dokter_ika,7636557084724612360,Kemampuan merasakan stinulus pemberian-Nya sehingga bisa megucap SYUKUR dengan tulus ❤️ Semangat jug,health,0.95,False,ollama_enhanced,
dokter_ika,7636297703022005511,Sunscreen Dricha #Sunscreenmodern #SunscreenFlek #SunscreenJerawat #kulitsehatbersamadrika,health,0.85,False,ollama_enhanced,
dokter_ika,7636207718889442568,"Kalau kulit kamu dibuat kering, digosok-gosok berlebihan setiap hari, mempermudah picu reaksi iritas",health,0.95,False,ollama_enhanced,
dokter_ika,7635908384310447368,"Tanpa barrier yang baik, proses regenerasi sel melambat dan pigmen lama lebih lama terlepas. Perlind",health,0.95,False,ollama_enhanced,
dokter_ika,7635854724012592402,"Perhatikan CIRI-CIRI Krim berbahaya, pelajari reaksinya, dan Jaga skin barrier kamu dengan Basic Ski",health,0.95,False,ollama_enhanced,
dokter_ika,7635834805199834376,"Masih dijual krim seperti ini dengan banyak merk, hati-hati, selalu cek keamanannya #StopRekomendasi",health,0.95,False,ollama_enhanced,
dokter_ika,7635674246525504775,Selalu ada cerita dibalik sebuah proses #belajarbersamadrika #edukasidrika #jagakulitmu #aginggracef,health,0.85,False,ollama_enhanced,
dokter_ika,7635652669566127368,Kamu gimana cara pakai serum guys? 😁 #belajarbersamadrika #DrIkaJawab #edukasidrika #pakaiserum #kul,health,0.95,False,ollama_enhanced,
dokter_ika,7635230814636166418,"Sebelum membeli produk Miss-V, pahami dulu ini #belajarbersamadrika #DrIkaJawab #edukasidrika #produ",health,0.95,False,ollama_enhanced,
dokter_ika,7635143318111800583,Dengarkan ini para pejuang jerawat #belajarbersamadrika #DrIkaJawab #edukasidrika #jagakulitmu #basi,health,0.95,False,ollama_enhanced,
dokter_ika,7634752515246017810,Replying to @meiiestari Jaga skin Barrier kamu #belajarbersamadrika #DrIkaJawab #edukasidrika #StopR,health,0.95,False,ollama_enhanced,
dokter_ika,7634325451015556360,Penggunaan obat keras memiliki indikasi yang jelas dan kurun waktu yang tidak boleh berlebih.. Ini B,health,0.95,False,ollama_enhanced,
dokter_ika,7634179396084976904,"Di usia 35+, penurunan estrogen bukan hanya soal siklus, ia mengubah lkarakter kulit secara fundamen",health,0.95,False,ollama_enhanced,
dokter_ika,7633621653674528018,#belajarbersamadrika #edukasidrika,health,1.0,True,manual_check,2026-09-19T09:07:32.874211
dokter_ika,7633353426402823442,"Ini sudah lama banget keberadaannya, ada yang jadi korbannya? #belajarbersamadrika #edukasidrika #st",health,0.95,False,ollama_enhanced,
dokter_ika,7633028493256740114,Siapa yang belum tau jenis kulitnya sendiri? #belajarbersamadrika #edukasidrika #kulitsehatbersamadr,health,0.95,False,ollama_enhanced,
dokter_ika,7632706444760075528,Replying to @Ummu khaira afia♥️ Love you too ❤️🤗 Jaga kulitmu #belajarbersamadrika #edukasidrika #st,health,0.95,False,ollama_enhanced,
dokter_ika,7632161926755192072,Replying to @Zulmicell 😱🔥🔥🔥 #belajarbersamadrika #edukasidrika #stoppenyalahgunaanobatkeras #jagakul,health,0.85,False,ollama_enhanced,
dokter_ika,7631964154777111826,"Warna kulit itu genetik, merawat kulit untuk sehat bukan buat putih 😁 #belajarbersamadrika #edukasid",health,0.85,False,ollama_enhanced,
dokter_ika,7631466283845864712,Dapatkan informasinya di @cegahtangkal.bpom Follow ya guys supaya kalian update dan bisa berinteraks,health,0.95,False,ollama_enhanced,
dokter_ika,7631198760491633927,Replying to @diahajaa Jangan biarkan kulit kamu iritasi #belajarbersamadrika #edukasidrika #pejuangf,health,0.95,False,ollama_enhanced,
dokter_ika,7631062797475941650,"Warna kulit tidak menentukan kecantikan seseorang!!! Warna kulit itu Identitas, dan TIDAK BISA diuba",health,0.95,False,ollama_enhanced,
dokter_ika,7630985965754092818,"Waktu yang akan menjawab semuanya. Ada sesuatu yang besar yang sulit diungkap… Terpenting saat ini, ",health,0.95,False,ollama_enhanced,
dokter_ika,7630669465914510610,#stitch with 7623740228863413512 Perawatan kulit itu bukan untuk mengubah warna kulit loh tapi menja,health,1.0,True,manual_check,2026-09-19T09:07:58.462415
dokter_ika,7630056949723204871,"Replying to @hellowhanaaa Jaga skin barrier kamu, wajib kalau mau kulit kamu sehat #belajarbersamadr",health,0.95,False,ollama_enhanced,
dokter_ika,7629988847211908359,"Replying to @Meyy Pelajari dan pahami kulit kamu, itu kuncinya #belajarbersamadrika #edukasidrika #j",health,0.95,False,ollama_enhanced,
dokter_ika,7629629093759274258,Replying to @kak lizayya Jangan hanya barcode harus ada nomer notifikasinya dan cek ke website resmi,health,0.95,False,ollama_enhanced,
dokter_ika,7629536372323405074,Replying to @Antika.ratt Mengerti tentang warna kulit sendiri itu penting dan merawatnya dengan waja,health,0.95,False,ollama_enhanced,
dokter_ika,7629512026313870600,"Di balik wajahnya, Bukan sehat, tapi dipaksa jadi putih toksik, Kulit jadi tipis dan sensitif, Penua",health,0.95,False,ollama_enhanced,
dokter_ika,7629157821082488082,"Modusnya gini, syulit bertobat #belajarbersamadrika #edukasidrika #stoptoksikkrim #moduspenjualnakal",health,0.95,False,ollama_enhanced,
dokter_ika,7629127544586947848,Replying to @🕊️🤍 #reputasibrandsangatpenting #belajarbersamadrika #edukasidrika #publicwarningBPOM #,health,0.95,False,ollama_enhanced,
dokter_ika,7628963330291518738,Replying to @Milkita🍭 😍🤗👍🏻👍🏻👍🏻 #belajarbersamadrika #edukasidrika #jagakulitmu #cintaiwarnamu #stopt,health,0.85,False,ollama_enhanced,
dokter_ika,7628809452409474322,Jangan dipenasarin lagi 😰😰😰 Reputasi Brand sangat penting❗️ #belajarbersamadrika #edukasidrika #publ,health,0.95,False,ollama_enhanced,
dokter_ika,7628430548398083335,"43 Tahun, MANTAN pengguna obat topikal steroid belasan tahun karena dermatitis kontak (suhu ekstrim,",health,0.95,False,ollama_enhanced,
dokter_ika,7628070812096023826,"Please sayangi diri kamu, jangan gunakan racun lagi untuk hal yang kamu sendiri bahkan ga paham tuju",health,0.95,False,ollama_enhanced,
dokter_ika,7627771954124115208,"Di Negara Tropis ini, INGAT! JANGAN lakukan:1. Over Eksfoliasi 2. Over Tretinoin 3. Penggunaan sabun",health,0.95,False,ollama_enhanced,
dokter_ika,7627712858633112840,Replying to @Ayang a.irin 🥰 #belajarbersamadrika #jagakulitmu #krimmerkuncrit #publicwarningBPOM #ed,health,0.85,False,ollama_enhanced,
dokter_ika,7627669533356051730,Yang dipuasain itu krim dengan kandungan bahan aktif yang kuat dan cenderung bersifat iritatif.. #be,health,0.95,False,ollama_enhanced,
dokter_ika,7627405464833150215,"Krim-krim yang sudah memakan korban, tidak hanya merusak kulit tapi merenggut kebahagiaan, kepercaya",health,0.95,False,ollama_enhanced,
dokter_ika,7627301939470191890,Replying to @bu basir Cintai warna kulitmu dan rawat dengan sewajarnya #belajarbersamadrika #cintaiw,health,0.95,False,ollama_enhanced,
dokter_ika,7627115841607388424,Dan terpenting dari semuanya adalah buat kulit tenang dan terlindungi dengan penggunaan krim yang ti,health,0.95,False,ollama_enhanced,
dokter_ika,7627024692930546952,Replying to @yaya_akila Beresiko tinggi #belajarbersamadrika #edukasidrika #jagakulitmu #cintaiwarna,health,0.85,False,ollama_enhanced,
dokter_ika,7626929770609052936,Replying to @🅱︎🅰︎🆃︎🅼︎🅰︎🅽︎ Hasil putih instan perlu dipertanyakan #belajarbersamadrika #edukasidrika ,health,0.95,False,ollama_enhanced,
dokter_ika,7626555885195660551,Replying to @hanya kamu #belajarbersamadrika #edukasidrika #bibitpemutih,health,0.85,False,ollama_enhanced,
dokter_ika,7626331169520504072,Replying to @Calista_Shop😍 Harus paham dengan modus-modusnya #belajarbersamadrika #edukasidrika #mod,health,0.95,False,ollama_enhanced,
dokter_ika,7626199258986859794,Siapa pelindung kulit kita?? Maka jaga dengan baik #belajarbersamadrika #edukasidrika #jagakulitmu #,health,0.95,False,ollama_enhanced,
dokter_ika,7626189666030603527,Jaga kulitnya #belajarbersamadrika #edukasidrika #cintaiwarnamu #stoptoksikkrim,health,0.85,False,ollama_enhanced,
dokter_ika,7625858257378086162,Replying to @AgusBurhan17 Peringatan seperti ini menandakan krim ini ada kandungan keras dan bisa be,health,0.95,False,ollama_enhanced,
dokter_ika,7625637582377979143,Jangan distribusikan produk seperti ini!!! Rejeki lebih lancar jika jualanmu membantu orang lain buk,health,0.85,False,ollama_enhanced,
dokter_ika,7625496245812907271,Jangan ikutan jual ataupun pakai krim ini!! Mempertaruhkan masa depan kamu #Krimmaut #krimmerkuncrit,health,0.95,False,ollama_enhanced,
dokter_ika,7625107720693091591,"Replying to @💞💞 Yang paling sering buat kulit bermasalah seperti kulit kering, gatal, hingga peradan",health,0.95,False,ollama_enhanced,
dokter_ika,7624740538561907976,"Replying to @nona nesya Inilah alasan penjual krim nakals sulit bertobat, karena kalau bertobat krim",health,0.95,False,ollama_enhanced,
dokter_ika,7624501417159429383,Yang realistis aja jangan malah buat orang lain insecure.. Perawatan kulit itu buat kulit sehat dan ,health,0.95,False,ollama_enhanced,
dokter_ika,7624053603065416967,"Tidak hanya sunscreen, tapi juga hydrating + barrier care 😍🤗#jagakulitmu #sunscreenmelasma #sunscree",health,0.95,False,ollama_enhanced,
dokter_ika,7623946123555736839,"Munculnya Flek wajah bukan cuma karena paparan sinar matahari, tapi karena kulit yang tidak siap men",health,0.95,False,ollama_enhanced,
dokter_ika,7623666846075538706,Jangan sampai ketenu dengan krim ber-BPOM yang ternyata dioplos obat keras guys.. Kelakuan penjual n,health,0.95,False,ollama_enhanced,
dokter_ika,7623556514652949767,Nonton sejenak #trans7 #Racikkrim #belajarbersamadrika #edukasidrika,health,0.85,False,ollama_enhanced,
dokter_ika,7623214458508217608,Replying to @Queen of karma🧝 dipalsukan oleh pemiliknya sendiri ya? #belajarbersamadrika #edukasidri,health,0.95,False,ollama_enhanced,
dokter_ika,7623002642343562514,Replying to @Shariii Fokus ke ciri krim berbahaya ya #belajarbersamadrika #edukasidrika #jagakulitmu,health,0.95,False,ollama_enhanced,
dokter_ika,7622862756978494738,"Semakin tinggi bahan aktif pencerah, sifat iritatif makin tinggi, jadi kesimpulannya Warna kulit gen",health,0.95,False,ollama_enhanced,
dokter_ika,7622844074906651912,Basic Dry Sensitif Plus Lightening Cream Bisa bantu permasalahan warna kulit yang tidak merata (bela,health,0.95,False,ollama_enhanced,
dokter_ika,7622621764291480840,Replying to @Naina Natasya #overclaimproduct #belajarbersamadrika #edukasidrika #cintaiwarnamu #jaga,health,0.85,False,ollama_enhanced,
dokter_ika,7622536471517367570,"Kalau yang ini bukan merkuncrit tapi dugaan kuat Penyalahgunaan obat keras, modus seperti ini masih ",health,0.95,False,ollama_enhanced,
dokter_ika,7621949495257124103,Ciri apa guys? #belajarbersamadrika #edukasidrika #jagakulitmu #stoptoksikkrim #moduspenjualnakals,health,0.85,False,ollama_enhanced,
dokter_ika,7621768730724388114,Replying to @sarie🐬 #belajarbersamadrika #edukasidrika #cintaiwarnamu #saveyourskin #jagakulitmu,health,0.85,False,ollama_enhanced,
dokter_ika,7621520971479928071,Replying to @NAT🍒 #belajarbersamadrika #edukasidokterika #saveyourskin,health,0.95,False,ollama_enhanced,
dokter_ika,7621214105919147272,Replying to @istri orang😛💃 Gitu ya kelakuannya #belajarbersamadrika #edukasidokterika #saveyourskin ,health,0.85,False,ollama_enhanced,
dokter_ika,7621167290951716103,Replying to @𝐍𝐎𝐍𝐀0529 di pakai terus resiko makin ngeri 😰 #belajarbersamadrika #edukasidokterika #sa,health,0.95,False,ollama_enhanced,
dokter_ika,7620998529309248775,"Permainannya sama, PENYALAHGUNAAN OBAT KERAS!!! #belajarbersamadrika #edukasidokterika #publicwarnin",health,0.95,False,ollama_enhanced,
dokter_ika,7620960264510262536,Cintai warna kulitmu dan rawat dengan baik #belajarbersamadrika #edukasidokterika #jagakulitmu #cint,health,0.95,False,ollama_enhanced,
dokter_ika,7620812456142572808,LIGHTENING CREAM DRICHA Advanced Depigmenting Formula with Liposomal 4-ButylresorcinolLightening Cre,health,0.95,False,ollama_enhanced,
dokter_ika,7620712175195409671,"Obat Sembelit dijadikan pelangsing 😰😰😰 Ada efek sampingnya loh, usus jadi malas,ketergantungan penca",health,0.95,False,ollama_enhanced,
dokter_ika,7620633226071133448,#onthisday Apakah produk ini masih ada yang pakai? #belajarbersamadrika #edukasidokterika #krimketia,health,1.0,True,manual_check,2026-09-19T09:08:04.066946
dokter_ika,7620395598377782536,Mau lembutnya itu krim kalau isi kandungannya sama aja ya sama-sama BERBAHAYA!!! @cegahtangkal.bpom ,health,0.95,False,ollama_enhanced,
dokter_ika,7620268049677028616,Replying to @Axsistore Banyak merk yang belum terungkap dan yang sudah terungkap biasa ganti kemasan,health,0.85,False,ollama_enhanced,
dokter_ika,7620072930445184264,"Replying to @hanina Hati-hati modus seperti ini guys, Jangan dipakai!!! #belajarbersamadrika #edukas",health,0.95,False,ollama_enhanced,
dokter_ika,7619875988507282696,Replying to @Ismayanti Hati-hati perlakukan kulitnu #belajarbersamadrika #edukasidokterika #RDLOBATK,health,0.95,False,ollama_enhanced,
dokter_ika,7619126291924667656,Replying to @gone Terima diri kamu seutuhnya dan rawat dengan cara yang aman.. Fitzpatrick berapakah,health,0.95,False,ollama_enhanced,
dokter_ika,7618754377238580488,"Replying to @ade.bry Perawatan Skincare sangat penting, minimal Basic Skincare yang sesuai jenis kul",health,0.95,False,ollama_enhanced,
dokter_ika,7618553984109874450,"Replying to @Husniyah KOLAGEN BUAT PUTIH = OVERCLAIM!!!! Yang perlu dipahami, warna kulit ditentukan",health,0.95,False,ollama_enhanced,
dokter_ika,7618427896687791378,"Replying to @mamah Gilang Pembentukan Flek wajah bermula dari stimulus seperti Paparan panas, perada",health,0.95,False,ollama_enhanced,
dokter_ika,7618205859860057362,"Overclaim menyebabkan pembeli memiliki ekspektasi tinggi terhadap hasil, ini juga yang sebabkan masi",health,0.95,False,ollama_enhanced,
dokter_ika,7618179001936366866,"Moisturizer pertolongan pertama saat kulit kamu bermasalah (kering, perih, panas, kemerahan) #belaja",health,0.95,False,ollama_enhanced,
dokter_ika,7618020868735683847,Replying to @@inem922 Sayangi tubuh kalian dengan perawatan yang aman jangka panjang #belajarbersama,health,0.95,False,ollama_enhanced,
dokter_ika,7617791079407963410,"Kalau klaim seperti itu bisa dicurigai pengunaan Merkuncrit yang bisa mematikan sel melanosit, atau ",health,0.95,False,ollama_enhanced,
dokter_ika,7617742923651697928,masih banyak beredar di market place dan ga tau kenapa dibilang sudah BPOM tapi dikemasan tidak ada ,health,0.95,False,ollama_enhanced,
dokter_ika,7617720676778118418,"Ada beban tanggung jawab terhadap konsumen saat mereview produk perawatan kulit.. Kalau makanan, fas",health,0.95,False,ollama_enhanced,
dokter_ika,7617469548110925063,"Baru cek beberapa testimonial dari produk Lightening Cream Dricha, terharu banget DRICHA sudah bantu",health,0.85,False,ollama_enhanced,
dokter_ika,7617122163316772103,Siapa yang begini? #belajarbersamadrika #edukasidokterika,health,0.85,False,ollama_enhanced,
dokter_ika,7617087776567102728,Inilah Jalan instan bikin jualan laris manis dan viral tanpa pikirkan keselamatan konsumennya 😰#stop,health,0.95,False,ollama_enhanced,
dokter_ika,7616981924367650066,#skincareanbersamadricha #kulitsehatnotoksik,health,1.0,True,manual_check,2026-09-19T09:08:24.056022
dokter_ika,7616913292430281991,Stop Normalisasi penggunaan obat keras dalam perawatan wajah harian.. #belajarbersamadrika #edukasid,health,0.95,False,ollama_enhanced,
dokter_ika,7616645902102580488,Replying to @yunda stor Indonesia lebih baik #DPRRIKomisiVI #HuruharaSkincare #belajarbersamadrika #,health,0.85,False,ollama_enhanced,
dokter_ika,7615828988484766994,Replying to @Ssaant1 ❤️❤️❤️ #belajarbersamadrika #edukasidokterika #stretchmark,health,0.85,False,ollama_enhanced,
dokter_ika,7615429083190562056,Selamatkan diri dari krim-krim seperti ini!!!! #belajarbersamadrika #edukasidokterika #awasmerkuncri,health,0.95,False,ollama_enhanced,
dokter_ika,7615203809719012626,Selamatkan kulitmu dari penjual nakals #belajarbersamadrika #edukasidokterika,health,0.95,False,ollama_enhanced,
dokter_ika,7615097079957851400,"Replying to @Matcha🍡 Sudah itu hasilnya cepat, pada banyak yang minat, jadi cepet kaya (KATANYA) Hat",health,0.85,False,ollama_enhanced,
dokter_ika,7614396056935140615,"Replying to @zulƴ ☘️ 😰😰😰 Bantu edukasi masyarakat guys, terutama orang-orang disekeliling kalian 👍🏻💪",health,0.95,False,ollama_enhanced,
dokter_ika,7614325556955401479,#tiktoklive #livehighlights Bayangkan kalau kamu beli krim racikan obat secatara bebas di online ata,health,1.0,True,manual_check,2026-09-19T09:08:35.517819
dokter_ika,7614014444267457810,"Bahkan pakai tambahan Retinol, Retinal tidak akan bertambah putih melebihi warna genetik kamu! #bela",health,0.95,False,ollama_enhanced,
dokter_ika,7613741796241198343,"Hati-hati dengan iklan-iklan, membereskan masalah kulit dalam hitungan hari 😰 #belajarbersamadrika #",health,0.95,False,ollama_enhanced,
dokter_ika,7613566015233854727,SABUN BUKAN UNTUK PEMUTIH!!!! #belajarbersamadrika #edukasidokterika #jagakulitmu #cintaiwarnakulitm,health,0.85,False,ollama_enhanced,
dokter_ika,7613371604378160392,Replying to @nurulfaw Menceronong ga tuh? 🤩#belajarbersamadrika #edukasidokterika,health,0.85,False,ollama_enhanced,
dokter_ika,7613208662043036935,Ingat warna kulit aslimu TIDAK BISA DIUBAH!!!! #belajarbersamadrika #edukasidokterika #noinfussuntik,health,0.95,False,ollama_enhanced,
dokter_ika,7613016849210412295,Replying to @M I S M E L I MEL🫦 Hati-hati perlakukan kulitmu guys #belajarbersamadrika #edukasidokte,health,0.95,False,ollama_enhanced,
dokter_ika,7612819232446811399,"Replying to @nnmanusia Semangat terus teman-teman buat mengingatkan saudara, teman, pacar, istri, te",health,0.95,False,ollama_enhanced,
dokter_ika,7612659035329793288,Sabun Pemutih = Overclaim atau malah ada bahan yang berbahaya? #belajarbersamadrika #edukasidokterik,health,0.95,False,ollama_enhanced,
dokter_ika,7612616606375595282,"Replying to @*Puput_Putri* Disuruh nikmati dulu, nanti ada waktunya susah #belajarbersamadrika #eduk",health,0.85,False,ollama_enhanced,
dokter_ika,7612525130857598216,Replying to @salsa Ga papa banyak yang ga suka dengan pernyataan saya ini.. Tapi faktanya tidak megu,health,0.95,False,ollama_enhanced,
dokter_ika,7612506198641773831,FAKTANYA SABUN PEMUTIH!!! #belajarbersamadrika #edukasidokterika,health,0.85,False,ollama_enhanced,
dokter_ika,7612461332276759815,Pera pejuang jerawat maupun jerawat hormonal Semangat 💪💪💪 Dricha akan membersamai kalian untuk PULIH,health,0.95,False,ollama_enhanced,
dokter_ika,7612240278291827986,"#stitch with 7606409379084012821 Efek sampingnya NYATA dan jangan tunggu terjadi baru lepas, TERLAMB",health,1.0,True,manual_check,2026-09-19T09:08:38.774972
dokter_ika,7612178242983841031,Pikir beribu kali melakukan hal yang belum jelas keamaan jangka panjangnya #belajarbersamadrika #edu,health,0.85,False,ollama_enhanced,
dokter_ika,7611808986379128071,Rawat kulit dengan benar 👍🏻 #kulitsehatsenyamanitu #belajarbersamadrika #edukasidokterika #jagakulit,health,0.95,False,ollama_enhanced,
dokter_ika,7611432717590203656,Mau lebaran siapkan hati bukannya putihkan kulit 😱 Tidak bisaaa!!!! lakukan perawatan yang sewajarny,health,0.95,False,ollama_enhanced,
dokter_ika,7611392032807898386,Setuju? #cintaiwarnakulitmu #belajarbersamadrika #edukasidokterika #jagakulitmu,health,0.85,False,ollama_enhanced,
dokter_ika,7611065829395844359,Replying to @Lela alea Salah satu cirinya ngamuk ya #belajarbersamadrika #edukasidokterika #cintaiwa,health,0.95,False,ollama_enhanced,
dokter_ika,7611059665195011335,"Kadang jadi diri kamu apa adanya bisa lebih cepat dikenal, tapi tetap butuh waktu dan konsisten.. Sa",health,0.85,False,ollama_enhanced,
dokter_ika,7611033069247581447,Satu Pak PASTI ADA HASIL???? Apaan tuh? #belajarbersamadrika #edukasidokterika #cintaiwarnakulitmu,health,0.85,False,ollama_enhanced,
dokter_ika,7611020101592042770,Informasi lebih lanjut Kalian bisa follow akun @cegahtangkal.bpom ya guys.. Marak produk Palsu #bela,health,0.95,False,ollama_enhanced,
dokter_ika,7610607975102729490,Replying to @BUNDA SRI Kalau melakukan tindakan-tindakan yang menurunkan fungsi dan memperberat kerj,health,0.95,False,ollama_enhanced,
dokter_ika,7610453332393512200,Replying to @empty Tidak ada bukti klinis kuat bahwa suplemen benar-benar bisa memperbesar payudara ,health,0.95,False,ollama_enhanced,
dokter_ika,7610409212329381138,Replying to @Meri #belajarbersamadrika #edukasidokterika #stoppenyalahgunaanobatkeras,health,0.95,False,ollama_enhanced,
dokter_ika,7610028667342834951,Solusi Ditengah Polusi 👍🏻 @Dricha Pusat @DRICHA SEMARANG @drichamalang @Dricha Bali @DRICHABANDUNG @,health,0.95,False,ollama_enhanced,
dokter_ika,7609963710471343367,JAHAT AH!!! #belajarbersamadrika #edukasidokterika,health,0.85,False,ollama_enhanced,
dokter_ika,7609955002265701640,Hati-hati iklan menyesatkan mengenai warna kulit #belajarbersamadrika #edukasidokterika #cintaiwarna,health,0.95,False,ollama_enhanced,
dokter_ika,7609599787918298376,"Replying to @ida nur Cholis Cintai warna kulit aslimu, rawat denga cara benar dan menyehatkan #belaj",health,0.85,False,ollama_enhanced,
dokter_ika,7609476250280774920,Replying to @💔vika12 Mau beli skincare harus yakin dulu sama keamanan produknya ya 👍🏻 #belajarbersam,health,0.95,False,ollama_enhanced,
dokter_ika,7609318339285994759,Replying to @halim Kulitmu bisa berkomunikasi melalui reaksi dan feeling kamu terhadap ciri dari kri,health,0.95,False,ollama_enhanced,
dokter_ika,7608884976976694536,"Replying to @she Ini kasus bisa jadi pembelajaran buat kalian para pejuang flek wajah ya, marak peny",health,0.95,False,ollama_enhanced,
dokter_ika,7608742315884137736,"Replying to @sweety😍 Ini salah satu contoh, setiap ada perubahan yang tidak baik akibat penggunaan p",health,0.95,False,ollama_enhanced,
dokter_ika,7608561803693657351,Age Gracefully 🥳🙏 #aginggracefully,health,0.8,False,ollama_enhanced,
dokter_ika,7608431055590132999,"Jangan terjebak terus guys, waspada saat memilih perawatan, jagan asal instan dan reputasi diperhati",health,0.95,False,ollama_enhanced,
dokter_ika,7608412910867549447,"Cantik Natural maknanya lebih dalam:Seimbang: Tidak berlebihan, tidak dibuat-buat.Autentik: Karakter",health,0.95,False,ollama_enhanced,
dokter_ika,7607656403821546759,"Gong Xi Fa Cai 🧧Semoga tahun ini penuh rezeki, kesehatan, dan keberanian untuk naik level Aminn 🙏 #g",health,0.75,False,ollama_enhanced,
dokter_ika,7607469729283984658,"Replying to @Jenniexent adeline Cari penyakit, JANGAN #belajarbersamadrika #edukasidokterika #jagaku",health,0.95,False,ollama_enhanced,
dokter_ika,7606352092554480904,Replying to @ivon #edukasidokterika #belajarbersamadrika,health,0.95,False,ollama_enhanced,
dokter_ika,7606331041472695560,obrolan malam #belajarbersamadrika #edukasidokterika #jagakulitmu,health,0.85,False,ollama_enhanced,
dokter_ika,7606277331409308946,Replying to @@yunie #skincareanbersamadricha,health,0.85,False,ollama_enhanced,
dokter_ika,7605853834824437000,"Bisa langsung ke link di bio saya ya, ditunggu guys 🤗🙏 @DRICHA Future Glow",health,0.85,False,ollama_enhanced,
dokter_ika,7605826350439615762,Apa warna kulitmu? #melaninhero #cintaiwarnakulitmu #belajarbersamadrika #edukasidokterika,health,0.85,False,ollama_enhanced,
dokter_ika,7605454988734745863,"Pemberian obat ORAL TXA ini harus sesuai indikasi, biasa digunakan sebagai obat anti perdarahan.. Ta",health,0.95,False,ollama_enhanced,
dokter_ika,7604848988780612882,Krim racikan “apoteker” yang diperjualbelikan secara bebas menyalahi aturan dan dapat merugikan peng,health,0.95,False,ollama_enhanced,
dokter_ika,7604119874012482824,Belajar mengerti kulit sehingga tau solusinya #belajarbersamadrika #edukasidokterika #poriporibesar,health,0.95,False,ollama_enhanced,
dokter_ika,7602896941709577480,#belajarbersamadrika #edukasidokterika #stoppenyalahgunaanobatkeras #KetergantunganSteroid,health,1.0,True,manual_check,2026-09-19T09:09:08.060193
dokter_ika,7602665599726013704,Replying to @에바 Kritis yuk #belajarbersamadrika #edukasidokterika #Kulitsehatsenyamanitu #jagakulitm,health,0.95,False,ollama_enhanced,
dokter_ika,7602076067439971602,Siapa nih alumni-alumni krim berbahaya? Rasakan kebebasan dari ketergantungan toksik #belajarbersama,health,0.95,False,ollama_enhanced,
dokter_ika,7602036826857082120,Replying to @iis sunari✨ #belajarbersamadrika #edukasidokterika,health,0.85,False,ollama_enhanced,
dokter_ika,7601893656840178951,Selamat datang Februari ❤️ #Kulitsehatsenyamanitu #belajarbersamadrika #edukasidokterika,health,0.95,False,ollama_enhanced,
dokter_ika,7601703196192591112,"No BPOM produk ini sudah ditarik karena mengandung bahan berbahaya, ada bahan obat keras di dalamnya",health,0.95,False,ollama_enhanced,
dokter_ika,7601357572037184775,#belajarbersamadrika #edukasidokterika #stoppenyalahgunaanobatkeras,health,1.0,True,manual_check,2026-09-19T09:09:13.441465
dokter_ika,7601350311701122311,Replying to @Rizki Aprilia #belajarbersamadrika #edukasidokterika,health,0.95,False,ollama_enhanced,
dokter_ika,7600675140556410120,#KetergantunganSteroid #StopsalahgunakanOBATSTEROID #belajarbersamadrika #edukasidokterika #acnester,health,1.0,True,manual_check,2026-09-19T09:09:16.645928
dokter_ika,7600322464119278866,Replying to @Merlyn💐 Beauty Enthusiast #belajarbersamadrika #edukasidokterika,health,0.85,False,ollama_enhanced,
dokter_ika,7600294890693463303,@Dricha Pusat #Livebarengdrika #konsultasilive #belajarbersamadrika #edukasidokterika,health,1.0,True,manual_check,2026-09-19T09:09:19.214143
dokter_ika,7600244827728432402,"Replying to @sasori Jangan ngadi-ngadi apalagi dijualin demi keuntungan pribadi, banyak loh korbanny",health,0.95,False,ollama_enhanced,
dokter_ika,7600222696915340552,"Replying to @albarraaaaaa Obat keras ada cara pakai maka harus dengan dokter langsung, diperiksa dan",health,0.95,False,ollama_enhanced,
dokter_ika,7599842280777764103,"Replying to @Anggun Malika Obat keras harus sesuai resep dari dokter, karena dokter yang memberikan ",health,0.95,False,ollama_enhanced,
dokter_ika,7599548874906144018,#duet with 7599494091302358290 #jerawat Terima kasih @Arudo.Ricardo buat Share pengalamannya bareng ,health,1.0,True,manual_check,2026-09-19T09:09:25.500652
dokter_ika,7599545896388414738,Beeran Capek baget kulit yang sehat tapi ditekan fungsi normalnya oleh obat yang tidak sesuai indika,health,0.95,False,ollama_enhanced,
dokter_ika,7599496671491394823,"#stitch with 7599151705875369236 Pakai obat ke dokter secara langsung, ketemu dokternya dan dipantau",health,1.0,True,manual_check,2026-09-19T09:09:29.382182
dokter_ika,7599444724981730568,"Kalau isinya penyalahgunaan obat kerasnya jangan pakai sistem cocok-cocokan, karena sifat obat (Ster",health,0.95,False,ollama_enhanced,
dokter_ika,7599200261357210887,"#stitch with 7598871325075098901 Ijin mbak, biar banyak yang paham 😘🙏 #belajarbersamadrika #edukasid",health,1.0,True,manual_check,2026-09-19T09:09:33.164614
dokter_ika,7598858177202998536,Siapa yang seperti ini? #belajarbersamadrika #edukasidokterika #StopsalahgunakanOBATSTEROID #stoppen,health,0.95,False,ollama_enhanced,
dokter_ika,7598703675791412487,"Stop beralasan, karena efek samping steroid ini khas dan nyata !! 😰🥺🥺🥺 #belajarbersamadrika #edukasi",health,0.95,False,ollama_enhanced,
dokter_ika,7598545647993621778,Sad 😰 #belajarbersamadrika #edukasidokterika #stoppenyalahgunaanobatkeras #StopsalahgunakanOBATAntib,health,0.95,False,ollama_enhanced,
dokter_ika,7598539720393624850,Replying to @happy Kalian harus paham kalau ternyata kulit kamu keracunan krim mengandung Steroid 👍🏻,health,0.95,False,ollama_enhanced,
dokter_ika,7598358165507296530,"Yang buat saya takjub bukan hasil instannya, tapi keberanian penjual nakals menggunakan bahan berbah",health,0.95,False,ollama_enhanced,
dokter_ika,7598116377873960210,Replying to @dnisa Edukasi itu datang dari orang yang berpengalaman di bidangnya 😊👍🏻 Yuk beli bakson,health,0.85,False,ollama_enhanced,
dokter_ika,7598081873293757704,BELAJAR DARI KASUS RESELLER #belajarbersamadrika #edukasidokterika #stoppenyalahgunaanobatkeras #Sto,health,0.95,False,ollama_enhanced,
dokter_ika,7597992177578315016,"Replying to @popop Hitamnyaakuh Jangan-jangan selama ini kulit kamu bukannya sembuh (sehat), tapi ha",health,0.95,False,ollama_enhanced,
dokter_ika,7597957980394392840,"HB farmasi maupun krim farmasi yang dijual di beauty konsultan/reseller/distributor, sudah jelas jan",health,0.95,False,ollama_enhanced,
dokter_ika,7597809857227525394,"Nikmatnya memiliki kulit sehat bukan soal terlihat sempurna, tapi tentang rasa nyaman, percaya diri,",health,0.85,False,ollama_enhanced,
dokter_ika,7597731746532183304,"“Yang kambuh saat di-stop bukan penyakit baru,tapi sistem kulit yang terlalu lama ditekan.” Kalau di",health,0.95,False,ollama_enhanced,
dokter_ika,7597633074591059218,Yang sering disalahartikan❌ Skincare = kulit putih cepat❌ Skincare = hilang jerawat dalam hari❌ Skin,health,0.95,False,ollama_enhanced,
dokter_ika,7597437147292945671,Nyesek banget 😰 Sudah jelas faktanya masih bilang persaingan bisnis 😰 Keamanan dan keselamatan custo,health,0.95,False,ollama_enhanced,
dokter_ika,7597334599332662535,"Obat Keras ada 2 mata pisau, kalau disalahgunakan akan merusak!!! #belajarbersamadrika #edukasidokte",health,0.95,False,ollama_enhanced,
dokter_ika,7597321779274583303,Replying to @Bunawa_ Steroid topikal jangka panjang: • Menekan regenerasi sel kulit • Menipiskan epi,health,0.95,False,ollama_enhanced,
dokter_ika,7596987794581425416,Simak sampai selesai 🤗 #belajarbersamadrika #edukasidokterika #stoppenyalahgunaanobatkeras,health,0.95,False,ollama_enhanced,
dokter_ika,7596978685287189768,Mau jadi Keripik kaca? #belajarbersamadrika #edukasidokterika #stoppenyalahgunaanobatkeras,health,0.95,False,ollama_enhanced,
dokter_ika,7596551949051317522,Menurut kalian bagaimana guys? #belajarbersamadrika #edukasidokterika #stoppenyalahgunaanobatkeras #,health,0.95,False,ollama_enhanced,
dokter_ika,7596500506957171976,Rawat kulit itu bukan sekedar cantik sesaat tapi dipersiapkan untuk hari tua #stoppenyalahgunaanobat,health,0.95,False,ollama_enhanced,
dokter_ika,7596498370626080008,Ini alasan kenapa obat STEROID di salahgunakan dalam pemutih kulit #belajarbersamadrika #edukasidokt,health,0.95,False,ollama_enhanced,
dokter_ika,7596228011972644114,Ini loh alasannya kenapa penjual nakal sulit bertobat #belajarbersamadrika #edukasidokterika #stoppe,health,0.95,False,ollama_enhanced,
dokter_ika,7596167670177762578,Replying to @FarizSultan stor #belajarbersamadrika #edukasidokterika #stoppenyalahgunaanobatkeras #r,health,0.95,False,ollama_enhanced,
dokter_ika,7596105568633343250,Replying to @MAMA_ Athifa 😰😰😰 #belajarbersamadrika #edukasidokterika #stoppenyalahgunaanobatkeras,health,0.95,False,ollama_enhanced,
dokter_ika,7595977241830395144,Replying to @Jinan@ulia$ultanilham Yuk Guys kaian harus kritis dalam memilih skincare #stoppenyalahg,health,0.95,False,ollama_enhanced,
dokter_ika,7595853855120706824,Replying to @akurara🍓 #belajarbersamadrika #edukasidokterika #reputasibrandsangatpenting #publicwarn,health,0.85,False,ollama_enhanced,
dokter_ika,7595839143368756488,"Replying to @Septiana Kalau udah gini pada mulai buat kemasan baru kan? atau produk palsu, atau sala",health,0.95,False,ollama_enhanced,
dokter_ika,7595791281071115538,Replying to @Jual Jagal B2 Bandung Cimahi Penggunaan obat Steroid topikal jangka panjang1. Menekan i,health,0.95,False,ollama_enhanced,
dokter_ika,7595603539175460114,Replying to @IntanAL | acne fighter Banyak merk skincare yang kena ciduk BPOM pasti begini alasannya,health,0.95,False,ollama_enhanced,
dokter_ika,7595590767314341138,"Andalan penjual nakals, Penyalahgunaan obat keras atau campuran MERKUNCRIT.. Hati-hati dengan klaim ",health,0.95,False,ollama_enhanced,
dokter_ika,7595381555837619474,Pejuang Flek harus tau ini! #belajarbersamadrika #pejuangflekhitam #edukasidokterika,health,0.95,False,ollama_enhanced,
dokter_ika,7593935770704989447,Apa bahaya injeksi putih atau infus whitening? yang tau komen ya 👍🏻 #salingbelajar #belajarbersamadr,health,0.95,False,ollama_enhanced,
dokter_ika,7593675675106675976,Sudahkan kamu teredukasi? #belajarbersamadrika #edukasidokterika #belajarskincare #nokrimmerkuncrit ,health,0.85,False,ollama_enhanced,
dokter_ika,7592973784240475399,"Jangan sepelekan Basic Skincare, karena pemilihan yang tepat akan membantu kestabilan kulit kamu dan",health,0.95,False,ollama_enhanced,
dokter_ika,7590632016836578568,Kamu pilih no yang mana?1. Kemungkinan pertama 2. Kemungkinan kedua 3. Tidak tertarik dengan Klaim s,health,0.95,False,ollama_enhanced,
dokter_ika,7590231194978028807,"Sudah lama dibahas tapi masih saja disalahgunakan, Korban sudah banyak yang mengalami stretchmark (k",health,0.95,False,ollama_enhanced,
dokteramiraobgyn,7651816886111358216,siapa bunda bunda yang pernah ditangani oleh beliau2 ini para spog kece se indonesia #dokterkandunga,health,0.95,False,ollama_enhanced,
dokteramiraobgyn,7651554292238667026,kenapa kok kalian masih takut pake KB IUD padahal ini manfaatnya @dokternisa obgyn #jangantakutpakek,health,0.95,False,ollama_enhanced,
dokteramiraobgyn,7649398840910531858,Gak percaya kalau galon di rumah bisa menyebabkan pubertas dini pada anak anda?? #galon#pubertasdini,health,0.95,False,ollama_enhanced,
dokteramiraobgyn,7649368417622822151,jaga ibumu dari perdarahan dari jalan lahir pasca menopouse #kankerendometrium#menopouse#fyp#fyppppp,health,0.95,False,ollama_enhanced,
dokteramiraobgyn,7649024519343983880,apakah ibu anda seperti ini jaga ibu anda dengarkan ya #kankerendometrium#postmenopousebleeding#fyp,health,0.95,False,ollama_enhanced,
dokteramiraobgyn,7648646539019095303,bagaimana kondisi mulut rahimmu ? #janganlupaskrining#kankercervix#fyp#fypp,health,0.95,False,ollama_enhanced,
dokteramiraobgyn,7647105027902819591,#BekasLuka #Ruam #doktertiktok #CreamGatal #CiaraIndonesia,health,1.0,True,manual_check,2026-09-19T09:09:47.734345
dokteramiraobgyn,7646455458235993352,siapa bumil yang setelah hubungan sex dengan suami keluar darah dari jalan lahir #keguguran#ancaman#,health,0.95,False,ollama_enhanced,
dokteramiraobgyn,7644907756666899719,"Ngga usah takut, boleh kok bumil pakai skincare tapi cek dulu ingredientsnya yaa! pilih yang gentle ",health,0.95,False,ollama_enhanced,
dokteramiraobgyn,7643853171248483591,belum menikah tapi sudah berhubungan intim #saynotofreesex#pakepengaman#skriningkankercervix#fyp,health,0.95,False,ollama_enhanced,
dokteramiraobgyn,7642948550543920402,perempuan yang pernah menikah berkali kali lebih dari satu kali gimana mulut rahimmu #kankercervix#m,health,0.95,False,ollama_enhanced,
dokteramiraobgyn,7641955699647433992,menopouse dan obesitas hati hati#kankerendometrium#obesitas#fyp,health,0.95,False,ollama_enhanced,
dokteramiraobgyn,7641116802298170631,anak anak anda jangan lupa vaksin hpv #vaksinhpvanak#fyp @dokter_kandungan.batulicin,health,0.95,False,ollama_enhanced,
dokteramiraobgyn,7640476232848657682,jangan sampai begini ya keluar darah dari jalan lahir setelah menopouse #janganjangankanker#kankeren,health,0.95,False,ollama_enhanced,
dokteramiraobgyn,7639694520078159111,jangan sampai tidak skrining kanker cervix#mulutrahimmu#apakahbaikbaiksaja#fyp,health,0.95,False,ollama_enhanced,
dokteramiraobgyn,7637482424305290514,ini hasilnya kalau kalian maksa nikah di usia muda#nikahmuda#kankercervix#fyp,health,0.95,False,ollama_enhanced,
dokteramiraobgyn,7637046755493711111,bunda sudah menopouse kok masih keluar darah dari jalan lahir #menopouse#hati#postcoitalbleeding#fyp,health,0.95,False,ollama_enhanced,
dokteramiraobgyn,7636020021273103624,lesi pra kanker CIN 1-2-3 harus diapain ya?? #lesiprakanker#fyp#dokteramiraobgyn,health,0.95,False,ollama_enhanced,
dokteramiraobgyn,7634197821436038418,untuk kalian anak perempuan yang masih sekolah jangan hcurkan diri kalian karna hamil duluan #bahaya,health,0.95,False,ollama_enhanced,
dokteramiraobgyn,7634106003302255890,kok bisa usia masih sangat muda tapi sudah hamil anggur?? #hamilanggur#usiamuda#fyp,health,0.85,False,ollama_enhanced,
dokteramiraobgyn,7633447188718390536,tinggal tiga hari lagi hpv dna gratis di surabaya #hpvdna#gratis#fyp,health,0.95,False,ollama_enhanced,
dokteramiraobgyn,7633053325788712210,ini alasan kenapa bumil dikasi aspilet? baca buku kia mu bunda#aspilet#bumil#preeklampsia#fyp,health,0.95,False,ollama_enhanced,
dokteramiraobgyn,7632651778999274770,mbak mbak yang obesitas dan sering gangguan haid #obesitas#haidgaklancar#inginhamil#fyp,health,0.95,False,ollama_enhanced,
dokteramiraobgyn,7632335992447438087,keputihan?? hati hati gejjala kanker cervix skrining rutin solusinya #kankercervix#gejala#keputihan#,health,0.95,False,ollama_enhanced,
dokteramiraobgyn,7632323568067415314,siapa bumil yang gak mau minum aspilet karna takut #preeklampsia#dokterobgynpedalaman#papua#fyp,health,0.95,False,ollama_enhanced,
dokteramiraobgyn,7631614610176576786,para bunda#ilmuparenting#penting#fyp,health,0.85,False,ollama_enhanced,
dokteramiraobgyn,7630858846843587858,apakah kondisi mulut rahim anda baik baik saja#janganlupaskrining#kankercervix#fyp,health,0.95,False,ollama_enhanced,
dokteramiraobgyn,7629995499914906887,Teriamakasih kaka berdua edukasinya mantap. semoga Allah mudahkan proses penyembuhannha Aminn #gendu,health,0.95,False,ollama_enhanced,
dokteramiraobgyn,7629721517768674578,tolong orangtua stop suru anak anda menikah usia dini #jangansuruanakandamenikahdini#fyp,health,0.95,False,ollama_enhanced,
dokteramiraobgyn,7629652365737594130,kalian yang gemuk harus hari hati banget karena kanker endometrium mengintai #gemuk#kankerendometriu,health,0.95,False,ollama_enhanced,
dokteramiraobgyn,7629358938076581128,syok berat pasien ini #kankercervix#usiamuda#fyp,health,0.95,False,ollama_enhanced,
dokteramiraobgyn,7628927536919104786,orang tua tolong stop menyuru anak anda pernikahan dini #dokterobgynpedalaman#papua#fyp,health,0.95,False,ollama_enhanced,
dokteramiraobgyn,7628206090747940103,jangan biarkan anak papua hancur sia sia karena penyakit menular sexual yang merajalela #fyp#,health,0.95,False,ollama_enhanced,
dokteramiraobgyn,7627910357817789704,cintaku selalu penuh untukmu generasi muda papua harus bebas hiv aids #anakpapuabebashivaids#fyp,health,0.95,False,ollama_enhanced,
dokteramiraobgyn,7626740301016730898,Jangan sampai kalian merugi di tahun 2026 ini #kankercervix#2026#janganjadiperempuanmerugi#fyp,health,0.95,False,ollama_enhanced,
dokteramiraobgyn,7626402213451123986,kalau anda adalah istri kedua harus waspada ya #kisahnyataistrikeduakankercervix#fyp,health,0.95,False,ollama_enhanced,
dokteramiraobgyn,7625920300102110471,nyeri pinggang untuk para bunda lansia yang sudah menopouse #doktersakitpinggang#fyp,health,0.95,False,ollama_enhanced,
dokteramiraobgyn,7625598366545726728,"Percaya gak bahwa setiap orang punya masanya masing2, timingnya kamu kapan?? itu sudah diatur sama A",health,0.85,False,ollama_enhanced,
dokteramiraobgyn,7625200229918199058,Membalas @Marninr07syarat vaksin hpv #vaksinhpvsyaratnya#fyp,health,0.95,False,ollama_enhanced,
dokteramiraobgyn,7625176190021618962,hubungan sex di usia muda pesan penting untuk anak dan orangtua#sexdiluarnikah#gantipasangan#usiamud,health,0.95,False,ollama_enhanced,
dokteramiraobgyn,7625128797595061522,Membalas @Ritatampubolon sang pejuang kanker cervix yang hebat#kankercervix#fyp,health,0.95,False,ollama_enhanced,
dokteramiraobgyn,7624924415637064967,Membalas @awaliahwadubun kena kanker cervix apa masi boleh vaksin Hpv #dokterobgynpedalaman#papua#fy,health,0.95,False,ollama_enhanced,
dokteramiraobgyn,7624909791357373703,satu satunya kanker yang bisa dicegah ya cuma ini #kankercervix#fyp,health,0.95,False,ollama_enhanced,
dokteramiraobgyn,7624086421359349010,harus kemana vaksin hpv? tanya pak dokter @dr.radit_og #dokterobgynpedalaman#papua#fyp,health,0.95,False,ollama_enhanced,
dokteramiraobgyn,7623445352447839506,ibu hamil yang punya stretch mark wajib dengerin ini!!! #dokterobgynpedalaman#papua#fyp,health,0.95,False,ollama_enhanced,
dokteramiraobgyn,7622979519007165714,tolong ibu hamil jangan sembarangan pake obat jerawat #dokterobgynpedalaman#papua#fyp,health,0.95,False,ollama_enhanced,
dokteramiraobgyn,7622589595661782290,kalau ibu anda kanker cervix anda wajib melakukan ini #dokterobgynpedalaman#papua#fyp,health,0.95,False,ollama_enhanced,
dokteramiraobgyn,7622206844408270087,Membalas @agustini pertanyaan bagus untuk yang sudah menopouse #dokterobgynpedalaman#papua#fyp,health,0.95,False,ollama_enhanced,
dokteramiraobgyn,7621226533230890248,tidak ada keluarga yang sempurna #dokterobgynpedalaman#papua#fyp,health,0.85,False,ollama_enhanced,
dokteramiraobgyn,7621214395179240712,Membalas @Maria Ulfah3299 kalo gak punya suami atau pacar apa perlu vaksin hpv #dokterobgynpedalaman,health,0.95,False,ollama_enhanced,
dokteramiraobgyn,7620848172826447111,untuk anda sang tulang punggung keluarga yang sering lupa diri sendiri #dokterobgynpedalaman#papua#f,health,0.95,False,ollama_enhanced,
dokteramiraobgyn,7619538543022476564,moment ter istimewa di hari raya #dokterobgynpedalaman#papua#fyp,health,0.85,False,ollama_enhanced,
dokteramiraobgyn,7616947122876763412,Membalas @yopiyippi begini kaau hobi hubungan sex diusia muda #dokterobgynpedalaman#papua#fyp,health,0.95,False,ollama_enhanced,
dokteramiraobgyn,7616733251411004693,wowww 20tahun sudah hamil anak ke 3 #dokterobgynpedalaman#papua#fyp,health,0.95,False,ollama_enhanced,
dokteramiraobgyn,7614346203521649941,apakah hiv akan mati? ini kisah wanita hebat pejuang hiv dan kanker cervix #dokterobgynpedalaman#pap,health,0.95,False,ollama_enhanced,
dokteramiraobgyn,7613779953770908949,wajib disimak untuk perempuan obesitas khususnya yang belum menikah#dokterobgynpedalamam#papua#fyp,health,0.95,False,ollama_enhanced,
dokteramiraobgyn,7613425927875398932,gimana klao anda lagi hamil dan suaminya begini?? #dokterobgynpedalaman#papua#fyp,health,0.95,False,ollama_enhanced,
dokteramiraobgyn,7612663134884580628,wah bahaya berkali kali secar di usia muda #dokterobgynpedalaman#papua#fyp,health,0.95,False,ollama_enhanced,
dokteramiraobgyn,7612295685177724181,apa kanker bisa sembuh ? yuk tanya dr @dokternisa obgyn #dokterobgynpedalaman#papua#fyp,health,0.95,False,ollama_enhanced,
dokteramiraobgyn,7612157678835485972,untuk para bunda galau karna anak perempuannya haid gak teratur #dokterobgynpedalaman#papua#fyp,health,0.95,False,ollama_enhanced,
dokteramiraobgyn,7612117604655697173,kanker bukan akhir segalanya berusaha itu wajib hukumnya #dokterobgynpedalaman#papua#fyp,health,0.95,False,ollama_enhanced,
dokteramiraobgyn,7611859191451454740,hati hati anda / pasangan anda pernah kena penyakit menular sex sebelum menikah #dokterobgynpedalama,health,0.95,False,ollama_enhanced,
dokteramiraobgyn,7611668209468525844,nyeri haid karna miom #dokterobgynpedalaman#papua#fyp,health,0.95,False,ollama_enhanced,
dokteramiraobgyn,7610794675246599445,perempuan yang punya masa lalu hubungan sex dengan mantan wajib hati hati #dokterobgynpedalaman#papu,health,0.95,False,ollama_enhanced,
dokteramiraobgyn,7610023173882531092,Apa usg 4D wajib ?? #dokterobgynpedalaman#papua#fyp,health,0.95,False,ollama_enhanced,
dokteramiraobgyn,7609572958377348373,kalian tim usg apa? #dokterobgynpedalaman#papua#fyp,health,0.95,False,ollama_enhanced,
dokteramiraobgyn,7609269599346937109,keluhan tidak normal ini awal keluhannya pasien ini #dokterobgynpedalaman#papua#fyp,health,0.95,False,ollama_enhanced,
dokteramiraobgyn,7608614848200477972,"Saran saya untuk anak2 muda:jangan terlalu mudah jatuh cinta, cinta itu rumit kamu harus menanyakan ",health,0.95,False,ollama_enhanced,
dokteramiraobgyn,7607997039867104533,perempuan yang obesitas wajib simak ini #dokterobgynpedalaman#papua#fyp,health,0.95,False,ollama_enhanced,
dokteramiraobgyn,7607834546377149717,Tahukah kamu bahwa RAHIM diambil dari Nama ALLaH “Ar Rahim” Yang Maha Penyayang Yang Rohim ialah ibu,health,0.95,False,ollama_enhanced,
dokteramiraobgyn,7607474984792984853,untuk bumil yang masi galau boleh puasa gak #dokterobgynpedalaman#papua#fyp,health,0.95,False,ollama_enhanced,
dokteramiraobgyn,7607389394147757333,berhenti merokok kalau tidak mau bayi anda begini #dokterobgynpedalaman#papua#fyp,health,0.95,False,ollama_enhanced,
dokteramiraobgyn,7606757504038587668,umur 50 tahun dengan 11 anak ternyTa begini #dokterobgynpedalaman#papua#fyp,health,0.95,False,ollama_enhanced,
dokteramiraobgyn,7605962718511697173,tidak usah vaksin hpv kalau sudah kena kanker cervix #dokterobgynpedalaman#papua#fyp,health,0.95,False,ollama_enhanced,
dokteramiraobgyn,7605922513075358997,Hpv dna gratis dimana mana #dokterobgynpedalaman#papua#fyp,health,0.95,False,ollama_enhanced,
dokteramiraobgyn,7604331531821174036,anak anda butuh vaksin HPV #dokterobgynpedalaman#papua#fyp,health,0.95,False,ollama_enhanced,
dokteramiraobgyn,7604040230194187541,hayo siapa yang haidnya sering gak teratur #dokterobgynpedalaman#papua#fyp,health,0.95,False,ollama_enhanced,
dokteramiraobgyn,7603755825051536661,perempuan sering takut alat ini dimasukan kedalam vaginanya padahal penting#dokterobgynpedalaman#pap,health,0.95,False,ollama_enhanced,
dokteramiraobgyn,7603699666508664084,"Selamat pagi pasien pasian poli onkologi, setiap hari kami akan setia melayani apapun hasilnya hari ",health,0.95,False,ollama_enhanced,
dokteramiraobgyn,7603368918123547924,para pejuang kanker butuh support system yang setia #dokterobgynpedalaman#papua#fyp,health,0.95,False,ollama_enhanced,
dokteramiraobgyn,7603296686664060181,apakabar mulut rahimmu hari ini?? solusinya deteksi dini kanker cervix dengan IVA/papsmear/hpv dna d,health,0.95,False,ollama_enhanced,
dokteramiraobgyn,7602548166222744853,Banyak tekanan setelah melahirkan jangan sampai buah hati yang jadi korban #dokterobgynpedalaman#pap,health,0.95,False,ollama_enhanced,
dokteramiraobgyn,7600417628519288084,tanda bahaya saat hubungan dengan suami #dokterobgynpedalaman#papua#fyp,health,0.95,False,ollama_enhanced,
dokteramiraobgyn,7599682652454669589,bogor kota kelahiran saya #dokterobgynpedalaman#papua#fyp,health,0.85,False,ollama_enhanced,
dokteramiraobgyn,7599670620397522196,Kapan giliran anda pap smear??#dokterobgynpedalaman#papua#fyp#FYP,health,0.95,False,ollama_enhanced,
dokteramiraobgyn,7597785901598608660,Jangan lupa pap smear dan kalau bisa tambah HPV DNA #dokterobgynpedalaman#papua#fyp#fyp,health,0.95,False,ollama_enhanced,
dokteramiraobgyn,7597105235210898709,tanya apa aja tentang skrining kanker cervix #dokterobgynpedalaman#papua#fyp,health,0.95,False,ollama_enhanced,
dokteramiraobgyn,7596717543922961684,pak suami yang istrinya sedang hamil wajib dengar ini #dokterobgynpedalaman#papua#fyp,health,0.95,False,ollama_enhanced,
dokteramiraobgyn,7596280603696237844,Resep tetap lansing di usia menopouse! #dokterobgynpedalaman#papua#fyp,health,0.95,False,ollama_enhanced,
dokteramiraobgyn,7595872713579728149,3 tanda child grooming?? Kita tanya ke mbak psycolog @Nuran Abdat | Psikolog #dokterobgynpedalaman#p,health,0.95,False,ollama_enhanced,
dokteramiraobgyn,7595806031335214356,Sedang mengalami menopouse wajib dengar ini #dokterobgynpedalaman#papua#fyp,health,0.95,False,ollama_enhanced,
dokteramiraobgyn,7594485542318869781,baru umur 20 tahun sudah hamil kedua dengan bekas secar#dokterobgynpedalaman#papua#FYP,health,0.95,False,ollama_enhanced,
dokteramiraobgyn,7594028786082008341,hamil dengan kista ovarium jangan takut #dokterobgynpedalaman#papua#fyp,health,0.95,False,ollama_enhanced,
dokteramiraobgyn,7593697234559028501,nikah muda berbahaya #dokterobgynpedalaman#papua#fyp,health,0.95,False,ollama_enhanced,
dokteramiraobgyn,7593652580371238165,keluar darah saat hubungan dengan suami apa yanf harus anda lakukan? #dokterobgynpedalaman#papua#fyp,health,0.95,False,ollama_enhanced,
dokteramiraobgyn,7592282882727611668,Harus semangat selalu ada harapan sampai akhir kehidupan #dokterobgynpedalaman#papua#fyp,health,0.95,False,ollama_enhanced,
dokteramiraobgyn,7591523618031504660,sepenting apa usg diawal kehamilan #dokterobgynpedalaman#papua#fyp,health,0.95,False,ollama_enhanced,
dokteramiraobgyn,7591432980535561492,hamil dengan ambeien atau wasir tidak harus operasi secar #dokterobgynpedalaman#papua#fyp,health,0.95,False,ollama_enhanced,
dokteramiraobgyn,7591109390296485140,semua perempuan yang sudah pernah hubungan sex ayo wajib pap smear #dokterobgynpedalaman#papua#fyp,health,0.95,False,ollama_enhanced,
dokteramiraobgyn,7591091797280034069,gak bisa haid normal setelah di steril apa benar? #dokterobgynpedalaman#papua#fyp,health,0.95,False,ollama_enhanced,
dokteramiraobgyn,7590742213798186261,perempuan gemuk beresiko 6x lebih tinggi kematian karena kanker endometrium #dokterobgynpedalaman#pa,health,0.95,False,ollama_enhanced,
doktermatahendra,7679292594265853202,"Ngeri nga sih? Sedang operasi katarak, tiba-tiba ingin batuk? Jangan dipaksakan dan jangan panik!Saa",health,0.95,False,ollama_enhanced,
doktermatahendra,7678892872661208328,"Pakai kontak lensa, mata terasa kering dan tidak nyaman? Jangan anggap sepele! Kontak lensa memang b",health,0.95,False,ollama_enhanced,
doktermatahendra,7677792003605744904,"Mata terlihat baik-baik saja, tapi penglihatan bisa perlahan menghilang. Benarkah glaukoma bisa meny",health,0.95,False,ollama_enhanced,
doktermatahendra,7676478520243146002,"Mata minus menyebabkan glaukoma? 👓👁️ Jawabannya: Bukan penyebab langsung, tetapi mata minus—terutama",health,0.95,False,ollama_enhanced,
doktermatahendra,7674854675761466642,"Orang tua minus, apakah anak pasti ikut minus? 👓👀 Jawabannya: Iya, risikonya memang lebih tinggi.Fak",health,0.95,False,ollama_enhanced,
doktermatahendra,7674533561688427783,Mata minus pada anak bukan sekadar karena terlalu sering menonton TV! 👀 Mengapa semakin banyak anak ,health,0.95,False,ollama_enhanced,
doktermatahendra,7674176765979528456,Menjadi pelaut dengan kacamata minus 6.00? Ombak bukan satu-satunya tantangan buat bro flintyeezy 🌊👓,health,0.95,False,ollama_enhanced,
doktermatahendra,7673773730836892936,"Kalau cuma dipakai 5 menit, apa pinjam kacamata teman bisa merusak mata? 👓Memakai kacamata milik tem",health,0.95,False,ollama_enhanced,
doktermatahendra,7671492629477051666,🚨 JANGAN TERTIPU WARNA KEMASAN! 👁️💧Banyak orang mengira semua obat tetes mata yang dijual bebas aman,health,0.95,False,ollama_enhanced,
doktermatahendra,7671140338479680786,"“Obat mata dan angkat beban bikin buta?” 🤔Yuk kita bahas, sebelum semua jadi takut ke gym. 🙈Seorang ",health,0.95,False,ollama_enhanced,
doktermatahendra,7670729447573687570,"Jangan asal pijat bola mata! Yang satu ini justru bisa berbahaya.Sampai saat ini, belum ada bukti il",health,0.95,False,ollama_enhanced,
doktermatahendra,7670577438564437256,I came in today expecting to perform just a surgery before heading off to chair a meeting elsewhere.,health,0.95,False,ollama_enhanced,
doktermatahendra,7670480704383290631,"""Hal yang paling saya sesali setelah operasi mata adalah... kenapa tidak operasi dari beberapa tahun",health,0.95,False,ollama_enhanced,
doktermatahendra,7669755650947255559,"👓 Apakah aman membeli kacamata secara online?Nah, aman buat dompet... belum tentu buat mata 🙈.Jawaba",health,0.95,False,ollama_enhanced,
doktermatahendra,7668667566226722066,HP memang bikin susah move on... Tapi benarkah bisa bikin tumor otak? 🤯📱Jawabannya: MITOS.Hingga saa,health,0.95,False,ollama_enhanced,
doktermatahendra,7667844068575120648,Posisi favorit: rebahan. Aktivitas favorit: scrolling tanpa henti. 😂. Apakah benar tiduran sambil ma,health,0.95,False,ollama_enhanced,
doktermatahendra,7666336267709205768,“Satu episode lagi...” katanya. Tahu-tahu subuh 😂Tapi benarkah maraton nonton drama bisa merusak mat,health,0.95,False,ollama_enhanced,
doktermatahendra,7665922576270576914,“Anak saya tidak pernah mengeluh matanya kabur.” Apakah itu berarti penglihatannya normal? Belum ten,health,0.95,False,ollama_enhanced,
doktermatahendra,7664166016905153800,"Sebagai dokter mata yang sudah melakukan pelayanan spesialistik 10 tahun, saya dan teman2 saya sepak",health,0.95,False,ollama_enhanced,
doktermatahendra,7663719968340462856,💻 Kerja di depan laptop seharian + duduk di ruangan ber-AC? Mata Anda berisiko lebih cepat kering!Ba,health,0.95,False,ollama_enhanced,
doktermatahendra,7662323161769217287,"LASIK atau SMILE hanya untuk pasien usia muda?✅ Faktanya: Tidak, usia bukan satu-satunya penentu apa",health,0.95,False,ollama_enhanced,
doktermatahendra,7661214284973706514,"Kalau anak punya minus atau silinder, jangan anggap remeh—bisa berisiko amblyopia (mata malas) kalau",health,0.95,False,ollama_enhanced,
doktermatahendra,7660735639196863752,Masih mitos atau fakta: “Obat tetes mata bikin ketergantungan”? Mari luruskan. 👇👁️ Pernah takut ngga,health,0.95,False,ollama_enhanced,
doktermatahendra,7659726514287676679,"Dari mata merah hingga bebas kacamata 🥰, yuk kenalan dulu dengan Kak Tenri.R🧚🏻‍♀️ — sosok profesiona",health,0.95,False,ollama_enhanced,
doktermatahendra,7658899265535741202,Tsunami Myopia; Anak-anak yang lahir hari ini memiliki risiko lebih tinggi mengalami mata minus diba,health,0.95,False,ollama_enhanced,
doktermatahendra,7657775338142928135,"Banyak orang datang untuk screening LASIK atau SMILE, tetapi lupa bahwa penggunaan softlens dapat me",health,0.95,False,ollama_enhanced,
doktermatahendra,7656723058090183944,"Masih muda tapi kok perlu kacamata plus? Mata “plus” di usia muda — bisa bikin kaget, tapi jangan la",health,0.95,False,ollama_enhanced,
doktermatahendra,7656712678400003335,Masih main game tapi mata sering perih setiap habis main? Bukan cuma kamu — banyak gamer mengalaminy,health,0.95,False,ollama_enhanced,
doktermatahendra,7653661812977585416,Masih takut nangis atau cuci muka setelah LASIK/SMILE? Fakta vs mitos — straight to the point dari d,health,0.95,False,ollama_enhanced,
doktermatahendra,7652938576375729416,"Walau banyak dipercaya secara tradisional, namun tidak disarankan meneteskan ASI ke mata bayi yang m",health,0.95,False,ollama_enhanced,
doktermatahendra,7651873025733840146,Apakah penyakit saraf mata (retina) tidak ada obatnya? 🤔🧠👁️ Ini pertanyaan yang topiknya sangat luas,health,0.95,False,ollama_enhanced,
doktermatahendra,7651178545489775880,"Mengapa harus melepas softlens sebelum screening LASIK/SMILE? 🌀👁️ Ingat, Tindakan laser bekerja sang",health,0.95,False,ollama_enhanced,
doktermatahendra,7649723481059380498,"Fakta atau Mitos: Kalau obat tetes mata sudah lama dibuka, bisa menyebabkan infeksi? 🤔💧👁️ Ya, Fakta.",health,0.95,False,ollama_enhanced,
doktermatahendra,7648515442016832786,"Wah, luar biasa sekali dok @hikmahamkii ! 😍 Awalnya hanya menemani sang suami mengikuti Makassar Hal",health,0.95,False,ollama_enhanced,
doktermatahendra,7647338583455583495,"Obat tetes mata yang bisa menyembuhkan katarak? Saat ini masih mitos, semoga kemajuan ilmu pengetahu",health,0.95,False,ollama_enhanced,
doktermatahendra,7645943416668392712,"Habis LASIK/SMILE masih boleh pakai softlens? 👁✨Jawabannya: BISA, tapi biasanya sudah tidak diperluk",health,0.95,False,ollama_enhanced,
doktermatahendra,7644422305791134983,"“Mata saya sering kedip, apakah tetap bisa LASIK atau SMILE?” 👁✨Jawabannya: pada sebagian besar kasu",health,0.95,False,ollama_enhanced,
doktermatahendra,7643294690695040274,Masih bingung bedanya SMILE dan SMILE Pro? 👀🔹 SMILE✔️ Sayatan minimal✔️ Recovery cepat✔️ Nyaman untu,health,0.95,False,ollama_enhanced,
doktermatahendra,7642720594689264914,Mengapa Glaukoma Bisa Menyebabkan Sakit Kepala Hebat?Banyak orang mengira sakit kepala hanya berasal,health,0.95,False,ollama_enhanced,
doktermatahendra,7641974243693006098,Tag pasta lovers 😁 #pasta #kesehatanmata #doktermatahendra,health,0.95,False,ollama_enhanced,
doktermatahendra,7640758387742936328,Ketebalan Kornea Ideal untuk LASIK dan SMILE: Faktor Kunci Menuju Mata Bebas Kacamata!Saat mempertim,health,0.95,False,ollama_enhanced,
doktermatahendra,7639617784565058823,Setelah operasi katarak kapan aman naik pesawat? ✈️👁 Ini salah satu pertanyaan paling sering ditanya,health,0.95,False,ollama_enhanced,
doktermatahendra,7637764467413093650,Penderita glaukoma boleh LASIK atau SMILE nggak dok?👀 Jawabannya: TIDAK.Kenapa? Karena pada pasien g,health,0.95,False,ollama_enhanced,
doktermatahendra,7635608654594477330,"Anak sering pakai kacamata, nanti jadi ketergantungan? 👓🤔Banyak orang tua khawatir… kalau anak pakai",health,0.95,False,ollama_enhanced,
doktermatahendra,7634886003647384840,Ada hari2 itu—di sore yang tenang di RS—saat pintu terbuka dan keluarga masuk bergandengan. Bukan se,health,0.95,False,ollama_enhanced,
doktermatahendra,7634497530763496712,"Apakah LASIK atau SMILE bisa mengubah biometrik mata kita? 👁️✨Banyak yang khawatir: setelah operasi,",health,0.95,False,ollama_enhanced,
doktermatahendra,7633074624175082759,"In the final part of our 3-part interview with Prof @danreinstein , we tackle a crucial question: Am",health,0.95,False,ollama_enhanced,
doktermatahendra,7633072996998974727,"In Part 2 of this 3-part interview series with @danreinstein , we explore an important question: Is ",health,0.95,False,ollama_enhanced,
doktermatahendra,7633071387338476818,Grateful for the opportunity to interview Prof @danreinstein . He shared valuable insights about Pre,health,0.95,False,ollama_enhanced,
doktermatahendra,7633065465987828999,"Operasi mata itu sakit nggak sih, dok? 👀😰Ini salah satu pertanyaan yang paling sering ditanyakan pas",health,0.95,False,ollama_enhanced,
doktermatahendra,7627135647698013447,"Habis Batuk Parah, Besoknya Mata Jadi Merah, Apakah Berbahaya?Banyak pasien kaget ketika bangun tidu",health,0.95,False,ollama_enhanced,
doktermatahendra,7626355976601455880,"👁️ Tanda-Tanda Katarak yang Perlu Diketahui,Banyak orang mengira penglihatan buram hanya karena usia",health,0.95,False,ollama_enhanced,
doktermatahendra,7625202734555352338,Glaukoma sering disebut sebagai pencuri penglihatan yang diam-diam. Mengapa berbahaya?🔹 Kerusakan te,health,0.95,False,ollama_enhanced,
doktermatahendra,7624506051420769544,"Menggunakan obat tetes mata sering membuat tenggorokan terasa pahit, karena adanya hubungan langsung",health,0.95,False,ollama_enhanced,
doktermatahendra,7622702648675798290,Laser yang digunakan untuk LASIK atau SMILE bisa memotong mata dan menyebabkan kebutaan? 👁️Jawabanny,health,0.95,False,ollama_enhanced,
doktermatahendra,7622118628535586066,"Mata saya sering berair, tapi dokter bilang mata saya kering. Kok bisa ya? 🤔💧Ini salah satu kondisi ",health,0.95,False,ollama_enhanced,
doktermatahendra,7618665144335240466,Mata kering itu cuma sepele? 👉 Jangan salah… walau biasanya bukan hal yang serius 👀 mata kering buka,health,0.95,False,ollama_enhanced,
doktermatahendra,7618142731772103957,"Orang tua minus… anak pasti ikut minus juga?Jawabannya: belum tentu, tapi ada risikonya.👁 Jika 1 ora",health,0.95,False,ollama_enhanced,
doktermatahendra,7617433019384728840,"Dok, habis LASIK / SMILE boleh tidur miring nggak? 😴Pertanyaan ini sering sekali ditanyakan pasien s",health,0.95,False,ollama_enhanced,
doktermatahendra,7617027312151776519,Mata Mengeluarkan Lendir — Normal atau Bahaya? Mata mengeluarkan lendir memang mengganggu — tapi bel,health,0.95,False,ollama_enhanced,
doktermatahendra,7616183306886843668,"Penggemar kerang mana suaranyaaaa 😁👍, yuk simak hubungan antara kerang2an dan kesehatan mata 🥰, kebe",health,0.95,False,ollama_enhanced,
doktermatahendra,7615611675009355015,"Saat ini, dokter sering lebih menganjurkan SMILE (Small Incision Lenticule Extraction) dibanding LAS",health,0.95,False,ollama_enhanced,
doktermatahendra,7614878686856138002,"Gangguan refraksi — sering dianggap remeh. Padahal dampaknya bisa luas, dari penurunan performa seha",health,0.95,False,ollama_enhanced,
doktermatahendra,7614487653475536135,"Rabun pada anak sering kali tidak langsung disadari, karena anak mengira penglihatannya sudah “norma",health,0.95,False,ollama_enhanced,
doktermatahendra,7613723072163564808,"Penggemar sushi mana suaranyaaa 😁👍, yuk simak hubungan antara sushi dan kesehatan mata 🥰Kalau suka d",health,0.95,False,ollama_enhanced,
doktermatahendra,7613349882371378450,"Penggemar kepiting mana suaranyaa 😁👍Kalau suka dan merasa postingan ini bermanfaat, jangan lupa buat",health,0.95,False,ollama_enhanced,
doktermatahendra,7612900716180425992,"Penggemar durian mana suaranya 😁👍Kalau suka dan merasa postingan ini bermanfaat, jangan lupa buat su",health,0.95,False,ollama_enhanced,
doktermatahendra,7612591807653858567,"Kutu di bulu mata—mitos atau kenyataan? Faktanya: Iya itu ada, dan disebabkan oleh Demodex 😨😨.Demode",health,0.95,False,ollama_enhanced,
doktermatahendra,7609530917035592968,Trauma Kimia Mata; 3 Langkah Cepat yang Bisa Menyelamatkan Penglihatan! Cipratan bahan kimia ke mata,health,0.95,False,ollama_enhanced,
doktermatahendra,7608123960479304968,Pasca LASIK/SMILE: Kapan Aman Mengemudi Lagi? Jawabannya — tergantung. Berikut panduan praktis yang ,health,0.95,False,ollama_enhanced,
doktermatahendra,7607887879095717128,Ulkus Kornea: Kenapa Ini Bisa Mengancam Penglihatan Kita 😨😨😨Ulkus kornea = luka di permukaan kornea ,health,0.95,False,ollama_enhanced,
doktermatahendra,7604866309939006738,Burger & Kesehatan Mata: Nikmatnya Aman — Asalkan Kita Tahu Caranya.Kenapa burger bisa berisiko: • L,health,0.95,False,ollama_enhanced,
doktermatahendra,7604528533100170514,Trauma tajam pada mata merupakan gawat darurat yang dapat berbahaya dan berpotensi mengakibatkan keb,health,0.95,False,ollama_enhanced,
doktermatahendra,7602292248071441671,Telur: makanan sederhana — tapi ajaib dan penuh manfaat untuk mata kita🥚👁️ Mengapa telur penting unt,health,0.95,False,ollama_enhanced,
doktermatahendra,7601814031023869191,"Ketemu teman sekaligus pasien sehabis lasik dari Bantaeng setelah 6 bulan 😁, tiba2 saya dikontak bu ",health,0.95,False,ollama_enhanced,
doktermatahendra,7601468509582953746,"Mau mata sehat dan bebas kering sampai tua? Mulai dari piring kita, solusinya ikan, ikan punya peran",health,0.95,False,ollama_enhanced,
doktermatahendra,7601140378280021255,Daging sapi baik untuk tubuh dan mata — asal dimakan dengan cerdas. 👁️🥩 Kenapa baik dan penting?• Za,health,0.95,False,ollama_enhanced,
doktermatahendra,7600278749782740231,Mau penglihatan tajam sampai tua? Mulai dari piring kita ya — fokus pada 3 golongan makanan ini. 👁️🥦,health,0.95,False,ollama_enhanced,
doktermatahendra,7599337544962067730,Pemain game mana suaranyaa??#maingame #kesehatanmata #edukasimata #doktermatahendra Dokhen lagi keca,health,0.75,False,ollama_enhanced,
doktermatahendra,7598966742026587399,Mata kena benturan? Tindakan pertama yang salah bisa memperburuk keadaan. Nonton sampai akhir — ini ,health,0.95,False,ollama_enhanced,
doktermatahendra,7598551568929295624,"Baca komik itu hak kita, Jaga mata itu juga tanggung jawab kita 😁👍. Setuju?#bacakomik #kesehatanmata",health,0.95,False,ollama_enhanced,
doktermatahendra,7598209133728288007,STOP! Jangan scroll dulu kalau Anda atau orang terdekat Anda sering salah membedakan warna! 🛑Banyak ,health,0.95,False,ollama_enhanced,
doktermatahendra,7597814177465437447,"Jamur ternyata baik untuk mata loh, manfaat dan kandungannya?• Vitamin D: Banyak jamur mengandung vi",health,0.95,False,ollama_enhanced,
doktermatahendra,7596347642121047314,"Pernah lihat kilatan cahaya aneh padahal gak ada petir? Hati-hati, retina kamu mungkin sedang “berte",health,0.95,False,ollama_enhanced,
doktermatahendra,7594456345517018376,"Untuk seorang influencer yang dituntut selalu tampil prima seperti kak @ismyamaliah , SMILE Pro adal",health,0.95,False,ollama_enhanced,
doktermatahendra,7593979427604712711,"LASIK Kanan, SMILE Kiri: Mana yang Bikin Nangis?😁 Nah, pasien kami kali ini ci @monikatansil spesial",health,0.95,False,ollama_enhanced,
doktermatahendra,7593753975011249415,"“Dok, tolong carikan saya donor saraf mata, berapapun biayanya saya bayar!” Sahabat @doktermatahendr",health,0.95,False,ollama_enhanced,
doktermatahendra,7592995771671203079,"“Dok, saya lagi terjerat hutang, boleh nggak kornea saya diambil satu buat dijual?” 🥲 Sahabat @dokte",health,0.95,False,ollama_enhanced,
doktermatahendra,7591009901636242695,"Pernah dengar gosip ini? 'Jangan LASIK! Nanti kalau tua kena katarak, nggak bisa dioperasi lagi loh!",health,0.95,False,ollama_enhanced,
dokternadiyah,7678710319962721557,Area kewanitaan terasa “becek” terus? 💦 Normal atau perlu diperhatikan?Cairan di area kewanitaan bis,health,0.95,False,ollama_enhanced,
dokternadiyah,7676834990524484885,"Payudara besar sebelah, normal nggak sih? 👀Sebenarnya, ukuran atau bentuk payudara yang sedikit berb",health,0.95,False,ollama_enhanced,
dokternadiyah,7676423802066193685,"“Sudah minum ini itu, tapi amb*ien-nya masih gitu-gitu aja?” 🫣Jangan cuma fokus meredakan rasa tidak",health,0.95,False,ollama_enhanced,
dokternadiyah,7672028399426145557,Menstrual Cup: Aman atau Justru Berbahaya? 🩸✨Menstrual cup pada dasarnya aman digunakan selama dipil,health,0.95,False,ollama_enhanced,
dokternadiyah,7670563761538927893,"✨ Nutrisi Bumil !Selama hamil, kebutuhan nutrisi meningkat untuk mendukung kesehatan ibu dan tumbuh ",health,0.95,False,ollama_enhanced,
dokternadiyah,7669438729538718996,"""Haid telat belum tentu hamil, lho!"" 🤍Banyak yang langsung panik saat haid terlambat. Padahal, selai",health,0.95,False,ollama_enhanced,
dokternadiyah,7666792197546659093,✨Berbagi Ilmu tentang Healthy Aging untuk Perempuan✨Sebagai bagian dari komitmen dalam mengedukasi m,health,0.95,False,ollama_enhanced,
dokternadiyah,7666114364314864916,Tr*uma Babyblves tapi pengen hamil lagi 🥲Gimana ya?#pregnant #promil #tipsbumil #creatorsearchinsigh,health,0.95,False,ollama_enhanced,
dokternadiyah,7659085214144122132,"Miom, apakah selalu harus operasi? 🤔Keputusan terapi tergantung pada beberapa hal, seperti ukuran mi",health,0.95,False,ollama_enhanced,
dokternadiyah,7657610172365393173,"🩸 Nyeri haid, apakah harus langsung periksa ke dokter?Tidak semua nyeri haid berbahaya. Kram ringan ",health,0.95,False,ollama_enhanced,
dokternadiyah,7656484037397204244,"Haid sering telat, jerawat ga hilang, susah hamil…Bisa jadi itu tanda PCOS ‼️#pcos #kesehatanwanita ",health,0.95,False,ollama_enhanced,
dokternadiyah,7656102064430337301,Replying to @Andri R tergantung kondisi masing-masing wanita. 🌸Miom adalah tumor jinak yang pertumbu,health,1.0,False,ollama_enhanced,
dokternadiyah,7672419927915040020,Miss V berbau? Jangan buru-buru pakai parfum! 🚫🌸Area kewanitaan memang punya aroma alami. Tapi kalau,health,0.95,False,ollama_enhanced,
dokternadiyah,7670936962101955861,"Saya juga suka craving yg manis, nah yang ini realfood 100% no sugar, kita review dark coklat ini ya",health,0.75,False,ollama_enhanced,
dokternadiyah,7667976801301368085,Pengen tahu keputihanmu masih normal atau sudah perlu diwaspadai? 👀✨ Keputihan normal umumnya berwar,health,0.95,False,ollama_enhanced,
dokternadiyah,7663139954213588244,"✨ Bekas SC Bisa Disamarkan, Tapi Perlu Proses dan Perawatan yang Tepat✨Banyak ibu merasa kurang perc",health,0.95,False,ollama_enhanced,
dokternadiyah,7662755012543663380,"CD Bolong Lagi? Kok Bisa?Baru beli celana dalam, eh beberapa bulan kemudian bolong lagi di bagian te",health,0.95,False,ollama_enhanced,
dokternadiyah,7660890152784497940,"Bumil Sering Nyemil? Boleh Kok, Asal Pilih yang Tepat! 🤰🍎Saat hamil, rasa lapar bisa datang lebih se",health,0.95,False,ollama_enhanced,
dokternadiyah,7654976088774413589,"Anak sering malas sarapan, lalu mengantuk dan kurang fokus di sekolah? 🤔Jangan dianggap sepele, ya M",health,0.95,False,ollama_enhanced,
dokternadiyah,7654610252809211157,"💧 Keputihan itu normal, tapi kalau jumlahnya berlebihan, berbau, gatal, atau berubah warna, jangan d",health,0.95,False,ollama_enhanced,
dokternadiyah,7653872187610385685,"📈 Tumbuh kembang anak bukan hanya soal berat badan naik, lho!Anak yang tumbuh optimal membutuhkan ko",health,0.95,False,ollama_enhanced,
dokternadiyah,7653482216563019028,Replying to @buufaa3 Keloid itu bahaya nggak sih? 🤔Keloid adalah jaringan parut yang tumbuh berlebih,health,0.95,False,ollama_enhanced,
dokternadiyah,7652022515430133013,"Replying to @manzil Keloid: Bekas Luka yang Tumbuh Berlebihan, Bisa Diatasi? 🤔Keloid adalah jaringan",health,0.95,False,ollama_enhanced,
dokternadiyah,7644593964338793748,Keluar flek saat hamil muda sering bikin panik 😢Tapi… apakah itu pasti tanda keguguran? Pada awal ke,health,0.95,False,ollama_enhanced,
dokternadiyah,7643058981992287508,"sebenarnya jenis kelamin bayi bisa diketahui sejak kapan sih?” 👶✨Secara biologis, jenis kelamin bayi",health,0.95,False,ollama_enhanced,
dokternadiyah,7635678013551594773,Siapa yang worried bekas SC jadi keloid? 🙋‍♀️👋 Keloid emang sering bikin gatal dan kurang pede. Pada,health,0.95,False,ollama_enhanced,
dokternadiyah,7634192318211394837,Mau persalinan lebih lancar? Semua harus dipersiaplan sebelum hari H!✔️ Jaga aktivitas✔️ Latih napas,health,0.95,False,ollama_enhanced,
dokternadiyah,7651075385479761173,"🤰🤱 Bumil dan Busui, jangan asal pilih bra ya!Perubahan ukuran payudara selama hamil dan menyusui mem",health,0.95,False,ollama_enhanced,
dokternadiyah,7650497991484296469,"🤰🤱Bumil dan Busui, jangan asal pilih bra ya!Perubahan ukuran payudara selama hamil dan menyusui memb",health,0.95,False,ollama_enhanced,
dokternadiyah,7649380791260122389,"Putng inverted (putng masuk ke dalam) bisa menjadi tantangan, terutama bagi ibu menyusui karena bayi",health,0.95,False,ollama_enhanced,
dokternadiyah,7647542457823022356,"Setelah melahirkan, tubuh ibu sedang bekerja keras untuk pulih. 🤍 Stretch mark, kulit kering, hingga",health,0.95,False,ollama_enhanced,
dokternadiyah,7647157215534664980,"Udara segar, ruangan bersih, dan aroma yang nyaman bisa membuat mood jadi lebih baik. ✨Menjaga keseh",health,0.95,False,ollama_enhanced,
dokternadiyah,7646060486085496084,🩲 Mencuci pakaian dalam tidak boleh sembarangan!Masih sering mencampur pakaian dalam dengan pakaian ,health,0.95,False,ollama_enhanced,
dokternadiyah,7643821540311715092,"Buat para girls, tubuh kita butuh asupan zat besi ekstra setiap harinya. Saat hamil, tubuh Bunda mem",health,0.95,False,ollama_enhanced,
dokternadiyah,7642149557052214549,"Udah rajin skincare-an luar dalam tapi kulit tetap kelihatan lelah? 🥲Kadang kita lupa, skincare oles",health,0.95,False,ollama_enhanced,
dokternadiyah,7629737700693708053,"Bumil Pengen Smoothing? Banyak yang tanya, ""Boleh nggak sih smoothing pas hamil?"" 🤔Secara medis, bel",health,0.95,False,ollama_enhanced,
dokternadiyah,7629323880427097364,Olahraga yang disarankan dan tidak dianjurkan untuk bumil !#edukasikesehatan #olahragabumil #creator,health,0.95,False,ollama_enhanced,
dokternadiyah,7631624278982626581,Kenapa sih D3 penting?Karena vitamin ini berperan besar dalam:✨ Menyeimbangkan hormon reproduksi✨ Me,health,0.95,False,ollama_enhanced,
dokternadiyah,7631125163966237972,"Puting sering lecet saat menyusui? Jangan dianggap sepele ya, moms 🤍Ternyata bentuk puting juga berp",health,0.95,False,ollama_enhanced,
dokternadiyah,7628626173001469205,"Setelah jamu*an selangk*ngan jadi menggelap, hitam dan bikin ga pede 😬#edukasikesehatan #lipatangela",health,0.95,False,ollama_enhanced,
dokternadiyah,7627487661778914580,Chicken skin atau secara medis disebut Keratosis Pilaris adalah kondisi kulit yang ditandai dengan m,health,0.95,False,ollama_enhanced,
dokternadiyah,7626975700821495061,Bumil tidur miring kanan apakah berbahaya?#edukasikesehatan #infobumil #tipsbumil #creatorsearchinsi,health,0.95,False,ollama_enhanced,
dokternadiyah,7626549176339352853,"Cara simple untuk cek tes ph secara mandiri 🙌🏻Kalau gejalanya pathologist , segera ke dokter ya gurl",health,0.95,False,ollama_enhanced,
dokternadiyah,7625944833122716949,"Disamain sama Gen Z? 🤭Masyaallah ✨asal perawatannya juga niat, bukan cuma vibes aja 😉#SelfCare #Heal",health,0.95,False,ollama_enhanced,
dokternadiyah,7624925131688742165,"Ini dia salah satu barang penting perempuan saat travelling ✨Saat travelling, aktivitas padat + keri",health,0.95,False,ollama_enhanced,
dokternadiyah,7624559079372999957,"Bumil udah dekat HPL tapi belum cukur area Miss V, gimana ya? 🤔Sebenarnya, mencukur atau tidak itu b",health,0.95,False,ollama_enhanced,
dokternadiyah,7623665132912397589,Boleh ga ya? Bumil yang suka travelling atau perjalanan jauh naik pesawat ?🩺 Umumnya:✔️ Trimester 2 ,health,0.95,False,ollama_enhanced,
dokternadiyah,7621560956434255124,Gejala pada perempuan yg mesti cek ke dokter !#edukasikesehatan #perempuansehat #tipssehat #womancar,health,0.95,False,ollama_enhanced,
dokternadiyah,7620808453640015124,“Ini kontraksi beneran… atau cuma PHP dari rahim?” 🤰😅Banyak bumil panik tiap perut kencang dikit. Pa,health,0.95,False,ollama_enhanced,
dokternadiyah,7619389085857123604,[Selamat Hari Raya Idul Fitri 1447 H]Mohon maaf lahir & Batin ✨Semoga Allah sehatkan dan bahagiakan ,health,0.95,False,ollama_enhanced,
dokternadiyah,7616761757339733269,"Yang masih sering mengeluh keput!han, coba tips sehat ini ya 🙌🏻#edukasikesehatan #kewanitaan #arease",health,0.95,False,ollama_enhanced,
dokternadiyah,7610868863475010837,Part 2 Tanda Bahaya Dalam Kehamilan !#edukasikesehatan #promil #promil #obgyn #dokterkandungan,health,0.95,False,ollama_enhanced,
dokternadiyah,7610434664062536981,Tanda yg terakhir pada related ?😰Segera periksa kalo udah ngalamun tanda ini ya moms 🙌🏻#edukasikeseh,health,0.95,False,ollama_enhanced,
dokternadiyah,7608517712192589077,"Bumil yang ga mau ketinggalan puasa, berikut tipsnya ya 🙌🏻Semangat ✊🏻Selamat menunaikan Ibadah puasa",health,0.95,False,ollama_enhanced,
dokternadiyah,7607451368927792405,Minum es bikin bayi besar ?#edukasikesehatan #dokterkandungan #aires #tipsbumil #bumilsehat,health,0.95,False,ollama_enhanced,
dokternadiyah,7607053607040503061,Part 2 Tips bumil yang susah tidur !#edukasikesehatan #dokterkandungan #bantalbumil #bumilsehat,health,0.95,False,ollama_enhanced,
dokternadiyah,7606318999625813269,Part 2 Tips bumil yang susah tidur !#edukasikesehatan #dokterkandungan #bantalbumil #bumilsehat,health,0.95,False,ollama_enhanced,
dokternadiyah,7603629299530255637,"Butuh ga si, bumil penguat kandungan?#edukasikesehatan #dokterkandungan#bumilsehat #tipspromil #tips",health,0.95,False,ollama_enhanced,
dokternadiyah,7602150359103999252,Part 2#edukasikesehatan #dokterkandungan #tipshamil #obgyn,health,0.95,False,ollama_enhanced,
dokternadiyah,7601361396558875925,Jauhi resiko yang ga baik untuk debay ya parents 🙌🏻#edukasikesehatan #dokterkandungan #tipssehat #re,health,0.95,False,ollama_enhanced,
dokternadiyah,7600018993138666773,"Yang bingun dengan testpack samar samar , berikut penjelasannya ya 🙌🏻#edukasikesehatan #testpack #ga",health,0.95,False,ollama_enhanced,
dokternadiyah,7598917060625763592,"Yang bingun dengan testpack samar samar , berikut penjelasannya ya 🙌🏻#edukasikesehatan #testpack #ga",health,0.95,False,ollama_enhanced,
dokternadiyah,7623763081084013844,"Hal sepeerti ini normal… tapi nggak semuanya ‘am4n’ ya 👀Kalau warnanya berubah, bau, sperti ampas ta",health,0.95,False,ollama_enhanced,
dokternadiyah,7623056713700183317,"Kulit menggelap, muncul stretch mark, dan terasa lebih kendur setelah melahirkan ini terjadi karena ",health,0.95,False,ollama_enhanced,
dokternadiyah,7618696164732374292,Bumil malas keramas? 🙂‍↔️#edukasikesehatan #haircare #hairprotein #ciarahairprotein,health,0.85,False,ollama_enhanced,
dokternadiyah,7617541543779503381,Area lipatan menggelap? Berikut beberapa faktor penyebab dan tips mencerahkannya 🙌🏻#edukasikesehatan,health,0.95,False,ollama_enhanced,
dokternadiyah,7617166674558569749,Bumil An3m!a? Cobain tips ini ya 🙌🏻#edukasikesehatan #buahbit #beetroot #tipsbumil #bumilsehat,health,0.95,False,ollama_enhanced,
dokternadiyah,7615746727793954068,Semangat puasa✨Jaga asupan 🙌🏻#rekomendasisehat #tipssehat #vitameal,health,0.95,False,ollama_enhanced,
dokternadiyah,7615294958047907093,"Simple tone up, bumil glow up ✨#bumilcantik #lotionbumil #bumilsehat #lebaran #tipsbumil",health,0.85,False,ollama_enhanced,
dokternadiyah,7611957571309571349,Coba cek keput!han mu wajar atau menjuru ke infeks!? #edukasikesehatan #phbalance #phselftes,health,0.95,False,ollama_enhanced,
dokternadiyah,7611651607159164180,Cobain investasi kecil yang berharagan untuk kesehatan rambut & kulit kepala wanita✨#edukasikesehata,health,0.95,False,ollama_enhanced,
dokternadiyah,7611330462224518421,"Area ini sering lupa dirawat, padahal sering terkena polusi💅🏻#edukasikesehatan #tipssehat #cantik #s",health,0.85,False,ollama_enhanced,
dokternadiyah,7606693809094757652,Bumil susah tidur ? #edukasikesehatan #dokterkandungan #bumilsehat #mybunda #bantalbumil,health,0.95,False,ollama_enhanced,
dokternadiyah,7605263761372351764,Tips cegah stretch mark!#edukasikesehatan #stretchmarks #ciara #bumil,health,0.95,False,ollama_enhanced,
dokternadiyah,7604865540896640277,Bahas rekomendasi celana dalam sehat lagi 🙌🏻#edukasikesehatan #celanadalamperempuan #katun #iritasi ,health,0.95,False,ollama_enhanced,
dokternadiyah,7593311189896121607,Waspadai ya mom 🙌🏻Makanan & Minuman ini tidak baik untuk rahim 💔#edukasikesehatan #tipssehat #dokter,health,0.95,False,ollama_enhanced,
dokternadiyah,7592654312979860744,Penderita Miom boleh ga si makan/minum produk kedelai?#edukasikesehatan #tipssehat #miom #kedelai,health,0.95,False,ollama_enhanced,
dokternadiyah,7604471362450869524,"Replying to @beyourfavs🦋 Selangkangan iritasi, gimana nih ?#edukasikesehatan #iritasi #lipatangelap ",health,0.95,False,ollama_enhanced,
dokternadiyah,7602581761029098773,Yang lagi promil ! Cek ini ya 🙌🏻#edukasikesehatan #promil #mamabliss #feminimwash,health,0.95,False,ollama_enhanced,
dokternadiyah,7599626750485744916,"Buat yg kemarin nanya, koq habis cukur gatal? Cek videonya ya #edukasikesehatan #mamacare #gently #g",health,0.95,False,ollama_enhanced,
dokternadiyah,7598350061424217362,Boleh ga bumil pakai body lotion? Hmm 🤔#edukasikesehatan #bodylotion #bumil #bumilcantik #liora,health,0.95,False,ollama_enhanced,
dokternadiyah,7597681131026222344,#part2 minum skincare ✨#collagen #etalagen #cantikdaridalam,health,1.0,True,manual_check,2026-09-19T09:09:51.273963
dokternadiyah,7596364037366041874,"Untuk anak itu beda, jangan asal pakai ya moms 🙌🏻#edukasikesehatan #sunscreen #momami",health,0.95,False,ollama_enhanced,
dokternadiyah,7595951274340683016,"Selain sehat, Bumil butuh kenyamanan lebih. Cek video untuk spesifikasi khusus bumil ya moms 🫶🏻#eduk",health,0.95,False,ollama_enhanced,
dokternadiyah,7595306899461917959,"Yang nanya sunscreen untuk anak, cek video ini ya 🙌🏻#sunscreen #anak #sunscreenanak #momamiindonesia",health,0.95,False,ollama_enhanced,
dokternadiyah,7594819223738748167,Replying to @DW kalau udah terlanjur jadi keloid cobain ini ya 🙌🏻#edukasikesehatan #bekassc #keloid ,health,0.95,False,ollama_enhanced,
aymanalts,7591886278833048840,#stitch with 7591348119233678612,health,1.0,True,manual_check,2026-09-19T09:09:56.448170
aymanalts,7618588405869350162,#stitch with 7618071331661237522 Pemeriksaan TORCH adalah serangkaian tes darah untuk mendeteksi inf,health,1.0,True,manual_check,2026-09-19T09:10:04.051086
aymanalts,7617772580606430482,Shift Jaga with Ns. @Saveera Octaviana bahas pengalamannya sebagai Perawat,health,0.95,False,ollama_enhanced,
aymanalts,7621218723231173895,@Othersideofcaren🌸 semoga bermanfaat,health,1.0,True,manual_check,2026-09-19T09:10:25.465283
aymanalts,7604085749671152903,,health,1.0,True,manual_check,2026-09-19T09:11:50.779408
aymanalts,7600301849014521106,,health,1.0,True,manual_check,2026-09-19T09:11:54.266492
aymanalts,7621002370243136786,Replying to @Anak Wedok Bapak,health,0.8,False,ollama_enhanced,
aymanalts,7621567613730049298,,health,1.0,True,manual_check,2026-09-19T09:12:00.382813
aymanalts,7615936686442253576,"Bersihin muka itu penting banget! Tapi ingat sesuatu yang berlebihan kaya over-cleansing, malah bisa",health,0.95,False,ollama_enhanced,
aymanalts,7616708453393763591,"Kalo lagi sahur atau buka puasa pasti ingetnya cuman badan aja yg dikasih minum, kulit cuma dapet si",health,0.85,False,ollama_enhanced,
aymanalts,7603997283880897800,#stitch with 7602656340095307026,health,1.0,True,manual_check,2026-09-19T09:12:03.743362
aymanalts,7599555592260209927,#stitch with 7597432668938177800,health,1.0,True,manual_check,2026-09-19T09:12:10.007580
aymanalts,7620320705623674119,,health,1.0,True,manual_check,2026-09-19T09:12:26.246628
aymanalts,7615538719914953991,Siapa yang udah pake skincare mahal-mahal tapi masih tetep kusam pas bangun tidur? kalian bisa coba ,health,0.85,False,ollama_enhanced,
aymanalts,7603629481168768264,Siapa yang ngerasain rambut rontok makin menjadi-jadi saat puasa? bisa jadi kulit kepala kalian itu ,health,0.95,False,ollama_enhanced,
aymanalts,7622988969646640392,#stitch with @Mama || amanda almaira 👧👧,health,1.0,True,manual_check,2026-09-19T09:12:44.207223
aymanalts,7622497951742496007,,health,1.0,True,manual_check,2026-09-19T09:12:50.282497
aymanalts,7622204652196547847,#stitch with @Andin,health,1.0,True,manual_check,2026-09-19T09:13:04.690767
aymanalts,7622197867045768466,#stitch with @edwin,health,1.0,True,manual_check,2026-09-19T09:13:14.928666
aymanalts,7621428674692205832,,health,1.0,True,manual_check,2026-09-19T09:13:20.094547
aymanalts,7620637690802818312,#stitch with @lily kenzie,health,1.0,True,manual_check,2026-09-19T09:13:35.167279
aymanalts,7620083171136228615,#stitch with @tispage,health,1.0,True,manual_check,2026-09-19T09:13:37.517815
aymanalts,7620064674163297554,Hitungan Kalori @Sania Leonardo,health,0.85,False,ollama_enhanced,
aymanalts,7618476624362605842,,health,1.0,True,manual_check,2026-09-19T09:13:49.480352
aymanalts,7618069600093211912,Bukber akhirnya sama dokter-dokter ini,health,0.85,False,ollama_enhanced,
aymanalts,7617337415161711879,,health,1.0,True,manual_check,2026-09-19T09:14:14.621434
aymanalts,7616369553127263506,#stitch with @ThomasAlejandro,health,1.0,True,manual_check,2026-09-19T09:14:20.605467
aymanalts,7616322102425144594,Shift jaga bareng Ns. @Saveera Octaviana bahas soal Profesi Perawat ternyata juga ada Spesialisnya l,health,0.85,False,ollama_enhanced,
aymanalts,7615524642194787602,#stitch with @Lifta Siibu,health,1.0,True,manual_check,2026-09-19T09:14:28.007138
aymanalts,7615178803085708552,Shift Jaga kali ini bareng Ns. @Saveera Octaviana bahas soal Keperawatan,health,0.95,False,ollama_enhanced,
aymanalts,7614394962259545362,Ada Black mold itu,health,0.85,False,ollama_enhanced,
aymanalts,7614121944593616146,#stitch with @Althafiona Saqeenarava,health,1.0,True,manual_check,2026-09-19T09:14:30.688217
aymanalts,7613612452793601287,"#stitch with @mimaarcelio tambahan revisi kalo Ibunya O, ayahnya A atau B masih bisa kemungkinan ana",health,1.0,True,manual_check,2026-09-19T09:15:46.686270
aymanalts,7613304862708600072,,health,1.0,True,manual_check,2026-09-19T09:15:50.369302
aymanalts,7612525905142959367,Lucky Iron Fish adalah “alat kesehatan” berbentuk ikan yang terbuat dari zat besi khusus untuk memba,health,0.95,False,ollama_enhanced,
aymanalts,7612188758678506759,#stitch with @🍃,health,1.0,True,manual_check,2026-09-19T09:16:05.429071
aymanalts,7610915196881718536,,health,1.0,True,manual_check,2026-09-19T09:16:45.104414
aymanalts,7608932232673365255,Kalo pigmentasi kulit lagi ngambek jangan cuma ditutupin concealer ya. tapi harus dirawat dengan tep,health,0.95,False,ollama_enhanced,
aymanalts,7608548159391862034,"Biar puasa ga mleyot, cukupin vitamin dan nutrisi salah satunya dengan Buavita! #AntiMleyot #ImunAma",health,0.85,False,ollama_enhanced,
aymanalts,7608087126218968327,#stitch with @Bagandi,health,1.0,True,manual_check,2026-09-19T09:25:34.087416
aymanalts,7607413046545239303,"jangan salahin puasanya yaa, tapi karena mikrobiom kulit kalian kurang dijaga, akhirnya bikin lebih ",health,0.85,False,ollama_enhanced,
aymanalts,7607390503377620242,"Makan siang aja drama @Ikhsanqthii, MD @Nicho Saputra Nugraha",health,0.85,False,ollama_enhanced,
aymanalts,7607303698011737362,,health,1.0,True,manual_check,2026-09-19T09:25:43.093153
aymanalts,7605522130750541063,Shift Jaga masih bahas seputar Forensik bareng dr. Arfie SpFM,health,0.95,False,ollama_enhanced,
aymanalts,7605483727870774535,#stitch with @Ayunda_makeup💄,health,1.0,True,manual_check,2026-09-19T09:26:15.348568
aymanalts,7605167369924709639,"Ujan panas ujan panas, awas kaget itu kulitnya dan bisa bikin kulit kusam atau iritasi. jadi mau gim",health,0.85,False,ollama_enhanced,
aymanalts,7605175749565320456,,health,1.0,True,manual_check,2026-09-19T09:26:52.818488
aymanalts,7604796461691194642,#stitch with @BabyMeccayla,health,1.0,True,manual_check,2026-09-19T09:27:06.084582
aymanalts,7603769360766815496,#stitch with @Bu Winn | Olive Tan,health,1.0,True,manual_check,2026-09-19T09:27:15.325328
aymanalts,7603702395821919506,#stitch with @ILONA🌺,health,1.0,True,manual_check,2026-09-19T09:27:29.138295
aymanalts,7602961663666539783,#stitch with @radarkarawang,health,1.0,True,manual_check,2026-09-19T09:28:14.777511
aymanalts,7601830741126778130,,health,1.0,True,manual_check,2026-09-19T09:28:30.777796
aymanalts,7601104471543893266,mau tau kapan skin barrier kulit kita lagi butuh bantuan? biasanya kalau abis skincare-an kulit kali,health,0.95,False,ollama_enhanced,
aymanalts,7601112476616314130,Shift Jaga episode kali ini bahas soal kedokteran Forensik bareng dr. Arfi Sp.FM,health,0.95,False,ollama_enhanced,
aymanalts,7599266504575552775,"Sudah bukan waktunya nebak-nebak! Sekarang, keamanan produk skincare untuk microbiome kulitmu bisa d",health,0.95,False,ollama_enhanced,
aymanalts,7598187872407096584,#stitch with @Sania Leonardo,health,1.0,True,manual_check,2026-09-19T09:28:39.557826
aymanalts,7598146500362898706,Moisturizer kedepannya akan mengarah ke bahan2 yang fokus hidrasi jangka panjang dan ramah mikrobiom,health,0.85,False,ollama_enhanced,
aymanalts,7598097810977721607,,health,1.0,True,manual_check,2026-09-19T09:28:47.264646
aymanalts,7597412355852619015,"Bekas jerawat itu muncul karena 2 hal utama, yaitu peradangan bawah kulit dan transfer melanin yang ",health,0.95,False,ollama_enhanced,
aymanalts,7594769985164053768,,health,1.0,True,manual_check,2026-09-19T09:28:49.717093
aymanalts,7593590654895262983,,health,1.0,True,manual_check,2026-09-19T09:28:52.082174
aymanalts,7591067418986810632,#stitch with @SCTV,health,1.0,True,manual_check,2026-09-19T09:28:58.114541
aymanalts,7590720723962957074,#stitch @🦊 Nenek apakah bisa hamil?,health,1.0,True,manual_check,2026-09-19T09:29:16.775212
dokternadiyah,7594330981990010119,"Luka caesar udah sembuh, tapi kok jadi keloid? Ini gimana ya? #bekassc #edukasikesehatan #keloid #ti",health,0.95,False,ollama_enhanced,
dokternadiyah,7593950369902759186,Yang korengan? Atau kesel sama bekas luka? Tenangin diri lo ! #edukasikesehatan #ciaraindonesia #cal,health,0.95,False,ollama_enhanced,
dokternadiyah,7590419257247223060,Menjawab pertanyaan neti 🙌🏻 Semoga membantu ya 🫶🏻 #tipssehat #rekomendasisehat #comfort #aurra #tula,health,0.95,False,ollama_enhanced,
dr.deamaulidia,7675250575667252488,"Moms perlu teliti kalau perihal anak yaa! Yuk simak sampai habis, adakah yang masih keliru? #RambutB",health,0.85,False,ollama_enhanced,
dr.deamaulidia,7673755162007260424,"Working mom, pumping itu bukan cuma soal punya pompa—tapi soal seberapa efektif dan nyaman ASI dikel",health,0.95,False,ollama_enhanced,
dr.deamaulidia,7665659874138721544,"Kalau lagi hamil dan mulai bikin daftar belanja bayi, jangan asal beli yang lagi viral ya. 🤍 Menurut",health,0.95,False,ollama_enhanced,
dr.deamaulidia,7639360904798145800,"Bumil & busui tetap perlu sunscreen ya, Bun ☀️ Karena sinar UVA & UVB tetap bisa kena kulit meski di",health,0.95,False,ollama_enhanced,
dr.deamaulidia,7638619051366878472,"Ruam popok itu bukan cuma soal popok, Bun… 🥺 Kadang yang bikin iritasi terus berulang justru karena ",health,0.95,False,ollama_enhanced,
dr.deamaulidia,7635990221070372103,Puting jadi gepeng + nyeri + bayi masih rewel? Ini sering banget disangka “normal”… padahal bukan. M,health,0.95,False,ollama_enhanced,
dr.deamaulidia,7634541928180174098,Bayi merah setelah menyusu? Stop langsung nyalahin ASI. Seringnya ini bukan karena ASI tumpah— tapi ,health,0.95,False,ollama_enhanced,
dr.deamaulidia,7634111033367350535,"Gumoh itu sering bikin ibu overthinking… padahal, nggak selalu tanda ada yang salah. Selama bayi mas",health,0.95,False,ollama_enhanced,
dr.deamaulidia,7612551747311127826,"Resikonya ngga main-main yaa, so buat ibu-ibu yang lagi menyusui meskipun sudah melewati proses pers",health,0.95,False,ollama_enhanced,
dr.deamaulidia,7609035943445630215,"“Boleh nggak sih lansia tetap puasa?” 🤍 Jawabannya: boleh, selama kondisi kesehatannya stabil dan da",health,0.95,False,ollama_enhanced,
dr.deamaulidia,7608355297043795218,"PD terasa penuh tapi ASI belum keluar? Jangan panik dulu, Bu 🤍 Di hari-hari awal setelah melahirkan,",health,0.95,False,ollama_enhanced,
dr.deamaulidia,7607409568120966408,"ASI terlalu deras ternyata bisa bikin bayi kewalahan saat menyusu. Bukan cuma soal teknik, tapi kada",health,0.95,False,ollama_enhanced,
dr.deamaulidia,7607164068188785927,Ternyata ngasih stimulasi ke anak sepenting itu loh buat tumbuh kembang! #SPC2026 #MoellSmartParents,health,0.85,False,ollama_enhanced,
dr.deamaulidia,7601125338281757959,"Saat mulai bekerja, bukan berarti asupan anak harus diganti, ya Bu! Ada banyak cara, salah satunya d",health,0.95,False,ollama_enhanced,
dr.deamaulidia,7595918075774487826,"Untuk ibu yang hari ini masih bertahan 🤍 masih pumping, masih mencoba, atau sekadar masih berharap… ",health,0.95,False,ollama_enhanced,
dr.ziee,7677939130021596434,Being your mom is a best part of me 🥹 ngeditnya sambil mewek 😵‍💫 Mungkin udah ada yang duluan ngeras,health,0.95,False,ollama_enhanced,
dr.ziee,7676781477383703826,"Ingat ya Zieblings, kalau kulit lagi rewel jangan panik dan langsung ditumpuk macam-macam skincare. ",health,0.95,False,ollama_enhanced,
dr.ziee,7675707841256148232,"Sering banget ada pasien datang dan bilang, “Dok, aku mau Dermapen” tapi ternyata ngga paham 😆 Jadii",health,0.95,False,ollama_enhanced,
dr.ziee,7673845122127236360,"Pasti banyak yang nanyain ini kan? Maaf baru bisa jawabinn hehehe Bintik putih kecil di bibir, tapi ",health,0.95,False,ollama_enhanced,
dr.ziee,7670770879294426375,"Sebagai dokter sekaligus mama, Kalau bisa balik ke masa sebelum punya anak, ada 3 barang yang pasti ",health,0.85,False,ollama_enhanced,
dr.ziee,7670106566607047944,"Jangan sampe ada yang beli 😮‍💨 Tapi perlu diingat, tidak semua benjolan di leher adalah kutil atau s",health,0.95,False,ollama_enhanced,
dr.ziee,7667572206171409672,"Ingat ya, kita tidak tahu treatment apa yang dilakukan Shakira. Jadi ini bukan berarti beliau menjal",health,0.95,False,ollama_enhanced,
dr.ziee,7665564506000477448,Baby #2 Diaries eps.2🤍 Banyak yang nanya vitamin apa aja yang aku konsumsi selama hamil. Tapi ingat ,health,0.95,False,ollama_enhanced,
dr.ziee,7664070642429463816,Banyak yang ga sadar kalau ga semua DIY yang terlihat mempermudah itu oke-oke aja. Siapa yang pernah,health,0.85,False,ollama_enhanced,
dr.ziee,7663082856285113618,"Jujur, tubuhku sekarang berbeda. Apalagi di umur 35 tahun ini dan perubahan musim yang ada. Ada peru",health,0.95,False,ollama_enhanced,
dr.ziee,7662708445346352402,kemasan adalah bagian dari formulasi. Memindahkan serum sheet mask ke botol spray bisa meningkatkan ,health,0.95,False,ollama_enhanced,
dr.ziee,7661955971064794375,"Baby #2 Diaries Ep. 1 — Belly Skincare Routine Banyak yang bilang, “Kehamilan kedua pasti lebih sant",health,0.95,False,ollama_enhanced,
dr.ziee,7659762763333471496,Makanya jangan langsung nyalahin produknya tapi cek juga kondisi kulit dulu. Skin barrier yang sehat,health,0.95,False,ollama_enhanced,
dr.ziee,7657803966780099847,Sering nyeri di pergelangan tangan setelah punya baby? Aku ngalamin ini di abis lahiran anak pertama,health,0.95,False,ollama_enhanced,
dr.ziee,7657503048905788680,Kunci PIH sebenernya: 1. Hindari paparan sinar matahari kelamaan and use sunscreen 2. Percepat perga,health,0.95,False,ollama_enhanced,
dr.ziee,7654558339354922258,"Izin reminder ya 🙏🏻 Tretinoin, AHA, kojic acid, dan bahan pencerah lain itu bukan bahan yang tinggal",health,0.95,False,ollama_enhanced,
dr.ziee,7651237156614130951,"Replying to @ita🍉 Suplemen vitamin itu “CUSTOMIZED” ya, antara orang 1 dan lainnya kebutuhannya bias",health,0.95,False,ollama_enhanced,
dr.ziee,7650084995951774983,"Replying to @BeeJulia Menjawab pertanyaan ini, jadi vitamin itu “CUSTOMIZED” ya bisa dibilang, karen",health,0.95,False,ollama_enhanced,
dr.ziee,7649995129259855111,"Banyak orang mikir kalau habis makan sushi/sashimi lalu biduran, berarti pasti alergi seafood. Padah",health,0.95,False,ollama_enhanced,
dr.ziee,7649747354853149960,"Kenapa Jerry Yan hampir 50 tapi masih seger banget? Ini beberapa analisis dok zie, poin mana yang me",health,0.95,False,ollama_enhanced,
dr.ziee,7648995198831185159,"Contekan acne-prone skin biar nggak bingung lagi ✨ Yang dipakai setiap hari, seminggu sekali, sampai",health,0.95,False,ollama_enhanced,
dr.ziee,7648532175100448007,Info penting nih buat semua bumil yang concern sama bau mulut / gusinya bermasalah akibat karang gig,health,0.95,False,ollama_enhanced,
dr.ziee,7647499787276782866,"Bukan soal bikin kulit berubah semalam, tapi soal bantu kulit terlihat lebih cerah, lembap, dan glow",health,0.85,False,ollama_enhanced,
dr.ziee,7646755531998235911,"Suplemen akan lebih baik kalo minumnya tepat , soalny ada yang fungsinya untuk boost energy buat akt",health,0.95,False,ollama_enhanced,
dr.ziee,7643307934025305352,"AAD menyarankan membasahi kulit dan rambut sebelum shaving, memakai shaving cream/gel, mencukur sesu",health,0.95,False,ollama_enhanced,
dr.ziee,7642940321130630407,"Ternyata menurut psikolog klinis anak, beberapa makanan tertentu bisa memberi dampak yang “spesifik”",health,0.95,False,ollama_enhanced,
dr.ziee,7641527145948400914,Bekas luka sering punya cerita yang nggak selalu kelihatan dari luar. Minggu lalu aku senang banget ,health,0.95,False,ollama_enhanced,
dr.ziee,7640090488187587848,Ternyata urutan kecil kayak gini bisa ngaruh 👀 Setuju banget: cuci muka sebaiknya setelah sikat gigi,health,0.95,False,ollama_enhanced,
dr.ziee,7638953386234187016,Nice info nih TAPI harus ada yang ditambahin supaya nanti adek-adek yang nonton ngga salah tangkep S,health,0.95,False,ollama_enhanced,
dr.ziee,7638832216704847122,Skincare yang salah saat hamil itu bukan cuma soal “kulit jadi iritasi”. Beberapa kandungan tertentu,health,0.95,False,ollama_enhanced,
dr.ziee,7638577336689954056,"Jadi kalau menurut kamu, dari tanda-tanda yang ada. Baby no 2 ini cewek atau cowok? 👶🏻",health,0.95,False,ollama_enhanced,
dr.ziee,7635550344637861127,Gen Z WAJIB TAU ! Jangan sampai nanti menyesal setelah menikah karena waktu ga bisa diulang. Hal yan,health,0.95,False,ollama_enhanced,
dr.ziee,7634777091661155602,Aku ijin nambahin info ya 🙏🏻 thank you buat kakak cantik yang uda sharee 🫶🏻 Jadi glycolic acid meman,health,0.95,False,ollama_enhanced,
dr.ziee,7634467363311717639,"Yang sering bikin ribet itu bukan step apply sunscreen-nya, tapi nyari yang bener-bener nyaman dipak",health,0.85,False,ollama_enhanced,
dr.ziee,7634397988361702674,Who’s gonna be mom of 2 ?,health,0.85,False,ollama_enhanced,
dr.ziee,7634139496249904391,"Jangan-jangan masalahnya bukan cuma di luar, tapi ada penyebab dari dalam yang sering banget nggak k",health,0.95,False,ollama_enhanced,
dr.ziee,7632317768951483656,"Niatnya mungkin baik, tapi cara yang salah bisa berbahaya. Kalau kamu pernah lihat video pijat bayi ",health,0.95,False,ollama_enhanced,
dr.ziee,7631135797814611218,Akhirnya bisa share kabar ini juga. Buat yang nanyain kenapa hampir 4 bulan ini sepertinya jarang te,health,0.95,False,ollama_enhanced,
dr.ziee,7628899940156050695,Kulit jerawatan nggak selalu butuh skincare yang makin keras. Seringnya justru butuh routine yang le,health,0.95,False,ollama_enhanced,
dr.ziee,7617842184313654548,Sering kerja sambil duduk lama atau rebahan main HP? Hati-hati! Kebiasaan kecil bisa berdampak besar,health,0.95,False,ollama_enhanced,
dr.ziee,7617644799407017223,Save siapa tau butuh biar tetap glowing untuk ramadhan2 selanjutnya #ByeKulitHaus #niveaintensivemoi,health,0.85,False,ollama_enhanced,
dr.ziee,7617409112866852114,Menurut kamu apa aja yang penting dibahas sebelum menikah? #JOEindiskuZIE aja di sini,health,0.85,False,ollama_enhanced,
dr.ziee,7616318433784827157,Biasanya ini yang bakal kejadian selama bulan puasa di tubuh kamu. Aku spill tips supaya selama puas,health,0.85,False,ollama_enhanced,
dr.ziee,7615056918180138247,Siapa yang suka timbul iritasi sekitar mulut? Atau merintis2 coba deh ganti urutannya kayak yang aku,health,0.85,False,ollama_enhanced,
dr.ziee,7613691267565849864,"Jujur ya, jadi mama tuh bikin aku jauh lebih hati-hati pilih produk 😅 dulu mikirnya yang penting lab",health,0.95,False,ollama_enhanced,
dr.ziee,7612904211461770503,Yang jerawatan sering mikir ini penyebabnya?,health,0.95,False,ollama_enhanced,
dr.ziee,7602863790295616776,"Baru tau artinya “IMPOSSIBLE=POSSIBLE if you keep trying” disini! Dok zie cuma mau cerita, kadang ha",health,0.85,False,ollama_enhanced,
dr.ziee,7599646796339481863,"Yang baru dikasi resep tretinoin , boleh tiru cara mbaknya ini ya 👍🏻 Yang mau tanya-tanya komen aja,",health,0.95,False,ollama_enhanced,
dr.ziee,7598508702789930258,Mas izin stich ya kasi tambahan informasi supaya temen-temn yang lain bisa ngikutin tipsnya dengan 👌,health,0.95,False,ollama_enhanced,
dr.ziee,7595523302123179271,Cuma mau ngingetin aja kalo lagi olahrga apalagi yang banyak berkeringat dan bikin tubuh jadi “panas,health,0.85,False,ollama_enhanced,
dr.ziee,7594792100428877074,"Based on my observation, lebih dari 50% orang Korea punya kulit sensitif, that’s why micro-inflammat",health,0.95,False,ollama_enhanced,
dr.ziee,7593277771602824456,"Waktu nggak berasa banget ya, siapa yang perasaan baru meleng bentar, tiba-tiba anaknya udah bisa ng",health,0.95,False,ollama_enhanced,
dr.ziee,7592911721350696199,Yang lagi bersliweran di fyp tiktok aku. Dengerin ini dulu sebelum nanti NYESEL karena iritasi…,health,0.85,False,ollama_enhanced,
dr.ziee,7592565780407979272,"Ini PERTANYAAN SEJUTA UMAT deh kayaknya, disave ya karena ga dijelasin ulang lagi. Bisa kok berhenti",health,0.95,False,ollama_enhanced,
dr.ziee,7592184317695118599,"Kenapa rambut cepet lepek, bener ngga sih karena skincare, atau karena conditioner? Jadi gini …",health,0.85,False,ollama_enhanced,
dr.ziee,7591086734574619922,Ini salah satu contoh penyebab kenapa udah pake body lotion tapi kulitnya bersisik kering. Banyak ko,health,0.95,False,ollama_enhanced,
drgfira,7678636792626646280,"Ternyata, aku yang lebih banyak belajar.. Awalnya aku pikir, mereka yang banyak belajar dariku. Bela",health,0.85,False,ollama_enhanced,
drgfira,7674637797096951047,Kumpul sini yang anaknya ngga mau sikat gigi 😆 #sikatgigi @Buds Organics for Kids #pastagigi,health,0.85,False,ollama_enhanced,
drgfira,7654920123416956178,"Jangan cuma pilih karena aman tertelan dan rasanya enak, coba perhatikan bagian kandungan pasta gigi",health,0.85,False,ollama_enhanced,
drgfira,7654571777049267463,POV belajar cara memebrsihkan mulut bayi yang belum punya gigi 😍 #brushingteeth #healthtips #dentist,health,0.95,False,ollama_enhanced,
drgfira,7653836307445124360,"Tidak ada sekolah untuk menjadi orang tua. Tapi hari ini, kami belajar bersama menjaga senyum anak t",health,0.95,False,ollama_enhanced,
drgfira,7652763381203488007,"Nggak ada sekolah khusus untuk jadi orang tua 🥹 Makanya, aku senang banget melihat mama dan papa yan",health,0.95,False,ollama_enhanced,
drgfira,7645666998738832648,"Kalo liat matanya sembab, jangan tanya kenapa #dentist #dentistlife",health,0.85,False,ollama_enhanced,
drgfira,7639147682094648584,"Ternyata, dari konten edukasi, jadi punya banyak pasien online, balesin komentar pertanyaan seputar ",health,0.95,False,ollama_enhanced,
drgfira,7637131612047625479,Mau kesel tapi bener #dentist #dentistlife,health,0.85,False,ollama_enhanced,
drgfira,7603348149385579783,"Replying to @ut sekali-sekali jelasin lebar dikit buat teman sejawat, semoga membantu 🙏🏻",health,0.85,False,ollama_enhanced,
drgfira,7600421536989809927,"“Dok, kenapa gigi saya tetap bolong padahal sudah sikat gigi?” Jawabannya seringkali bukan di sikat ",health,0.95,False,ollama_enhanced,
drkevinmak,7680144171834838290,"Perut sering penuh & kembung setelah makan? Jaga kesehatan pencernaanmu, salah satunya dengan memper",health,0.95,False,ollama_enhanced,
drkevinmak,7680107556571811090,Replying to @well coba komen ayah ibu kamu TB nya berapa dan sekarang kamu usia dan TB nya berapa! B,health,0.95,False,ollama_enhanced,
drkevinmak,7680110833032088840,Banyak orang yang alergi itu ga sadar mereka kekurangan vitamin D termasuk kamu! Tambahkan juga vita,health,0.95,False,ollama_enhanced,
drkevinmak,7680095120259075336,"Buat kamu yang BAB-nya nggak teratur, coba perhatikan lagi asupan serat dan pola makan harian. Spiru",health,0.95,False,ollama_enhanced,
drkevinmak,7680104489206009095,"Replying to @CIHUY kalau sekarang umur dan TB kamu berapa? Kalau masih dibawah 21, buruan vitamin d3",health,0.95,False,ollama_enhanced,
drkevinmak,7680094514308009234,"Buat kamu yang mual saat minum probiotik, jangan lupa tambahkan juga prebiotik dalam pola makan kamu",health,0.95,False,ollama_enhanced,
drkevinmak,7680101880797711634,Replying to @￴￴ kalau kamu sendiri sekarang umur dan TB nya berapa? Coba komen dibawah ya #tinggibad,health,0.95,False,ollama_enhanced,
drkevinmak,7680092595845958919,Kalau kamu termasuk yang sering gerd ga? Udah rutin minum vitamin tapi gejala GERD masih muncul? Sim,health,0.95,False,ollama_enhanced,
drkevinmak,7678994478601997575,"Buat kamu yang sering minum obat jangka panjang, jangan asal menambahkan suplemen. Beberapa obat bis",health,0.95,False,ollama_enhanced,
drkevinmak,7677997196930813192,Jangan sampai nanti nyesel karena merasa tinggi badan kurang maksimal. Masa pertumbuhan punya peran ,health,0.95,False,ollama_enhanced,
drkevinmak,7677987615508925704,Remaja jompo yang bingung mulai minum vitamin dari mana… plis dengerin sampai beres 😭👇 Kalau kamu ud,health,0.95,False,ollama_enhanced,
drkevinmak,7677985814084603154,Cuma cewek yang rambutnya rontok yang ngerti… lihat rambut nyangkut di sisir aja bisa langsung insec,health,0.95,False,ollama_enhanced,
drkevinmak,7677978492171996434,"Masih bingung D3 aman buat bumil & busui? Simak sampai habis, karena vitamin D tetap penting, tapi d",health,0.95,False,ollama_enhanced,
drkevinmak,7677424701232319762,3 kebiasaan sederhana buat kamu yang sering anxiety. Coba rutin lakukan dan jangan lupa share ke yan,health,0.95,False,ollama_enhanced,
drkevinmak,7677421593773231367,"Buat kalian yang sering nanya, B Complex & Vitamin D boleh diminum barengan nggak? Jangan sampai sal",health,0.95,False,ollama_enhanced,
drkevinmak,7677983364866936072,Baru mulai minum magnesium tapi malah diare? Jangan salah pilih jenis magnesium ya! Yang aman buat g,health,0.95,False,ollama_enhanced,
drkevinmak,7677424013383142674,"Sering ngopi tapi maag/GERD kambuh? Jangan cuma salahin kopinya, pencernaan juga perlu dijaga. Green",health,0.95,False,ollama_enhanced,
drkevinmak,7677420763275627784,"Usia 30 tapi belum ada tanda-tanda ini? Fix, badan kamu masih sehat & bugar! Coba cek, kamu termasuk",health,0.95,False,ollama_enhanced,
drkevinmak,7677762034921950482,Replying to @Toko leadise store buruan klik di keranjang sekarang! Karena jujurly harganya di payday,health,0.85,False,ollama_enhanced,
drkevinmak,7677760138463153426,Replying to @siti nuraini BURUAN MASUK KE LIVE SEKARANG! Harga magnesium nya lagi ambyar bangettt da,health,0.95,False,ollama_enhanced,
drkevinmak,7677418443154394376,"Punya darah tinggi, boleh minum D3K2? 🤔 Tergantung kondisi dan obat yang sedang kamu konsumsi ya. Ja",health,0.95,False,ollama_enhanced,
drkevinmak,7677422841134075154,"Sering shift malam dan gampang lelah? Biar energi dan fokus tetap stabil, pastikan kebutuhan nutrisi",health,0.95,False,ollama_enhanced,
drkevinmak,7677415072465210642,Orang tua mulai susah tidur dan gampang pegal? Jangan diabaikan. Share ke orang tua kamu. #Lansia #S,health,0.95,False,ollama_enhanced,
drkevinmak,7677414311911853319,Umur udah masuk 30 tapi masih belum pernah rutin minum vitamin? jangan sampai baru mulai saat tubuh ,health,0.95,False,ollama_enhanced,
drkevinmak,7677024136484457736,Kalau quote favorit kamu apa sih? Spill dong di komen #kesehatan #dokter #doktertiktok #vitamin,health,0.85,False,ollama_enhanced,
drkevinmak,7676666551101033746,"GERD dan anxiety ternyata bisa saling memengaruhi. Kalau kamu sering mengalami keduanya, simak sampa",health,0.95,False,ollama_enhanced,
drkevinmak,7676666245395074311,"Lansia yang mau mulai minum vitamin, simak dulu. Jangan sampai salah pilih dan salah dosis. #Vitamin",health,0.95,False,ollama_enhanced,
drkevinmak,7676665497382948104,Sering cemas dan anxiety? Jangan anggap sepele. Pastikan juga kebutuhan vitamin dan mineral harianmu,health,0.95,False,ollama_enhanced,
drkevinmak,7675634808684334343,"Buat kamu yang sering olahraga, jangan cuma fokus protein. Magnesium juga penting untuk mendukung fu",health,0.95,False,ollama_enhanced,
drkevinmak,7675589893518576904,Ini tips buat kalian yang kerja shift malam tapi tetap mau minum Vitamin D dan magnesium. Yang penti,health,0.95,False,ollama_enhanced,
drkevinmak,7674948297429093650,Replying to @ProdukSunda🫦 kalau kamu udah rutin konsumsi magnesium berapa lama? Spill di komen ya 🫡 ,health,0.95,False,ollama_enhanced,
drkevinmak,7674945788195261703,Replying to @Serenata Jiwa kalau kamu tim yang bisa minum vitamin tablet apa engga nih? Coba komen y,health,0.95,False,ollama_enhanced,
drkevinmak,7674943846547033362,Replying to @si jujuw SHARE video ini ke temen dan keluarga kamu yang rambutnya rontok parah habis l,health,0.95,False,ollama_enhanced,
drkevinmak,7673159594872655112,Katanya Vitamin D nggak aman buat bumil & busui? Justru Vitamin D punya peran penting selama kehamil,health,0.95,False,ollama_enhanced,
drkevinmak,7673152292933324039,Ini cara minum Vitamin D yang tepat buat kamu! Jangan sampai salah cara minumnya ya. Save & share ke,health,0.95,False,ollama_enhanced,
drkevinmak,7673150447930166546,"Promil, Vitamin D pilih 1.000 atau 4.000 IU nih? 👀 Jangan asal pilih dosis ya! Sesuaikan dengan kebu",health,0.95,False,ollama_enhanced,
drkevinmak,7673827458797473032,Ternyata probiotik ga cuma dimakan tapi juga ada di skincare! Kalau masalah kulit kamu apa nih? Coba,health,0.95,False,ollama_enhanced,
drkevinmak,7673153288740588808,Kalau kamu udah rutin minum vitamin apa di usia 40an spill di komen ya! #Usia40 #vitamin #vitaminpem,health,0.95,False,ollama_enhanced,
drkevinmak,7673158096264563986,"Ada beberapa jenis magnesium yang bisa kamu konsumsi, tapi jangan sampai salah pilih! Apalagi kalau ",health,0.95,False,ollama_enhanced,
drkevinmak,7673151476654427400,"Masih sering bingung Vitamin D sebaiknya diminum pagi, siang, atau malam? Simak videonya sampai habi",health,0.95,False,ollama_enhanced,
drkevinmak,7673145925677649160,"Usia 60 baru mau mulai minum vitamin D masih bingung harus mulai dari mana? Jangan asal pilih, simak",health,0.95,False,ollama_enhanced,
drkevinmak,7673145308573961479,"Usia 30 baru mau mulai konsumsi magnesium? Pliss, pilih jenis magnesium yang tepat ya! Karena tiap j",health,0.95,False,ollama_enhanced,
drkevinmak,7672791668294176008,"Vitamin D3 1x sehari habis sarapan, omega 3 boleh setelah makan siang dan kalsium tiap 2 hari sekali",health,0.95,False,ollama_enhanced,
drkevinmak,7672790630392810760,Coba komen kamu udah rutin minum vitamin apa aja di umur 40an? Atau jangan2 belom pernah minum vitam,health,0.95,False,ollama_enhanced,
drkevinmak,7672405215236132114,Replying to @Ayu sayangnya buanyak banget orang beli magnesium yang asal murah atau fomo jadi pada k,health,0.95,False,ollama_enhanced,
drkevinmak,7672402048775720200,Replying to @tukangjajan jangan sampai salah pilih magnesium! Biar ga timbul efek samping dan lebih ,health,0.95,False,ollama_enhanced,
drkevinmak,7671590137427512594,Kalau kamu udah minum magnesium berapa lama? Coba spill di komen #infokesehatan #dokter #magnesium #,health,0.95,False,ollama_enhanced,
drkevinmak,7671459560401472775,"Ini merupakan salah satu makanan yang dapat meningkatkan risiko obesitas, menurut Dr. Jonah dari Fil",health,0.95,False,ollama_enhanced,
drkevinmak,7670519747745713415,SHARE ke keluarga kamu yang sering kesemutan! 🙌 Kesemutan yang sering muncul bukan cuma karena posis,health,0.95,False,ollama_enhanced,
drkevinmak,7670377775009746184,"Kalau kamu sering sakit punggung tepat di area ini, jangan langsung anggap cuma kecapekan. Bisa jadi",health,0.95,False,ollama_enhanced,
drkevinmak,7670194079703108871,"Ini 3 makanan khas Thailand yang berpotensi meningkatkan risiko obesitas, menurut Dr. Ploty dari Fil",health,0.95,False,ollama_enhanced,
drkevinmak,7669470834574019848,Ini bedanya gerd sama asam lambung biasa! Makannya jangan kebanyakan kopi susu ya 😭 #infokesehatan #,health,0.95,False,ollama_enhanced,
drkevinmak,7668522645897366802,"Buat para busui yang belum rutin konsumsi vitamin, video ini wajib ditonton sampai habis ya! Jangan ",health,0.95,False,ollama_enhanced,
drkevinmak,7667872379225394450,"Buat kamu yang sering mata kedutan atau bibir kedutan, jangan langsung dianggap sepele. Bisa jadi it",health,0.95,False,ollama_enhanced,
drkevinmak,7667870911273504008,"Buat kamu yang sering minum es jumbo tiap hari, hati-hati ya! Bisa jadi kebiasaan ini bikin risiko d",health,0.95,False,ollama_enhanced,
drkevinmak,7667221922001767687,Makannya kalau minum vitamin itu jangan ikut2an pilih yang pas buat kamu ya! #magnesium #rekomendasi,health,0.95,False,ollama_enhanced,
drkevinmak,7667205021540289799,Kalau kamu tim yang minum tiap hari? Atau pas lagi capek doang? #infokesehatan #magnesium #rekomenda,health,0.95,False,ollama_enhanced,
drkevinmak,7667206893638601992,Replying to @aeniwww kalau kamu pernah ngalamin efek samping apa pas minum magnesium? Komen ya ⬇️ #m,health,0.95,False,ollama_enhanced,
drkevinmak,7667188557991382290,Kalau kamu udah rutin minum magnesium belom? #magnesium #rekomendasimagnesium #magnesiumglycinate #u,health,0.95,False,ollama_enhanced,
drkevinmak,7665874644120980754,Baru mulai minum vitamin D tapi tiba-tiba muncul biduran? Jangan panik dulu. Bisa jadi bukan karena ,health,0.95,False,ollama_enhanced,
drkevinmak,7665874486721400082,Busui masih bingung pilih vitamin dan dosis yang tepat Simak video ini sampai habis biar nggak salah,health,0.95,False,ollama_enhanced,
drkevinmak,7665873198264749330,Masih bingung vitamin B complex sebaiknya diminum pagi atau siang? Karena waktu konsumsi yang tepat ,health,0.95,False,ollama_enhanced,
drkevinmak,7665872935793495304,"Kalau tangan sering kesemutan berulang, jangan cuma dipijat. Perhatikan juga asupan vitamin B Comple",health,0.95,False,ollama_enhanced,
drkevinmak,7666850254368673042,Nyebelin ba sih keram sebelom tidur?makannya rutin tambahin magnesium 1 jam sebelum tidur ya ⬇️ #inf,health,0.95,False,ollama_enhanced,
drkevinmak,7666834981624237330,Kalau kamu sering lakuin kebiasaan yang mana? Coba spill dong 🫡 #kesemutan #vitaminb12 #vitaminbkomp,health,0.95,False,ollama_enhanced,
drkevinmak,7665872810245410066,"Hati-hati, tidak semua magnesium itu sama. Salah pilih jenis magnesium bisa bikin hasilnya kurang op",health,0.95,False,ollama_enhanced,
drkevinmak,7665871807731305746,"Busui, tidak perlu bingung konsumsi terlalu banyak vitamin.Satu vitamin ini sudah dapat membantu men",health,0.95,False,ollama_enhanced,
drkevinmak,7665867646407118087,"GERD + anxiety bikin ragu minum B Complex? 🤔 Tenang, nggak semua B Complex bikin lambung bermasalah.",health,0.95,False,ollama_enhanced,
drkevinmak,7665874285419973896,"3 poin ini penting dalam memilih vitamin D3K2, jadi jangan sampai salah pilih! Karena tidak semua su",health,0.95,False,ollama_enhanced,
drkevinmak,7665870902826962194,"Nih buat kalian, supaya nggak salah lagi menentukan kebutuhan vitamin D ya! Karena kebutuhan setiap ",health,0.95,False,ollama_enhanced,
drkevinmak,7665869322027388168,Kaki sering terasa dingin atau gampang kesemutan? Jangan langsung dianggap sepele. Bisa jadi tubuhmu,health,0.95,False,ollama_enhanced,
drkevinmak,7666222893403098376,Masih muda tapi sudah hipertensi? Jangan dianggap normal. Tekanan darah tinggi bisa dipengaruhi oleh,health,0.95,False,ollama_enhanced,
drkevinmak,7665873405165587720,Sering terbangun karena kaki kram saat tidur?Jangan langsung dianggap sepele. Bisa jadi tubuhmu seda,health,0.95,False,ollama_enhanced,
drkevinmak,7665872353053674770,"Baru mulai konsumsi vitamin tapi budget terbatas? Mulai dari yang paling basic dulu: Vitamin D3, mag",health,0.95,False,ollama_enhanced,
drkevinmak,7665868875296165127,"Usia 30+, masih bingung vitamin D diminum berapa kali? Jangan sampai salah lagi ya! Namun, dosis dan",health,0.95,False,ollama_enhanced,
drkevinmak,7665659126093008146,"Kerja shift malam, boleh nggak sih minum magnesium ? Karena waktu konsumsi suplemen pada pekerja shi",health,0.95,False,ollama_enhanced,
drkevinmak,7665657799413599496,Kerja shift malam? Ini cara minum vitamin D yang tepat buat kamu agar manfaatnya tetap optimal. Jang,health,0.95,False,ollama_enhanced,
drkevinmak,7664908906161802514,"Stop lakukan kesalahan ini saat minum vitamin D dan magnesium! Jangan sampai sudah rutin minum, tapi",health,0.95,False,ollama_enhanced,
drkevinmak,7664908041862548754,"Rutin minum vitamin D dan magnesium? Jangan sampai masih salah cara minumnya, karena bisa memengaruh",health,0.95,False,ollama_enhanced,
drkevinmak,7664907097716296967,"Nah, buat yang masih sering nanya soal ini, simak baik-baik ya. Jangan sampai masih bingung dan sala",health,0.95,False,ollama_enhanced,
drkevinmak,7664906628268969224,"Replying to @batman71 Nah, buat yang masih sering tanya, “Kalau punya hipertensi boleh konsumsi ini ",health,0.95,False,ollama_enhanced,
drkevinmak,7664386088160496903,"Kalau vitamin terasa nggak ada efeknya, biasanya ada yang kurang tepat. Jangan asal trial & error. S",health,0.95,False,ollama_enhanced,
drkevinmak,7664385621649018119,"Kerja dikit tapi udah gampang burnout, stres, dan capek? Jangan langsung nyalahin diri sendiri. Bisa",health,0.95,False,ollama_enhanced,
drkevinmak,7664266857930820872,Jerawat sering meradang? Jangan cuma fokus ke skincare. Bisa jadi tubuhmu lagi butuh zinc dan asupan,health,0.95,False,ollama_enhanced,
drkevinmak,7663652268352310546,Sudah rutin minum vitamin D? Jangan sampai ketinggalan nutrisi penting lainnya yang bekerja bersama ,health,0.95,False,ollama_enhanced,
drkevinmak,7663468723101093128,"Sering nyeri haid sampai mengganggu aktivitas? Bisa jadi tubuhmu sedang kekurangan nutrisi tertentu,",health,0.95,False,ollama_enhanced,
drkevinmak,7663308330458303762,Kalau kamu biasanya minum vitamin D jam berapa? #vitamind #infokesehatan #waktuminumvitamin #vitamin,health,0.95,False,ollama_enhanced,
drkevinmak,7663162467064843538,Akhir-akhir ini gampang marah? Jangan buru-buru salahin orang lain. Bisa jadi tubuh kamu lagi kekura,health,0.95,False,ollama_enhanced,
drkevinmak,7659990124297555208,Pola hidup sehat + nutrisi yang cukup bisa membantu menjaga daya tahan tubuh dan kesehatan sel tubuh,health,0.95,False,ollama_enhanced,
drkevinmak,7660551069948431623,Ini bisa menjadi salah satu tanda tubuh kekurangan vitamin D. Pernah mengalaminya? Share ke keluarga,health,0.95,False,ollama_enhanced,
drkevinmak,7660550535531040008,Jangan samakan dosis vitamin D usia 45 tahun dengan usia 25 tahun. Kebutuhan setiap orang bisa berbe,health,0.95,False,ollama_enhanced,
drkevinmak,7659987285689011463,"Please buat kamu yang haid nya sering deras dan bergumpal, sering periksakan ya! Btw kalau mau nonto",health,0.95,False,ollama_enhanced,
drkevinmak,7660117240670342408,Cara minum ketiga vitamin ini harus disesuaikan dengan kebutuhanmu. Jangan asal ikut orang lain! Sha,health,0.95,False,ollama_enhanced,
drkevinmak,7660114779448544519,"Lagi punya GERD dan bingung apakah aman minum vitamin D? Yuk, cari tahu jawabannya! Share ke keluarg",health,0.95,False,ollama_enhanced,
drkevinmak,7659982990612647186,Akhir-akhir ini cuaca lagi panas banget. Jangan sampai dehidrasi dan daya tahan tubuh ikut menurun. ,health,0.95,False,ollama_enhanced,
drkevinmak,7660548802574617864,Sering kerja shift malam? Jangan lupa penuhi kebutuhan vitamin D agar kesehatan tetap terjaga. Rutin,health,0.95,False,ollama_enhanced,
drkevinmak,7660113401057725704,"Replying to @bagas16 Vitamin D boleh digabung dengan kalsium? Yuk, cari tahu jawabannya! Pernah kons",health,0.95,False,ollama_enhanced,
drkevinmak,7659979568689794312,Sering pegal atau sakit leher karena terlalu lama motoran Selain perbaiki postur dan rutin stretchin,health,0.95,False,ollama_enhanced,
drkevinmak,7659977398028340498,"Buat kamu yang lagi mau menurunkan berat badan, jangan asal lari keliling komplek. Pilih olahraga ya",health,0.95,False,ollama_enhanced,
drkevinmak,7660548249668816136,Masih bingung pilih vitamin D3 atau D3K2? Sudah tahu bedanya dan mana yang lebih sesuai untuk kebutu,health,0.95,False,ollama_enhanced,
drkevinmak,7659803216019737874,"Sering begadang atau susah tidur? Selain memperbaiki pola tidur, magnesium atau ashwagandha bisa men",health,0.95,False,ollama_enhanced,
drkevinmak,7660116423821298962,"Buat kamu yang lagi cari vitamin D yang sudah mengandung K2, jangan sampai salah pilih lagi ya! Shar",health,0.95,False,ollama_enhanced,
drkevinmak,7660112062340795666,"Busui sering rambut rontok, badan pegal, gampang capek? Bisa jadi tubuhmu lagi butuh asupan vitamin ",health,0.95,False,ollama_enhanced,
drkevinmak,7660110218059189522,Replying to @snowreze Jangan sampai salah lagi pilih vitamin D3! Simak video ini sampai habis supaya,health,0.95,False,ollama_enhanced,
drkevinmak,7659978734220414216,Usia 20-an lagi bingung mulai minum vitamin apa? Nggak perlu beli semuanya. Yang penting pilih sesua,health,0.95,False,ollama_enhanced,
drkevinmak,7659808083610225927,Kesalahan paling sering saat minum vitamin D? Asal pilih dosis dan diminum tanpa tahu cara konsumsi ,health,0.95,False,ollama_enhanced,
drkevinmak,7659799073028869383,"Jangan asal pilih magnesium ya. Beda jenis, beda fungsi. Salah pilih bisa jadi hasilnya nggak sesuai",health,0.95,False,ollama_enhanced,
drkevinmak,7659726910770908423,Replying to @keu Punya keluhan lambung atau GERD dan bingung pilih magnesium? Pilih yang sudah mengg,health,0.95,False,ollama_enhanced,
drkevinmak,7658702502178786568,"Nah loh, buat kamu yang usia 25-an, jangan cuma fokus sama kerja dan aktivitas ya. Selain pola hidup",health,0.95,False,ollama_enhanced,
drkevinmak,7654840790325185799,Kerja shift malam? Cara minum vitamin bisa sedikit berbeda dibanding yang kerja pagi. Jangan sampai ,health,0.95,False,ollama_enhanced,
drkevinmak,7654839762682957063,Sering bangun tidur lalu tiba-tiba menemukan memar di tubuh? Jangan langsung dianggap sepele. Ada be,health,0.95,False,ollama_enhanced,
drkevinmak,7654838578345807122,"Sudah tidur cukup tapi masih sering lelah? Bisa jadi itu bukan kurang tidur, melainkan tanda kelelah",health,0.95,False,ollama_enhanced,
drkevinmak,7654835830086798599,Kalau kamu sudah muak banget sama jerawat yang datang terus-menerus Mungkin sudah waktunya memperhat,health,0.95,False,ollama_enhanced,
drkevinmak,7657455189623934226,Replying to @aeniwww kalau kamu udah minum magnesium berapa lama? Coba share di komen dong apa yang ,health,0.95,False,ollama_enhanced,
drkevinmak,7654836873461878024,"Usia 25–30 tahun baru mulai latihan HYROX tapi gampang cedera? Bisa jadi bukan karena olahraganya, t",health,0.95,False,ollama_enhanced,
drkevinmak,7654835425000951058,"Replying to @slayy., jangan asal pilih ya, beli yang butuh dan terjangkau! Udah sy pilihin ya buat p",health,0.95,False,ollama_enhanced,
drkevinmak,7654840303509146887,Lagi stres karena haid telat? Jangan cuma fokus ke tes pack. Coba mulai dari yang bisa dikontrol: ja,health,0.95,False,ollama_enhanced,
drkevinmak,7654833485902875922,"Mood naik turun terus tanpa alasan? Jangan langsung menyalahkan diri sendiri, bisa jadi ada pengaruh",health,0.95,False,ollama_enhanced,
drkevinmak,7654833089625197831,"Buat kalian yang sudah punya keluhan seperti di video ini, coba mulai terapkan tips-tipsnya dari sek",health,0.95,False,ollama_enhanced,
drkevinmak,7654831815693257992,Kalau kamu tiap hari ngopi berapa kali sehari? Jangan lupa tambahin vitamin b kompleks ya 1x di pagi,health,0.95,False,ollama_enhanced,
drkevinmak,7654829521354427655,"Buat kamu yang masih sering telat haid dan keputihan berulang, jangan cuma fokus ke gejalanya. Jaga ",health,0.95,False,ollama_enhanced,
drkevinmak,7654829164876369160,"Berat badan sudah turun, tapi kenapa lemak di perut masih bandel? Ternyata ada beberapa faktor yang ",health,0.95,False,ollama_enhanced,
drkevinmak,7654828806821121287,Ini 3 tips hemat dari saya buat kalian yang lagi cari vitamin. Jangan asal pilih karena yang mahal b,health,0.95,False,ollama_enhanced,
drkevinmak,7654826021820091656,Skincare mahal nggak akan maksimal kalau tubuh kamu kekurangan nutrisi. Kulit sehat nggak cuma dari ,health,0.95,False,ollama_enhanced,
drkevinmak,7654815184137014535,"Hati-hati buat wanita yang sering makan seblak! Enak sih, tapi kalau terlalu sering dan tanpa diimba",health,0.95,False,ollama_enhanced,
drkevinmak,7654815383051832584,Jangan berharap berat badan turun dan tubuh tetap sehat kalau kebiasaan sehari-hari masih seperti in,health,0.95,False,ollama_enhanced,
drkevinmak,7654817072999828744,"minum banyak vitamin, tapi apakah makin banyak vitamin selalu makin baik? Yuk pahami cara konsumsi v",health,0.95,False,ollama_enhanced,
drkevinmak,7654812397198167303,"Sering sakit kepala di titik ini? Apalagi kalau kamu perempuan usia 25 tahun ke atas, jangan langsun",health,0.95,False,ollama_enhanced,
drkevinmak,7654251156486540552,"Ibu-ibu yang sering ngupas bawang, pernah kesemutan atau kebas di tangan? Jangan dianggap sepele, bi",health,0.95,False,ollama_enhanced,
drkevinmak,7653872949790805266,"Jangan harap jerawat reda kalau tiap hari masih banjir gula. Mulai kurangi gula, perbaiki pola makan",health,0.95,False,ollama_enhanced,
drkevinmak,7652764302025264392,"Kalian yang sering panik kalau telat haid, jangan langsung search macam-macam dulu ya Telat haid bis",health,0.95,False,ollama_enhanced,
drkevinmak,7650898694526536978,"Kalau kamu jarang olahraga, sering mager, dan gampang capek, coba tes ini sekarang! Komen hasilnya d",health,0.95,False,ollama_enhanced,
drkevinmak,7652375732542328071,"Kalian yang sering overthinking hal yang bahkan belum terjadi… Tenang, tidak semua skenario di kepal",health,0.95,False,ollama_enhanced,
drkevinmak,7650893334696758546,MBG bisa membantu menambah asupan protein anak Tapi ada beberapa tips lain yang juga penting saya la,health,0.95,False,ollama_enhanced,
drkevinmak,7651961335999122706,"Dulu kamu 13 tahun masih sibuk ngapain ya? 🫣 Jangan lupa, vitamin d3k2 dan kalsium dari umur 13 tahu",health,0.95,False,ollama_enhanced,
drkevinmak,7650896430176996615,"Kalau kerjaan kamu seharian depan laptop, coba tes ini sekarang! Komen “LULUS” atau “GAGAL” setelah ",health,0.95,False,ollama_enhanced,
drkevinmak,7650892427594566920,"Buat para cewek yang sering telat haid, jangan langsung panik ya Selain menjaga pola makan, tidur, d",health,0.95,False,ollama_enhanced,
drkevinmak,7650888721847307528,Hati-hati asam urat! Jangan tunggu sampai sendi bengkak dan nyeri baru mulai peduli. Pola makan dan ,health,0.95,False,ollama_enhanced,
drkevinmak,7650894246630739218,"Sering nyeri pinggang, kesemutan, atau nyeri menjalar ke kaki? Coba tes sederhana ini untuk melihat ",health,0.95,False,ollama_enhanced,
drkevinmak,7650885753177738514,"Usia 30+ bukan waktunya berhenti olahraga, justru waktunya mulai latihan beban! Semakin bertambah us",health,0.95,False,ollama_enhanced,
drkevinmak,7650887305418345746,Mau hidup lebih sehat seperti kakak di video ini? Coba mulai kurangi gula dari sekarang. Langkah kec,health,0.95,False,ollama_enhanced,
drkevinmak,7650892297151712519,Ada yang kena campak setelah nonton konser F4? Kasus seperti ini memang bisa terjadi karena campak s,health,0.95,False,ollama_enhanced,
drkevinmak,7650777580810898696,"Para suami sering fokus kerja dan keluarga, tapi lupa menjaga kesehatan diri sendiri. Suplemen ini b",health,0.95,False,ollama_enhanced,
drkevinmak,7650531480120184082,"Sering migrain atau sakit kepala sebelah? Selain menjaga pola tidur, mengelola stres, dan pola makan",health,0.95,False,ollama_enhanced,
drkevinmak,7650078897110813959,Coba tes ini ke orang tua di rumah Masih kuat atau mulai butuh perhatian lebih untuk kesehatan otot ,health,0.95,False,ollama_enhanced,
drkevinmak,7649337093235281170,"Sering nyetir lama terus tangan kesemutan? Selain faktor posisi dan saraf yang tertekan, pastikan ke",health,0.95,False,ollama_enhanced,
drkevinmak,7649339422638476552,"Ngantuk jam 10, tidur jam 1 gara-gara scrolling? Selain kurangi screen time, pastikan kebutuhan magn",health,0.95,False,ollama_enhanced,
drkevinmak,7649338164749831432,"Sering pegal atau sakit punggung? Selain postur dan aktivitas harian, pastikan kebutuhan magnesium d",health,0.95,False,ollama_enhanced,
drkevinmak,7649335927302655250,"Udah seminggu susah tidur karena kepikiran kerjaan? Saat stres, tubuh lebih sulit untuk rileks. Sela",health,0.95,False,ollama_enhanced,
drkevinmak,7649334897223552263,Jerawat makin banyak setelah sering makan manis dan banyak pikiran? Selain menjaga pola makan dan me,health,0.95,False,ollama_enhanced,
drkevinmak,7648296470809955591,"Berat badan naiknya nggak banyak, tapi kok lengan makin besar dan mulai bergelambir? Ternyata angka ",health,0.95,False,ollama_enhanced,
drkevinmak,7648294180367764744,"Kok ya setiap malam overthinking mulu? Padahal badan capek, tapi otak malah ngajak rapat. Tim overth",health,0.95,False,ollama_enhanced,
drkevinmak,7648293420745657608,"Menjelang haid kok rasanya mood berantakan banget ya? Bawaannya sensitif, gampang marah, gampang sed",health,0.95,False,ollama_enhanced,
drkevinmak,7648289559616376071,"Baru makan dikit kok perut udah begah dan kembung banget? Padahal porsinya nggak banyak, tapi rasany",health,0.95,False,ollama_enhanced,
drkevinmak,7648288846840335634,Kalau kamu susah tidur sampai akhirnya lanjut nonton drakor atau dracin semalaman Coba barengin deng,health,0.95,False,ollama_enhanced,
drkevinmak,7648193035771202824,"Kalau kamu IRT yang sering susah tidur karena overthinking, coba deh rutin minum magnesium sebelum t",health,0.95,False,ollama_enhanced,
drkevinmak,7647889717857406226,"Kalau kamu sering pegal saat kerja, jangan langsung anggap itu hal yang normal. Kurang gerak, postur",health,0.95,False,ollama_enhanced,
drkevinmak,7647888944679505170,Salah satu nutrisi yang sering saya rekomendasikan untuk kamu yang suka overthinking sampai susah ti,health,0.95,False,ollama_enhanced,
drkevinmak,7647788456348781842,"Busui mana yang tiap hari gendong anak sampai bahu, leher, dan punggung pegel? Coba komen, bagian tu",health,0.85,False,ollama_enhanced,
drkevinmak,7647508239231225096,"Kalau di kantor mulai banyak yang sakit, jangan tunggu sampai ikut tumbang. Selain tidur cukup dan m",health,0.95,False,ollama_enhanced,
drkevinmak,7647422499172388103,"Kalau maag lagi kambuh, jangan dipaksa makan. Karena lambung yang sedang sensitif justru bisa makin ",health,0.95,False,ollama_enhanced,
drkevinmak,7646363657617640712,Banyak Gen Z bilang takut punya anak karena khawatir fisiknya berubah setelah hamil. Padahal selain ,health,0.95,False,ollama_enhanced,
drkevinmak,7647191538786667784,"Kalau kamu sudah ganti-ganti posisi tidur, bolak-balik ke kanan dan kiri, tapi tetap tidak ngantuk d",health,0.95,False,ollama_enhanced,
drkevinmak,7646365271455829255,"Lagi stres, jerawat malah makin banyak? Bukan perasaan kamu aja. Saat stres, hormon kortisol bisa me",health,0.95,False,ollama_enhanced,
drkevinmak,7646363074651262216,"Hati-hati loh… Kalau kamu sering minum es teh manis dan setelahnya malah gampang pusing, lemas, atau",health,0.95,False,ollama_enhanced,
drkevinmak,7646362508449615112,"Ini pasti relate banget sih… Habis makan atau minum yang manis-manis, eh malah ngantuk berat dan ras",health,0.95,False,ollama_enhanced,
drkevinmak,7646361295997914376,"Buat kalian yang sering main padel, tenis, gym, lari, atau olahraga lainnya dan sering mengalami ced",health,0.95,False,ollama_enhanced,
drkevinmak,7644971991853780242,"Nah, ini cara minum vitamin yang benar jangan sampai salah lagi ya Share ke keluarga atau teman kamu",health,0.95,False,ollama_enhanced,
drkevinmak,7644971313903308039,Replying to @Nisha-Collection Masih bingung vitamin boleh diminum tiap hari atau nggak? Jangan sampa,health,0.95,False,ollama_enhanced,
drkevinmak,7644970466045693202,Replying to @eLista Nababan Vitamin itu beda dengan obat ya Jangan salah paham lagi Obat dipakai unt,health,0.95,False,ollama_enhanced,
drkevinmak,7644969829904043271,Replying to @prihatini Masih banyak yang bingung beda Vitamin D3 dengan D3K2 Jangan salah lagi ya Vi,health,0.95,False,ollama_enhanced,
drkevinmak,7644895016556481800,"Ibu rumah tangga yang gampang kesemutan, coba tes ini Kalau sering: ✔️ kesemutan ✔️ pegal ✔️ kedutan",health,0.95,False,ollama_enhanced,
drkevinmak,7644108647332613394,Replying to @bombardiro untuk magnesium yang harganya segini lumayan worth it kalau mau coba untuk p,health,0.95,False,ollama_enhanced,
drkevinmak,7644094908793507079,Replying to @Yani kalau kamu udah rutin minum vitamin b kompleks di jam berapa nih? Please jangan sa,health,0.95,False,ollama_enhanced,
drkevinmak,7643742092015029511,Jangan sampai salah lagi Cara minum vitamin yang tepat bisa bikin hasilnya beda banget Jangan lupa s,health,0.95,False,ollama_enhanced,
drkevinmak,7643736441138334994,Usia 40+ sering kesemutan? Vitamin B complex bisa jadi salah satu yang perlu diperhatikan Coba komen,health,0.95,False,ollama_enhanced,
drkevinmak,7643735351994977544,Blind ranking vitamin buat yang sering pegel Kira-kira kalian setuju ga? Tag & share ke temen yang t,health,0.95,False,ollama_enhanced,
drkevinmak,7643406762229468434,Kamu biasanya tidur jam berapa sih? Coba komen ya video ini lewat di fyp kamu jam berapa 👍 #infokese,health,0.95,False,ollama_enhanced,
drkevinmak,7643091791486471431,Coba komen video ini lewat di fyp kamu jam berapa nih? Jangan sampai salah pilih jenis magnesium ya ,health,0.95,False,ollama_enhanced,
drkevinmak,7642555470917553415,Anak kantor SCBD pasti relate Pagi kopi Siang telat makan Sore ngemil Malam perut malah begah & kemb,health,0.95,False,ollama_enhanced,
drkevinmak,7641517891879292178,"Anak kelahiran 98–2003 pasti relate Umur belum tua… tapi bangun tidur masih capek, siang ngantuk, ma",health,0.95,False,ollama_enhanced,
drkevinmak,7641521956226977031,Umur 25–35 sekarang banyak yang badannya udah rebahan… tapi otaknya masih meeting sendiri tiap malam,health,0.95,False,ollama_enhanced,
drkevinmak,7641511617674431762,Kalau kamu sering makan kebanyakan mulu ga? Coba komen menu siang ini dong! #makanan #overeating #ob,health,0.85,False,ollama_enhanced,
drkevinmak,7641491481437408530,Tangan pegel pas bangun tidur jangan langsung salahin posisi tidur Kadang tubuh lagi kasih tanda kal,health,0.95,False,ollama_enhanced,
drkevinmak,7641151528170032392,"Susah tidur, badan sering kram & otot gampang ketarik? Bisa jadi tubuh kamu lagi kekurangan magnesiu",health,0.95,False,ollama_enhanced,
drkevinmak,7640026655758617863,"Jam 1 siang udah mulai ngantuk, gampang cape, dan fokus buyar? Bisa jadi tubuh kamu lagi butuh suppo",health,0.95,False,ollama_enhanced,
drkevinmak,7640003115466509586,"Baru hari Senin tapi energy udah mulai drop? Semangat yaa, jangan dipush terus tanpa dengerin badan ",health,0.95,False,ollama_enhanced,
drkevinmak,7640858389127499016,Kalau kamu udah minum vitamin d3 atau vitamin d3k2 nih? Coba spill di komen ya ✅ #infokesehatan #vit,health,0.95,False,ollama_enhanced,
drkevinmak,7640520874965093639,Coba bu ibu absen udah rutin minum vitamin apa aja sih? #infokesehatan #vitamin #rekomendasivitamin ,health,0.95,False,ollama_enhanced,
drkevinmak,7640390800790015239,Kalau kamu udah rutin minum vitamin apa aja? Komen ya 👍 #vitamin #rekomendasi #suplemen #vitaminpemu,health,0.85,False,ollama_enhanced,
drkevinmak,7640038605427117320,Satu hal yang sering terlewat waktu minum Vitamin D ternyata gak semua orang penyerapannya optimal… ,health,0.95,False,ollama_enhanced,
drkevinmak,7640027941916724498,Belum ngapa-ngapain tapi badan udah gampang capek? Jangan cuma salahin kurang tidur… bisa jadi Vitam,health,0.95,False,ollama_enhanced,
drkevinmak,7640018252424432914,"Ini buat kamu yang tiap hari capek di jalan, macet-macetan, sampai energy habis sebelum nyampe rumah",health,0.95,False,ollama_enhanced,
drkevinmak,7639654171813121298,Replying to @nidar kalau kamu udah minum vitamin apa aja di usia 50an ini? Komen ya ✅ #infokesehatan,health,0.95,False,ollama_enhanced,
drkevinmak,7639360426106522887,Kebiasaan ini ternyata bisa bikin kalian lebih gampang darah tinggi loh Apalagi kalau dilakukan teru,health,0.95,False,ollama_enhanced,
drkevinmak,7639016470080523528,Jadi kegiatan apa yang paling bikin kamu susah tidur akhir-akhir ini? Coba komen yang paling relate ,health,0.95,False,ollama_enhanced,
drkevinmak,7638620110747471112,"Udah tidur cukup… tapi bangun masih capek, badan lemes, gampang ngantuk? Bisa jadi tubuh kamu bukan ",health,0.95,False,ollama_enhanced,
drkevinmak,7637925969373760775,"Generasi jompo merapat Leher gampang kaku, pundak sering pegel, bangun tidur badan udah gak enak dul",health,0.95,False,ollama_enhanced,
drkevinmak,7637923753942437138,Capek seharian udah pengen tidur… eh malah kaki mulai keram Bisa jadi tubuh kamu kurang magnesium. M,health,0.95,False,ollama_enhanced,
drkevinmak,7637923127728557319,Sering kaki kram pas malam? Awas… kebanyakan duduk lama sambil bawa HP ke toilet juga bisa bikin oto,health,0.95,False,ollama_enhanced,
drkevinmak,7637434131655298311,"Telat haid itu bukan selalu karena hamil 👀 Kadang bisa dipengaruhi stres, pola makan, kualitas tidur",health,0.95,False,ollama_enhanced,
drkevinmak,7637434061132188946,"Sering capek, susah tidur, gampang anxious, dan perut makin buncit? Bisa jadi cortisol lagi tinggi k",health,0.95,False,ollama_enhanced,
drkevinmak,7637123231731862791,Buat ibu & anak yang aktif olahraga tapi sering pegel-pegel 👟✨ boleh banget rutin D3K2 untuk bantu s,health,0.95,False,ollama_enhanced,
drkevinmak,7636736857748802824,Replying to @EVI ILA hasil kamu gimana? Kerasa kesemutan atau kaku ga? #sarafkejepit #vitaminbkomple,health,0.95,False,ollama_enhanced,
drkevinmak,7636737104902442248,Replying to @Amriteto Kesemutan pada orang tua sering dianggap ‘wajar karena usia’. Padahal kalau se,health,0.95,False,ollama_enhanced,
drkevinmak,7636723208892288263,Replying to @yanda kalau kamu udah rutin minum vitamin B kompleks? Komen dibawah ya apakah ngerasa j,health,0.85,False,ollama_enhanced,
drkevinmak,7636368197205134600,Susah tidur? Bisa jadi tubuh kamu kekurangan magnesium bisglycinate. Magnesium bantu menenangkan sar,health,0.95,False,ollama_enhanced,
drkevinmak,7636364011855940872,Replying to @Anak bontot emak bapak Sering kesemutan tiap hari? bisa jadi tanda saraf kamu mulai ter,health,0.95,False,ollama_enhanced,
drkevinmak,7634390501508041992,"Ibu rumah tangga sering ngerasa: kesemutan, pegal, gampang capek… padahal aktivitas “cuma di rumah”?",health,0.95,False,ollama_enhanced,
drkevinmak,7634389548595760391,"Kalau nggak mau gula darah naik terus, cukup fokus ke 2 hal ini Nggak ribet, tapi harus konsisten Ka",health,0.95,False,ollama_enhanced,
drkevinmak,7634387996908817671,Gampang capek + sering lupa minum vitamin? Bisa jadi cara minumnya juga kurang tepat B Complex → ban,health,0.95,False,ollama_enhanced,
drkevinmak,7634387508612042002,Replying to @Butterfly Minum B Complex jangan asal ya ⚠️ Karena ini vitamin larut air dan berperan d,health,0.95,False,ollama_enhanced,
drkevinmak,7634385160993049864,"Kalau kamu lagi ngerasain hal yang sama, coba lakuin tips ini mulai hari ini. Nggak perlu langsung s",health,0.95,False,ollama_enhanced,
drkevinmak,7634384008842972434,"Rambut gampang rontok? Jangan cuma fokus ke shampoo Karena seringnya, masalahnya bukan di luar… tapi",health,0.95,False,ollama_enhanced,
drkevinmak,7634383603023023368,Replying to @♐️ TYAN ♐️ Kalau lagi minum B Complex terus tiba-tiba jadi lebih sering lapar… itu norm,health,0.95,False,ollama_enhanced,
drkevinmak,7634164254244949266,"Replying to @Arif Tidur lama belum tentu berkualitas. Kalau jam tidur lewat dari ritme tubuh, tetap ",health,0.95,False,ollama_enhanced,
drkevinmak,7634096375038299410,Replying to @Litta jelita kalau kamu sering ngelakuin kesalahan yang mana pas minum vitamin D3? #vit,health,0.95,False,ollama_enhanced,
drkevinmak,7633730055746735368,Udah lama nikah tapi belum hamil? Jangan langsung panik Banyak faktor yang bisa ngaruh ke kesuburan—,health,0.95,False,ollama_enhanced,
drkevinmak,7633728389878271250,Mau badan lebih sehat? Fokus ke 2 hal ini dulu Nggak perlu langsung banyak perubahan Yang penting ko,health,0.95,False,ollama_enhanced,
drkevinmak,7633595975646383367,Haid nggak teratur + rambut makin rontok? Jangan dianggap sepele Bisa jadi itu tanda Polycystic Ovar,health,0.95,False,ollama_enhanced,
drkevinmak,7633446899235785991,Sering ngerasa gampang capek padahal nggak terlalu banyak aktivitas? Jangan langsung anggap cuma kur,health,0.95,False,ollama_enhanced,
drkevinmak,7633394659267529992,SHARE VIDEO INI KE GRUP KELUARGA KAMU! Karena yang bantu pembentukan Vitamin D itu sinar UVB langsun,health,0.95,False,ollama_enhanced,
drkevinmak,7633102817615432968,Weight lifting itu bukan cuma buat pria Justru wanita juga butuh banget 👉 bantu jaga massa otot 👉 me,health,0.95,False,ollama_enhanced,
drkevinmak,7632252543602658568,Belakang leher kamu mulai hitam? Terutama bapak-bapak… jangan dianggap cuma “kotor” ya. Kadang itu t,health,0.95,False,ollama_enhanced,
drkevinmak,7631952424369949959,"Minum banyak vitamin ≠ otomatis lebih sehat Kalau asal banyak-banyak, bisa jadi malah over atau ga s",health,0.95,False,ollama_enhanced,
drkevinmak,7631141780213255432,Replying to @sagitarius kalau kamu udah minum magnesium berapa lama? Coba komen dibawah ya apa yang ,health,0.95,False,ollama_enhanced,
drkevinmak,7631134739843403026,Replying to @S🌺mzr. Udah minum magnesium tiap hari… tapi kok ga ngaruh? 🤔 Bisa jadi bukan kurang ser,health,0.95,False,ollama_enhanced,
drkevinmak,7630705726201105672,Sering julid itu bukan cuma soal sikap… kadang ada hubungannya sama mental health Makin sering bandi,health,0.95,False,ollama_enhanced,
drkevinmak,7630093100454645010,Kalau kamu sering nanya hal ini tiap mau minum vitamin… berarti kamu udah selangkah lebih aware soal,health,0.95,False,ollama_enhanced,
drkevinmak,7629987251178589458,Kenapa ya banyak suami makin ke sini perutnya makin buncit? Bukan cuma karena makan banyak… tapi kom,health,0.95,False,ollama_enhanced,
drkevinmak,7629734921136819463,Udah skincare mahal… tapi hasilnya gitu-gitu aja? Karena kulit sehat itu bukan cuma dari luar. Kalau,health,0.95,False,ollama_enhanced,
drkevinmak,7629731352526556424,Pernah sadar ga… vibes “orang kaya” itu mirip semua? Bukan cuma outfit— tapi kulitnya keliatan sehat,health,0.85,False,ollama_enhanced,
drkevinmak,7629362054889065746,Ini caption singkat yang langsung relate + ada CTA 👇 ⸻ Jari sering kedut-kedut tiba-tiba? Bisa jadi ,health,0.95,False,ollama_enhanced,
drkevinmak,7628884404307381511,Replying to @shella.tang Kebangun jam 2–3 pagi terus susah tidur lagi? Bisa jadi tubuh kamu kurang m,health,0.95,False,ollama_enhanced,
drkevinmak,7628876913393667335,Udah ganti shampoo berkali-kali tapi ketombe tetap balik lagi? Bukan karena shampoo-nya kurang mahal,health,0.95,False,ollama_enhanced,
drkevinmak,7628820524772248850,“Gendut itu sehat” — yakin? Lemak berlebih terutama di perut justru berkaitan dengan banyak risiko k,health,0.95,False,ollama_enhanced,
drkevinmak,7627866415051148562,Singkat saja jadi martabak pecenongan atau terang bulan malam ini 😅 Coba absen di komen yang suka go,health,0.85,False,ollama_enhanced,
drkevinmak,7627638744408935698,"Semakin sering minum kopi… kok makin nggak ngaruh ya? Bukannya makin fokus, malah tetep capek, lemes",health,0.95,False,ollama_enhanced,
drkevinmak,7627314048635309319,Umur baru 28… tapi muka udah keliatan capek & lebih tua? Bisa jadi bukan cuma kurang tidur tapi tubu,health,0.95,False,ollama_enhanced,
drkevinmak,7627046277720608008,Sering tiba-tiba gelisah & deg-degan tanpa sebab? Padahal lagi nggak kenapa-kenapa… Bisa jadi badan ,health,0.95,False,ollama_enhanced,
drkevinmak,7626699760413494546,Udah tidur… tapi bangun masih ngantuk & lemes Bukan cuma kurang tidur—bisa jadi kurang vitamin D. Vi,health,0.95,False,ollama_enhanced,
drkevinmak,7626325957682400520,Coba lakuin 7 hari ini fix bakalan kaget sama hasilnya! Kalau kamu tiap hari tidur jam berapa sih? K,health,0.85,False,ollama_enhanced,
drkevinmak,7626263339596795144,“Mata udah berat… tapi otak masih aktif Bukan kurang capek—badan belum ‘tenang’. Magnesium bantu rel,health,0.95,False,ollama_enhanced,
drkevinmak,7626264960829639944,“Udah tidur cukup… tapi bangun masih capek Bukan kurang tidur—tapi tidurmu nggak deep. Salah satu pe,health,0.95,False,ollama_enhanced,
drkevinmak,7625653889974406407,"Replying to @Tips.Store Ibu rumah tangga: badan udah capek, tapi pas rebahan… otak malah nggak bisa ",health,0.95,False,ollama_enhanced,
drkevinmak,7625644698027248904,"Replying to @ayainta Sejak rutin magnesium, tidurnya makin dalam… mimpi juga jadi lebih jelas Tanda ",health,0.95,False,ollama_enhanced,
drkevinmak,7625293777128721672,"Susah tidur padahal badan udah capek? Bisa jadi bukan karena overthinking doang, tapi tubuh kamu lag",health,0.95,False,ollama_enhanced,
drkevinmak,7624732087949593874,"Usia baru 33, tapi lutut sering nyeri tiap naik tangga atau berdiri lama? Banyak ibu rumah tangga ng",health,0.95,False,ollama_enhanced,
drkevinmak,7624534222715325704,"Pacaran udah lama… bukan lagi jalan romantis, malah jadi “tukang urut” tiap ketemu Umur masih muda, ",health,0.95,False,ollama_enhanced,
drkevinmak,7624079995257769223,Remaja tapi susah tidur? Udah rebahan dari jam 10… tapi otak masih “on” sampai tengah malam Coba cek,health,0.95,False,ollama_enhanced,
drkevinmak,7623805168944942354,Habis Lebaran kok malah diare? Karena: ➡️ Makan santan & manis kebanyakan ➡️ Pola makan berubah dras,health,0.95,False,ollama_enhanced,
drkevinmak,7623437872388918535,Kalau kamu sering nyeri lutut juga ga sih? Coba komen ya ✅ #infokesehatan #dokter #nyerilutut #vitam,health,0.95,False,ollama_enhanced,
drkevinmak,7622563850210069768,Habis Lebaran jerawat mulai muncul? 👀 Makanan tinggi gula & lemak bisa picu inflamasi + produksi min,health,0.95,False,ollama_enhanced,
drkevinmak,7622544960763596039,Habis Lebaran kok: 👉 badan pegel 👉 gampang capek 👉 ngantuk terus Bisa jadi tubuh lagi kekurangan mag,health,0.95,False,ollama_enhanced,
drkevinmak,7622335976370605320,Punya uang banyak… tapi habisnya buat berobat REPOST kalau kamu setuju! Padahal bisa dicegah dari ha,health,0.95,False,ollama_enhanced,
drkevinmak,7621900603865746706,Tiap malem kaki & betis pegel… lo kira cuma capek? 😭 Padahal sering banget ini karena tubuh lagi kek,health,0.95,False,ollama_enhanced,
drkevinmak,7621577847471197448,"Beres lebaran kok malah mual, diare, perut begah? Kebanyakan makan + pola berubah bikin pencernaan “",health,0.95,False,ollama_enhanced,
drkevinmak,7621531765869481223,"Beres lebaran kok energi malah habis? 😅 Baru mulai aktivitas dikit… udah lemes, ngantuk, ga semangat",health,0.95,False,ollama_enhanced,
drkevinmak,7621463586363149589,Ini biasanya karena: tidur berantakan + kebanyakan gula + badan lagi “crash” Bukan kamu doang kok 🙌 ,health,0.95,False,ollama_enhanced,
drkevinmak,7621203266688371976,Cuaca -2°C bukan cuma dingin… tapi bikin tubuh “defisit matahari” Vitamin D kita bisa drop drastis →,health,0.95,False,ollama_enhanced,
drkevinmak,7620758461004942599,Pegel tiap hari itu bukan normal. Seringnya karena kurang vitamin D + magnesium. Otot jadi tegang te,health,0.95,False,ollama_enhanced,
drkevinmak,7620469569341099282,"Abis mudik, badan lo keliatan oke… padahal imun lagi drop diam-diam 👀 Jangan cuma istirahat. Recover",health,0.95,False,ollama_enhanced,
drkevinmak,7620118341176528135,Dulu overthinking sampe capek sendiri… badan capek tapi pikiran ga bisa diem 😵‍💫 Ternyata bukan kamu,health,0.95,False,ollama_enhanced,
drkevinmak,7620112062621945096,Dulu overthinking sampe jam 2 pagi… badan capek tapi otak ga mau diem 😵‍💫 Ternyata bukan cuma capek—,health,0.95,False,ollama_enhanced,
drkevinmak,7620107215126482183,Replying to @lah Masih muda tapi lutut udah mulai nyeri? Banyak yang nganggep ini cuma capek biasa… ,health,0.95,False,ollama_enhanced,
drkevinmak,7620099623406931207,Lutut sering bunyi “kriuk” saat jongkok atau berdiri? Banyak yang kira itu normal… padahal bisa jadi,health,0.95,False,ollama_enhanced,
drkevinmak,7618401822318857480,Stress & anxiety bisa ganggu sistem saraf + produksi asam lambung → gejala GERD makin sering muncul ,health,0.95,False,ollama_enhanced,
drkevinmak,7618399526524570887,"Jangan anggap remeh keputihan abnormal, apalagi sampai basah berlebihan Kalau sudah berubah warna, b",health,0.95,False,ollama_enhanced,
drkevinmak,7618398973228928263,Keputihan berlebihan jangan langsung dibasuh pakai sabun ya Sabun bisa mengganggu pH alami & membunu,health,0.95,False,ollama_enhanced,
drkevinmak,7618397148748516626,Kulit pengen lebih cerah tapi bingung mulai dari mana? Yuk kita bedah kandungan Newlab Brightology D,health,0.95,False,ollama_enhanced,
drkevinmak,7618394145387760903,Muka kusam & kering sering disalahkan karena “kurang minum”. Padahal banyak kasusnya justru karena k,health,0.95,False,ollama_enhanced,
drkevinmak,7618388164197027079,Jerawat hormonal nggak kelar-kelar? Jangan cuma fokus skincare… coba cek Vitamin D kamu Kekurangan V,health,0.95,False,ollama_enhanced,
drkevinmak,7618385577972469000,"Masuk usia 30-an, mulai muncul: muka kusam, flek hitam, warna kulit nggak merata Ini bukan cuma fakt",health,0.95,False,ollama_enhanced,
drkevinmak,7618398484445531410,"“Waduh baru 22 kok lutut udah mulai sakit?” Bisa jadi bukan cuma karena aktivitas, tapi juga kekuran",health,0.95,False,ollama_enhanced,
drkevinmak,7618518424867704071,"Replying to @Bundanya Hanum Bunda sering capek, pegal, susah tidur, atau gampang sakit? Jangan diang",health,0.95,False,ollama_enhanced,
drkevinmak,7618386372025470226,Buka puasa pakai gorengan terus? Jangan kaget kalau jerawat ikutan “buka” juga Minyak + tepung + gul,health,0.95,False,ollama_enhanced,
drkevinmak,7618384081612442888,"Keputihan itu bikin serba salah Gerak dikit, capek dikit… langsung muncul lagi Kalau sudah sering & ",health,0.95,False,ollama_enhanced,
drkevinmak,7618383270585077010,"Habis hamil & melahirkan, badan terasa lebih lemah dan gampang capek Itu wajar, karena tubuh lagi re",health,0.95,False,ollama_enhanced,
drkevinmak,7618255686182522119,Buka puasa: minuman manis + gorengan = combo favorit Tapi hati-hati… ini juga bisa jadi combo penyeb,health,0.95,False,ollama_enhanced,
drkevinmak,7617494991618723090,Kalau kamu termasuk remaja jompo juga ga nih? Coba komen dibawah ya 👍 #infokesehatan #lutut #vitamin,health,0.95,False,ollama_enhanced,
drkevinmak,7616746883083537672,"Keputihan sering bikin ragu saat sholat. Padahal kalau keputihan bau, gatal, atau terus keluar, bisa",health,0.95,False,ollama_enhanced,
drkevinmak,7616013042492476679,Kalau kamu sering telat haid berapa lama nih? Jangan sampai ga konsumsi 3 vitamin & suplemen ini ya!,health,0.95,False,ollama_enhanced,
drkevinmak,7615584342407925000,Banyak orang saat puasa fokusnya cuma minum air yang banyak. Padahal yang penting juga adalah kandun,health,0.95,False,ollama_enhanced,
drkevinmak,7615219210096102663,"Jangan sampai telat kasih pertolongan untuk orang tua, harga ga seberapa tapi lihat ortu kamu menua ",health,0.95,False,ollama_enhanced,
drkevinmak,7614072995736325383,Replying to @kvindyy_ “Boleh nggak sih minum vitamin D barengan sama magnesium? 🤔 Justru disarankan ,health,0.95,False,ollama_enhanced,
drkevinmak,7613746980917087506,"Semakin bertambah usia… pikiran juga makin penuh. Kerjaan, keluarga, tanggung jawab semuanya numpuk ",health,0.95,False,ollama_enhanced,
drkevinmak,7613651360977898760,"Susah tidur itu bukan cuma soal begadang… tapi cuma merem doang sampai subuh. Badan capek, mata suda",health,0.95,False,ollama_enhanced,
drkevinmak,7613268117774552338,"Tidur mau… tapi otak malah overthinking terus. Badan sudah capek, lampu sudah dimatikan, tapi pikira",health,0.95,False,ollama_enhanced,
drkevinmak,7613181794497727751,Ngaku deh… Adzan maghrib → yang dicari pertama gorengan 😅 Padahal lambung kamu habis kosong 12 jam. ,health,0.95,False,ollama_enhanced,
drkevinmak,7612973379477441799,"Sudah program hamil, tapi kok belum jadi-jadi… Padahal sering banget keputihan?” Keputihan yang tida",health,0.95,False,ollama_enhanced,
drkevinmak,7612958144532188424,"Puasa + musim sakit tapi Vitamin D masih dosis kecil? Kalau jarang kena matahari dan gampang sakit, ",health,0.95,False,ollama_enhanced,
drkevinmak,7612666561328876808,Rambut rontok terus? Jangan-jangan bukan salah shampo…” Banyak orang sibuk ganti produk luar. Padaha,health,0.95,False,ollama_enhanced,
drkevinmak,7612618334122675464,Kebangun jam 2–3 pagi terus? Atau kaki sering kram & kedutan?” Bisa jadi tubuh kamu kurang magnesium,health,0.95,False,ollama_enhanced,
drkevinmak,7612102926374374674,"Punya gerd tapi masih asal pilih makanan buka puasa? Hati-hati, yang bikin kambuh sering bukan puasa",health,0.95,False,ollama_enhanced,
drkevinmak,7611941951872519442,Kalau kamu sering ngantuk siang tapi malem otak on terus ga? Komen dibawah ya ✅ Bisa coba juga magne,health,0.95,False,ollama_enhanced,
drkevinmak,7611900837773839624,Puasa baru beberapa hari tapi sudah mulai batuk pilek selama puasa? 🤧 Jangan langsung salahin cuaca.,health,0.95,False,ollama_enhanced,
drkevinmak,7611712487783730440,Kalau kamu ada berapa tanda kekurangan vitamin d3? Coba komen dibawah ya ✅ #infokesehatan #vitamind3,health,0.95,False,ollama_enhanced,
drkevinmak,7611493361416981778,Puasa sebenarnya nggak bikin jerawatan. Yang sering bikin breakout itu pola buka & sahur: 🍩 gula ber,health,0.95,False,ollama_enhanced,
drkevinmak,7611180066747256082,Ga heran suplemen ini cepet sold 👀 Kombinasi Vitamin D3 + Magnesium memang sering dicari karena manf,health,0.95,False,ollama_enhanced,
drkevinmak,7610323817965096199,"Usia 25 = mulai turun kolagen secara alami. Kalau cuma skincare luar, seringkali nggak cukup. Makany",health,0.95,False,ollama_enhanced,
drkevinmak,7610060627024809224,Kalau kamu minum vitamin d3 biasanya kapan nih selama puasa? Coba komen ya! #vitamind3 #puasa #caram,health,0.95,False,ollama_enhanced,
drkevinmak,7610003691722132754,"POV: Jam 2 pagi… Anak batuk. Ibu nggak bisa tidur 😭 Batuk berdahak bikin anak nggak nyaman, tapi pil",health,0.95,False,ollama_enhanced,
roozzaak,7679711683643739413,#stitch dengan @Dull_Mahh02 #fyp #fypシ #DokterGemoy #edukasi,health,1.0,True,manual_check,2026-09-19T09:29:31.959956
roozzaak,7679236688933145877,"Membalas @BIRU Satu lagi, pastikan anaknya masih bisa k3ntut ya ibu ibu #fyp #fypシ #DokterGemoy #edu",health,0.95,False,ollama_enhanced,
roozzaak,7678513370823216405,Membalas @Nurul Nasution35 #fyp #fypシ #DokterGemoy #vitaminD #vitaminD3,health,0.95,False,ollama_enhanced,
roozzaak,7677026290708303125,Membalas @Oca✨ #fyp #fypシ #DokterGemoy #vitaminD #vitaminD3,health,0.95,False,ollama_enhanced,
roozzaak,7676375501849677077,Membalas @geby #fyp #fypシ #DokterGemoy #vitaminD #vitaminD3,health,0.95,False,ollama_enhanced,
roozzaak,7676058434210516245,#stitch dengan @Aqua Rius #fyp #fypシ #DokterGemoy #edukasi,health,1.0,True,manual_check,2026-09-19T09:29:36.062244
roozzaak,7673837139045502228,Membalas @HomeMamayu #fyp #fypシ #DokterGemoy #vitaminD #vitaminD3,health,0.95,False,ollama_enhanced,
roozzaak,7671230071553772821,#stitch dengan @wiya #fyp #fypシ #DokterGemoy #edukasi,health,1.0,True,manual_check,2026-09-19T09:29:40.667589
roozzaak,7671224637031730453,Membalas @deneeaalmaliki #fyp #fypシ #DokterGemoy #edukasi #edukasikesehatan,health,0.95,False,ollama_enhanced,
roozzaak,7671221208704224532,Membalas @Amung cartam #fyp #fypシ #DokterGemoy #edukasi #edukasikesehatan,health,0.95,False,ollama_enhanced,
roozzaak,7671220521924594964,Membalas @nurulaliyatul #fyp #fypシ #DokterGemoy #edukasi #edukasikesehatan,health,0.95,False,ollama_enhanced,
roozzaak,7669618210446134548,Membalas @I_Huda #fyp #fypシ #DokterGemoy #edukasi #edukasikesehatan,health,0.95,False,ollama_enhanced,
roozzaak,7669616944848375060,Membalas @MamaNathan 💞🤱🏻 #fyp #fypシ #DokterGemoy #edukasi #edukasikesehatan,health,0.95,False,ollama_enhanced,
roozzaak,7669615700251512084,Membalas @Auk gelap #fyp #fypシ #DokterGemoy #edukasi #edukasikesehatan,health,0.95,False,ollama_enhanced,
roozzaak,7669619973702077717,Membalas @nadiaanstsya #fyp #fypシ #DokterGemoy #vitaminD #vitaminD3,health,0.95,False,ollama_enhanced,
roozzaak,7669614069011402004,Membalas @mailiansa #fyp #fypシ #DokterGemoy #vitaminD #vitaminD3,health,0.95,False,ollama_enhanced,
roozzaak,7669613436145339668,Membalas @Cebba #fyp #fypシ #DokterGemoy #vitaminD #vitaminD3,health,0.95,False,ollama_enhanced,
roozzaak,7669607473694641428,Membalas @valentinee~ #fyp #fypシ #DokterGemoy #vitaminD #vitaminD3,health,0.85,False,ollama_enhanced,
roozzaak,7667598457208573205,Membalas @@faren1224❤ #fyp #fypシ #DokterGemoy #edukasi #edukasikesehatan,health,0.95,False,ollama_enhanced,
roozzaak,7667014269673737493,Membalas @Fajar Siregar #fyp #fypシ #DokterGemoy #vitaminD #vitaminD3,health,0.95,False,ollama_enhanced,
roozzaak,7667014460955184405,Membalas @dinaanggraini #fyp #fypシ #DokterGemoy #edukasi #edukasikesehatan,health,0.95,False,ollama_enhanced,
roozzaak,7667009222348934420,Membalas @panggil aja San 🌷 #fyp #fypシ #DokterGemoy #vitaminD #vitaminD3,health,0.85,False,ollama_enhanced,
roozzaak,7667006406935006485,Membalas @Ratna #fyp #fypシ #DokterGemoy #edukasi #edukasikesehatan,health,0.95,False,ollama_enhanced,
roozzaak,7664778180502277397,"Kesimpulannya, hal tersebut tidak perlu dicontoh ya ibu ibu sekalian #fyp #fypシ #DokterGemoy #edukas",health,0.95,False,ollama_enhanced,
roozzaak,7664418836862602516,#stitch dengan @A. ramzan kadirov #fyp #fypシ #DokterGemoy #edukasi,health,1.0,True,manual_check,2026-09-19T09:29:58.587309
roozzaak,7664421577529953556,#stitch dengan @Fffasya #fyp #fypシ #DokterGemoy #edukasi,health,1.0,True,manual_check,2026-09-19T09:30:02.354035
roozzaak,7664792156497775892,Membalas @inge #fyp #fypシ #DokterGemoy #sc #vitamin,health,0.85,False,ollama_enhanced,
roozzaak,7664784953623842068,Membalas @Sakila Sakila #fyp #fypシ #DokterGemoy #vitaminD #vitaminD3,health,0.95,False,ollama_enhanced,
roozzaak,7664412792694312213,"Membalas @Ndoro Ayu Jangan lupa 1 lagi, kalau keluhannya disertai m*ntah yang hebat, silahkan ke dok",health,0.95,False,ollama_enhanced,
roozzaak,7663305614772292885,Membalas @NHF #fyp #fypシ #DokterGemoy #edukasi #edukasikesehatan,health,0.95,False,ollama_enhanced,
roozzaak,7664416953557093652,Membalas @Upik Upik #fyp #fypシ #DokterGemoy #vitamin #lansia,health,0.85,False,ollama_enhanced,
roozzaak,7664411366975098132,Membalas @🩷Wielda Imuet🩷 #fyp #fypシ #DokterGemoy #edukasi #edukasikesehatan,health,0.95,False,ollama_enhanced,
roozzaak,7663421585709387029,Anak usia 3 tahun ke atas sudah harus disuruh sering mengunyah agar tidak GTM. Jadi kalau bu ibu sek,health,0.95,False,ollama_enhanced,
roozzaak,7663301890007944469,Membalas @susilawatihasanah #fyp #fypシ #DokterGemoy #vitaminD #vitaminD3,health,0.95,False,ollama_enhanced,
roozzaak,7663296995242577173,Madu bisa membantu meningkatkan nafsu makan anak. Bisa diberikan rutin untuk anak usia 1 tahun ke at,health,0.95,False,ollama_enhanced,
roozzaak,7662191761942498580,Membalas @Mawarrrrrrr🔥 Kalian tim sampe abis apa seperlunya aja nih ? #fyp #fypシ #DokterGemoy #eduka,health,0.95,False,ollama_enhanced,
roozzaak,7662190471120276757,Membalas @Echaaaa✨ Kalian yang sudah op us*s b*ntu makan pedas berapa lama nih ? Share di kolom kome,health,0.95,False,ollama_enhanced,
roozzaak,7662188063027662101,#stitch dengan @ヴィナ ロドハトゥル ハサナー #fyp #fypシ #DokterGemoy #edukasi,health,1.0,True,manual_check,2026-09-19T09:30:04.900044
roozzaak,7660743833482693909,#stitch dengan @Paragram.id #fyp #fypシ #DokterGemoy #edukasi,health,1.0,True,manual_check,2026-09-19T09:30:06.748357
roozzaak,7660742821086776597,#stitch dengan @m delfin #fyp #fypシ #DokterGemoy #edukasi,health,1.0,True,manual_check,2026-09-19T09:30:08.754580
roozzaak,7660702401321651477,Membalas @nanonano98765 #fyp #fypシ #DokterGemoy #edukasi #edukasikesehatan,health,0.95,False,ollama_enhanced,
roozzaak,7660740888280288533,Membalas @Diannita #fyp #fypシ #DokterGemoy #vitaminD #vitaminD3,health,0.95,False,ollama_enhanced,
roozzaak,7660733833532181780,Jangan lupa untuk mencukupi kebutuhan vitamin D3 harian kalian. Untuk dewasa diatas 20 tahun bisa ma,health,0.95,False,ollama_enhanced,
roozzaak,7660706897032400148,Membalas @kencana sari #fyp #fypシ #DokterGemoy #vitaminD #vitaminD3,health,0.95,False,ollama_enhanced,
roozzaak,7660699981212290324,Membalas @oreo matcha #fyp #fypシ #DokterGemoy #vitaminD #vitaminD3,health,0.95,False,ollama_enhanced,
roozzaak,7660332953054039316,Membalas @biiruuu #fyp #fypシ #DokterGemoy #vitaminD #vitaminD3,health,0.95,False,ollama_enhanced,
roozzaak,7660315323773586709,Membalas @Aisha Latfalih #fyp #fypシ #DokterGemoy #edukasi #edukasikesehatan,health,0.95,False,ollama_enhanced,
roozzaak,7659449235426807061,Membalas @Syiffa NP #fyp #fypシ #DokterGemoy #edukasi #edukasikesehatan,health,0.95,False,ollama_enhanced,
roozzaak,7658447562000715028,Membalas @ila #fyp #fypシ #DokterGemoy #vitaminD #vitaminD3,health,0.95,False,ollama_enhanced,
roozzaak,7657490328336829716,Membalas @ricaa #fyp #fypシ #DokterGemoy #edukasi #edukasikesehatan,health,0.95,False,ollama_enhanced,
roozzaak,7656648603603062036,Membalas @cibs #fyp #fypシ #DokterGemoy #edukasi #edukasikesehatan,health,0.95,False,ollama_enhanced,
roozzaak,7655974913731317013,Membalas @Sya Fano #fyp #fypシ #DokterGemoy #edukasi #edukasikesehatan,health,0.95,False,ollama_enhanced,
roozzaak,7655475252734004500,Membalas @Raniitriana1491 #fyp #fypシ #DokterGemoy #edukasi #edukasikesehatan,health,0.95,False,ollama_enhanced,
roozzaak,7654748247663086869,Membalas @T O P E K🥵💥 #fyp #fypシ #DokterGemoy #edukasi #edukasikesehatan,health,0.95,False,ollama_enhanced,
roozzaak,7654106049561103637,Membalas @ais/otnay #fyp #fypシ #DokterGemoy #edukasi #edukasikesehatan,health,0.95,False,ollama_enhanced,
roozzaak,7651413228324392212,Membalas @msgurl #fyp #fypシ #DokterGemoy #edukasi #edukasikesehatan,health,0.95,False,ollama_enhanced,
roozzaak,7651412129211354388,Membalas @inot #fyp #fypシ #DokterGemoy #edukasi #edukasikesehatan,health,0.95,False,ollama_enhanced,
roozzaak,7651831654343838997,Membalas @origano93 #fyp #fypシ #DokterGemoy #vitaminD #vitaminD3,health,0.95,False,ollama_enhanced,
roozzaak,7651823611514326292,Membalas @Demange #fyp #fypシ #DokterGemoy #edukasi #probiotik,health,0.95,False,ollama_enhanced,
roozzaak,7651826923558997268,Membalas @Bunda Nya SYILA🍁🍂🍂 #fyp #fypシ #DokterGemoy #vitaminD #vitaminD3,health,0.95,False,ollama_enhanced,
roozzaak,7646373954277461268,#stitch dengan @acong ayun #fyp #fypシ #DokterGemoy #edukasi,health,1.0,True,manual_check,2026-09-19T09:30:11.419471
roozzaak,7646353999859354900,Membalas @keluargapahcildanmahcil #fyp #fypシ #DokterGemoy #edukasi #edukasikesehatan,health,0.95,False,ollama_enhanced,
roozzaak,7646345172241878292,Membalas @🥀🇮🇩Meisya❤️😘 #fyp #fypシ #DokterGemoy #edukasi #edukasikesehatan,health,0.95,False,ollama_enhanced,
roozzaak,7646345084333493524,Membalas @ZOYA NASFA #fyp #fypシ #DokterGemoy #edukasi #edukasikesehatan,health,0.95,False,ollama_enhanced,
roozzaak,7648967415778331925,Membalas @mom zaka ziad #fyp #fypシ #DokterGemoy #vitaminD #vitaminD3,health,0.95,False,ollama_enhanced,
roozzaak,7648962942397926676,Membalas @🥯3L4🥯 #fyp #fypシ #DokterGemoy #vitaminD #vitaminD3,health,0.95,False,ollama_enhanced,
roozzaak,7644047519202217236,#stitch dengan @ Coba tulis dikolom komentar anak kalian dikh*tan/dis*nat usia berapa ?,health,1.0,True,manual_check,2026-09-19T09:30:16.961900
roozzaak,7644023234022608148,#stitch dengan @Aku cantik😊 #fyp #fypシ #DokterGemoy #edukasi,health,1.0,True,manual_check,2026-09-19T09:30:19.036739
roozzaak,7648118101661322516,"Membalas @Dede kurnia S.H.,M.H. #fyp #fypシ #DokterGemoy #vitaminD #vitaminD3",health,0.95,False,ollama_enhanced,
roozzaak,7644023134814801172,#stitch dengan @Bharoshi sah #fyp #fypシ #DokterGemoy #edukasi,health,1.0,True,manual_check,2026-09-19T09:30:26.595536
roozzaak,7647733162621029652,Membalas @titikambarwati320 #fyp #fypシ #DokterGemoy #vitaminD #vitaminD3,health,0.95,False,ollama_enhanced,
roozzaak,7647721479685164309,Membalas @Utuh buntal #fyp #fypシ #DokterGemoy #vitaminD #vitaminD3,health,0.85,False,ollama_enhanced,
roozzaak,7647719936177048853,Membalas @valentinee~ #fyp #fypシ #DokterGemoy #vitaminD #vitaminD3,health,0.85,False,ollama_enhanced,
roozzaak,7644020262752636180,#stitch dengan @acong ayun #fyp #fypシ #DokterGemoy #edukasi,health,1.0,True,manual_check,2026-09-19T09:30:29.016963
roozzaak,7647177659734068500,Membalas @yekti.fitri #fyp #fypシ #DokterGemoy #edukasi #edukasikesehatan,health,0.95,False,ollama_enhanced,
roozzaak,7638565842447355156,Membalas @myt.ta #fyp #fypシ #DokterGemoy #edukasi #edukasikesehatan,health,0.95,False,ollama_enhanced,
roozzaak,7646344444991524116,Membalas @Kumala pati #fyp #fypシ #DokterGemoy #edukasi #kapsulikangabus,health,0.95,False,ollama_enhanced,
roozzaak,7638565804178410772,Membalas @myv #fyp #fypシ #DokterGemoy #kapsulikangabus #ikangabus,health,0.85,False,ollama_enhanced,
roozzaak,7646337555868241173,Membalas @yekti.fitri #fyp #fypシ #DokterGemoy #edukasi #kapsulikangabus,health,0.95,False,ollama_enhanced,
roozzaak,7646332639628070164,Membalas @Dek Liaaa #fyp #fypシ #DokterGemoy #vitaminD #vitaminD3,health,0.95,False,ollama_enhanced,
roozzaak,7638558101263699220,Membalas @Dyandranisa #fyp #fypシ #DokterGemoy #edukasi #edukasikesehatan,health,0.95,False,ollama_enhanced,
roozzaak,7646332149221707028,"Membalas @jelmis Revisi, Usia diatas 1 tahun ke atas diberikan 600iu #fyp #fypシ #DokterGemoy #vitami",health,0.95,False,ollama_enhanced,
roozzaak,7646335518380248340,Membalas @Hil@N9 @R@H #fyp #fypシ #DokterGemoy #ikangabus #edukasi,health,0.95,False,ollama_enhanced,
roozzaak,7638565243353861397,Membalas @messyana arios🌷💕 #fyp #fypシ #DokterGemoy #edukasi #edukasikesehatan,health,0.95,False,ollama_enhanced,
roozzaak,7645878661031234836,Membalas @TY #fyp #fypシ #DokterGemoy #edukasi #probiotik,health,0.95,False,ollama_enhanced,
roozzaak,7645956902890835220,Yang seangkatan ngacung 🔥 #fyp #fypシ #DokterGemoy #westlife #backstreetboys,health,0.85,False,ollama_enhanced,
roozzaak,7645652319861886229,"Salah satu video edukasi saya yang tiba-tiba ndak ada 🤣 Saya post lagi ya, silahkan dishare jika ber",health,0.95,False,ollama_enhanced,
roozzaak,7638557146031951125,Membalas @juwetaa77 Terima kasih atas support kalian selama ini ditengah tengah kontra yang ada 🥹🥲 K,health,0.95,False,ollama_enhanced,
roozzaak,7645529884898479381,"Sudah lewat beberapa era, kira kira berapa hayo 👀 #fyp #fypシ #nostalgia #trending #DokterGemoy",health,0.85,False,ollama_enhanced,
roozzaak,7638556629360807188,Membalas @Mentari #fyp #fypシ #DokterGemoy #edukasi #edukasikesehatan,health,0.95,False,ollama_enhanced,
roozzaak,7645162357441694996,"Katanya istri bahagia itu sederhana : Diajak healing, difotoin, sama jangan kebanyakan belok pas nai",health,0.75,False,ollama_enhanced,
roozzaak,7638556185163091221,Membalas @anisa #fyp #fypシ #DokterGemoy #edukasi #edukasikesehatan,health,0.95,False,ollama_enhanced,
roozzaak,7644478082585267476,Gimana gak baby bluez 🥲 #fyp #fypシ #DokterGemoy #edukasi #edukasikesehatan,health,0.95,False,ollama_enhanced,
roozzaak,7638555208905182484,Membalas @dindanrz_0 #fyp #fypシ #DokterGemoy #edukasi #edukasikesehatan,health,0.95,False,ollama_enhanced,
roozzaak,7644019651441151253,Membalas @UH Nisa🧜🏻‍♀️ | Mama Saga ✨ #fyp #fypシ #DokterGemoy #vitaminD #vitaminD3,health,0.95,False,ollama_enhanced,
roozzaak,7644017589512834324,Membalas @SpillRandom... #fyp #fypシ #DokterGemoy #vitaminD #vitaminD3,health,0.85,False,ollama_enhanced,
roozzaak,7644013357430852884,Membalas @mariaa #fyp #fypシ #DokterGemoy #vitaminD #vitaminD3,health,0.95,False,ollama_enhanced,
roozzaak,7644011377836756245,Membalas @rrinoktv4 #fyp #fypシ #DokterGemoy #vitaminD #vitaminD3,health,0.95,False,ollama_enhanced,
roozzaak,7638554257280470293,Membalas @nanonano #fyp #fypシ #DokterGemoy #edukasi #edukasikesehatan,health,0.95,False,ollama_enhanced,
roozzaak,7643351068025408788,Membalas @DnSfTr #fyp #fypシ #DokterGemoy #vitaminD #vitaminD3,health,0.95,False,ollama_enhanced,
roozzaak,7643349940088868117,Membalas @ini ak #fyp #fypシ #DokterGemoy #vitaminD #vitaminD3,health,0.95,False,ollama_enhanced,
roozzaak,7643347802092883220,SIAPA YANG CIPTAIN LAGU 🤣 #fyp #fypシ #DokterGemoy #bahlil #buahlil,health,0.85,False,ollama_enhanced,
roozzaak,7638553897694547221,Membalas @sella #fyp #fypシ #DokterGemoy #edukasi #edukasikesehatan,health,0.95,False,ollama_enhanced,
roozzaak,7642875978846424341,Membalas @Tiara Iksan #fyp #fypシ #DokterGemoy #vitaminD #vitaminD3,health,0.95,False,ollama_enhanced,
roozzaak,7634944442360778005,Membalas @istriMasdiki😽 #fyp #fypシ #DokterGemoy #edukasi #edukasikesehatan,health,0.95,False,ollama_enhanced,
roozzaak,7634389540404317461,Membalas @Sicyyci #fyp #fypシ #DokterGemoy #edukasi #edukasikesehatan,health,0.95,False,ollama_enhanced,
roozzaak,7633377775029636372,Membalas @Bundanya Shanumm #fyp #fypシ #DokterGemoy #edukasi #edukasikesehatan,health,0.95,False,ollama_enhanced,
roozzaak,7641172941761350933,Membalas @Mas Cak ut #fyp #fypシ #DokterGemoy #vitaminD #vitaminD3,health,0.95,False,ollama_enhanced,
roozzaak,7641171110469307669,Membalas @Duwi Opriyani #fyp #fypシ #DokterGemoy #edukasi #edukasikesehatan,health,0.95,False,ollama_enhanced,
roozzaak,7633232410758417685,Membalas @retingandani #fyp #fypシ #DokterGemoy #edukasi #edukasikesehatan,health,0.95,False,ollama_enhanced,
roozzaak,7633232053168885012,Membalas @zahra #fyp #fypシ #DokterGemoy #edukasi #edukasikesehatan,health,0.95,False,ollama_enhanced,
roozzaak,7639938297225170197,"Katanya bonding Bapack-Anak itu mahal Padahal cukup ember, sabun, sama rebutan semprotan 🚿🚗 #fyp #Do",health,0.85,False,ollama_enhanced,
roozzaak,7633230930294983957,Membalas @Siti sa'adah #fyp #fypシ #DokterGemoy #edukasi #edukasikesehatan,health,0.95,False,ollama_enhanced,
roozzaak,7639537677875924245,Lumayan... #fyp #tiktokgogempar #DokterGemoy #funworld #tunjunganplaza,health,0.85,False,ollama_enhanced,
roozzaak,7639543346829987093,Pernah ada pengalaman begini gak ya Ko @Koh Dennies n kak @Tiara ? Saya harus hubungi siapa mungkin ,health,0.95,False,ollama_enhanced,
roozzaak,7633230712484760852,Membalas @ummu aftam #fyp #fypシ #DokterGemoy #edukasi #edukasikesehatan,health,0.95,False,ollama_enhanced,
roozzaak,7633230151785925909,Membalas @Jasmine20 #fyp #fypシ #DokterGemoy #edukasi #edukasikesehatan,health,0.95,False,ollama_enhanced,
roozzaak,7638565644526538005,Membalas @Reni Isnaeny #fyp #fypシ #DokterGemoy #kapsulikangabus #ikangabus,health,0.85,False,ollama_enhanced,
roozzaak,7638490280135642388,Membalas @Maollida🧚🏻 #fyp #fypシ #DokterGemoy #vitaminD #vitaminD3,health,0.95,False,ollama_enhanced,
roozzaak,7638488265233812756,Membalas @ViviVio..🐣 #fyp #fypシ #DokterGemoy #vitaminD #vitaminD3,health,0.95,False,ollama_enhanced,
roozzaak,7638485393993633044,Membalas @Fita #fyp #fypシ #DokterGemoy #vitaminD #vitaminD3,health,0.95,False,ollama_enhanced,
roozzaak,7638477130094988565,Membalas @Mell♈ #fyp #fypシ #DokterGemoy #vitaminD #vitaminD3,health,0.95,False,ollama_enhanced,
roozzaak,7638475885213158677,Membalas @Mbk Yanti #fyp #fypシ #DokterGemoy #mshape #gendonganmshape,health,0.85,False,ollama_enhanced,
roozzaak,7638094574493256981,#stitch dengan @io Bilanada keluhan seperti ini segera bawa anak ke dokter untuk diperiksa lebih lan,health,1.0,True,manual_check,2026-09-19T09:30:30.537737
roozzaak,7633228901086530837,Membalas @Gita Indri #fyp #fypシ #DokterGemoy #edukasi #edukasikesehatan,health,0.95,False,ollama_enhanced,
roozzaak,7637707685428776213,Membalas @Yuly tambiii🙃 Dua duanya sama sama bagus. Disesuaikan saja dengan kebutuhan dan kondisi ma,health,0.95,False,ollama_enhanced,
roozzaak,7637701946295487765,Membalas @Mell♈ #fyp #fypシ #DokterGemoy #vitaminD #vitaminD3,health,0.95,False,ollama_enhanced,
roozzaak,7637700599881944340,Membalas @Ikha♏️ mamah silmi agni #fyp #fypシ #DokterGemoy #vitaminD #vitaminD3,health,0.95,False,ollama_enhanced,
roozzaak,7633228539235470612,Membalas @Laras #fyp #fypシ #DokterGemoy #edukasi #edukasikesehatan,health,0.95,False,ollama_enhanced,
roozzaak,7637318764849024276,Membalas @sandy & sabila #fyp #fypシ #DokterGemoy #vitaminD #vitaminD3,health,0.95,False,ollama_enhanced,
roozzaak,7637326531823471892,Membalas @ricaa #fyp #fypシ #DokterGemoy #vitaminD #vitaminD3,health,0.95,False,ollama_enhanced,
roozzaak,7637322503504825621,Membalas @fasa- Tidak perlu resep dokter yang penting ibu sekalian paham dosis pemberian sesuai kebu,health,0.95,False,ollama_enhanced,
roozzaak,7637320970574794005,Membalas @Winda Wati #fyp #fypシ #DokterGemoy #vitaminD #vitaminD3,health,0.95,False,ollama_enhanced,
roozzaak,7633228358482005269,Membalas @Ester Tambunan #fyp #fypシ #DokterGemoy #edukasi #edukasikesehatan,health,0.95,False,ollama_enhanced,
roozzaak,7629909328757083412,Membalas @𝙽𝕖𝘁𝓲𝕫𝑒𝕟.T𝕧 🔹 #fyp #fypシ #DokterGemoy #edukasi #edukasikesehatan,health,0.95,False,ollama_enhanced,
roozzaak,7636561220681682196,Membalas @Desiage #fyp #fypシ #DokterGemoy #vitaminD #vitaminD3,health,0.95,False,ollama_enhanced,
roozzaak,7636558617923128596,Membalas @Vhy Nugraha #fyp #transpulminbaby #DokterGemoy #vitaminD #cessa,health,0.95,False,ollama_enhanced,
roozzaak,7629909233101737236,Membalas @D #fyp #fypシ #DokterGemoy #edukasi #edukasikesehatan,health,0.95,False,ollama_enhanced,
roozzaak,7629909111278439701,Membalas @momz sakha #fyp #fypシ #DokterGemoy #edukasi #edukasikesehatan,health,0.95,False,ollama_enhanced,
roozzaak,7629908995477703957,Membalas @Ika yeni Lestari #fyp #fypシ #DokterGemoy #edukasi #edukasikesehatan,health,0.95,False,ollama_enhanced,
roozzaak,7635126549364296980,Membalas @Lisa putri rahmalia #fyp #fypシ #DokterGemoy #vitaminD #vitaminD3,health,0.95,False,ollama_enhanced,
roozzaak,7635125575585254676,Membalas @EILGAR PRATAMA 🐣 Dosis rekomendasi anak usia 0-12 bulan itu 400iu berdasarkan IDAI dan WHO,health,0.95,False,ollama_enhanced,
roozzaak,7635124272184282388,Membalas @momDarren❤️‍🔥 #fyp #fypシ #DokterGemoy #vitaminD #vitaminD3,health,0.95,False,ollama_enhanced,
roozzaak,7625586558766451988,Membalas @it's Me #fyp #fypシ #DokterGemoy #edukasi #edukasikesehatan,health,0.95,False,ollama_enhanced,
roozzaak,7634816847363411220,Membalas @Ryuu010226 #fyp #fypシ #DokterGemoy #vitaminD #vitaminD3,health,0.95,False,ollama_enhanced,
roozzaak,7634816868175351061,Membalas @momDarren❤️‍🔥 #fyp #fypシ #DokterGemoy #vitaminD #vitaminD3,health,0.95,False,ollama_enhanced,
roozzaak,7634813398961769748,Membalas @ipeh Bisa diberikan essential oil seperti cessa atau transpulmin untuk membantu meredakan ,health,0.95,False,ollama_enhanced,
roozzaak,7634810987584965908,Membalas @Rsth #fyp #fypシ #DokterGemoy #vitaminD #vitaminD3,health,0.95,False,ollama_enhanced,
roozzaak,7634444595912396053,Membalas @Mamanya Sami #fyp #fypシ #DokterGemoy #vitaminD #vitaminD3,health,0.95,False,ollama_enhanced,
roozzaak,7634441950745070868,Membalas @chagiya #fyp #fypシ #DokterGemoy #vitaminD #vitaminD3,health,0.95,False,ollama_enhanced,
roozzaak,7634439635183127828,Membalas @Eka Lia #fyp #fypシ #DokterGemoy #vitaminD #vitaminD3,health,0.95,False,ollama_enhanced,
roozzaak,7634438583671098645,Membalas @Dheee #fyp #fypシ #DokterGemoy #vitaminD #vitaminD3,health,0.95,False,ollama_enhanced,
roozzaak,7634373036182916373,Membalas @Mama_keenan #fyp #fypシ #DokterGemoy #vitaminD #vitaminD3,health,0.95,False,ollama_enhanced,
roozzaak,7634356900859022612,Membalas @Friska d #fyp #fypシ #DokterGemoy #vitaminD #vitaminD3,health,0.95,False,ollama_enhanced,
roozzaak,7624869152888605972,Membalas @diana #fyp #fypシ #DokterGemoy #edukasi #edukasikesehatan,health,0.95,False,ollama_enhanced,
roozzaak,7633960023206432021,Membalas @Mama Momon🐍 #fyp #fypシ #DokterGemoy #vitaminD #vitaminD3,health,0.95,False,ollama_enhanced,
roozzaak,7633960014792625429,Membalas @uci #fyp #fypシ #DokterGemoy #vitaminD #vitaminD3,health,0.95,False,ollama_enhanced,
roozzaak,7624868500020022548,Membalas @adeyy_rowrrr🦖 #fyp #fypシ #DokterGemoy #edukasi #edukasikesehatan,health,0.95,False,ollama_enhanced,
roozzaak,7633287336272448788,#stitch dengan @BocoranNetizen.id #fyp #fypシ #DokterGemoy #edukasi,health,1.0,True,manual_check,2026-09-19T09:30:46.426264
roozzaak,7624867120706358549,Membalas @diniiape_ #fyp #fypシ #DokterGemoy #vitaminD #VitaminD3,health,0.95,False,ollama_enhanced,
roozzaak,7632919370817228052,Membalas @Elis Suhaeni #fyp #fypシ #DokterGemoy #vitaminD #vitaminD3,health,0.95,False,ollama_enhanced,
roozzaak,7632886057226210581,Membalas @mbaq shofia #fyp #fypシ #DokterGemoy #tiktok #tiktokindonesia,health,0.95,False,ollama_enhanced,
roozzaak,7632917492641385749,"Membalas @ibu,e naya #fyp #fypシ #DokterGemoy #vitaminD #vitaminD3",health,0.95,False,ollama_enhanced,
roozzaak,7624866498976304405,Membalas @citraaa #fyp #fypシ #DokterGemoy #edukasi #edukasikesehatan,health,0.95,False,ollama_enhanced,
roozzaak,7632229817697570069,Membalas @chandrapratama Hobahhh #fyp #fypシ #DokterGemoy #tiktok #tiktokindonesia,health,0.85,False,ollama_enhanced,
roozzaak,7624824844093246740,Membalas @Tifanoor #fyp #fypシ #DokterGemoy #edukasi #edukasikesehatan,health,0.95,False,ollama_enhanced,
roozzaak,7632127068569898260,Membalas @JASUN Kena saya juga manusia biasa bu 🤣 #fyp #fypシ #DokterGemoy #tiktok #kicawmania,health,0.85,False,ollama_enhanced,
roozzaak,7632139379472911637,Membalas @Novitaasari29 #fyp #fypシ #DokterGemoy #facecream #babycream,health,0.75,False,ollama_enhanced,
roozzaak,7632137866700705045,Membalas @Eslemontea #fyp #fypシ #DokterGemoy #vitaminD #vitaminD3,health,0.95,False,ollama_enhanced,
roozzaak,7632132135834357013,Membalas @nengwiwi5 #fyp #fypシ #DokterGemoy #vitaminD #vitaminD3,health,0.95,False,ollama_enhanced,
roozzaak,7632130576916516116,Membalas @Dev✨️ #fyp #fypシ #DokterGemoy #vitaminD #vitaminD3,health,0.95,False,ollama_enhanced,
roozzaak,7624824419856305429,Membalas @M Zidan Al Malik #fyp #fypシ #DokterGemoy #edukasi #edukasikesehatan,health,0.95,False,ollama_enhanced,
roozzaak,7624825050855935252,Membalas @𝕆𝕂𝕋𝔸1310🇮🇩 #fyp #fypシ #DokterGemoy #edukasi #edukasikesehatan,health,0.95,False,ollama_enhanced,
roozzaak,7631462856017317141,"Lewat mulu di fyp, jadi pengen buat walau kek robot 🤣. Sampe kota mana ? 👀 #fyp #fypシ #DokterGemoy #",health,0.85,False,ollama_enhanced,
roozzaak,7624004261084433684,Membalas @@afrizalhotman123 #fyp #fypシ #DokterGemoy #edukasi #edukasikesehatan,health,0.95,False,ollama_enhanced,
roozzaak,7624004037897227540,Membalas @Niar #fyp #fypシ #DokterGemoy #vitaminD #vitaminD3,health,0.95,False,ollama_enhanced,
roozzaak,7624003318771207445,Membalas @Zakya SyaZa123 #fyp #fypシ #DokterGemoy #edukasi #edukasikesehatan,health,0.95,False,ollama_enhanced,
roozzaak,7630434683054066965,"Ayok min, tolong kalau ada teguran jangan langsung main buang aja @TikTok Indonesia . Minimal diberi",health,0.95,False,ollama_enhanced,
roozzaak,7629898571822927125,Membalas @Mega #fyp #fypシ #DokterGemoy #vitaminD #vitaminD3,health,0.95,False,ollama_enhanced,
roozzaak,7629896729902484757,Membalas @lani apriyanti #fyp #fypシ #DokterGemoy #channamix #cannapro,health,0.85,False,ollama_enhanced,
roozzaak,7624002377175026965,Membalas @𝚋𝚞𝚗𝚐𝚜𝚞 𝚕𝚊𝚖𝚙𝚞𝚗𝚐 🥀 #fyp #fypシ #DokterGemoy #edukasi #edukasikesehatan,health,0.95,False,ollama_enhanced,
roozzaak,7629544509533162772,Membalas @Ning saynem #fyp #fypシ #DokterGemoy #vitaminD #vitaminD3,health,0.95,False,ollama_enhanced,
roozzaak,7629539949867552021,Membalas @mutiara airani almaida #fyp #fypシ #DokterGemoy #vitaminD #vitaminD3,health,0.95,False,ollama_enhanced,
roozzaak,7629537860223372565,Membalas @Ta🥑 #fyp #fypシ #DokterGemoy #vitaminD #vitaminD3,health,0.95,False,ollama_enhanced,
roozzaak,7629531221806091540,Membalas @milo #fyp #fypシ #DokterGemoy #vitaminD #vitaminD3,health,0.95,False,ollama_enhanced,
roozzaak,7624001962563898644,Membalas @Itsmebellabell #fyp #fypシ #DokterGemoy #edukasi #edukasikesehatan,health,0.95,False,ollama_enhanced,
roozzaak,7623958731511827732,Membalas @ayukk #fyp #fypシ #DokterGemoy #edukasi #edukasikesehatan,health,0.95,False,ollama_enhanced,
roozzaak,7623958595318648084,Membalas @Dini Ajalah #fyp #fypシ #DokterGemoy #edukasi #edukasikesehatan,health,0.95,False,ollama_enhanced,
roozzaak,7628123696330312981,Membalas @ainul #fyp #fypシ #DokterGemoy #edukasi #edukasikesehatan,health,0.95,False,ollama_enhanced,
roozzaak,7623199566325714197,Membalas @Sibontot_227💕 #fyp #fypシ #DokterGemoy #vitaminD #vitaminD3,health,0.85,False,ollama_enhanced,
roozzaak,7628018929553706260,Membalas @momieneng #fyp #fypシ #DokterGemoy #vitaminD #vitaminD3,health,0.95,False,ollama_enhanced,
roozzaak,7628119106155334932,#stitch dengan @RADIKS FM #fyp #fypシ #DokterGemoy #edukasi,health,1.0,True,manual_check,2026-09-19T09:30:54.337190
roozzaak,7628015753958083861,Membalas @Nia Qudus #fyp #fypシ #DokterGemoy #vitaminD #vitaminD3,health,0.95,False,ollama_enhanced,
roozzaak,7628014586666568981,Membalas @winendra Koreksi untuk anak diatas 12 bulan silahkan menggunakan Defend D Drops dan berika,health,0.95,False,ollama_enhanced,
roozzaak,7622992484221717780,Membalas @Ena Dewi #fyp #fypシ #DokterGemoy #edukasi #edukasikesehatan,health,0.95,False,ollama_enhanced,
roozzaak,7627662698821455125,Membalas @momz sakha #fyp #fypシ #DokterGemoy #vitaminD #vitaminD3,health,0.95,False,ollama_enhanced,
roozzaak,7627658474989587732,Membalas @fitriaafbrn #fyp #fypシ #DokterGemoy #vitaminD #vitaminD3,health,0.95,False,ollama_enhanced,
roozzaak,7627658487388032276,Membalas @Ayu Triyani #fyp #fypシ #DokterGemoy #vitaminD #vitaminD3,health,0.95,False,ollama_enhanced,
roozzaak,7622688980693208340,Membalas @Istri Aldo #fyp #fypシ #DokterGemoy #vitaminD #vitaminD3,health,0.95,False,ollama_enhanced,
roozzaak,7627394340461071637,Membalas @Gelapy #fyp #fypシ #DokterGemoy #vitaminD #vitaminD3,health,0.95,False,ollama_enhanced,
roozzaak,7627392169216609557,Membalas @necihandayani_ #fyp #fypシ #DokterGemoy #vitaminD #vitaminD3,health,0.95,False,ollama_enhanced,
roozzaak,7622688034529578261,Membalas @Ra🪷 #fyp #fypシ #DokterGemoy #edukasi #edukasikesehatan,health,0.95,False,ollama_enhanced,
roozzaak,7622585721227873556,"Membalas @_mliay Vitamin D macamnya ada banyak, dan dosis setiap kemasan berbeda beda. Jadi disesuai",health,0.95,False,ollama_enhanced,
roozzaak,7625851277825690901,#stitch dengan @amihareesha #fyp #fypシ #DokterGemoy #edukasi,health,1.0,True,manual_check,2026-09-19T09:30:56.919188
roozzaak,7622504134398364948,Membalas @Laras2520 #fyp #fypシ #DokterGemoy #vitaminD #vitaminD3,health,0.95,False,ollama_enhanced,
roozzaak,7619963579432815892,Membalas @anggunfikri1 #fyp #fypシ #DokterGemoy #edukasi #edukasikesehatan,health,0.95,False,ollama_enhanced,
roozzaak,7625825762880359701,Membalas @Rid_Ni #fyp #fypシ #DokterGemoy #vitaminD #vitaminD3,health,0.95,False,ollama_enhanced,
roozzaak,7625825712787770645,Membalas @Fajar A #fyp #fypシ #DokterGemoy #vitaminD #vitaminD3,health,0.95,False,ollama_enhanced,
roozzaak,7625822821498883349,Membalas @sofiyah #fyp #fypシ #DokterGemoy #vitaminD #vitaminD3,health,0.95,False,ollama_enhanced,
roozzaak,7625820994397113620,Membalas @Naylatul Badriah #fyp #fypシ #DokterGemoy #vitaminD #vitaminD3,health,0.95,False,ollama_enhanced,
roozzaak,7619503752206241045,Membalas @amoey91🐣 #fyp #fypシ #DokterGemoy #vitaminD #vitaminD3,health,0.95,False,ollama_enhanced,
roozzaak,7625579924438469909,Membalas @putri_shii #fyp #fypシ #DokterGemoy #vitaminD #vitaminD3,health,0.95,False,ollama_enhanced,
roozzaak,7625578156799413525,"Membalas @𝐡𝐚𝐥𝐥𝐨, 𝐢𝐧𝐢 𝐫𝐚𝐢𝐢 #fyp #fypシ #DokterGemoy #vitaminD #vitaminD3",health,0.95,False,ollama_enhanced,
roozzaak,7619503480880762133,Membalas @.Fitrie🧚. ☑️ #fyp #fypシ #DokterGemoy #edukasi #edukasikesehatan,health,0.95,False,ollama_enhanced,
roozzaak,7619175347640159508,Membalas @Anisa nopianti #fyp #fypシ #DokterGemoy #edukasi #edukasikesehatan,health,0.95,False,ollama_enhanced,
roozzaak,7624823738470534420,Membalas @Julia Lia9501 #fyp #fypシ #DokterGemoy #edukasi #edukasikesehatan,health,0.95,False,ollama_enhanced,
roozzaak,7624366969227152661,Membalas @Siska #fyp #fypシ #DokterGemoy #vitaminD #vitaminD3,health,0.95,False,ollama_enhanced,
roozzaak,7624746698136358165,Membalas @cerrytercantiksed #fyp #fypシ #DokterGemoy #cessa #transpulminbaby,health,0.85,False,ollama_enhanced,
roozzaak,7619172713185152276,Membalas @aloycious endo #fyp #fypシ #DokterGemoy #edukasi #edukasikesehatan,health,0.95,False,ollama_enhanced,
roozzaak,7623965437335801109,Membalas @Alisha🕊️ #fyp #fypシ #DokterGemoy #vitaminD #vitaminD3,health,0.95,False,ollama_enhanced,
roozzaak,7624335203909127444,Membalas @yuta_.dan._yuji #fyp #fypシ #DokterGemoy #edukasi #edukasikesehatan,health,0.95,False,ollama_enhanced,
roozzaak,7618856461086526740,Membalas @Akunberdua❤️‍🩹❤️‍🔥 #fyp #fypシ #DokterGemoy #edukasi #edukasikesehatan,health,0.95,False,ollama_enhanced,
roozzaak,7623200171068869909,Membalas @bundanya zidan #fyp #fypシ #DokterGemoy #vitaminD #vitaminD3,health,0.95,False,ollama_enhanced,
roozzaak,7623968487706266901,Membalas @user9440668945928 #fyp #fypシ #DokterGemoy #vitaminD #vitaminD3,health,0.95,False,ollama_enhanced,
roozzaak,7618043704061824276,Membalas @putra #fyp #fypシ #DokterGemoy #edukasi #edukasikesehatan,health,0.95,False,ollama_enhanced,
roozzaak,7623681141500841237,Membalas @MAMAH ARKANA #fyp #fypシ #DokterGemoy #vitaminD #vitaminD3,health,0.95,False,ollama_enhanced,
roozzaak,7622987281292479765,Membalas @Kmuyad #fyp #fypシ #DokterGemoy #vitaminD #vitaminD3,health,0.95,False,ollama_enhanced,
roozzaak,7617705689795923221,Membalas @Momy Ryuga👶 #fyp #fypシ #DokterGemoy #edukasi #edukasikesehatan,health,0.95,False,ollama_enhanced,
roozzaak,7622981939158453525,Membalas @Siska #fyp #fypシ #DokterGemoy #vitaminD #vitaminD3,health,0.95,False,ollama_enhanced,
roozzaak,7617705274257771796,Membalas @🐽Salicil🐽 #fyp #fypシ #DokterGemoy #edukasi #edukasikesehatan,health,0.95,False,ollama_enhanced,
roozzaak,7617678529957825812,Membalas @Queen'seo💋 #fyp #fypシ #DokterGemoy #edukasi #edukasikesehatan,health,0.95,False,ollama_enhanced,
roozzaak,7622457352448429333,Membalas @kepoooahhh😋 #fyp #fypシ #DokterGemoy #vitaminD #vitaminD3,health,0.85,False,ollama_enhanced,
roozzaak,7622459966162685205,Membalas @sopo hayo Pakai Prove D Drops bisa diberikan 1 tetes per hari karena 1 tetes prove D = 400,health,0.95,False,ollama_enhanced,
roozzaak,7622257363377982741,Membalas @𝙲𝙻𝙴𝙾 #fyp #fypシ #DokterGemoy #vitaminD #vitaminD3,health,0.95,False,ollama_enhanced,
roozzaak,7617678459204128020,Membalas @Bunda Faren #fyp #fypシ #DokterGemoy #edukasi #edukasikesehatan,health,0.95,False,ollama_enhanced,
roozzaak,7622255202141228309,Membalas @junael #fyp #fypシ #DokterGemoy #vitaminD #vitaminD3,health,0.95,False,ollama_enhanced,
roozzaak,7622250017637698837,Membalas @Aqmaa94 #fyp #fypシ #DokterGemoy #vitaminD #vitaminD3,health,0.95,False,ollama_enhanced,
roozzaak,7622248593788849429,Membalas @TaniuL #fyp #fypシ #DokterGemoy #vitaminD #vitaminD3,health,0.95,False,ollama_enhanced,
roozzaak,7622248446048652565,Membalas @rodiyah #fyp #fypシ #DokterGemoy #edukasi #asibooster,health,0.95,False,ollama_enhanced,
roozzaak,7611123916030971157,Membalas @Anisa #fyp #fypシ #DokterGemoy #edukasi #edukasitiktok,health,0.95,False,ollama_enhanced,
roozzaak,7611122938531679508,"Membalas @""adhi"" #fyp #fypシ #DokterGemoy #edukasi #edukasitiktok",health,0.95,False,ollama_enhanced,
roozzaak,7610384105049509141,Membalas @Aay #fyp #fypシ #DokterGemoy #edukasi #edukasitiktok,health,0.95,False,ollama_enhanced,
roozzaak,7610383750240750869,Membalas @zaaa #fyp #fypシ #DokterGemoy #edukasi #edukasitiktok,health,0.95,False,ollama_enhanced,
roozzaak,7610383226728877332,"Membalas @""Tie 2"" #fyp #fypシ #DokterGemoy #edukasi #edukasitiktok",health,0.95,False,ollama_enhanced,
roozzaak,7619969922751352085,Membalas @bundanya zidan #fyp #fypシ #DokterGemoy #edukasi #probiotics,health,0.95,False,ollama_enhanced,
roozzaak,7619971251695586580,Membalas @Bunda 2Kh #fyp #fypシ #DokterGemoy #vitaminD #vitaminD3,health,0.95,False,ollama_enhanced,
roozzaak,7619966180605906196,Membalas @naNaaaa🥵🫦 #fyp #fypシ #DokterGemoy #edukasi #edukasikesehatan,health,0.95,False,ollama_enhanced,
roozzaak,7610382872532274453,Membalas @Rental PS3 antar jemput #fyp #fypシ #DokterGemoy #vitaminD #vitaminD3,health,0.85,False,ollama_enhanced,
roozzaak,7608859263116512532,Membalas @drk #fyp #fypシ #DokterGemoy #vitaminD #vitaminD3,health,0.95,False,ollama_enhanced,
roozzaak,7619184320388926740,Membalas @kalleyyy #fyp #fypシ #DokterGemoy #vitaminD #vitaminD3,health,0.95,False,ollama_enhanced,
roozzaak,7619183555939290389,Membalas @andini #fyp #fypシ #DokterGemoy #vitaminD #vitaminD3,health,0.95,False,ollama_enhanced,
roozzaak,7619179865220091156,Membalas @nancy situmorang #fyp #fypシ #DokterGemoy #vitaminD #vitaminD3,health,0.95,False,ollama_enhanced,
roozzaak,7619178574582533397,Membalas @girl galsses😘 Sari ikan gabus bisa dikonsumsi untuk membantu memaksimalkan penyembuhan luk,health,0.95,False,ollama_enhanced,
roozzaak,7619173793809845525,Membalas @Rdhindisss04 #fyp #fypシ #DokterGemoy #vitaminD #vitaminD3,health,0.95,False,ollama_enhanced,
roozzaak,7619117451308977429,"Selamat Hari Raya Idul Fitri Minal Aidin Wal Faizin, Mohon Maaf Lahir dan Batin Semoga kita semua se",health,0.95,False,ollama_enhanced,
roozzaak,7619113864956857621,Surabaya sisa pemain inti #surabaya #surabayatiktok #mudik #mudiklebaran #DokterGemoy @Asli Suroboyo,health,0.85,False,ollama_enhanced,
roozzaak,7608193847545449749,Membalas @trihandayani #fyp #fypシ #DokterGemoy #edukasi #edukasitiktok,health,0.95,False,ollama_enhanced,
roozzaak,7618755163871907093,Membalas @wulan🌊 #fyp #fypシ #DokterGemoy #vitaminD #vitaminD3,health,0.95,False,ollama_enhanced,
roozzaak,7618753227181378837,Membalas @yuni14. #fyp #fypシ #DokterGemoy #vitaminD #vitaminD3,health,0.95,False,ollama_enhanced,
roozzaak,7618749614836944149,Membalas @suryo bagus basudewo #fyp #fypシ #DokterGemoy #vitaminD #vitaminD3,health,0.95,False,ollama_enhanced,
roozzaak,7618748384563727636,Membalas @nimadepuspawati3 #fyp #fypシ #DokterGemoy #vitaminD #vitaminD3,health,0.95,False,ollama_enhanced,
roozzaak,7608193630997744916,"Membalas @Sabrina Azzahra Kalau gak boleh makan lele bisa cari alternatifnya, kapsul ikan gabus #fyp",health,0.95,False,ollama_enhanced,
roozzaak,7608192863318412564,Membalas @Just D.A #fyp #fypシ #DokterGemoy #edukasi #edukasitiktok,health,0.95,False,ollama_enhanced,
roozzaak,7618043708151221525,Membalas @ardan kanza #fyp #fypシ #DokterGemoy #vitaminD #vitaminD3,health,0.95,False,ollama_enhanced,
roozzaak,7618043599871134997,Membalas @Nia Qudus #fyp #fypシ #DokterGemoy #vitaminD #vitaminD3,health,0.95,False,ollama_enhanced,
roozzaak,7618043620758703381,Membalas @Raudah434 #fyp #fypシ #DokterGemoy #vitaminD #vitaminD3,health,0.95,False,ollama_enhanced,
roozzaak,7608191893377273108,Membalas @🕊Henny🥀 #fyp #fypシ #DokterGemoy #edukasi #edukasitiktok,health,0.95,False,ollama_enhanced,
roozzaak,7617700048901508372,Membalas @twentysix🐣 #fyp #fypシ #DokterGemoy #vitaminD #vitaminD3,health,0.95,False,ollama_enhanced,
roozzaak,7617678194619223316,Membalas @GreenApple🍏 #fyp #fypシ #DokterGemoy #vitaminD #vitaminD3,health,0.95,False,ollama_enhanced,
roozzaak,7608191965460499733,Membalas @Mawar 🌹 #fyp #fypシ #DokterGemoy #edukasi #edukasitiktok,health,0.95,False,ollama_enhanced,
roozzaak,7617294338904788244,Membalas @Maisyie Malikah bilQis #fyp #fypシ #DokterGemoy #edukasi #edukasikesehatan,health,0.95,False,ollama_enhanced,
roozzaak,7608188238053788948,Membalas @nengwiwi5 #fyp #fypシ #DokterGemoy #vitaminD #vitaminD3,health,0.95,False,ollama_enhanced,
roozzaak,7608179055560494357,Membalas @iniaku #fyp #fypシ #DokterGemoy #vitaminD #vitaminD3,health,0.95,False,ollama_enhanced,
roozzaak,7616194439706381589,Membalas @Mamanya Aychel #fyp #fypシ #DokterGemoy #edukasi #mshape,health,0.95,False,ollama_enhanced,
roozzaak,7616180045693865237,Membalas @kalleyyy #fyp #fypシ #DokterGemoy #vitaminD #vitaminD3,health,0.95,False,ollama_enhanced,
roozzaak,7616179026108943636,Membalas @💖mastin💚 #fyp #fypシ #DokterGemoy #vitaminD #vitaminD3,health,0.95,False,ollama_enhanced,
roozzaak,7616177546677275925,Membalas @💞 momy Nazbiell 💞 #fyp #fypシ #DokterGemoy #vitaminD #vitaminD3,health,0.95,False,ollama_enhanced,
roozzaak,7608178086336630036,"Membalas @𝐡𝐚𝐥𝐥𝐨, 𝐢𝐧𝐢 𝐫𝐚𝐢𝐢 #fyp #fypシ #DokterGemoy #edukasi #edukasitiktok",health,0.95,False,ollama_enhanced,
roozzaak,7608178202330107157,Membalas @Dinda Aulia Putri #fyp #fypシ #DokterGemoy #edukasi #edukasitiktok,health,0.95,False,ollama_enhanced,
roozzaak,7615507792975219988,#stitch dengan @DN salon juwana Dessy nova #fyp #fypシ #DokterGemoy #edukasi,health,1.0,True,manual_check,2026-09-19T09:31:13.973435
roozzaak,7615503086567656725,"Membalas @Ai Mutiara Yang saya sematkan di keranjang saya insyaAllah aman kok, sudah saya review, ce",health,0.95,False,ollama_enhanced,
roozzaak,7615501082755747092,Membalas @milo #fyp #fypシ #DokterGemoy #vitaminD #vitaminD3,health,0.95,False,ollama_enhanced,
roozzaak,7615498855177604373,Membalas @ig.masliyana_ismail #fyp #fypシ #DokterGemoy #vitaminD #vitaminD3,health,0.95,False,ollama_enhanced,
roozzaak,7615493901947850004,Membalas @naNaaaa🥵🫦 #fyp #fypシ #DokterGemoy #interlac #probiotics,health,0.85,False,ollama_enhanced,
roozzaak,7608176895712087316,"Membalas @Mtrkh Bayi baru lahir yang belum diberikan asi (karena asi ibunya masih sedikit), tidak pe",health,0.95,False,ollama_enhanced,
roozzaak,7614849677036375316,Membalas @user7790063097812 #fyp #fypシ #DokterGemoy #zinc #ZincTiens,health,0.95,False,ollama_enhanced,
roozzaak,7614806325746224405,"Dapat dikonsumsi anak usia 6 bulan ke atas, dengan dosis ½ kapsul per hari untuk usia 6 bulan - 2 ta",health,0.95,False,ollama_enhanced,
roozzaak,7614777264303082772,Membalas @neng riska'sadewa #fyp #fypシ #DokterGemoy #edukasi #edukasitiktok,health,0.95,False,ollama_enhanced,
roozzaak,7614772488198819093,Membalas @oreo pink Salah satu suplementasi yang bisa menunjang untuk memblokir virus dan bakteri ya,health,0.95,False,ollama_enhanced,
roozzaak,7614766719566925077,Membalas @Anak ragil #fyp #fypシ #DokterGemoy #vitaminD #vitaminD3,health,0.95,False,ollama_enhanced,
roozzaak,7608175345270836500,Membalas @Elinaeloo #fyp #fypシ #DokterGemoy #edukasi #edukasitiktok,health,0.95,False,ollama_enhanced,
roozzaak,7614458014921149717,Membalas @Nabila Nabila #fyp #fypシ #DokterGemoy #edukasi #imunisasi,health,0.95,False,ollama_enhanced,
roozzaak,7614456039936658708,"Membalas @Asha22 lanjutan video saya, cuma memang anak yang usianya dibawah 9 bulan apalagi belum im",health,0.95,False,ollama_enhanced,
roozzaak,7614406328328506645,"Membalas @wiwins Imunisasi itu penting. Ketika anak kalian diberikan imunisasi, tubuhnya akan memben",health,0.95,False,ollama_enhanced,
roozzaak,7614401896693959957,Membalas @Asha22 #fyp #fypシ #DokterGemoy #edukasi #campak,health,0.95,False,ollama_enhanced,
roozzaak,7614398866863017237,Membalas @sari sct #fyp #fypシ #DokterGemoy #edukasi #campak,health,0.95,False,ollama_enhanced,
roozzaak,7614352844002626836,Membalas @Haryanti #fyp #fypシ #DokterGemoy #edukasi #campak,health,0.95,False,ollama_enhanced,
roozzaak,7614350950249057557,Membalas @sabilshop14 #fyp #fypシ #DokterGemoy #edukasi #imunisasi,health,0.95,False,ollama_enhanced,
roozzaak,7614349481101937941,Membalas @Siti Azmi 💦 #fyp #fypシ #DokterGemoy #edukasi #imunisasi,health,0.95,False,ollama_enhanced,
roozzaak,7614347218241375509,Membalas @ardan kanza #fyp #fypシ #DokterGemoy #edukasi #campak,health,0.95,False,ollama_enhanced,
roozzaak,7613709684045892885,Membalas @Ester Tambunan #fyp #fypシ #DokterGemoy #edukasi #edukasitiktok,health,0.95,False,ollama_enhanced,
roozzaak,7613705539939208468,Membalas @vita #fyp #fypシ #DokterGemoy #edukasi #edukasitiktok,health,0.95,False,ollama_enhanced,
roozzaak,7613705366697708820,Membalas @M🤍 #fyp #fypシ #DokterGemoy #edukasi #edukasitiktok,health,0.95,False,ollama_enhanced,
roozzaak,7613692992817286421,"Berikan anak imunisasi sesuai jadwal yang sudah tertera di buku pink, imunisasi itu gratis dan itu h",health,0.95,False,ollama_enhanced,
roozzaak,7613633223377128724,Membalas @Aƙυ Mαɳυʂια #fyp #fypシ #DokterGemoy #DHA #Nordic,health,0.95,False,ollama_enhanced,
aliphildan,7675309472029396244,"Hidup di tanah perantauan itu berat, untung aku punya mereka✨ masyaAllah Alhamdulillah🥺 doain kita s",health,0.85,False,ollama_enhanced,
drkevinmak,7609316307489623303,"Kerja baru sebentar tapi sudah lemes pas puasa? 😮‍💨 Kurang energi, gampang capek, pegal-pegal bisa j",health,0.95,False,ollama_enhanced,
drkevinmak,7608972183682977032,"Ramadhan baru jalan… tapi sudah lemes, letih, ngantukan terus? 😮‍💨 Kurang tidur + asupan berkurang +",health,0.95,False,ollama_enhanced,
drkevinmak,7608944552992345362,Puasa tapi badan sering lemes? 😮‍💨 Kurang paparan matahari + asupan berkurang bisa bikin kadar Vitam,health,0.95,False,ollama_enhanced,
drkevinmak,7608533883222641928,"Hayo kalau kamu tim overthinking tiap hari ga sih? Please cobain magnesium glycinate, could be a gam",health,0.95,False,ollama_enhanced,
drkevinmak,7608238412717378824,Kalau kamu biasa tidur jam berapa? Jangan lupa konsumsi magnesium bisglycinate kalau emang jam tidur,health,0.95,False,ollama_enhanced,
drkevinmak,7606919590223940882,"Liburan & mudik itu seru… tapi seringnya: kurang tidur, kena AC terus, pola makan berantakan, badan ",health,0.95,False,ollama_enhanced,
drkevinmak,7606916693226491144,"Mudik & travelling itu bukan cuma soal tiket dan koper. Perubahan jam makan, beda makanan, kurang ti",health,0.95,False,ollama_enhanced,
drkevinmak,7606693190627790087,GERD sering kambuh saat puasa & Lebaran bukan cuma karena santan atau pedas. Banyak yang nggak sadar,health,0.95,False,ollama_enhanced,
drkevinmak,7605880008933903624,Kalau kamu udah rutin konsumsi probiotik belom? Coba komen dibawah kalau kamu alami keputihan juga y,health,0.95,False,ollama_enhanced,
drkevinmak,7605447920611036424,"Sering capek, pusing, otot gampang keram, jantung berdebar? Banyak yang kira kurang tidur atau vitam",health,0.95,False,ollama_enhanced,
drkevinmak,7604522834785815826,Komen magnesium glycinate nanti saya spill magnesium yang sering saya konsumsi juga! #magnesium #mag,health,0.85,False,ollama_enhanced,
drkevinmak,7603721465988484370,"Nggak semua probiotik bisa buat keputihan. Karena tiap probiotik itu beda strain, beda fungsi. Yang ",health,0.95,False,ollama_enhanced,
drkevinmak,7603402495297178887,Probiotik yang tepat dengan dosis yang pas dapat bantu keputihan biar ga bolak balik asal dikonsumsi,health,0.95,False,ollama_enhanced,
drkevinmak,7603322719463066898,Kalau kamu udah rutin minum suplemen kulit apa? Jangan lupain astaxanthin glutathione ya! 1x sehari ,health,0.95,False,ollama_enhanced,
drkevinmak,7602934134033452295,Vitamin D diminum tiap hari tapi hasilnya nggak kerasa? Bisa jadi cara minumnya salah Vitamin D itu ,health,0.95,False,ollama_enhanced,
drkevinmak,7602199537586933010,"Defisit nutrisi sebelum puasa itu sering nggak disadari. Makan ada, tapi gizinya kosong. Pas puasa e",health,0.95,False,ollama_enhanced,
drkevinmak,7602050207349525768,"“Anak susah BAB itu bukan cuma soal kurang serat.” Sering kejadian, makan udah dijaga, minum cukup… ",health,0.95,False,ollama_enhanced,
drkevinmak,7601889738194193682,"Minum astaxanthin kok nggak ngaruh?” Padahal… ngaruh banget, cuma bukan instan. Astaxanthin kerja di",health,0.95,False,ollama_enhanced,
drkevinmak,7601780994617691410,Vitamin D 1000 IU vs 4000 IU — beda fungsi. Bukan soal lebih tinggi lebih bagus. 1000 IU → maintenan,health,0.95,False,ollama_enhanced,
drkevinmak,7601438066884054290,Jangan bilang saya ga spill rahasia nya ya! Kolagen tripeptdie + s acetyl glutathione 1x sehari 👍 #i,health,0.95,False,ollama_enhanced,
drkevinmak,7601171695453375752,"“Anak GTM & picky eater itu sering bukan karena bandel.” Makan dikit, pilih-pilih, gampang kenyang 😮",health,0.95,False,ollama_enhanced,
drkevinmak,7601050480822766856,Coba komen kalau kamu gerd sebulan kambuh berapa kali nih? Jangan cuman ngandelin obat maag ya! #inf,health,0.95,False,ollama_enhanced,
drkevinmak,7600347913331543304,Idealnya sih 10 mg astaxanthin dan glutathione 500 mg ya biar hasilnya lebih maksimal jangan lupa se,health,0.95,False,ollama_enhanced,
drkevinmak,7600290469058202887,"Replying to @byddwiii Minum vitamin D itu nggak bisa asal. Karena beda dosis, beda kebutuhan. Kalau ",health,0.95,False,ollama_enhanced,
drkevinmak,7600196320539856135,Hayo 2026 saatnya minum magnesium kalau tidur masih terus aja kacau! Btw komen dong video ini lewat ,health,0.95,False,ollama_enhanced,
drkevinmak,7600056029417622791,Jangan salah lagi konsumsi vitamin D ❌ Karena vitamin D itu tergantung dosis & kondisi tubuh. Kurang,health,0.95,False,ollama_enhanced,
drkevinmak,7600018436978248967,Replying to @Yurike Ang “Busui boleh dan justru PERLU minum vitamin D.” Vitamin D bantu: ✔️ daya tah,health,0.95,False,ollama_enhanced,
drkevinmak,7599646508660641031,Banyak yang takut minum probiotik karena khawatir ke ginjal. Padahal probiotik itu bukan obat keras ,health,0.95,False,ollama_enhanced,
drkevinmak,7599210217070431506,"Replying to @Ade 𐙚 Minum probiotik itu tergantung kondisi, ya. Nggak harus diminum terus-terusan set",health,0.95,False,ollama_enhanced,
drkevinmak,7598510571679419655,Replying to @byddwiii “Vitamin D itu idealnya cek lab dulu. Tapi nggak semua orang harus.” Kalau bis,health,0.95,False,ollama_enhanced,
drkevinmak,7598021425915546888,Replying to @Nona souye kalau kamu udah minum astaxanthin berapa lama? #astaxanthin #swisse #glutath,health,0.85,False,ollama_enhanced,
drkevinmak,7598024648332266760,Replying to @mulut_koe kalau kamu start konsumsi astaxanthin dari usia berapa? Komen dibawah ya 👍 #i,health,0.95,False,ollama_enhanced,
drkevinmak,7598019666858183954,Replying to @Ibu peri🧚🏻‍♀️ kalau kamu minum astaxanthin pagi apa malem? Coba sharing pengalaman kamu,health,0.85,False,ollama_enhanced,
drkevinmak,7597826158729645320,“BAB keras ATAU encer terus? Itu tanda usus kamu nggak seimbang.” Usus nggak normal bisa bikin: – BA,health,0.95,False,ollama_enhanced,
drkevinmak,7597777222652431624,"Sering kembung, gampang capek, BAB nggak teratur, imun turun, kulit gampang bermasalah? Bisa jadi mi",health,0.95,False,ollama_enhanced,
drkevinmak,7597402670227410183,Kalau kamu udah rutin minum probiotik belom? Coba komen apa yang kamu rasain ya 👍 #keputihan #probio,health,0.95,False,ollama_enhanced,
drkevinmak,7597281140524715271,Trust me probiotik emang sepenting itu! Bukan cuman buat pencernaan tapi utk keluhan keputihan dan i,health,0.95,False,ollama_enhanced,
drkevinmak,7597038380114857234,"Replying to @Burger Queen 🦄 Vitamin D3 sering dibilang bikin nafsu makan naik. Faktanya, tidak secar",health,0.95,False,ollama_enhanced,
drkevinmak,7596701148837416210,Vitamin D3 membantu penyerapan kalsium dari makanan. Vitamin D3K2 mengandung D3 plus vitamin K2 yang,health,0.95,False,ollama_enhanced,
drkevinmak,7596526547310284039,"Replying to @Anita Lovanka Vitamin D adalah vitamin larut lemak, jadi sebaiknya diminum setelah maka",health,0.95,False,ollama_enhanced,
drkevinmak,7596155634303864082,"Tinggi badan anak tidak ditentukan oleh satu faktor saja. Genetik berperan, tapi bukan satu-satunya ",health,0.95,False,ollama_enhanced,
drkevinmak,7595953714507091208,Replying to @geegee_handmade Vitamin D3 boleh dan aman dikonsumsi setiap hari. Selama dosisnya sesua,health,0.95,False,ollama_enhanced,
drkevinmak,7595916311729900818,Replying to @yaya kalau kamu udah minum astaxanthin berapa lama? Coba komen hasil yang kamu rasain y,health,0.85,False,ollama_enhanced,
drkevinmak,7595759088798059783,Replying to @Ayu_stira Vitamin D sering dibilang bikin gagal ginjal. Faktanya tidak. Vitamin D tidak,health,0.95,False,ollama_enhanced,
drkevinmak,7595560987940572423,Replying to @sofia horan kalau kamu udah minum glutathione berapa lama? #ginjal #suplemen #glutathio,health,0.95,False,ollama_enhanced,
drkevinmak,7595151823472807186,Replying to @Yhass_14 inget ya sesuaikan kebutuhan dosis probiotik untuk keluhan kamu ✅ Kalau kamu p,health,0.95,False,ollama_enhanced,
drkevinmak,7595008557901286663,Please banget ini mah jangan sampai 2026 ga rutin pakai moisturizer kolagen ya ✅ sayang kalau udah a,health,0.95,False,ollama_enhanced,
drkevinmak,7594839999791582482,Replying to @Arunika kalau kamu sering keputihan juga? Coba komen pengalaman kamu ya 👍 Keranjang nya,health,0.95,False,ollama_enhanced,
drkevinmak,7594736403435572487,Komen “probiotik keputihan” kalau mau di spill produk probiotik apa aja yang bisa bantu keluhan kepu,health,0.95,False,ollama_enhanced,
drkevinmak,7594484400704867592,"Replying to @Siska FR💫 Promil itu bukan soal cepat, tapi soal tepat.” Banyak promil yang gagal bukan",health,0.95,False,ollama_enhanced,
drkevinmak,7593711729620585735,"Usia 30, bukan telat… tapi waktunya lebih DISIAPIN.” Mulai promil di usia 30 itu bukan soal panik. T",health,0.95,False,ollama_enhanced,
drkevinmak,7593339475711872263,Liburan selesai. Foto-foto cakep udah. Tapi… jerawat malah muncul. Makan bebas ✔️ Tidur berantakan ✔,health,0.95,False,ollama_enhanced,
drkevinmak,7593239069375712530,"Tahun baru udah lewat. Resolusi udah ditulis. Tapi tidurnya malah berantakan. Badan capek, tapi jam ",health,0.95,False,ollama_enhanced,
drkevinmak,7592889450271690002,Kalau kamu ada sariawan biasanya pake apa nih? Mending pake gel sariawan ini aja! #sarinara #gelsari,health,0.95,False,ollama_enhanced,
drkevinmak,7591857331294522632,"Bekas jerawat itu bukan cuma soal “hilangin noda”. Seringnya, kulit kita masih luka dan meradang, ta",health,0.95,False,ollama_enhanced,
drkevinmak,7591817391949090056,Yu ah bantu share ke grup kantor dan keluarga biar nanti pas gajian ga boncos beli obat ya 🙏 #sakit ,health,0.95,False,ollama_enhanced,
drkevinmak,7591408920808131858,Kalau kamu udah rutin minum vitamin apa di awal tahun 2026 ini? #vitamin #tahunbaru #2026 #suplemen ,health,0.85,False,ollama_enhanced,
drkevinmak,7590735773536619783,Coba absen siapa yang tiap bulan bawaan nya senggol bacok dan marah marah mulu? Komen dibawah ✅ #inf,health,0.95,False,ollama_enhanced,
drrichardlee,7638950123799612693,"Di saat orang sibuk ribut soal 'overclaim', mari kita lihat fakta yang lebih mengerikan: produk beri",health,0.85,False,ollama_enhanced,
drrichardlee,7614068095233150229,DOWNLOAD 16: BAYI HILANG SAAT HAMIL?! INI FENOMENA GOIB ATAU MEDIS?!,health,0.95,False,ollama_enhanced,
drrichardlee,7612214747739475220,"DOWNLOAD 11: FAKTA PAHIT TAARUF & NIKAH SIRI: Sah di Agama, Tapi Bisa Jadi Petaka?!",health,0.85,False,ollama_enhanced,
drrichardlee,7596671109299227924,Hollywood Breast Injection..,health,0.85,False,ollama_enhanced,
drrichardlee,7593705548093132053,Korban Malpraktek RS Malaysia..,health,0.95,False,ollama_enhanced,
drrichardlee,7593611689799503125,"kalian wajib nonton si ini, korban malpraktek RS malaysia!! Ada yg tau RS nya?",health,0.85,False,ollama_enhanced,
farhanzubedi,7605267321191501077,☕️,health,1.0,True,manual_check,2026-09-19T09:31:27.932509
farhanzubedi,7603381122608811285,,health,1.0,True,manual_check,2026-09-19T09:31:33.587059
gelarsramdhani,7667226773331004680,"Cabut gigi tambal gigi bisa menggunakan bpjs asal ada indikasi medis, silahkan datang ke FKTP sesuai",health,0.95,False,ollama_enhanced,
gelarsramdhani,7667016650432072978,Yuk gabung di Grup WhatsApp edukasi kesehatan gigi dan mulut bersama Dokter Gigi Gelar S. Ramdhani S,health,0.95,False,ollama_enhanced,
gelarsramdhani,7665902188685708562,Membalas @arvino.nr.rizal8 Apakah pasang gigi palsu di dokter gigi bisa pakai BPJS? #gigipalsu #bpjs,health,0.95,False,ollama_enhanced,
gelarsramdhani,7664114189929155858,"Apabila kita jualan, sebaiknya pakai ilmu yang baik dan benar, agar dapat double keuntungan, dapat c",health,0.95,False,ollama_enhanced,
gelarsramdhani,7662669483588341000,"Hati-hati saat ini banyak dokter gadungan Banyak orang yang hanya modal jas putih, seolah-olah dirin",health,0.95,False,ollama_enhanced,
gelarsramdhani,7662344732521008391,Membalas @agustina.mulyani3 Kalau hipertensi aman tidak cabut gigi?,health,0.95,False,ollama_enhanced,
gelarsramdhani,7662276180363562258,Skill Lab Tatalaksana Sinkop Mahasiswa Fakultas Kedokteran Gigi Universitas Muhammadiyah Semarang (B,health,0.95,False,ollama_enhanced,
gelarsramdhani,7661995269709434119,Skill Lab Tatalaksana Sinkop Mahasiswa Fakultas Kedokteran Gigi Universitas Muhammadiyah Semarang (B,health,0.95,False,ollama_enhanced,
gelarsramdhani,7661884007419776263,Skill Lab Tatalaksana Sinkop Mahasiswa Fakultas Kedokteran Gigi Universitas Muhammadiyah Semarang (B,health,0.95,False,ollama_enhanced,
gelarsramdhani,7661214595977137426,Apa obat sakit gigi yang cocok menurut anda?,health,0.95,False,ollama_enhanced,
gelarsramdhani,7660701338413632775,Membalas @taliashop8 Membersihkan karang gigi di dokter gigi Indonesia kurang bersih?,health,0.95,False,ollama_enhanced,
gelarsramdhani,7660351795327192328,Kegiatan skills lab atau praktik mahasiswa S1 Kedokteran Gigi Fakultas Kedokteran Gigi Universitas M,health,0.85,False,ollama_enhanced,
gelarsramdhani,7658596381900229896,Membalas @auliaaudia2710Sisa akar gigi bahaya tidak?,health,0.95,False,ollama_enhanced,
gelarsramdhani,7658593509225598226,Membalas @amangsukmana95 Gigi Palsu Tertelan,health,0.85,False,ollama_enhanced,
gelarsramdhani,7658184013865078024,"kisah nyata tentang hubungan suami istri yang ""retak"" gara-gara kondisi gigi dan mulut yang kurang b",health,0.85,False,ollama_enhanced,
gelarsramdhani,7658177275183025415,"Bersihkan karang gigi jangan tunggu sampai kotor banget, silahkan datang ke dokter gigi untuk scalin",health,0.95,False,ollama_enhanced,
gelarsramdhani,7658154928912829704,Membalas @galangputraanugrah01 Anak usia 10 tahun boleh pasang behel atau kawat gigi?,health,0.95,False,ollama_enhanced,
gelarsramdhani,7657918445303942407,Tips agar biaya ke dokter gigi murah,health,0.95,False,ollama_enhanced,
gelarsramdhani,7657399284727385362,Membalas @ukie084 Gigi palsu lebih mahal dari tambal nambal gigi?,health,0.85,False,ollama_enhanced,
gelarsramdhani,7655893157741137170,Membalas @maffann gigi palsu itu asli gak dok?,health,0.95,False,ollama_enhanced,
gelarsramdhani,7655555498359540999,Membalas @mamih5750 Seorang ibu mau merapikan gigi anaknya usia 17 tahun agar gigi terlihat lebih ra,health,0.85,False,ollama_enhanced,
gelarsramdhani,7655310870662122760,Apa itu Dokter Gigi Spesialis Radiologi Kedokteran Gigi? Dokter Gigi Spesialis Radiologi Kedokteran ,health,0.95,False,ollama_enhanced,
gelarsramdhani,7654407868602731783,Membalas @aditya.maryanaberapa biaya pasang gigi palsu di dokter gigi? #doktergigi #gigipalsu #gigi,health,0.85,False,ollama_enhanced,
gelarsramdhani,7652985496880024850,Membalas @ginaa917 Gigi tumbuh tidak rata menyebabkan rahang atau wajah tidak simeteris?,health,0.85,False,ollama_enhanced,
gelarsramdhani,7652983716737731847,Membalas @hiiiiii_142 apakah bisa tambal gigi langsung tambalan permanen?,health,0.95,False,ollama_enhanced,
gelarsramdhani,7652600782759431432,Membalas @embed65 Kalau punya gula darah tinggi diabetes aman tidak cabut gigi? #diabetes #cabutgigi,health,0.95,False,ollama_enhanced,
gelarsramdhani,7647810662533500168,"Mendampingi jemaah haji Indonesia Kloter KJT 06 Majalengka, terutama para lansia dan jemaah yang mem",health,0.95,False,ollama_enhanced,
gelarsramdhani,7644813350026693906,"Tips kesehatan untuk jemaan haji Indonesia dari Bapak Dr. H. Agus Suratman, S.KM., M.Si Kepala Dinas",health,0.95,False,ollama_enhanced,
gelarsramdhani,7642453172673350930,Kegiatan olahraga pagi rutin (yoga) bagi jemaah haji Indonesia Kloter KJT 06 langsung dipimpin oleh ,health,0.85,False,ollama_enhanced,
gelarsramdhani,7639981701686430984,Salah satu program unggulan kloter KJT 06 Majalengka adalah olahraga pagi untuk menjaga agar jemaah ,health,0.85,False,ollama_enhanced,
gelarsramdhani,7637750859618716946,Jalan-jalan pagi sekitar mesjid Nabawi di Madinah untuk menjaga kebugaran fisik dan menjaga mental j,health,0.85,False,ollama_enhanced,
gelarsramdhani,7636779115416161554,Ibadah haji itu adalah ibadah yang membutuhkan fisik yang sehat dan kuat maka dari itu kesehatan jem,health,0.95,False,ollama_enhanced,
gelarsramdhani,7634379935615962376,Edukasi Ibadah dan Kesehatan Bagi Jemaah Haji Kloter KJT 06 #haji #kjt06 #petugashaji #jemaahhaji,health,0.85,False,ollama_enhanced,
gelarsramdhani,7634079928551542034,Tim TKHI KJT 06 Sedang Melalukan Visitasi dan Edukasi Kesehatan Kepada Jemaah Haji #haji #indonesia ,health,0.95,False,ollama_enhanced,
gelarsramdhani,7633908077930007826,Video Edukasi Jemaah Haji Kloter KJT 06 Masuk Acara Insert Story Trans TV Edisi 28 April 2026 pukul ,health,0.85,False,ollama_enhanced,
gelarsramdhani,7633827117976882440,"Bagi yang belum terbiasa duduk dalam waktu lama selama penerbangan, kondisi ini dapat menyebabkan ot",health,0.95,False,ollama_enhanced,
gelarsramdhani,7633119737039392008,"Silaturahmi kepada para jemaah menjadi momen penting untuk menghibur, memberikan semangat, sekaligus",health,0.85,False,ollama_enhanced,
gelarsramdhani,7629322055447579922,"Buat yang belum terbiasa lari, jalan kaki bisa jadi pilihan olahraga yang sederhana tapi tetap berma",health,0.95,False,ollama_enhanced,
gelarsramdhani,7598420939600055560,"drg. Gelar S. Ramdhani, Sp.RKG dokter gigi spesialis radiologi kedokteran gigi RSUD Cideres Kabupate",health,0.95,False,ollama_enhanced,
gelarsramdhani,7591648812410703122,Pelayanan kesehatan merupakan fasilitas yang sangat penting untuk warga terdampak bencana Kami dari ,health,0.95,False,ollama_enhanced,
giapratamamd,7678242042471795988,"Berkunjung ke RS Kemenkes Surabaya, tempat ilmu, teknologi, dan pengabdian bertemu untuk menjaga keh",health,0.95,False,ollama_enhanced,
giapratamamd,7677469170769857813,"Para suami, kalau istri bilang “titip pembalut”, jangan asal ambil ya Pilih yang nggak cuma nyaman, ",health,0.95,False,ollama_enhanced,
giapratamamd,7669632027821378837,"Kita tumbuh, pergi jauh, menjadi dewasa, lalu merasa mampu berdiri sendiri. Padahal jauh di dalam tu",health,0.95,False,ollama_enhanced,
giapratamamd,7668193775830781205,GERD terjadi ketika isi lambung naik ke kerongkongan karena katup lambung melemah atau terbuka pada ,health,0.95,False,ollama_enhanced,
giapratamamd,7663377220123004180,"Menjaga kesehatan pencernaan anak dimulai dari memilih makanan yang bergizi, dan juga memastikan set",health,0.95,False,ollama_enhanced,
giapratamamd,7662725546673016084,"Hati-hati yaaa semua bapak ibu yang menganggap remeh sunburn pada si kecil, dampak jangka panjangnya",health,0.95,False,ollama_enhanced,
giapratamamd,7659259496677625109,5 hari pertama Embrio 🤍,health,0.85,False,ollama_enhanced,
giapratamamd,7658632157962833172,Bahagia bisa sharing untuk teman-teman di Young On Top 2026.,health,0.85,False,ollama_enhanced,
giapratamamd,7658149720241523988,"Kadang yang paling menyeramkan bukan yang muncul tiba-tiba, tapi yang kita abaikan setiap hari. Jang",health,0.95,False,ollama_enhanced,
giapratamamd,7655946040633314580,"6 bulan 2026 penuh kolaborasi yang membahagiakan. Visi misi saya tetap sama, mencegah 1 juta orang i",health,0.85,False,ollama_enhanced,
giapratamamd,7651839994578865428,"Ketika ada jemaah yg drop, butuh infus, tapi tapi tidak ada tiang infus. Sebagai yang paling tinggi,",health,0.95,False,ollama_enhanced,
giapratamamd,7648884028036140308,Mengambil kepala cotton bud yang tertinggal dan menyumbat di dalam kuping salah satu jemaah haji. Se,health,0.95,False,ollama_enhanced,
giapratamamd,7648122730730048789,"Kita sering fokus pada jumlah air yang diminum, padahal kualitas air juga penting. Setiap hari tubuh",health,0.95,False,ollama_enhanced,
giapratamamd,7646606288478244116,Osteoporosis bukan cuma masalah orang lanjut usia. Kepadatan tulang justru dibangun sejak muda. Kala,health,0.95,False,ollama_enhanced,
giapratamamd,7643350641867345172,"Memberikan pembekalan kepada Jemaah Haji menuju Puncak Haji. Senin, Tarwiyah di Mina. Selasa, Wukuf ",health,0.95,False,ollama_enhanced,
giapratamamd,7640323828127747349,Jadi pasien Sohib YNWA @doktervito di klinik @jakartavarices.clinic mastiin fit sebelum berangkat ke,health,0.95,False,ollama_enhanced,
giapratamamd,7638072432779300117,"Mengunjungi RSUD Provinsi NTB. Menjenguk, menyemangati, dan mendoakan para dokter, tenaga kesehatan,",health,0.95,False,ollama_enhanced,
giapratamamd,7637784921796300052,Rumah terlihat bersih belum tentu udaranya sehat. Black mold atau jamur hitam biasanya muncul di rua,health,0.95,False,ollama_enhanced,
giapratamamd,7635663429818158356,"Ini adalah Epiglotis. Ukurannya mungil, kerjanya krusial. Setiap kali kamu menelan, dia menutup jala",health,0.95,False,ollama_enhanced,
giapratamamd,7634037784340172052,"Mengunjungi, menyemangati, dan mendoakan dokter-dokter, perawat, tenaga kesehatan, koas, serta pasie",health,0.95,False,ollama_enhanced,
giapratamamd,7633317187448622356,"Jangan sembarangan pijat perut bayi, apalagi newborn. Teknik yang salah atau terlalu keras bisa beri",health,0.95,False,ollama_enhanced,
giapratamamd,7629979808029510933,"Palu adalah kota yang indah dan tabah. Teluknya memeluk, lautnya berkilau, gunungnya berdiri teduh. ",health,0.85,False,ollama_enhanced,
giapratamamd,7629931248877702421,"Menjenguk, menguatkan, dan mendoakan teman-teman dokter, koas, perawat, seluruh karyawan rumah sakit",health,0.95,False,ollama_enhanced,
giapratamamd,7629554706532109589,"Menjenguk, menyemangati, dan mendoakan dokter-dokter, nakes-nakes, dan pasien serta keluarganya di R",health,0.95,False,ollama_enhanced,
giapratamamd,7626966335918034197,"Bhinneka Tunggal Ika, untuk edukasi kesehatan. Kata-kata boleh beda, tapi sama-sama menatap matanya,",health,0.95,False,ollama_enhanced,
giapratamamd,7626220781067832596,Senang sekali bisa satu meja dengan teman-teman hebat di Lapor Pak. Yang kebetulan syuting hari pert,health,0.85,False,ollama_enhanced,
giapratamamd,7623267274933177620,"Ini adalah paru-paru normal, dan paru-paru perokok. Lalu ada pasien perokok yang berkata, “Paru-paru",health,0.95,False,ollama_enhanced,
giapratamamd,7622149795125185812,"Ini adalah Otot Betis. Setiap kali kamu berjalan, berdiri, atau naik tangga, otot betis berkontraksi",health,0.95,False,ollama_enhanced,
giapratamamd,7620296596072320277,Ini adalah koklea manusia. Setiap ketukan tulang telinga itu seperti ketukan sandi morse yg diubah j,health,0.95,False,ollama_enhanced,
giapratamamd,7618424066667580693,Untuk seluruh perawat di Indonesia. Terima kasih untuk seluruh kerja keras dan pengabdianmu. Engkau ,health,0.85,False,ollama_enhanced,
giapratamamd,7617691271183813908,Faktor Genetik memiliki berpengaruh namun kita masih sangat bisa mengoptimalkan ketebalan kesehatan ,health,0.95,False,ollama_enhanced,
giapratamamd,7616574140056734997,"Tausiyah Singkat. Bulan Puasa Ramadhan mengajak kita naik lebih tinggi. Saat perut kosong, hati diaj",health,0.95,False,ollama_enhanced,
giapratamamd,7614025365584989461,"Batuk saat puasa bisa kering atau berdahak. Batuk kering biasanya karena iritasi tenggorokan, sedang",health,0.95,False,ollama_enhanced,
giapratamamd,7613600007018515732,"Ini adalah Kulit manusia. Kulit kita itu organ hidup, bukan bungkus pasif. Epidermis, lapisan terlua",health,0.95,False,ollama_enhanced,
giapratamamd,7613284439342255381,"Teman-teman, kalau pikiran mulai lari ke masa depan dan dada terasa sempit, ayo kita kembalikan diri",health,0.95,False,ollama_enhanced,
giapratamamd,7611748072816839956,Suatu hari di RSJ. (9 Slides) Only a Sith deals in absolutes. May The Force will be with you. Always,health,0.85,False,ollama_enhanced,
giapratamamd,7608438346003565845,Tau Gak kenapa ketiak jadi sumber bau badan? Tubuh kita punya 2 jenis kelenjar keringat. @dry.all.da,health,0.95,False,ollama_enhanced,
giapratamamd,7608414822006377749,Tausiyah singkat. Marhaban ya Ramadhan. Selamat menjalankan ibadah Puasa teman-teman. --------------,health,0.95,False,ollama_enhanced,
giapratamamd,7607295530854518036,"Ini adalah kulit manusia. Warna kulit datang dari melanin, pigmen pelindung yang dibuat melanosit. K",health,0.95,False,ollama_enhanced,
giapratamamd,7607255240206765332,"Ini adalah berbagai Otot manusia. Ayo, kamu punya 600an Otot, gerakkan badanmu, berjalanlah, berjinj",health,0.85,False,ollama_enhanced,
giapratamamd,7606180998476385556,"adalah Perikardia manusia. Rumah yang nyaman, kantor atau tempat kerja yang aman dan pasangan serta ",health,0.85,False,ollama_enhanced,
giapratamamd,7604313462256291092,Kali ketiga bareng bang Radit. semoga bermanfaat untuk semua yang nonton.,health,0.95,False,ollama_enhanced,
giapratamamd,7603611550313827605,"Nanti akan saya share grafik gula darah saya untuk 24 jam. Batas bawah 80 mg/dl, batas atas 180 mg/d",health,0.95,False,ollama_enhanced,
giapratamamd,7601735812115467540,"Bismillah. Kami sampai di tanah yang baru saja diuji. Penuh dengan puing bekas rumah, gelondongan ka",health,0.95,False,ollama_enhanced,
giapratamamd,7601327181377129748,Bahagia bisa sampai ke IGD RSUD Aceh Tamiang. Banyak cerita seru. Ketegaran dan ketabahan warga aceh,health,0.95,False,ollama_enhanced,
giapratamamd,7600641582404144404,Ini adalah Otak manusia. Kita harus membesarkan dan menguatkan area prefrontal cortex kita masing-ma,health,0.95,False,ollama_enhanced,
giapratamamd,7600245818234293525,Rutin lebih penting. Kebutuhan cairan harian sering dipakai patokan praktis 40 cc per kg berat badan,health,0.95,False,ollama_enhanced,
giapratamamd,7598032979692195090,"7Ini adalah Nervus Olfactorius manusia. Ia adalah pintu emosi, memori, dan peringatan dini bagi tubu",health,0.95,False,ollama_enhanced,
giapratamamd,7596923619934997768,"Ini adalah timelapse pertumbuhan kuku. Menjaga kuku sehat, That's Simple! Kita pastikan kuku bersih ",health,0.95,False,ollama_enhanced,
giapratamamd,7596183853643943176,Ini adalah Kanker Paru. Saya sudah sangat afal hampir seluruh alasan pasien yang merokok. Apakah say,health,0.95,False,ollama_enhanced,
giapratamamd,7595795845593697544,Ini adalah Otak manusia. Identitas diri bukan satu titik. Ini kerja bareng beberapa area otak kita. ,health,0.95,False,ollama_enhanced,
giapratamamd,7594702923968351496,"Ini adalah Otot Bokong manusia. Wahai kaum rebahan, Ini contoh gerakan sehari hari yang jelas mengak",health,0.95,False,ollama_enhanced,
giapratamamd,7592914068260801810,"Ini adalah Kanker pada lidah manusia. Untuk teman-teman yang sedang berjuang mau berhenti rokok, ini",health,0.95,False,ollama_enhanced,
giapratamamd,7592478263629319432,Ketombe itu masalah ekosistem kulit kepala. Di kulit kepala ada jamur Malassezia. Dia hidup normal. ,health,0.95,False,ollama_enhanced,
giapratamamd,7591389775752432917,Ascaris lumbricoides adalah cacing gelang yang hidup di usus manusia. Masuknya lewat telur cacing ya,health,0.95,False,ollama_enhanced,
giapratamamd,7591093792988564756,Tentang Kematian. Podcast Radityadika dan dr. Gia Pratama. part 15.,health,0.95,False,ollama_enhanced,
giapratamamd,7591091153177480469,Tunggu Aku Cintaku. Podcast Radityadika dan dr. Gia Pratama. part 14.,health,0.95,False,ollama_enhanced,
giapratamamd,7591088348245036309,Leher Robek. Podcast Radityadika dan dr. Gia Pratama. part 14.,health,0.95,False,ollama_enhanced,
giapratamamd,7591084308073352468,Tidak Ada Bayi Terkutuk. Podcast Radityadika dan dr. Gia Pratama. part 13.,health,0.95,False,ollama_enhanced,
giapratamamd,7591072223889198357,Bocil Yakuza. Podcast Radityadika dan dr. Gia Pratama. part 11.,health,0.85,False,ollama_enhanced,
giapratamamd,7591021752789011732,Mancing koin 1000. Podcast Radityadika dan dr. Gia Pratama. part 10.,health,0.85,False,ollama_enhanced,
giapratamamd,7591021112876731669,Balita nelan koin 1000 Podcast Radityadika dan dr. Gia Pratama. part 9.,health,0.95,False,ollama_enhanced,
giapratamamd,7591010695056067860,Biarkan nasi menangis. Podcast Radityadika dan dr. Gia Pratama. part 7.,health,0.95,False,ollama_enhanced,
giapratamamd,7590984934290935060,Kerja keras Pankreas. Podcast Radityadika dan dr. Gia Pratama. part 5.,health,0.95,False,ollama_enhanced,
giapratamamd,7590957073077226772,Tubuh kita adalah donut yang panjang. Podcast Radityadika dan dr. Gia Pratama. part 2.,health,0.95,False,ollama_enhanced,
giapratamamd,7590953224136412436,Rencanakan dan Periksakan kehamilanmu. Podcast Radityadika & dr. Gia Pratama. part 1,health,0.95,False,ollama_enhanced,
ikhsanqthii,7679443844827483413,"Tolong dibayar iurannya, kesian yang butuh buat operasi jantung 🙌🙏",health,0.95,False,ollama_enhanced,
ikhsanqthii,7679341508818046228,Buat yang migrain 🙏,health,0.95,False,ollama_enhanced,
ikhsanqthii,7679023502048988436,#stitch with @yusupdheon apresiasi buat orangtuanya 👍👍,health,1.0,True,manual_check,2026-09-19T09:32:11.593001
ikhsanqthii,7678623131912752405,Faktanya mood jelek bisa karena lapar dan makan “manis” bisa jadi solusi 🙌🙌🥸,health,0.95,False,ollama_enhanced,
ikhsanqthii,7677874987348364564,Siapa yang sering ngalamin bentol-bentol setiap abis cukuran? Itu namanya razor bumps guyss,health,0.95,False,ollama_enhanced,
ikhsanqthii,7677111446374845717,Ada banget cuci muka ber-tiga 🥸🥸🥸 @CeraVe Indonesia #CleanserGreenFlag #StopKulitKetarik #JuaranyaCe,health,0.85,False,ollama_enhanced,
ikhsanqthii,7676415630857260308,Demikian sekilas info 🙏,health,0.8,False,ollama_enhanced,
ikhsanqthii,7675191940211543316,Stop jadi langganan IGD @Doklip✨ | Alip Hildan,health,0.95,False,ollama_enhanced,
ikhsanqthii,7675272412866432276,"Menjaga kesehatan mulut bukan soal membunuh semua bakteri, tapi menjaga keseimbangan oral microbiome",health,0.95,False,ollama_enhanced,
ikhsanqthii,7675190653613100309,😱😱😱😱😱,health,1.0,True,manual_check,2026-09-19T09:32:22.524474
ikhsanqthii,7674944825166138645,Hospital Play-Play Eps. 05 | Penyakit Sejuta Umat,health,0.95,False,ollama_enhanced,
ikhsanqthii,7674227862483799316,Replying to @Safwa semoga yang ini akurat 🙏,health,0.85,False,ollama_enhanced,
ikhsanqthii,7674176068298788113,#stitch with @XII__TP1 PAKE APD NYAAAAA,health,1.0,True,manual_check,2026-09-19T09:32:34.638047
ikhsanqthii,7674037436103642389,Silahkan di lambatkan sendiri demi informasi yang akurat 🙏😋,health,0.85,False,ollama_enhanced,
ikhsanqthii,7673865305466129680,Pengen tak pelototin rasanya kalo nemu kayak gini,health,0.85,False,ollama_enhanced,
ikhsanqthii,7673411228777172245,Demikian sekilas info 🙏,health,0.8,False,ollama_enhanced,
ikhsanqthii,7673066185608531220,Akulah dokter yang suka belajar itu 🙏🤙,health,0.85,False,ollama_enhanced,
ikhsanqthii,7671817700464708865,Replying to @pwd.store jangan lupa cek ke dokter ya para bumil,health,0.95,False,ollama_enhanced,
ikhsanqthii,7670867968125013269,Demikian sekilas ilmu 🙏,health,0.85,False,ollama_enhanced,
ikhsanqthii,7670861030179835157,Padahal sehat 😞😞😞,health,0.8,False,ollama_enhanced,
ikhsanqthii,7670469249344769300,Menurut gue emang pho disini gak ada lawan 🫠🫠😱😱,health,0.85,False,ollama_enhanced,
ikhsanqthii,7669731183499971861,Gak salah sih 🫠🫠🥲🙏,health,0.8,False,ollama_enhanced,
ikhsanqthii,7668954037638794513,Alhamdulillah masih dikasih napas sama allah @Doklip✨ | Alip Hildan,health,0.85,False,ollama_enhanced,
ikhsanqthii,7668675678153231637,Sehat2 ya buat semua ibu yg lagi hamil 👍👍🫶,health,0.95,False,ollama_enhanced,
ikhsanqthii,7668262687045881108,Demikian sekilas info 🙏,health,0.7,False,ollama_enhanced,
ikhsanqthii,7667191145860041985,Kadang masih suka denial kalo kita satu dna 🙏,health,0.85,False,ollama_enhanced,
ikhsanqthii,7667174581777485076,Seonggok tips buat kalian yang habis mantai atau panas2an 👍,health,0.85,False,ollama_enhanced,
ikhsanqthii,7664136637596683540,Replying to @cholifah.makeup makanlah daun kelor 👍👍,health,0.85,False,ollama_enhanced,
ikhsanqthii,7663830615707520276,Angkatlah galon dengan benar 👍,health,0.85,False,ollama_enhanced,
ikhsanqthii,7663492721083960596,"4 mitos tentang obesitas yang masih sering dipercaya Padahal ini bukan cuma soal makan, tapi juga ho",health,0.95,False,ollama_enhanced,
ikhsanqthii,7662960911510031636,Begitu 👍👍,health,1.0,True,manual_check,2026-09-19T09:32:54.313322
ikhsanqthii,7662952033380617492,#stitch with @er⋆*:･ stop gula kebanyakan,health,1.0,True,manual_check,2026-09-19T09:32:56.407783
ikhsanqthii,7662415093832879380,Jgn lupa ikutan 👍 bikin aja DC nya,health,0.85,False,ollama_enhanced,
ikhsanqthii,7662300857727257857,Jujur gue juga baru tau 🫠🫠🙏🙏,health,0.85,False,ollama_enhanced,
ikhsanqthii,7661253314998226196,Hospital Play-Play Eps. 04 | Pokoknya kalo BAB berdarah jangan lupa periksain ke dokter ya 👍👍,health,0.95,False,ollama_enhanced,
ikhsanqthii,7660803802903153940,Padahal ngilangin stressnya dengan mancing 😑😑,health,0.7,False,ollama_enhanced,
ikhsanqthii,7659645399795338517,Kurang minum bikin ginjal kerja lebih berat dan bisa ganggu fungsinya kalau terjadi terus-menerus. J,health,0.95,False,ollama_enhanced,
ikhsanqthii,7659589358218923284,Hospital Play-Play Eps. 03 | Kebanyakan Pake AI 😑😑,health,0.7,False,ollama_enhanced,
ikhsanqthii,7659343630670253332,Ku kicawkan semua dokter spesialis ini 🙏🙏 #iziinnn,health,0.95,False,ollama_enhanced,
ikhsanqthii,7659295548801010965,Intinya selalu utamakan dan perbanyak makan minum sehat serta istirahat dulu 👍👍,health,0.95,False,ollama_enhanced,
ikhsanqthii,7658940502586314005,😭😭😭 maap ya dok 🙏,health,0.85,False,ollama_enhanced,
ikhsanqthii,7658864914899012884,Beginilah jawabannya 👍,health,0.85,False,ollama_enhanced,
ikhsanqthii,7658579024762981652,Mode serius dulu,health,0.85,False,ollama_enhanced,
ikhsanqthii,7657891254897741077,Hospital Play-Play Eps. 02 | Azab peminum antibiotik sembarangan,health,0.95,False,ollama_enhanced,
ikhsanqthii,7657400470973041936,"Replying to @딸기잼TtalgiJaem🐰🍓 tolong diminum ye… minta aja ke puskesmas, gratisss 👍👍👍👍",health,0.85,False,ollama_enhanced,
ikhsanqthii,7657174905988943125,"Jangan anggap rambut rontok cuma salah sampo doang… apalagi kalau barengan sama lemas, pusing, dan g",health,0.95,False,ollama_enhanced,
ikhsanqthii,7657044683692068117,Hospital Play-Play Eps. 01 | Ini dia efek orang kelamaan di toilet!,health,0.85,False,ollama_enhanced,
ikhsanqthii,7656460063451794709,Semoga membantu 👍,health,0.8,False,ollama_enhanced,
ikhsanqthii,7656071571626315025,🙁😕,health,1.0,True,manual_check,2026-09-19T09:33:09.279848
ikhsanqthii,7655743073464487169,"Padahal udah jungkir balik… kepala jadi kaki, kaki jadi kepala…",health,0.85,False,ollama_enhanced,
ikhsanqthii,7655591469490785556,Sangat berkualitas dan berdedikasi 🙏👍,health,0.85,False,ollama_enhanced,
ikhsanqthii,7654561654662909205,"Minum vitamin mah boleh-boleh aja.. apalagi buat yang kerjaannya padat, lemburnya jalan terus, tapi ",health,0.85,False,ollama_enhanced,
ikhsanqthii,7654125406261398805,Yakin jemur anak tiap pagi udah cukup? Tonton sampai habis buat tau apa yang selama ini mungkin aja ,health,0.85,False,ollama_enhanced,
ikhsanqthii,7653338341324115201,"Lo kelamaan duduk di wc, atau kelamaan jongkok atau ngeden bisa naikin resiko ambein. Saran dari gue",health,0.95,False,ollama_enhanced,
ikhsanqthii,7652514661371366676,Jangan nyepelein puber yang terlalu cepat yaa guizzzz 👍👍👍 Kalau udah ada tandanya buat orang tua seg,health,0.95,False,ollama_enhanced,
ikhsanqthii,7652360626748099861,Jerawat bisa balik lagi kalau basic cuci mukanya belum bener. Kalian bisa pilih facial wash gentle d,health,0.95,False,ollama_enhanced,
ikhsanqthii,7650809741425331473,Gue yakin banyak yg belum tau tentang per gigian ini #GUMvestment #PepsodentGumExpert #SensitiveGumC,health,0.85,False,ollama_enhanced,
ikhsanqthii,7650523045618109716,Hati-hati aje yg penting. Kalo bisa ya dimasak yg mateng 👍👍,health,0.85,False,ollama_enhanced,
ikhsanqthii,7650081275902217492,"Kalau muka gampang jerawatan, berminyak, dan kusam, mulai dari basic dulu: pilih sabun cuci muka yan",health,0.85,False,ollama_enhanced,
ikhsanqthii,7649440708973137153,"Tiati aje yak… makan mah bole aje, cuma batesin",health,0.7,False,ollama_enhanced,
ikhsanqthii,7649232898645675265,#stitch with @Razzan Saleh buntung,health,1.0,True,manual_check,2026-09-19T09:33:14.269537
ikhsanqthii,7649040566663187732,"Bukan cuman perkara turun, tapi perhatikan juga soal metabolik tubuh supaya lebih sehat",health,0.95,False,ollama_enhanced,
ikhsanqthii,7648625393376742676,"Buat yang gusinya sering berdarah pas sikat gigi, jangan dianggap normal. Bisa jadi tanda gusi perlu",health,0.95,False,ollama_enhanced,
ikhsanqthii,7648112990121692437,Demikian sekilas info yang sangat bermanfaat dari @dr.iansuteja tentang zat besi buat anak 👍👍,health,0.95,False,ollama_enhanced,
ikhsanqthii,7647697541059972368,Apalagi soal gigi bolong dan karang gigi 🫠🫠🫠,health,0.95,False,ollama_enhanced,
ikhsanqthii,7647568679227444501,Sangat Berfaedah 👍,health,0.8,False,ollama_enhanced,
ikhsanqthii,7647483026665901329,"Oral care itu bukan cuma sikat gigi. Masih ada area di mulut yang sering terlewat, seperti sela gigi",health,0.95,False,ollama_enhanced,
ikhsanqthii,7647176837646355732,Demikian sekilas info yang sangat informatif dari dokter @dr.iansuteja 👍,health,0.95,False,ollama_enhanced,
ikhsanqthii,7646378961978526996,Tolong jangan menunggu… namanya juga kita manusia pasti ada khilafnya 🤲🤲🙏🙏,health,0.85,False,ollama_enhanced,
ikhsanqthii,7644525797864262932,Demikian sekilas info 👍,health,0.8,False,ollama_enhanced,
ikhsanqthii,7644403391703158032,Sehat ini dalam artian lebih minim lemak dibanding daging yg laen ya. Kadang yg bikin masalah itu ad,health,0.85,False,ollama_enhanced,
ikhsanqthii,7643652027003735316,Bahkan sampe ada area danusannya 😭😭😭,health,0.85,False,ollama_enhanced,
ikhsanqthii,7643067432222854421,"#stitch @dr. Gia Pratama Black mold itu kecil, tapi spora-nya bisa lo hirup tiap hari. Kalau rumah l",health,1.0,True,manual_check,2026-09-19T09:33:37.281449
ikhsanqthii,7642334951177719056,Tahan banting buat ngejar marathon bebas ketombe. @clearindonesia #CLEARinAja #ScalpBarrierKuat #CLE,health,0.85,False,ollama_enhanced,
ikhsanqthii,7641922948730866964,"Masuk dunia kerja perlu persiapan mental, karena kalau stress bisa bikin asam lambung naik. Untuk sa",health,0.95,False,ollama_enhanced,
ikhsanqthii,7641587102383082772,Belajar dari Dokter yang auranya 'Tentrem' dengan pengalaman pernah berjuang nurunin bb dari 100 kg.,health,0.95,False,ollama_enhanced,
ikhsanqthii,7641037136497560852,INI MAKANAN APAANN PEDES BANGETTT 😭😭😭,health,0.85,False,ollama_enhanced,
ikhsanqthii,7638951203455405332,Perjalanan panjang yang akhirnya kebayar saat lihat senyum anak-anak di Kangean! Apakah ini tanda gu,health,0.95,False,ollama_enhanced,
ikhsanqthii,7637890545473408277,"PDRN lagi rame banget, tapi inget idup bukan perkara soal glowing. Yang lebih penting: bantu regener",health,0.95,False,ollama_enhanced,
ikhsanqthii,7637799199702043921,#stitch with @io jadi ini adalah salah satu bentuk kecurigaan dari retinoblastoma yaitu adanya mata ,health,1.0,True,manual_check,2026-09-19T09:33:48.853988
ikhsanqthii,7636659146703703317,Demikian sekilas info 🙏,health,0.8,False,ollama_enhanced,
ikhsanqthii,7636386212487384340,Tidak ada kata terlambat untuk belajar 🙏😇😭🥲,health,0.8,False,ollama_enhanced,
ikhsanqthii,7635656771930983701,Replying to @s'mine manusiakan manusia terutama nakes… masa iye kita nolongin manusia tapi kita dian,health,0.85,False,ollama_enhanced,
ikhsanqthii,7635281541035298068,Replying to @Riris💐 jadi alesan gue gak pake kacamata itu karena saya sudah lasik ya guyss 🙏🙏😗😗 Btw ,health,0.95,False,ollama_enhanced,
ikhsanqthii,7635161534494280981,Tolong semua pihak yang terlibat diusut tuntas dan dikasih hukuman yang seberat-beratnya! ✊ Walaupun,health,0.95,False,ollama_enhanced,
ikhsanqthii,7634875296864423189,Boleh makan tapi secukupnya aja ya… gue juga masih makan ko… tapi ya jarang2 aje 👍,health,0.85,False,ollama_enhanced,
ikhsanqthii,7633023378227481877,#stitch with @DiRoSe semangat ya 🤟🤟🙏,health,1.0,True,manual_check,2026-09-19T09:33:57.607115
ikhsanqthii,7632540271074479380,Jadi sebenernya cek golongan darah itu penting. Cuma kalo inkompatibilitas ABO gak bakalan separah r,health,0.95,False,ollama_enhanced,
ikhsanqthii,7631037237140000020,#stitch with @tzzz.yyyy ingetin temen temennye… bahaya bgt itu 😡😡,health,1.0,True,manual_check,2026-09-19T09:34:12.640659
ikhsanqthii,7630431500936236309,Bismillah semoga pasiennya selamat 🙏🙏,health,0.95,False,ollama_enhanced,
ikhsanqthii,7630082701311200533,☺️☺️☺️ tau batesannn yaaaa inget lambungg hei lambunggg,health,0.7,False,ollama_enhanced,
ikhsanqthii,7630023838155296020,Gue mau nangis 😭,health,0.85,False,ollama_enhanced,
ikhsanqthii,7628435996698332417,Apakah aku harus kembali kerja di rumah sakit 😔😔😔😔,health,0.85,False,ollama_enhanced,
ikhsanqthii,7628111362882899216,#stitch with @RADIKS FM jadi orang tua tuh yg sewajarnya deh… kalo ma bawa anak ke gunung pas dia ud,health,1.0,True,manual_check,2026-09-19T09:34:16.909470
ikhsanqthii,7626616356942712085,Demikian sekilas info 🙏,health,0.8,False,ollama_enhanced,
ikhsanqthii,7626347338679782657,Remake hospital playlist gak yaaa @Ayman Alatas @Doklip✨ | Alip Hildan,health,0.85,False,ollama_enhanced,
ikhsanqthii,7625642022581456148,"Buat yg orangtuanya punya darah tinggi, suruh minum obat ya… soalnya kalo gak kekontrol ya minimal j",health,0.95,False,ollama_enhanced,
ikhsanqthii,7625233385224555777,#stitch with @Cahaya Hidup Qu Chaniago dan banyak anak yg giginya rusak terus dibiarin sama orangtua,health,1.0,True,manual_check,2026-09-19T09:34:24.996460
ikhsanqthii,7624513483119267092,"Jadi, faktor yang membuat anak GTM itu banyak, mulai dari masalah psikisnya sampai masalah pencernaa",health,0.95,False,ollama_enhanced,
ikhsanqthii,7623763050381806869,"Daripada kemakan hoax ini itu, ni ibu2 yg punya anak dengerin gue. Sekian & terima gaji 🙏",health,0.85,False,ollama_enhanced,
ikhsanqthii,7620446289980968213,"Intinya gabisa ya pake cabe, kalo pake biji ketumbar kurang tau 🙏",health,0.85,False,ollama_enhanced,
ikhsanqthii,7620032576597544212,"Replying to @OrangeJuzi gizi ngaruh, tapi faktor paling besar tetep genetik 👍 Cuma bisa dikejar ya. ",health,0.95,False,ollama_enhanced,
ikhsanqthii,7618821687395519761,"Jangan lupa konsumsi Pristine8.6+ sekitar 8 gelas setiap hari, tubuh terhidrasi dengan cepat, aktivi",health,0.85,False,ollama_enhanced,
ikhsanqthii,7618560664470031636,"Sering dapet keluhan: 'Dok, anak saya kulitnya kasar dan sering digaruk'. Pas gue tanya lagi, ternya",health,0.95,False,ollama_enhanced,
ikhsanqthii,7618186474802007316,"Sahur itu bukan cuma soal kenyang, tapi juga bikin perut nyaman dan pencernaan tetep sehat—makanya p",health,0.95,False,ollama_enhanced,
ikhsanqthii,7617748741734337813,Ketombe itu ga menular dan bukan tanda orang jorok. Penyebab ketombe seringkali karena pertumbuhan k,health,0.95,False,ollama_enhanced,
ikhsanqthii,7617783629736906004,Replying to @Veranika Sidik demikian sekilas info,health,0.8,False,ollama_enhanced,
ikhsanqthii,7617742259685035285,Demikian sekilas info,health,0.85,False,ollama_enhanced,
ikhsanqthii,7617055439607352597,Jadi kalo minus/silindernya naik turun itu bisa jadi pas periksa gak ideal ya 👍 bukan berarti sembuh,health,0.95,False,ollama_enhanced,
ikhsanqthii,7616752609331842305,Demikian sekilas ingfo,health,0.85,False,ollama_enhanced,
ikhsanqthii,7616615107874786580,Buat yang sering nanya kenapa habis olahraga atau commuting kulit jadi lebih berminyak dan gampang b,health,0.85,False,ollama_enhanced,
ikhsanqthii,7616502230325153044,Demikian sekilas info,health,0.8,False,ollama_enhanced,
ikhsanqthii,7616191841708313877,Demikian sekilas ingfo 🙏,health,0.7,False,ollama_enhanced,
ikhsanqthii,7615381016290626832,#stitch with @riojaka demikian sekilas ingfo,health,1.0,True,manual_check,2026-09-19T09:34:40.356758
ikhsanqthii,7615188158371663125,Demikian sekilas ingfo 🙌🙏,health,0.7,False,ollama_enhanced,
ikhsanqthii,7614839105934920981,"Menurut gueeeer pas buka mah sewajarnya ajee 🤨🤨. Seharian kering, jangan langsung dihajar es, goreng",health,0.85,False,ollama_enhanced,
ikhsanqthii,7614018787863530773,Buat orangtua yang anaknya gak naik-naik berat badannya apalagi jarinya begitu hati2 ya… karena bisa,health,0.95,False,ollama_enhanced,
ikhsanqthii,7611495826417847573,"Abang arabnya bingung, gue juga bingung gue ngomong apaan 🙏🙏 #edukasi #tips",health,0.85,False,ollama_enhanced,
ikhsanqthii,7611495563703438612,#stitch with @qiwey demikian sekilas ingfo 🙏🙏,health,1.0,True,manual_check,2026-09-19T09:35:06.344163
ikhsanqthii,7610440170847866133,Save & share ke temen lu yang tiap puasa lemes! Tips simpel puasa anti tumbang 👇 1.GULA TETEP DIKONT,health,0.95,False,ollama_enhanced,
ikhsanqthii,7611115580862532884,MasyaAllah… semoga temen2 segera menyusul yaa!! 🙌🙌 @Doklip✨ | Alip Hildan @Luthfigo,health,0.85,False,ollama_enhanced,
ikhsanqthii,7610621675293445397,Demikian sekilas ingfo 👍,health,0.7,False,ollama_enhanced,
ikhsanqthii,7610441092466511124,"Kata gue mah sewajarnye aje 🙏🙏 apalagi minum yg manis2 an yaa 👍👍 sayangi pankreas, ginjal, jantung, ",health,0.95,False,ollama_enhanced,
ikhsanqthii,7610014219177577729,Demikian sekilas ingfo 🙏,health,0.8,False,ollama_enhanced,
ikhsanqthii,7609705326757170453,Demikian sekilas ingfo 🙏,health,0.7,False,ollama_enhanced,
ikhsanqthii,7608515112047086865,Hack nya sih… supaya gak gampang pipis pas habis sahur… bisa dari 2 gelas itu 1/2 lo ganti pake elek,health,0.85,False,ollama_enhanced,
ikhsanqthii,7608424750376963349,"#stitch with @Reset Feed usahain hamil pas usia >20 ya teman2 selain lebih siap secara fisik, secara",health,1.0,True,manual_check,2026-09-19T09:35:13.081499
ikhsanqthii,7608159833505664257,Demikian sekilas info.. diguyurnya juga pake air biasa ya.. jgn lu guyur pake air panas lagi makin b,health,0.85,False,ollama_enhanced,
ikhsanqthii,7607796870076812565,Kayaknya pas kecil berasa ada “woro woronya” gitu loh… tapi kenapa sekarang kayak bedaaa ajaa 🫠🫠,health,0.85,False,ollama_enhanced,
ikhsanqthii,7607324030323952916,"Tolong buat ibu, bapak, kakek, nenek… bayi baru boleh dikasih makan mulai usia 6 bulan ya… itupun ju",health,0.95,False,ollama_enhanced,
ikhsanqthii,7605955993809308949,"Hadi guyss buat ngilangin bekas jerawat bisa pakai bahan aktif kayak niacinamide, tranexamic acid, v",health,0.95,False,ollama_enhanced,
ikhsanqthii,7605898363728317717,Obrolan terseru sepanjang masa jatuh kepada obrolan bersama dr forensik yaitu dr @arfie Sp. FM 😭😭😭,health,0.95,False,ollama_enhanced,
ikhsanqthii,7604865409686310164,"#stitch with @Ayman Alatas Banyak yang belum tahu, pas puasa kulit kepala juga bisa kekurangan nutri",health,1.0,True,manual_check,2026-09-19T09:35:18.546807
ikhsanqthii,7604004745069595925,#stitch with @Mom's Story demikian sekilas ingfo,health,1.0,True,manual_check,2026-09-19T09:35:21.733768
ikhsanqthii,7603631758751321345,#stitch with @sopi_@11 yak..,health,1.0,True,manual_check,2026-09-19T09:35:34.507837
ikhsanqthii,7603366060061904149,"Kalo punya duit better cek vitamin D guysss, sama minum suplementasi kalo misalnyaa kurangg itu juga",health,0.85,False,ollama_enhanced,
ikhsanqthii,7603335039622876433,Replying to @Hening 🌬🌕 balik ke orangtuanya masing2 sih ya.. banyak juga dokter atau ahli yg bisa ng,health,0.85,False,ollama_enhanced,
ikhsanqthii,7602601430133771537,"Pake guys suncreennya, sesuseh apapun usahain pake yg basic-basic aja dulu…",health,0.85,False,ollama_enhanced,
ikhsanqthii,7602489517332876564,Siapa yg masih bingung dan ragu mau ke psikolog duluan atau psikiater duluan??,health,0.95,False,ollama_enhanced,
ikhsanqthii,7601531469579832593,Masa iye nasi doang yg isinye karbohidrat 😒😒,health,0.85,False,ollama_enhanced,
ikhsanqthii,7601355860849315089,#stitch with @Aleeya demikian sekilas info 👍 kalo kuningnya gak ilang2 bawa ke dokter yaaa,health,1.0,True,manual_check,2026-09-19T09:35:39.846224
ikhsanqthii,7599677252984474900,Kalo minum tablet tambah darah tuh yg rutin ya…. Soalnya cewe yang pada ANEMIA TUH BUANYAKKKKKK POL,health,0.95,False,ollama_enhanced,
ikhsanqthii,7599164306231397652,Ini lagi di cek air matanya 👍tapi buat temen2 intinya jgn lupa ngecek ya,health,0.85,False,ollama_enhanced,
ikhsanqthii,7598485115802602768,Demikian sekilas info 👍,health,0.8,False,ollama_enhanced,
ikhsanqthii,7598187390867459344,Pokoknya langsung cuci kaki pake sabun ye 👍,health,0.85,False,ollama_enhanced,
ikhsanqthii,7598071812156591381,Demikian sekilas info… intinya menjemur bayi dengan harapan buat “ngurangin atau ngilangin kuning” i,health,0.85,False,ollama_enhanced,
ikhsanqthii,7597033504177736981,Demikian sekilas ingfo. Percayalah… sembelit itu bisa bikin mood lo berantakan 😞😞,health,0.85,False,ollama_enhanced,
ikhsanqthii,7596917550345112853,#stitch with @sakariye abukar demikian sekilas info,health,1.0,True,manual_check,2026-09-19T09:35:51.820213
ikhsanqthii,7595603911034064145,THAT’S SIMPLE 🤏🤏,health,0.8,False,ollama_enhanced,
ikhsanqthii,7595447927426829569,Jadi… ingetin orangtuanya… terutama mulai usia 40 tahun better screening yeaa,health,0.95,False,ollama_enhanced,
ikhsanqthii,7595205373854797057,#stitch with @julll suka random🦕 demikian sekilas info,health,1.0,True,manual_check,2026-09-19T09:36:08.623928
ikhsanqthii,7595055268304637204,"#stitch with @Baby Zaza jadi… imunisasi anaknya jgn lupa. Dan kalau belum, imunisasi itu masih bisa ",health,1.0,True,manual_check,2026-09-19T09:36:15.217284
ikhsanqthii,7594779909331881237,Demikian sekilas ingfo 🙏,health,0.7,False,ollama_enhanced,
ikhsanqthii,7594469392595914004,Selain vitamin d tuh kadang suka pada lupa ngasih zat besi ke anak 😒😒 Alesannya ape zat besi? Nah de,health,0.95,False,ollama_enhanced,
ikhsanqthii,7593934014839409921,#stitch with @depoyyyy6 demikian sekilas ingfo 🤸👍,health,1.0,True,manual_check,2026-09-19T09:36:22.694649
ikhsanqthii,7593723155437473041,"Sekian nostalgia praktikum saya… tapi itu bukan santet, emang namanya kista dermoid atau teratoma ju",health,0.95,False,ollama_enhanced,
ikhsanqthii,7593212510321265941,Faktornya tumbuh tinggi itu banyak jujur… cuma kalo dari pengalaman gue yg paling sering dispelein i,health,0.85,False,ollama_enhanced,
ikhsanqthii,7592604562998070549,"Intinya… lesi di kulit itu kadang dispelein, padahal itu biasanya bentukan cancer guizzzz 😌😌",health,0.95,False,ollama_enhanced,
ikhsanqthii,7590615398236622100,#stitch with @🦊 yah intinya mah kecil kemungkinan nenek2 bisa hamil lagi. Krn biasanye udah menopaus,health,1.0,True,manual_check,2026-09-19T09:36:31.092731
ikhsanqthii,7590346572249042196,Intinye… kulit anak itu jgn dibiarin kering.. emangnye jemuran 😒😒 #BeraniLawanBusik #SkincareAnakPer,health,0.85,False,ollama_enhanced,
itsdoktermuda,7679390600596049169,Lemak jgn kebanyakaann yaaa Vid: adamalfonsomahadiannn (Buat dokter yg mau ngonten bisa klik link bi,health,0.85,False,ollama_enhanced,
itsdoktermuda,7679377299950685456,Obsessive Compulsive Disorder atau OCD (Buat dokter yg mau ngonten bisa klik link bioku yaa),health,0.95,False,ollama_enhanced,
itsdoktermuda,7677794792578862337,"Ibu-ibu pada berlomba biar rambut anaknya tumbuh, bahkan lebat. Yuk disimak, selama ini udah bener a",health,0.95,False,ollama_enhanced,
itsdoktermuda,7676664168757431569,(Buat dokter yg mau ngonten bisa klik link bioku yaa),health,0.85,False,ollama_enhanced,
itsdoktermuda,7676663008474516752,Semoga masnya diberikannkekuatan dan lekas pulih yaa🙏🙏 (Vid: yayangarut820) (Buat dokter yg mau ngon,health,0.85,False,ollama_enhanced,
itsdoktermuda,7676045686000962837,"Save ini buat kamu yg punya permasalahan gigi, rekomendasi dari drg Rara dan dr Tirta @usmile Indone",health,0.95,False,ollama_enhanced,
itsdoktermuda,7675183319704685841,"Paru yg harusnya isinya udara malah isi cairann Vid: thiflafarhani (Kalo kamu dokter, pengen ngonten",health,0.95,False,ollama_enhanced,
itsdoktermuda,7675179021289704705,"Ada pejuang garis dua disinii? (Kalo kamu dokter, pengen ngonten tapi bingung mulainya, ebook “Mulai",health,0.95,False,ollama_enhanced,
itsdoktermuda,7674496698567183636,"Jangan membandingkann (Kalo kamu dokter, pengen ngonten tapi bingung mulainya, ebook “Mulai Ngonten,",health,0.95,False,ollama_enhanced,
itsdoktermuda,7674208992071109904,"Ada yg alami varisess?? vid: dranne.vaskular (Kalo kamu dokter, pengen ngonten tapi bingung mulainya",health,0.95,False,ollama_enhanced,
itsdoktermuda,7671938483509923073,"Semoga bermanfaat jangan lupa savee🫵🏻 (Kalo kamu dokter, pengen ngonten tapi bingung mulainya, ebook",health,0.95,False,ollama_enhanced,
itsdoktermuda,7672738198694464784,"Siapa yg pernah operasi katarak?? (Kalo kamu dokter, pengen ngonten tapi bingung mulainya, ebook “Mu",health,0.95,False,ollama_enhanced,
itsdoktermuda,7671917236344425745,"Ada yg suka minum jamuu?? (Kalo kamu dokter, pengen ngonten tapi bingung mulainya, ebook “Mulai Ngon",health,0.85,False,ollama_enhanced,
itsdoktermuda,7672329085317664001,"Kalo SPPG ga mampu kelola makanan sebanyak itu tolong kasih lah ke penyedia yg lain, jgn lo embat se",health,0.85,False,ollama_enhanced,
itsdoktermuda,7670800260532423937,"Bells palsy, cukup sering terjadii (Video : kak_san_san) (Kalo kamu dokter, pengen ngonten tapi bing",health,0.95,False,ollama_enhanced,
itsdoktermuda,7669581512412499216,Siapa yg suka bawa bekal sendirii?,health,0.7,False,ollama_enhanced,
itsdoktermuda,7669345234777656577,Pegang ini yaa “jangan coba coba segala yg adiktif”,health,0.85,False,ollama_enhanced,
itsdoktermuda,7670793110963752193,"Kalian pernah liat sakit begitu?? (Vid diambil atas seijin ybs: evaras_) (Kalo kamu dokter, pengen n",health,0.95,False,ollama_enhanced,
itsdoktermuda,7669422632952958225,"GERD itu gastrointestinal reflux disease, ada yg alami?",health,0.95,False,ollama_enhanced,
itsdoktermuda,7666837541265378577,Salah satu tanda anemiaa defisiensi besi,health,0.95,False,ollama_enhanced,
itsdoktermuda,7668627821992119553,Ga kebayang kalo radiologi itu nggada,health,0.95,False,ollama_enhanced,
itsdoktermuda,7666834140716616977,Dari lidah dokter bisa tau org sakit apaaa,health,0.95,False,ollama_enhanced,
itsdoktermuda,7668273099548200193,Gimana kebiasaan kalian kalo sikat gigiii? #Pepsodent #PepsodentProCare #PerlindunganMulut247,health,0.75,False,ollama_enhanced,
itsdoktermuda,7666754007720840465,"Lidahnya kaya ada pulauu, coba cek si perokokk",health,0.85,False,ollama_enhanced,
itsdoktermuda,7666745218271546640,Melett coba cek punya kaliannn,health,0.85,False,ollama_enhanced,
itsdoktermuda,7666695915733896464,Ngeriii😭😭😭 Vid: radiography_with_namrata,health,0.85,False,ollama_enhanced,
itsdoktermuda,7664134544961867024,"Pelajaran syukur hari ini dari organ mata, semoga sehatt teruss yaa",health,0.85,False,ollama_enhanced,
itsdoktermuda,7665288989745745169,Cuunggg siapa yg dah rutin minumm?,health,0.85,False,ollama_enhanced,
itsdoktermuda,7663745263403633921,Jangan malas ke posyandu yaa ayah bundaa😊 Vid: ririnreronn,health,0.95,False,ollama_enhanced,
itsdoktermuda,7663460296396115221,"Perlu dicatat bukan berati otak mbah nya dalam video tidak digunakan dgn baik yaa, karena ada ada fa",health,0.95,False,ollama_enhanced,
itsdoktermuda,7662238906233949441,Cungg siapa tim kalo makan diluar hindari kecap saus dan sejenisnya??,health,0.85,False,ollama_enhanced,
itsdoktermuda,7662240343756246273,Siapa yg lagi berudaha stop rokokk cungg,health,0.85,False,ollama_enhanced,
itsdoktermuda,7662154739722865937,"Kamar operasi bener2 menjaga kesterilan dari kontaminan, makanya dulu pas koas sering ditegur karena",health,0.95,False,ollama_enhanced,
itsdoktermuda,7659706453468433665,Ceritain drama GTM si kecil bunda dirumahh👇🏻 #sohoney,health,0.85,False,ollama_enhanced,
itsdoktermuda,7659407932345437441,Nikmat itu bernama bisa napas dengan normal,health,0.85,False,ollama_enhanced,
itsdoktermuda,7658847601642540289,Pernah liat kan orang yg diuji pasangannya sakit tapi tetep sabar??,health,0.85,False,ollama_enhanced,
itsdoktermuda,7657794063596391696,Yang udah rutin minum kerasa ada perbedaan gak? #VitDCepatDiserapEfekMaksimal,health,0.95,False,ollama_enhanced,
itsdoktermuda,7657841188887629072,"Ngidam pas hamil? Coba tonton video ini dulu yaa! Daripada asal pilih makanan manis, lebih baik pili",health,0.95,False,ollama_enhanced,
itsdoktermuda,7657718418627448084,"Kadang aku melihat virus, bakteri, jamur, parasit, dan kuman lainnya ga sebagai penyakit aja Mereka ",health,0.95,False,ollama_enhanced,
itsdoktermuda,7657064666216025360,Hayoo siapa yg moodnya suka labill? #Blackmores #BioD #VitDCepatDiserapEfekMaksimal,health,0.85,False,ollama_enhanced,
itsdoktermuda,7654938892356816148,Hati hatiii keluarga menunggu di rumahhh Vid: dailyradiologitech,health,0.85,False,ollama_enhanced,
itsdoktermuda,7654936759121235220,Penyakit gangguan kelenjar getah bening,health,0.95,False,ollama_enhanced,
itsdoktermuda,7654923209552416020,"Jadi ternyata bisa ular itu nyebar bukan lewat darah tapi sistem limfa, hayo siapa baru tau? Vid: si",health,0.95,False,ollama_enhanced,
itsdoktermuda,7654078094986333460,"Nikah muda boleh, tp jangan kemudaan👍🏼",health,0.85,False,ollama_enhanced,
itsdoktermuda,7653347934033005845,Yuk bersyukur badan kita dikasih yg proposional😊🙏,health,0.65,False,ollama_enhanced,
itsdoktermuda,7652934642307484949,Kalian minum dosis berapaa? #Blackmores #BioD #VitDCepatDiserapEfekMaksimal,health,0.85,False,ollama_enhanced,
itsdoktermuda,7652179311323008277,Bayi belum boleh mengonsumsi minuman berkafein karena tubuh mereka belum mampu memproses kafein seba,health,0.95,False,ollama_enhanced,
itsdoktermuda,7651847915652042004,"Aku paling ga tega kalau lihat pasien anak sakit, apalagi sejak punya anak sendiri. Soalnya mereka b",health,0.95,False,ollama_enhanced,
itsdoktermuda,7651510300528725269,Share ini ke para ibu hamil yaa👍🏼,health,0.95,False,ollama_enhanced,
itsdoktermuda,7650442411491003665,Kalo kalian biasa dosis berapaa? #Blackmores #BioD #VitDCepatDiserapEfekMaksimal,health,0.85,False,ollama_enhanced,
itsdoktermuda,7649265567093755137,Yang udah rutin biasain minum siapaa cunnnggg??? #Blackmores #BioD #VitDCepatDiserapEfekMaksimal,health,0.85,False,ollama_enhanced,
itsdoktermuda,7648871734585609492,"Pada prinsipnya tubuh bisa memaafkan sesekali, tapi gak selalu bisa memaafkan kebiasaan🙏",health,0.85,False,ollama_enhanced,
itsdoktermuda,7647150543307132181,Ada yg pernah tes alergi di lab/rs?,health,0.95,False,ollama_enhanced,
itsdoktermuda,7647148964390636820,"Dan pengobatan TB itu ketat dan lamaa lho sampe 6 bulan, salah dikit bisa ngulangi dari awal🥲",health,0.95,False,ollama_enhanced,
itsdoktermuda,7647150238536437013,Sayangi ginjal kalian yaa❤️,health,0.95,False,ollama_enhanced,
itsdoktermuda,7646646818834615572,"Yg alamin persalinan normal, sesakit apa bunn?",health,0.95,False,ollama_enhanced,
itsdoktermuda,7645672637854698772,Tag tempat curhat favorit kalian selama inii #Blackmores #BioD #VitDCepatDiserapEfekMaksimal,health,0.85,False,ollama_enhanced,
itsdoktermuda,7645490666390179092,"Kalau bayi lahir dengan kaki pengkor (clubfoot/CTEV), jangan langsung mikir yang aneh-aneh yaa Ini b",health,0.95,False,ollama_enhanced,
itsdoktermuda,7644865132790566164,Jangan lupa pake helm yaa,health,0.85,False,ollama_enhanced,
itsdoktermuda,7644103326216342805,Ada yg udah rutin minumm?? Ada kerasa beda nggak?? #Blackmores #BioD #VitDCepatDiserapEfekMaksimal,health,0.95,False,ollama_enhanced,
itsdoktermuda,7644025477065198869,"Bukan berati me”maha benar”kan dokter ya, tapi emang di dunia medis diagnosis tuh bisa berubah seiri",health,0.95,False,ollama_enhanced,
itsdoktermuda,7643778563522514197,Tiap mau berobat ke yg non medis coba pikirin ini Dia janji sembuh pasti tidak? Kalau ada kalimat “1,health,0.95,False,ollama_enhanced,
itsdoktermuda,7642872687722843413,Leukemia itu kanker pada sel darah putihh Normalnya tubuh bikin sel darah secukupnya sesuai kebutuha,health,0.95,False,ollama_enhanced,
itsdoktermuda,7642536099562245396,Ada gak sih dari kalian para perokok yg bener2 berhasil berhenti? Boleh dongg bagi tipsnya yaa #enzh,health,0.95,False,ollama_enhanced,
itsdoktermuda,7641490090451029268,"Ada yg bisa bantu kasih bukti kalo pengobatan kekgitu bisa menyembuhkann? atau cuma bikin ""enakan"" a",health,0.95,False,ollama_enhanced,
itsdoktermuda,7639945845630094612,Doping menyehatkan yg boleh kita minumm Siapa yg dah coba rutinin?? #Blackmores #BioD #VitDCepatDise,health,0.95,False,ollama_enhanced,
itsdoktermuda,7639748869026336020,Ada yang pernah coba akupuntur?,health,0.95,False,ollama_enhanced,
itsdoktermuda,7639362541763988757,"Saat patah tulang ada jaringan tubuh yang benar-benar rusak: tulang retak/patah, pembuluh darah peca",health,0.95,False,ollama_enhanced,
itsdoktermuda,7639226015453334804,Ada ngga yg dah rutin minumm? Ceritain donggg #Blackmores #BioD #VitDCepatDiserapEfekMaksimal,health,0.85,False,ollama_enhanced,
itsdoktermuda,7638589136395357460,Ada disini pejuang2 gangguan kecemasan? Semangattt yaaaa,health,0.95,False,ollama_enhanced,
itsdoktermuda,7637905600550030612,Cuma manusia doang yg bisa dioperasi sesar trnyta,health,0.95,False,ollama_enhanced,
itsdoktermuda,7637461259058679060,"Overwork itu nyataa Bukan cuma bikin burnout, tapi juga bikin tubuh lebih gampang sakit karena waktu",health,0.95,False,ollama_enhanced,
itsdoktermuda,7636298786171653396,"Sesimpel merutinkan kasih bakteri “baik” yang bantu menyeimbangkan ekosistem usus Pada diare, sering",health,0.95,False,ollama_enhanced,
itsdoktermuda,7636293435699268885,Penjelasan moisturizer buat mengurangi gejala psoriasis tu ginii Dia akan perbaiki “barrier” kulit K,health,0.95,False,ollama_enhanced,
itsdoktermuda,7634391693613141268,Ada yg punya sakit lambung jugak? Udah coba apa ajaa kalian? Ceritain dongg #Nutriflakes #LambungAma,health,0.95,False,ollama_enhanced,
itsdoktermuda,7634654099501321492,"Pada bayi baru lahir, sendi terlihat seperti “tidak menyatu” karena ujung tulangnya masih didominasi",health,0.95,False,ollama_enhanced,
itsdoktermuda,7633678856557366548,Siapaaa yg sukakk ovt? Share ini ke merekaa yaaa #ashwagandha,health,0.75,False,ollama_enhanced,
itsdoktermuda,7633089029637950741,Beberapa yg berhasil entah diet atau olahraga bisanya karena ada alasan revenge Itu bagus Tapi lebih,health,0.85,False,ollama_enhanced,
itsdoktermuda,7631889636708584724,Ada orangtua disini yg dah kebiasa pantau grafik BB anakk?😊,health,0.95,False,ollama_enhanced,
itsdoktermuda,7631820351508450581,Begini nakes saat ada code blue,health,0.95,False,ollama_enhanced,
itsdoktermuda,7629946341036133653,"rokok bikin pembuluh makin cepat rusak, bikin sumbatan makin gampang, dan bikin jantung berisiko ga ",health,0.95,False,ollama_enhanced,
itsdoktermuda,7628255288319134996,Asap bakar sampah yg dihirup terus2an itu kayak nyemprot racun + debu super halus ke paru paru Awaln,health,0.95,False,ollama_enhanced,
itsdoktermuda,7627015397585341716,"1. Tersedak itu cepet banget jadi bahaya Begitu napas ketutup, waktu aman cuma beberapa menit. Nggak",health,0.95,False,ollama_enhanced,
itsdoktermuda,7626637637708811541,Kalian dah mulai pake sunscreen? #LaRochePosayID #MedInfluencersLDB #AntheliosUVAir #Skinlifechanger,health,0.95,False,ollama_enhanced,
itsdoktermuda,7625108825896488213,"1. NPatah tulang harus rontgen. Karena yang patah itu tulang di dalam, bukan yang kelihatan dari lua",health,0.95,False,ollama_enhanced,
itsdoktermuda,7625083622730534165,"Trauma itu membekas dan membentuk alam bawah sadar. Dampaknya mempengaruhi kita dalam bersikap, berp",health,0.95,False,ollama_enhanced,
itsdoktermuda,7624850333021326613,Alasan kenapa buku KIA ajaib: 1. Mengenali tanda bahaya kehamilan Buku KIA mengajarkan ibu membedaka,health,0.95,False,ollama_enhanced,
itsdoktermuda,7624028360246594836,Dampak dari bayi sering terpapar asap rokok tersering adalah bronkitis dan bronkopneumonia Bronkitis,health,0.95,False,ollama_enhanced,
itsdoktermuda,7623230976700714261,Ada temen2 pejung ketombe gakk? Gimana tips dari kalian? @LifebuoyID #LifebuoyShampoo,health,0.85,False,ollama_enhanced,
itsdoktermuda,7618875676409498900,"Anak tidak pernah memilih untuk dilahirkan, kitalah yang diberi pilihan untuk itu Maka sudah seharus",health,0.95,False,ollama_enhanced,
itsdoktermuda,7618566357608713493,Hampir sebagian besar diare aku disebabkan karena apa yg kita masukan ke mulut Bisa jadi karena maka,health,0.95,False,ollama_enhanced,
itsdoktermuda,7618166067013373205,Ada gak temen2 yg dah rutin minum vitamin D? @Now Foods indonesia selama ini yg bantu support vit D ,health,0.95,False,ollama_enhanced,
itsdoktermuda,7617378028435426580,Di medis air keras mkaya cairan klorida itu larutin alat2 medis stainless ini dipake buat nyiram ora,health,0.95,False,ollama_enhanced,
itsdoktermuda,7616774013406154005,"Imunitas bayi itu ga sebagus orang dewasa Salah makan dikit aja diare, pilek, batuk dll Selama ini p",health,0.95,False,ollama_enhanced,
itsdoktermuda,7616370254234782996,Ada yg pernah alamin jugakk??,health,0.85,False,ollama_enhanced,
itsdoktermuda,7612215801285790996,"Tersedak bisa membunuh dalam hitungan menit Kalau jalan napas tertutup total, udara nggak masuk, oks",health,0.95,False,ollama_enhanced,
itsdoktermuda,7611122523429768469,Kalian tau gak? ada terapi vertigo namanya Epley manuver. Gerakannya keliatan simpel tapi sebenernya,health,0.95,False,ollama_enhanced,
itsdoktermuda,7610314966809201941,"Hati-hati! Kalau tiba-tiba ngomong jadi cadel, belibet, atau pelo padahal sebelumnya normal, jangan ",health,0.95,False,ollama_enhanced,
itsdoktermuda,7609669006479445268,Ini namanya simblefaron. Bola mata jadi gak bisa gerak bebas karena “ketarik” sama jaringan parut di,health,0.95,False,ollama_enhanced,
itsdoktermuda,7609335263042571540,Anemia ada tandanya dan ada penanganannya ya Kalian pernah alami anemia? Ceritain dongg berikut untu,health,0.95,False,ollama_enhanced,
itsdoktermuda,7608542078783589652,Semangatin puasa mereka dengan mendampingi kesehatannya yaa Andalkan Enervon Gold untuk Ayah & Ibu s,health,0.95,False,ollama_enhanced,
itsdoktermuda,7608513297159114005,"Ngantuk, lemas, susah fokus saat puasa. Bisa jadi bukan karena puasanya, tapi karena begadang, scree",health,0.95,False,ollama_enhanced,
itsdoktermuda,7606744290131332373,Kok bisa gitu? Emangnya ASI bisa “tahu” anaknya lagi sakit? Ternyata tubuh ibu dapat sinyal dari air,health,0.95,False,ollama_enhanced,
itsdoktermuda,7606326222800309525,"Pertolongan pertama luka tikam itu bukan soal cepet-cepatan nyabut pisaunya, tapi justru jangan dica",health,0.95,False,ollama_enhanced,
itsdoktermuda,7605870444960402708,Sy buat video ini karena dari pengalaman sendiri memiliki seorang anak Anak hampir 24 jam yg dilihat,health,0.95,False,ollama_enhanced,
itsdoktermuda,7605211735238216980,Covid itu masih ada karena virusnya terus mutasi. Makanya 4 basic ini tetap penting: hidup sehat & o,health,0.95,False,ollama_enhanced,
itsdoktermuda,7604171573037223188,"Stoma itu lubang yang sengaja dibikin di perut lewat operasi, jadi kotoran bisa keluar lewat perut, ",health,0.95,False,ollama_enhanced,
itsdoktermuda,7603345019017121044,Izin ikut trend “At least” 🙏🏻 tapi ini konteks kesehatan. Btw at least jadi orang tua nggak pernah n,health,0.95,False,ollama_enhanced,
itsdoktermuda,7603066715278232852,"Bayi kuning bukan sekadar warna kulit berubah, tapi ada zat namanya bilirubin yg kalau kadarnya ting",health,0.95,False,ollama_enhanced,
itsdoktermuda,7602639083843702037,"Liburan bukan cuma soal destinasi, tapi juga soal menjaga tubuh tetap fit. Kalau tiba-tiba meriang, ",health,0.95,False,ollama_enhanced,
itsdoktermuda,7601731440279145748,"Yang bahaya itu bukan alat rontgennya, tapi seberapa sering tubuh kita kena paparan radiasinya. Kala",health,0.95,False,ollama_enhanced,
itsdoktermuda,7600418609084501269,"Aku suka banget ngaitin agama sama kesehatan. Karena makin ke sini, makin kerasa… dua hal ini tuh se",health,0.95,False,ollama_enhanced,
itsdoktermuda,7600289939330223381,"Yg aku saranin ke temen2: Pertama, sebisa mungkin temen2 jangan pakai obat antinyeri sembarangan dan",health,0.95,False,ollama_enhanced,
itsdoktermuda,7598190960434023701,"Ada di sini yang belum pernah donor darah sama sekali??? Aku jelasin singkat dari kacamata medis, be",health,0.95,False,ollama_enhanced,
itsdoktermuda,7597724894368910612,Kalo temen2 minum vit D jangan lupa sayuran dan berjemurnya yaa👌😊 #VitDCepatDiserapEfekMaksimal,health,0.95,False,ollama_enhanced,
itsdoktermuda,7597477389270142229,"Kalau ketemu orang tidak sadar dan tanpa nadi, itu artinya henti jantung. Dalam kondisi ini, RJP har",health,0.95,False,ollama_enhanced,
itsdoktermuda,7597424594953276693,Traction alopecia itu rambut rontok karena ketarik terus-terusan. Jadi bukan karena hormon atau ketu,health,0.95,False,ollama_enhanced,
itsdoktermuda,7596912902120967445,"Salut bangeet sama dokter2 beginii❤️ Ketika dokter membumi, saat itulah pasien merasa dimanusiakan G",health,0.95,False,ollama_enhanced,
itsdoktermuda,7596261098563685653,Tulis dokter rekomen di tempat kalian masing masing yaa👇,health,0.85,False,ollama_enhanced,
itsdoktermuda,7595809154309164308,"Setiap kilo ekstra lemakmu bikin jantung harus mompa darah lebih banyak, pembuluh darah makin tertek",health,0.95,False,ollama_enhanced,
itsdoktermuda,7595159806403415317,"Banyak yang belum tahu kalau antiseptik Povidone Iodine itu ada beberapa jenis, dan nggak semuanya d",health,0.95,False,ollama_enhanced,
itsdoktermuda,7594815274407251221,"Selalu salut sama temen-temen yang masih sempet gosok gigi sebelum tidur👍🏼 Padahal mata udah 5 watt,",health,0.95,False,ollama_enhanced,
itsdoktermuda,7594128369105587476,"Yes, ikat kaos kaki di telapak kaki, tapi ikatannya normal ya, jangan kenceng. Yang kerasa itu tekan",health,0.95,False,ollama_enhanced,
itsdoktermuda,7593349003648044308,"Tahun 1987, Dr. Zbigniew Religa baru saja menyelesaikan operasi transplantasi jantung yang berlangsu",health,0.95,False,ollama_enhanced,
itsdoktermuda,7592989091113766165,Open bite itu kondisi di mana mulut sudah nutup tapi gigi atas dan bawah nggak ketemu. Sering banget,health,0.95,False,ollama_enhanced,
itsdoktermuda,7592299992530930965,Di kamar operasi itu ada dua dunia: zona steril dan zona nggak steril. Kenapa gitu? Karena saat iper,health,0.95,False,ollama_enhanced,
itsdoktermuda,7591888689572089109,Nakes masang kateter buat membantu dan mengontrol pengeluaran urin saat tubuh pasien lagi nggak bisa,health,0.95,False,ollama_enhanced,
itsdoktermuda,7591825854360079636,"Aku makin sadar satu hal, sehat itu bukan cuma nasib, tapi pilihan. Pilihan ini kelihatan dari hal-h",health,0.95,False,ollama_enhanced,
itsdoktermuda,7590358985354579220,(Disclaimer: konten ini bukan menyinggung temen2 kita yg kena TBC atau sakit saluran napas ya. Namun,health,0.95,False,ollama_enhanced,
jamilatussadiyah,7680154216152714504,"🇮🇩🤝🇩🇪 Saling belajar, saling menghargai. Makasih ida @idaantonia_001 telah memilih @bumilpamil.id se",health,0.95,False,ollama_enhanced,
jamilatussadiyah,7680153738811673864,Lahiran normal bikin rambut bayi lebih tebal? Hmm.. Yuk Dengerin! Bunda-bunda cukup rawat rambut dan,health,0.95,False,ollama_enhanced,
jamilatussadiyah,7678626145142705415,Tips mengurangi robekan perineum @bumilpamil.id 💕🫶🏻,health,0.95,False,ollama_enhanced,
jamilatussadiyah,7676012105861975303,Cara gendonv pake kain jarik yang aman dan nyaman💕🫶🏻,health,0.85,False,ollama_enhanced,
jamilatussadiyah,7662912928579849490,Gerakan untuk bantu Janin masuk panggul Yuk ikutan di @bumilpamil.id,health,0.95,False,ollama_enhanced,
jamilatussadiyah,7646976026714590482,"Persalinan butuh ilmu dan persiapan holistic (Body, Mind and Spirit) 🥰🫶🏻 Sering kali panik dan ga pa",health,0.95,False,ollama_enhanced,
jamilatussadiyah,7643055869952855303,“TERNYATA… posisi melahirkan juga bisa memengaruhi lamanya proses mengedan 🤍” Sebuah systematic revi,health,0.95,False,ollama_enhanced,
jamilatussadiyah,7637855976908934418,Kelas Breastfeeding and Newborn care @bumilpamil.id,health,0.95,False,ollama_enhanced,
jamilatussadiyah,7637100493629705480,"Apapun bentuk ibu, ibu bisa menyusui bayinya😊🫶🏻",health,0.95,False,ollama_enhanced,
jamilatussadiyah,7631593979963788551,Postur tubuh yang baik bantu posisi janin optimal💕🫶🏻,health,0.95,False,ollama_enhanced,
jamilatussadiyah,7626764693817838866,Kemaren berbagi dan diskusi sama temen temen bidan di @puskesmas_cempaka_putih bagaimana membuat pos,health,0.95,False,ollama_enhanced,
jamilatussadiyah,7623033520377646356,Standing sacral release💕🤰🏼 Teknik ini adalah: ➡️ sentuhan sangat ringan di sakrum (panggul belakang),health,0.95,False,ollama_enhanced,
jamilatussadiyah,7614502104476011796,"Ini yang terjadi saat ibu menyusui Saat mulut bayi menyusu, ujung saraf puting menstimulasi sumsum t",health,0.95,False,ollama_enhanced,
jamilatussadiyah,7611505324603886868,"Bayi rewel itu bukan karena “manja”, tapi sering karena nggak nyaman. Salah satunya: iritasi kulit &",health,0.95,False,ollama_enhanced,
jamilatussadiyah,7611423965730311445,Biar persalinan mu lancar lakukan ini🥰❤️,health,0.95,False,ollama_enhanced,
jamilatussadiyah,7610546094421937428,Petunjuk lembut allah dalam melahirkan❤️,health,0.85,False,ollama_enhanced,
jamilatussadiyah,7610178650264145173,Syarat IMD ibu dan bayi sehat💕,health,0.95,False,ollama_enhanced,
jamilatussadiyah,7609855968125455636,Cara membersihkan Bab dan bak pada bayi,health,0.95,False,ollama_enhanced,
jamilatussadiyah,7609336456078724372,Kenapa bisa shaking saat persalinan? 1. Lonjakan hormon (adrenalin & oksitosin) Menjelang pembukaan ,health,0.95,False,ollama_enhanced,
jamilatussadiyah,7608888679389564180,Rekomendasi makanan Buat ibu hamil❤️🥰,health,0.95,False,ollama_enhanced,
jamilatussadiyah,7608491283954355476,Memori janin sejak dalam kandungan dan persalinan🥰🩷,health,0.95,False,ollama_enhanced,
jamilatussadiyah,7607249803461823764,Nafas kunci untuk lahiran nyaman,health,0.95,False,ollama_enhanced,
jamilatussadiyah,7607001292237589781,Mini workshop di jepang untuk sharing bersama bidan bidan di Jepang🙏🏻☺️,health,0.95,False,ollama_enhanced,
jamilatussadiyah,7606999963058375956,"Banyak ibu bertanya, “Apa cara terbaik memberikan ASI untuk bayiku?” Jawabannya bukan soal siapa yan",health,0.95,False,ollama_enhanced,
jamilatussadiyah,7599621227870735637,Cara melakukan perineum massage sendiri 🥰🙏🏻,health,0.95,False,ollama_enhanced,
jamilatussadiyah,7595159599997799700,"Bikin sop iga andalan pake @puraindonesia yang udah aku pake dari dulu, bikin mpasi gausah ribet, te",health,0.85,False,ollama_enhanced,
jamilatussadiyah,7592207434467265812,Tips minim robekan saat melahirkan menurut riset Sumber video IG @evarosebirth #minimrobekan #lahirn,health,0.95,False,ollama_enhanced,
jamilatussadiyah,7591434282720152853,Bantu janin masuk panggul yuk❤️🤰🏼,health,0.95,False,ollama_enhanced,
jamilatussadiyah,7590389014545403156,"Perut gantung Kepala bayi belom masuk panggul, yuk lakukan ini💕🤰🏼",health,0.95,False,ollama_enhanced,
roozzaak,7613632426337684757,Membalas @ngengg #fyp #fypシ #DokterGemoy #vitaminD #vitaminD3,health,0.95,False,ollama_enhanced,
roozzaak,7613628867533720852,Membalas @Michael_H4NZ #fyp #fypシ #DokterGemoy #vitaminD #vitaminD3,health,0.95,False,ollama_enhanced,
roozzaak,7613625465428856084,"Membalas @dhihaainal29 Untuk anak diatas 3 tahun, konsumsi vitamin D dari Expert Boost diberikan 1x ",health,0.95,False,ollama_enhanced,
roozzaak,7613623502431587604,"Membalas @DEA 🇮🇩 Vitamin D 1-2 tablet per hari, Kalsium 1 tablet per hari #fyp #fypシ #DokterGemoy #v",health,0.95,False,ollama_enhanced,
roozzaak,7608173977189731604,Membalas @Botol yakult #fyp #fypシ #DokterGemoy #edukasi #edukasitiktok,health,0.95,False,ollama_enhanced,
roozzaak,7608173913129946388,Membalas @Daniati #fyp #fypシ #DokterGemoy #edukasi #edukasitiktok,health,0.95,False,ollama_enhanced,
roozzaak,7612875579641138453,Membalas @Endah LaUra #fyp #fypシ #DokterGemoy #cessa #transpulminbaby,health,0.95,False,ollama_enhanced,
roozzaak,7612874020442328340,Membalas @rini pudew #fyp #fypシ #DokterGemoy #vitaminD #vitaminD3,health,0.95,False,ollama_enhanced,
roozzaak,7612873097422605588,Membalas @ohnana #fyp #fypシ #DokterGemoy #probiotics #probiotic,health,0.85,False,ollama_enhanced,
roozzaak,7612872284851686677,Membalas @no name #fyp #fypシ #DokterGemoy #edukasi #edukasitiktok,health,0.95,False,ollama_enhanced,
roozzaak,7612869436285996309,Membalas @mbaksitidhukuan #fyp #fypシ #DokterGemoy #vitaminD #vitaminD3,health,0.95,False,ollama_enhanced,
roozzaak,7612867776838962452,Membalas @Nurazan #fyp #fypシ #DokterGemoy #vitaminD #vitaminD3,health,0.95,False,ollama_enhanced,
roozzaak,7608173712629763348,Membalas @🕊MERPATI🕊 #fyp #fypシ #DokterGemoy #edukasi #edukasitiktok,health,0.95,False,ollama_enhanced,
roozzaak,7608173387160194325,Membalas @Black_mamba_06 #fyp #fypシ #DokterGemoy #edukasi #edukasitiktok,health,0.95,False,ollama_enhanced,
roozzaak,7612176660686851349,Membalas @UyunAMR #fyp #fypシ #DokterGemoy #edukasi #probiotics,health,0.95,False,ollama_enhanced,
roozzaak,7612175151395867924,Membalas @aal✨ #fyp #fypシ #DokterGemoy #edukasi #probiotics,health,0.95,False,ollama_enhanced,
roozzaak,7612175054377553172,Membalas @mesa #fyp #fypシ #DokterGemoy #edukasi #ususbuntu,health,0.95,False,ollama_enhanced,
roozzaak,7608171152724282644,"Membalas @An Aisyah Farfum Yang penting makan bu, makan yang mengandung banyak protein supaya asinya",health,0.95,False,ollama_enhanced,
roozzaak,7608170125778373908,Membalas @mbk SARi 🥰🥰🥰 #fyp #fypシ #DokterGemoy #edukasi #edukasitiktok,health,0.95,False,ollama_enhanced,
roozzaak,7611354353567288597,Membalas @Zxlvy #fyp #fypシ #DokterGemoy #edukasi #saturasioksigen,health,0.95,False,ollama_enhanced,
roozzaak,7611348799352474900,Membalas @Ntan #fyp #fypシ #DokterGemoy #edukasi #probiotic,health,0.95,False,ollama_enhanced,
roozzaak,7608169566216211732,Membalas @monicakowijaya8 #fyp #fypシ #DokterGemoy #edukasi #edukasitiktok,health,0.95,False,ollama_enhanced,
roozzaak,7611122839667658004,Membalas @desember01 #fyp #fypシ #DokterGemoy #edukasi #edukasitiktok,health,0.95,False,ollama_enhanced,
roozzaak,7611122676513623317,Membalas @E N M A #fyp #probiotic #DokterGemoy #vitaminD #vitaminD3,health,0.95,False,ollama_enhanced,
roozzaak,7611105116661337365,Membalas @Hallo.Rin🕊️ #fyp #fypシ #DokterGemoy #vitaminD #vitaminD3,health,0.95,False,ollama_enhanced,
roozzaak,7610952293546052885,Membalas @Hosana Arusna.hosana florist. Bulan Februari dan Agustus adalah bulan vitamin A. Di kedua ,health,0.95,False,ollama_enhanced,
roozzaak,7610956308556107028,Membalas @Nafeeza fatarani💕 #fyp #fypシ #DokterGemoy #vitaminD #vitaminD3,health,0.85,False,ollama_enhanced,
roozzaak,7610954584785194261,Membalas @Mama Callista #fyp #fypシ #DokterGemoy #vitaminD #vitaminD3,health,0.95,False,ollama_enhanced,
roozzaak,7610951883498245396,Membalas @girl galsses😘 #fyp #fypシ #DokterGemoy #vitaminD #vitaminD3,health,0.85,False,ollama_enhanced,
roozzaak,7610951856780594452,Membalas @depiii♈️✨ #fyp #fypシ #DokterGemoy #vitaminD #vitaminD3,health,0.85,False,ollama_enhanced,
roozzaak,7610951767718694165,Membalas @sulinsuta #fyp #fypシ #DokterGemoy #vitaminD #vitaminD3,health,0.95,False,ollama_enhanced,
roozzaak,7610951743316315412,Membalas @Hallo.Rin🕊️ #fyp #fypシ #DokterGemoy #vitaminD #vitaminD3,health,0.95,False,ollama_enhanced,
roozzaak,7608169353598586133,Membalas @sa Kapsul Ikan Gabus dan Asi Booster rekomendasi silahkan cek di keranjang kuning #fyp #fy,health,0.95,False,ollama_enhanced,
roozzaak,7608169053730966804,Membalas @JOKIS #fyp #fypシ #DokterGemoy #edukasi #edukasitiktok,health,0.95,False,ollama_enhanced,
roozzaak,7610382357580762389,Membalas @Arm🐱 #fyp #fypシ #DokterGemoy #vitaminD #vitaminD3,health,0.95,False,ollama_enhanced,
roozzaak,7610381297516629268,Membalas @n🥭 #fyp #fypシ #DokterGemoy #vitaminD #vitaminD3,health,0.85,False,ollama_enhanced,
roozzaak,7610380252854029588,Membalas @Rdian #fyp #fypシ #DokterGemoy #vitaminD #vitaminD3,health,0.95,False,ollama_enhanced,
roozzaak,7610378872898473236,Membalas @Mita Amelia ❤️ #fyp #fypシ #DokterGemoy #vitaminD #vitaminD3,health,0.95,False,ollama_enhanced,
roozzaak,7610377000343112980,Membalas @andini Vitamin D yang ada dikeranjang saya bisa diberikan sejak usia 0-12 bulan #fyp #fypシ,health,0.95,False,ollama_enhanced,
roozzaak,7610376108864736532,Membalas @charolina #fyp #fypシ #DokterGemoy #vitaminD #vitaminD3,health,0.95,False,ollama_enhanced,
roozzaak,7607987736582081813,Membalas @hidayah #fyp #fypシ #DokterGemoy #edukasi #edukasitiktok,health,0.95,False,ollama_enhanced,
roozzaak,7609859485250768148,Membalas @Amih nya Ryuga👶 #fyp #fypシ #DokterGemoy #vitaminD #vitaminD3,health,0.95,False,ollama_enhanced,
roozzaak,7609858254507625748,Membalas @Jajan Ah #fyp #fypシ #DokterGemoy #vitaminD #vitaminD3,health,0.95,False,ollama_enhanced,
roozzaak,7609857146523946260,Membalas @BIDADARI NERAKA 🅱️🅰️ DRAGON #fyp #fypシ #DokterGemoy #vitaminD #vitaminD3,health,0.95,False,ollama_enhanced,
roozzaak,7609856411585023253,Membalas @RA_racingteam #fyp #fypシ #DokterGemoy #vitaminD #vitaminD3,health,0.85,False,ollama_enhanced,
roozzaak,7607403013417831700,Membalas @Cha Cha2 #fyp #fypシ #DokterGemoy #edukasi #edukasitiktok,health,0.95,False,ollama_enhanced,
roozzaak,7607265145546444053,Membalas @MamaFahru #fyp #fypシ #DokterGemoy #edukasi #edukasitiktok,health,0.95,False,ollama_enhanced,
roozzaak,7609192941776653589,Membalas @Vhy Nugraha #fyp #fypシ #DokterGemoy #vitaminD #vitaminD3,health,0.95,False,ollama_enhanced,
roozzaak,7609183664605400341,Membalas @Uut.sriutami #fyp #fypシ #DokterGemoy #vitaminD #vitaminD3,health,0.95,False,ollama_enhanced,
roozzaak,7606895472652995861,Membalas @Septi Berlian A #fyp #fypシ #DokterGemoy #edukasi #edukasitiktok,health,0.95,False,ollama_enhanced,
roozzaak,7608861438307863828,Membalas @itsme! #fyp #fypシ #DokterGemoy #edukasi #edukasitiktok,health,0.95,False,ollama_enhanced,
roozzaak,7608742674539056404,Membalas @nilam #fyp #fypシ #DokterGemoy #pilikangabus #asibooster,health,0.85,False,ollama_enhanced,
roozzaak,7606160296696122645,Membalas @Astri Aprilnuryani Kalau hamil atau setelah lahiran sebisa mungkin perutnya tidak diurut y,health,0.95,False,ollama_enhanced,
roozzaak,7607997311976787220,Membalas @nutrisari #fyp #fypシ #DokterGemoy #vitaminD #vitaminD3,health,0.95,False,ollama_enhanced,
roozzaak,7607987765552237845,Membalas @HOKI SAYUR #fyp #fypシ #DokterGemoy #vitaminD #vitaminD3,health,0.95,False,ollama_enhanced,
roozzaak,7607987742747790613,Membalas @Nina🦊 #fyp #fypシ #DokterGemoy #vitaminD #vitaminD3,health,0.95,False,ollama_enhanced,
roozzaak,7606159089533701396,Membalas @kanza #fyp #fypシ #DokterGemoy #edukasi #edukasitiktok,health,0.95,False,ollama_enhanced,
roozzaak,7606055540594052372,Membalas @mpiii Yang penting makan buah biar ndak sembelit #fyp #fypシ #DokterGemoy #edukasi #edukasi,health,0.95,False,ollama_enhanced,
roozzaak,7607402360519904533,#stitch dengan @Maghfirotul Hasanah #fyp #fypシ #DokterGemoy #edukasi,health,1.0,True,manual_check,2026-09-19T09:36:39.193424
roozzaak,7605795531398401301,Membalas @Tinaajja #fyp #fypシ #DokterGemoy #edukasi #edukasitiktok,health,0.95,False,ollama_enhanced,
roozzaak,7606897633495354645,Membalas @idhaach!96 #fyp #fypシ #DokterGemoy #edukasi #edukasitiktok,health,0.95,False,ollama_enhanced,
roozzaak,7606894160108342549,Membalas @aiii #fyp #fypシ #DokterGemoy #edukasi #edukasitiktok,health,0.95,False,ollama_enhanced,
roozzaak,7606887106115423508,Membalas @♉g #fyp #fypシ #DokterGemoy #edukasi #vitaminD,health,0.95,False,ollama_enhanced,
roozzaak,7606884759372926228,Membalas @naraa #fyp #fypシ #DokterGemoy #edukasi #vitaminD,health,0.95,False,ollama_enhanced,
roozzaak,7606886991774436628,Membalas @Syakira pramudita Aznii #fyp #fypシ #DokterGemoy #edukasi #edukasitiktok,health,0.95,False,ollama_enhanced,
roozzaak,7606879287018294548,"Apakah ada yang mengalami hal yang sama ? Kalau ada, tolong sharing solusinya bagaimana 😇 #fyp #fypシ",health,0.95,False,ollama_enhanced,
roozzaak,7603953986965671189,Membalas @alifa ank manja #fyp #fypシ #DokterGemoy #edukasi #edukasitiktok,health,0.95,False,ollama_enhanced,
roozzaak,7605914032897330452,Membalas @NabilaF #fyp #fypシ #DokterGemoy #edukasi #edukasitiktok,health,0.95,False,ollama_enhanced,
roozzaak,7605788317912747285,Thankyou banget @Nutriflakes Official Store !!! 😇 Buat kalian yang punya riwayat asam lambung yang b,health,0.95,False,ollama_enhanced,
roozzaak,7603691744743410965,Membalas @JujuIlho1727 #fyp #fypシ #DokterGemoy #edukasi #edukasitiktok,health,0.95,False,ollama_enhanced,
roozzaak,7602257538482031892,Membalas @ganisyah #fyp #fypシ #DokterGemoy #edukasi #edukasitiktok,health,0.95,False,ollama_enhanced,
roozzaak,7601675740261649685,Membalas @mona #fyp #fypシ #DokterGemoy #edukasi #edukasitiktok,health,0.95,False,ollama_enhanced,
roozzaak,7601675264409603349,Membalas @AnnaJCStore #fyp #fypシ #DokterGemoy #edukasi #edukasitiktok,health,0.95,False,ollama_enhanced,
roozzaak,7601674476111023381,Membalas @Marajingga🩷 #fyp #fypシ #DokterGemoy #edukasi #edukasitiktok,health,0.95,False,ollama_enhanced,
roozzaak,7601673322891365652,Membalas @esbatu🥶 #fyp #fypシ #DokterGemoy #edukasi #edukasitiktok,health,0.95,False,ollama_enhanced,
roozzaak,7601672773328456981,Membalas @nurainaistigfari6🇵🇸 #fyp #fypシ #DokterGemoy #edukasi #edukasitiktok,health,0.95,False,ollama_enhanced,
roozzaak,7601338924245454101,Membalas @Rachmavhiicensa96🍑 #fyp #fypシ #DokterGemoy #edukasi #edukasitiktok,health,0.95,False,ollama_enhanced,
roozzaak,7599887912724991253,Membalas @mitha Apriani #fyp #fypシ #DokterGemoy #edukasi #edukasitiktok,health,0.95,False,ollama_enhanced,
roozzaak,7599887152305933589,Membalas @miaamiuuuuu #fyp #fypシ #DokterGemoy #edukasi #edukasitiktok,health,0.95,False,ollama_enhanced,
roozzaak,7599886575547190548,Membalas @Earlytatata #fyp #fypシ #DokterGemoy #edukasi #edukasitiktok,health,0.95,False,ollama_enhanced,
roozzaak,7599886068099370260,Membalas @helen #fyp #fypシ #DokterGemoy #edukasi #edukasitiktok,health,0.95,False,ollama_enhanced,
roozzaak,7599885512228474132,Membalas @Random story #fyp #fypシ #DokterGemoy #edukasi #edukasitiktok,health,0.95,False,ollama_enhanced,
roozzaak,7599884983842491668,Membalas @🦖 #fyp #fypシ #DokterGemoy #edukasi #edukasitiktok,health,0.95,False,ollama_enhanced,
roozzaak,7599884570766478612,Membalas @mom's jifadli #fyp #fypシ #DokterGemoy #edukasi #edukasitiktok,health,0.95,False,ollama_enhanced,
roozzaak,7599884039067045140,Membalas @Indah #fyp #fypシ #DokterGemoy #edukasi #edukasitiktok,health,0.95,False,ollama_enhanced,
roozzaak,7599883784619642132,Membalas @sagitapalugada #fyp #fypシ #DokterGemoy #edukasi #edukasitiktok,health,0.95,False,ollama_enhanced,
roozzaak,7599883255336160532,Membalas @lianazzura12 #fyp #fypシ #DokterGemoy #edukasi #edukasitiktok,health,0.95,False,ollama_enhanced,
roozzaak,7599271493842881810,Membalas @jeeeee #fyp #fypシ #DokterGemoy #edukasi #edukasitiktok,health,0.95,False,ollama_enhanced,
roozzaak,7599271441950952712,Membalas @@Rafatar #fyp #fypシ #DokterGemoy #edukasi #edukasitiktok,health,0.95,False,ollama_enhanced,
roozzaak,7599269844235734280,Membalas @mamah Arkan🌹 #fyp #fypシ #DokterGemoy #edukasi #edukasitiktok,health,0.95,False,ollama_enhanced,
roozzaak,7599269863256853778,Membalas @‼️ ##fyp##fypシ##DokterGemoy##edukasi #edukasitiktok,health,0.95,False,ollama_enhanced,
roozzaak,7598036488789527826,Membalas @abc12 #fyp #fypシ #DokterGemoy #edukasi #edukasitiktok,health,0.95,False,ollama_enhanced,
roozzaak,7598034358133460231,Membalas @pisces #fyp #fypシ #DokterGemoy #edukasi #edukasitiktok,health,0.95,False,ollama_enhanced,
roozzaak,7598034215006932232,Membalas @Lilisayouu #fyp #fypシ #DokterGemoy #edukasi #edukasitiktok,health,0.95,False,ollama_enhanced,
roozzaak,7598033582615170312,Membalas @china2616281272684 #fyp #fypシ #DokterGemoy #edukasi #edukasitiktok,health,0.95,False,ollama_enhanced,
roozzaak,7598033173347355911,Membalas @ika alfianto #fyp #fypシ #DokterGemoy #edukasi #edukasitiktok,health,0.95,False,ollama_enhanced,
roozzaak,7598032510089530631,Membalas @Amaa #fyp #fypシ #DokterGemoy #edukasi #edukasitiktok,health,0.95,False,ollama_enhanced,
roozzaak,7598032145277373714,Membalas @fellme20 #fyp #fypシ #DokterGemoy #edukasi #edukasitiktok,health,0.95,False,ollama_enhanced,
roozzaak,7597960058282020104,Membalas @Rapita Erma #fyp #fypシ #DokterGemoy #edukasi #edukasitiktok,health,0.95,False,ollama_enhanced,
roozzaak,7597959544051977490,Membalas @erlyn🌷 #fyp #fypシ #DokterGemoy #edukasi #edukasitiktok,health,0.95,False,ollama_enhanced,
roozzaak,7597958776485989640,Membalas @seffycharisna | sukacerita #fyp #fypシ #DokterGemoy #edukasi #edukasitiktok,health,0.95,False,ollama_enhanced,
roozzaak,7597487019941498119,Membalas @Lizaenzi #fyp #fypシ #DokterGemoy #edukasi #edukasitiktok,health,0.95,False,ollama_enhanced,
roozzaak,7596870265485757704,Membalas @babybiil #fyp #fypシ #DokterGemoy #edukasi #edukasitiktok,health,0.95,False,ollama_enhanced,
roozzaak,7596869966931037448,Membalas @Ekhaa #fyp #fypシ #DokterGemoy #edukasi #edukasitiktok,health,0.95,False,ollama_enhanced,
roozzaak,7596520117433863442,Membalas @julia #fyp #fypシ #DokterGemoy #edukasi #edukasitiktok,health,0.95,False,ollama_enhanced,
roozzaak,7596519977780399367,Membalas @melati_mell #fyp #fypシ #DokterGemoy #edukasi #edukasitiktok,health,0.95,False,ollama_enhanced,
roozzaak,7596520540941077778,Membalas @Mufida dan anak ku feza #fyp #fypシ #DokterGemoy #edukasi #edukasitiktok,health,0.95,False,ollama_enhanced,
roozzaak,7595980264988331272,Membalas @pangeran wilatikta #fyp #fypシ #DokterGemoy #edukasi #edukasitiktok,health,0.95,False,ollama_enhanced,
roozzaak,7595979886511033618,Membalas @Dek putri #fyp #fypシ #DokterGemoy #edukasi #edukasitiktok,health,0.95,False,ollama_enhanced,
roozzaak,7596519462858149128,Membalas @k & k #fyp #fypシ #DokterGemoy #edukasi #edukasitiktok,health,0.95,False,ollama_enhanced,
roozzaak,7595978609492299015,Membalas @dewi ajah #fyp #fypシ #DokterGemoy #edukasi #edukasitiktok,health,0.95,False,ollama_enhanced,
roozzaak,7595977946318277895,Membalas @Weli Wuryati #fyp #fypシ #DokterGemoy #edukasi #edukasitiktok,health,0.95,False,ollama_enhanced,
spesialist.kesehatan,7605530274335575313,Gerakan ini bisa dilakukan dimana saja & kapan saja… coba yukkk #tipssehat #sehatalami #kesehatan #s,health,0.95,False,ollama_enhanced,
spesialist.kesehatan,7679434460219165953,Kaum Rebahan yuk dengerin sampe akhir 🥳 #olahraga #kaumrebahan #tipskesehatan #spesialistkesehatan #,health,0.95,False,ollama_enhanced,
spesialist.kesehatan,7679359022495059217,"BAB seret, perut begah, gampang lapar bisa jadi tanda pola makananmu kurang serat #tipskesehatan #po",health,0.95,False,ollama_enhanced,
spesialist.kesehatan,7679055322924731664,Seberapa sering km makan makanan “ENAK”? #tipskesehatan #pencernaan #spesialistkesehatan #edukasikes,health,0.95,False,ollama_enhanced,
spesialist.kesehatan,7678681253071031568,Manfaat tidur bagi pemulihan tubuh 😍 #tidur #pemulihan #tipskesehatan #spesialistkesehatan #raliecla,health,0.95,False,ollama_enhanced,
spesialist.kesehatan,7678316960890752257,Seberapa sering kami minum minuman manis? #ginjal #gagalginjal #edukasikesehatan #minumanmanis #rali,health,0.95,False,ollama_enhanced,
spesialist.kesehatan,7677959170842217729,Dehidrasi #ginjal #gagalginjal #edukasikesehatan #tipskesehatan #ralieclass,health,0.95,False,ollama_enhanced,
spesialist.kesehatan,7600352104112327953,Jaga pola makan anak2 kita dari sekarang yaaa… #cekginjal #gagalginjal #edukasiginjal #cegahgagalgin,health,0.95,False,ollama_enhanced,
tirtacipeng,7675619064739302676,Stress release.,health,0.85,False,ollama_enhanced,
tirtacipeng,7675569675253665045,Kegiatan bapak2 gabut di hari rabu: melakukan “cindy challenge” pertama kali. 5x pullup 10x pushup 1,health,0.95,False,ollama_enhanced,
tirtacipeng,7680067775364173076,Bulking dan makan bergizi,health,0.95,False,ollama_enhanced,
tirtacipeng,7678913858811038997,Otak,health,1.0,True,manual_check,2026-09-19T09:37:32.380299
tirtacipeng,7677923495820512532,"Akibat overtraining, bang ganindra bimo pernah kena saraf kejepit di leher (cervical) untung masih b",health,0.95,False,ollama_enhanced,
tirtacipeng,7677215215938850069,Pola latihan ekstrim ganindra bimo sampe sarafnya kejepit,health,0.85,False,ollama_enhanced,
tirtacipeng,7674846227241962773,#onthisday,health,1.0,True,manual_check,2026-09-19T09:37:37.461376
tirtacipeng,7674222668568153365,darah tinggi,health,0.95,False,ollama_enhanced,
tirtacipeng,7673324228602531093,"Buat bapak-bapak yang punya anak dan masih punya kebiasaan ngudud, tonton video ini sampe abis #Seha",health,0.95,False,ollama_enhanced,
tirtacipeng,7672998902500478228,Kamu cerdas?,health,0.85,False,ollama_enhanced,
tirtacipeng,7672565905548676373,Setelah tak pikir-pikir,health,0.85,False,ollama_enhanced,
tirtacipeng,7672147583904533780,#onthisday,health,1.0,True,manual_check,2026-09-19T09:37:50.479437
tirtacipeng,7671824837500783892,Alasan membatasi screentime secara kesehatan,health,0.95,False,ollama_enhanced,
tirtacipeng,7671144157766831380,#onthisday,health,1.0,True,manual_check,2026-09-19T09:37:53.808519
tirtacipeng,7670845346200734996,"Kalau begadang nonton bola, jangan lupa perhatikan intake cairan nya. Kalo aku biar tetep #onterus m",health,0.85,False,ollama_enhanced,
tirtacipeng,7670129340687895829,"Kalo sakit demam ya jangan olahraga, tapi fokus bed rest saja",health,0.95,False,ollama_enhanced,
tirtacipeng,7669788032031083796,Konsumsilah gula dengan bertanggung jawab dan sesuaikan dengan kegiatan harianmu.,health,0.95,False,ollama_enhanced,
tirtacipeng,7669412483630714132,"Gastritis, GERD dan riwayat merokok",health,0.95,False,ollama_enhanced,
tirtacipeng,7669343555353070868,"Ya lari, ya nguji, ya ngajar ya jadi pembicara kesehatan",health,0.85,False,ollama_enhanced,
tirtacipeng,7668540213395721493,"Sebuah penjelasan. selamat jumat berkah. Video ini dibuat karena banyak asumsi liar yg beredar, samp",health,0.85,False,ollama_enhanced,
tirtacipeng,7667386476283415828,"Perjalanan diet @elziwai itu banyak fase, dari yg ambisius nurunin BB secara ekstrim, sampai akhirny",health,0.85,False,ollama_enhanced,
tirtacipeng,7667125869558648084,Kalau push up tandanya lagi apa? Yak bener exercise snack. Abis exercise snack kalau mau yg seger-se,health,0.85,False,ollama_enhanced,
tirtacipeng,7666459180169202964,Ada yg mengalami kemunduran rambut juga?,health,0.85,False,ollama_enhanced,
tirtacipeng,7666035450435456276,"Dari mulut turun ke jantung, lho kok iso?",health,0.85,False,ollama_enhanced,
tirtacipeng,7664802061451611413,Threshold lanjut kalistenik di GBK,health,0.85,False,ollama_enhanced,
tirtacipeng,7662641675029794068,Pendapat @Justinus Lhaksana soal lari,health,1.0,True,manual_check,2026-09-19T09:37:59.874000
tirtacipeng,7661126765368151316,"90 menit lari, last km ditarik @p! yg abis PB full marathon 3 jam last week di goldcoast.",health,0.85,False,ollama_enhanced,
tirtacipeng,7661118973521546516,Serba serbi edukasi blister bersama @Vaseline Pro Derma ID #vaselineprodermaid,health,0.95,False,ollama_enhanced,
tirtacipeng,7660079181044256021,Serba serbi jerawat punggung bareng @Finally Found You,health,0.85,False,ollama_enhanced,
tirtacipeng,7659632601065475348,“Dari lari saya bisa bersekolah” Sebuah cerita dari mba sritabitha_wahyuni Salah satu atlet junior l,health,0.85,False,ollama_enhanced,
tirtacipeng,7659204580424551700,Running statsku setelah lari since 2024. (Sebelumnya kalistenik dan sepeda) Not bad lah buat bapak2 ,health,0.85,False,ollama_enhanced,
tirtacipeng,7658219556355181845,Minum kopi hitam setelah olahraga bisa mempercepat recovery tubuh? @Kopi Kapal Api,health,0.85,False,ollama_enhanced,
tirtacipeng,7657013522462739733,Olahraga tapi masih ngerokok? Tonton video ini sampe abis #SehatTanpaRokok #SobatStopSebat #RelaHidu,health,0.85,False,ollama_enhanced,
tirtacipeng,7656614138587696404,Agenda bapak2 pada umumnya di senin pagi sebelum rutin makaryo. Lari 9km easy Push up 25 reps x 4 se,health,0.95,False,ollama_enhanced,
tirtacipeng,7654793214804921620,Long run tiap hari? Jangan lupa juga penuhin kebutuhan elektrolit kalian. Kalo saya yo jelas minum @,health,0.95,False,ollama_enhanced,
tirtacipeng,7654191322605112596,Serba serbi “glowing”,health,0.85,False,ollama_enhanced,
tirtacipeng,7653868242091379989,Endorphin seeker Stress release,health,0.85,False,ollama_enhanced,
tirtacipeng,7652371370671639828,tempo training,health,0.7,False,ollama_enhanced,
tirtacipeng,7651525968594603285,Lari ngotak Cat HM di jakim @EJ Sport Store,health,0.85,False,ollama_enhanced,
tirtacipeng,7648633664452037909,Latihan dari rumah bermodal pull up bar 500rebuan. Cari yg kuat dan bisa di Bor ya. Hahaha Takutnya ,health,0.85,False,ollama_enhanced,
tirtacipeng,7646607287523560725,"satu2 nya kelebihanku yg bisa kubanggain itu = aku susah menyerah. Even dalam kondisi terdesak pun, ",health,0.85,False,ollama_enhanced,
tirtacipeng,7645534028673699093,"Aku pull up ini hampir tiap hari, entah pagi hari sebelum kerja atau malam selepas kelar kerja. Pull",health,0.95,False,ollama_enhanced,
tirtacipeng,7643634489775656213,Kangkung menyebabkan asam urat? Kurang tepat ya.,health,0.85,False,ollama_enhanced,
tirtacipeng,7642176576976653589,"Siapa hobi ngopi di sini? Tapi kalo saya kopi tanpa gula ya ❤️ Note, karena banyak yg tanya: Oh mksu",health,0.95,False,ollama_enhanced,
tirtacipeng,7638878543400783124,"Buat kalian yang ketika lari tapi minumnya harus nunggu haus dulu, tonton video ini! @SehatAQUA #AQU",health,0.85,False,ollama_enhanced,
tirtacipeng,7637083348275449109,"Olahraga tiap hari, apakah aman? Aman aja sebenarnya jika dilakukan dengan intensitas ringan. Lho ko",health,0.95,False,ollama_enhanced,
tirtacipeng,7634810161827204372,Kebanyakan minum air bikin pengen kencing terus? @SehatAQUA #AQUAdeminKamu #aquadulufyp,health,0.85,False,ollama_enhanced,
tirtacipeng,7634617926045273364,Ke tempat latihan mo salah.,health,0.85,False,ollama_enhanced,
tirtacipeng,7634180517306305812,Sperma dioles ke muka bikin glowing? .____.,health,0.75,False,ollama_enhanced,
tirtacipeng,7632208410410257684,"Caption 1 8x Full Ironman di usia 50-an. Levelnya terlalu ganas! Welem Tannasa Bareng om welemtan, I",health,0.95,False,ollama_enhanced,
tirtacipeng,7630687707269696789,Dengarkan pendapat fans Manutd berikut @dr. Gia Pratama,health,0.85,False,ollama_enhanced,
tirtacipeng,7629245453770476820,Pesan dr @dr. Gia Pratama buat temen2 yg masih merokok,health,0.95,False,ollama_enhanced,
tirtacipeng,7628210680889478421,Edukasi lagi bareng@dr. Gia Pratama,health,0.95,False,ollama_enhanced,
tirtacipeng,7627405558995356949,"Jika kamu atlet endurance, atau penghobi endurance jangan lupa rutin ke dokter jantung 👍 Penjelasan ",health,0.95,False,ollama_enhanced,
tirtacipeng,7626742611033787669,Penderita GERD menjalani intermittent fasting? Masih bersama tirta klimis,health,0.95,False,ollama_enhanced,
tirtacipeng,7626037345493601556,Lari malam,health,0.7,False,ollama_enhanced,
tirtacipeng,7625464620030889236,Serba serbi coli (onani) dengan kualitas sperma dan Ca prostat. Mari diluruskan selurus2 nya Source:,health,0.95,False,ollama_enhanced,
tirtacipeng,7623620852885622037,"Risiko fans liverpool, harus rajin olahraga biar kuat nanggung beban tim",health,0.85,False,ollama_enhanced,
tirtacipeng,7623394781770648852,Siapa di sini yg hobi kalistenik + lari? Olahraga simple yg bisa dilakukan dari rumah Lari start dar,health,0.85,False,ollama_enhanced,
tirtacipeng,7622949354545876245,Sebuah edukasi,health,0.85,False,ollama_enhanced,
tirtacipeng,7622338463639080213,"Yg gula darahnya tinggi, tonton dah",health,0.95,False,ollama_enhanced,
tirtacipeng,7618877450595863828,"Buat para perokok yang ada niatan berhenti atau ngurangin ngudud nya. Tonton video ini sampe abis, b",health,0.95,False,ollama_enhanced,
tirtacipeng,7618575609068801300,Siapa yang olahraga suka bawa tisu mejik jg buat jaga jaga nunda rasa kram?,health,0.85,False,ollama_enhanced,
tirtacipeng,7616930077330197781,"Buat kalian atau teman kalian yg keleknya mambu, tonton video ini!! @Barber Daily",health,0.85,False,ollama_enhanced,
tirtacipeng,7616277751145745685,"Ngikutin menu latihan orang lain untuk referensi?? Inget ya, kondisi tubuh setiap orang beda-beda. J",health,0.95,False,ollama_enhanced,
tirtacipeng,7615464952765189397,"Setuju ama edukasi pak @RENDRA BREWOK buat penghobi yang ingin fisik bugar, mengkombinasikan 2-3 lat",health,0.95,False,ollama_enhanced,
tirtacipeng,7615117407455022357,Sandal recovery @weidenmannofc,health,0.7,False,ollama_enhanced,
tirtacipeng,7613571120247344405,Kali ini kita bahas fenomena lari malem-malem sebelum sahur @SehatAQUA #TemanAdemRamadan,health,0.85,False,ollama_enhanced,
tirtacipeng,7612831154332388628,Sahur cuma minum susu steril susu tujuh kurma,health,0.85,False,ollama_enhanced,
tirtacipeng,7611137884963228949,Buka puasa pake energy gel?,health,0.85,False,ollama_enhanced,
tirtacipeng,7610386839974841620,Buka puasa pakai susu yang ada kurma nya bisa bikin kenyang? Tonton sampe abis!,health,0.85,False,ollama_enhanced,
tirtacipeng,7609982790414650645,"Buat kalian yang sering pegel leher, tonton video ini sampai abis! Joosss @SKGOfficialStore",health,0.85,False,ollama_enhanced,
tirtacipeng,7609638293948452116,⁩ Bulu Di Kelamin Pria Harus Dicukur Atau Dibiarkan Saja? Bau ga sedap akan muncul jika terlalu leba,health,0.95,False,ollama_enhanced,
tirtacipeng,7608544342747254036,Waktu terbaik buat latihan selama berpuasa,health,0.85,False,ollama_enhanced,
tirtacipeng,7608406729868479764,Umur 20-an kena saraf kejepit? Awasss! Bareng dr.mahdian.spbs di klinik lamina kali ini ini bahas fa,health,0.95,False,ollama_enhanced,
tirtacipeng,7607712476297284884,"Lari sambil pipis, hanya @slvstrrr yg bisa",health,1.0,True,manual_check,2026-09-19T09:38:36.021739
tirtacipeng,7607379093906050325,FM = full mlaku @Nom Clinic,health,0.85,False,ollama_enhanced,
tirtacipeng,7607292813125995796,Reminder buat temen2 yg lagi hobi berlari,health,0.85,False,ollama_enhanced,
tirtacipeng,7603662139550698770,"Rapopo lambat, yg penting konsisten",health,0.7,False,ollama_enhanced,
tirtacipeng,7603239708231044360,"Pola makan berantakan = pemicu GERD. Jangan sering telat makan atau biarkan perut kosong, apalagi ka",health,0.95,False,ollama_enhanced,
tirtacipeng,7598142463202659592,Ndasmu mumet? Hati panas? Lagi mager? Ambisius trus malah demotivasi? Butuh seger2 itu sob. Seger2 t,health,0.75,False,ollama_enhanced,
tirtacipeng,7597805519641857287,Hybrid traininig bagiku adalah melakukan 2/3 atau lebih latihan fisik dan olahraga. Ga hanya lari da,health,0.95,False,ollama_enhanced,
tirtacipeng,7596233832655883528,"Olahraga malam, pagi, siang sore. Gimana tuh?",health,0.85,False,ollama_enhanced,
tirtacipeng,7596187816883686674,Pelari harus strength training? Iya. Buat apa? Tonton!,health,0.95,False,ollama_enhanced,
tirtacipeng,7595032165021224199,Masuk angin?,health,0.85,False,ollama_enhanced,
tirtacipeng,7594764241844931848,Abis kudanan malah sakit? Lha kok iso?,health,0.85,False,ollama_enhanced,
tirtacipeng,7593365226905423122,Lagi bindeng ditanya2 soal demam l,health,0.85,False,ollama_enhanced,
tirtacipeng,7592185513071627538,Menjawab pertanyaan: “olahraga ga olahraga tetap bakal mati kok”,health,0.95,False,ollama_enhanced,
tirtacipeng,7592037457076555028,Keringetan?,health,0.85,False,ollama_enhanced,
wishdrboyke,7679613044728581394,"Mau sama-sama capai ""puncak"" kebahagiaan bareng pasangan? Ini rahasia medis dari dr. Boyke! 🏔️✨ ​Ban",health,0.95,False,ollama_enhanced,
wishdrboyke,7678677921355140359,"Mitos atau fakta, wanita dengan payudara besar katanya lebih gampang terangsang? Cek faktanya! 🫣 uku",health,0.95,False,ollama_enhanced,
wishdrboyke,7678587778094910727,"Suami mau coba gaya ""goyang helikopter"" tapi sendi udah menjerit? Jangan dipaksa, ini solusinya! 🚁🫣 ",health,0.95,False,ollama_enhanced,
wishdrboyke,7675629681726573831,Kasih Tantangan Ini ke Pasangan Kamu Nanti Malam! 🫣🩺 Banyak pria yang merasa badannya fit dan sehat-,health,0.95,False,ollama_enhanced,
wishdrboyke,7672681078804450578,"""Buang di Luar Aman Kok!"" Mitos Kuno yang Bikin Kaget Pas 'Garis Dua'! 🫣😳 Siapa nih yang masih pakai",health,0.95,False,ollama_enhanced,
wishdrboyke,7672381222173068562,Mau hubungan tetap hangat dan tenang tanpa rasa cemas? Ini rahasia menjaga kenyamanan bersama! 🛡️✨ ​,health,0.95,False,ollama_enhanced,
wishdrboyke,7670831607812525320,"Rumah tangga harmonis itu gak cuma soal romantis, tapi juga soal sama-sama sehat sampai tua! ❤️🩺 ​Ga",health,0.95,False,ollama_enhanced,
wishdrboyke,7669635182349126930,"Baru sadar si ""Joni"" bentuknya agak bengkok? Eits, jangan panik dulu! 📐🫣 ​Banyak pria yang kepikiran",health,0.95,False,ollama_enhanced,
wishdrboyke,7668228008553041160,"Kecil Panjang vs Gede Bantet? Ternyata Ini Bikin Moms Ketagihan! 😳🍆 Pernah penasaran gak, sebenarnya",health,0.95,False,ollama_enhanced,
wishdrboyke,7665976240066792712,Jangan Biarkan Darah Tinggi Rusak Keharmonisan Suami Istri! 💔 Atasi langsung dari akarnya dengan Wis,health,0.95,False,ollama_enhanced,
wishdrboyke,7665250415801290002,"Gak masalah ukuran ""rudal"" tergolong mungil, yang penting kelincahan ""gocekan""-nya ala Messi! ⚽️🔥 ​B",health,0.85,False,ollama_enhanced,
wishdrboyke,7664505314158431496,Ternyata cuma segini ukuran sebenarnya? Dads wajib tahu faktanya! 📐🫣 ​Banyak pria yang suka overthin,health,0.95,False,ollama_enhanced,
wishdrboyke,7661971343797259528,"Sudah menikah tapi masih suka ""main sabun...""? 🫣 Ternyata Anda gak sendirian, ini faktanya! ​Banyak ",health,0.95,False,ollama_enhanced,
wishdrboyke,7655491371217718536,"beneran gak sih keseringan ""self-healing"" sendirian bisa bikin lutut kopong? 🦵🫣 ​Hampir 99% cowok pa",health,0.95,False,ollama_enhanced,
wishdrboyke,7653789902093569287,"Bukan cuma Dads yang pusing kalau kurang ""jatah"", ternyata Moms juga bisa kena imbasnya! 🫣 ​Kurang n",health,0.95,False,ollama_enhanced,
wishdrboyke,7653307743150804242,"Sering nahan pipis, Dads? Hati-hati, kebiasaan ini bisa memicu gangguan prostat! Jangan sepelekan, y",health,0.95,False,ollama_enhanced,
wishdrboyke,7647505217193250066,Gak puas pas di ranjang tapi milih diam? 🤫 Ini kesalahan terbesar pasutri yang sering dianggap sepel,health,0.95,False,ollama_enhanced,
wishdrboyke,7647148279465020679,Ukuran atau teknik? 🤔 Ini fakta asli dari pikiran wanita! 1. ​Mitos Ukuran: Banyak pria minder karen,health,0.95,False,ollama_enhanced,
wishdrboyke,7645286693892934930,"Dads, sering ditolak istri pas lagi ""minta jatah""? 🫣 Jangan langsung ngambek, mending suruh istri to",health,0.95,False,ollama_enhanced,
wishdrboyke,7644155213519015175,"Menopause itu nggak datang tiba-tiba ya, Moms. Ada prosesnya dan ini yang wajib kita antisipasi! 🛑 ​",health,0.95,False,ollama_enhanced,
wishdrboyke,7643784708156935432,Sering ngerasa gerah mendadak atau emosi gampang naik-turun? 🛑 Ini yang sebenarnya terjadi pada tubu,health,0.95,False,ollama_enhanced,
wishdrboyke,7642909176745774343,ada yg miliki keluhan prostat?.. Dr. Boyke baru ada solusinya untuk obati keluhan mu. Wish Neipros b,health,0.95,False,ollama_enhanced,
wishdrboyke,7642205836177198354,Apa sih menopause? Kali ini Dr. Boyke jelaskan secara singkat dan padat semoga bermanfaat ☺️ #drboyk,health,0.95,False,ollama_enhanced,
wishdrboyke,7639358655216815367,"Umur 30+ tapi mood mulai drop? 📉 Hati-hati, jangan-jangan ini penyebabnya! ​Penurunan mood bukan cum",health,0.95,False,ollama_enhanced,
wishdrboyke,7638904058375343367,Ohhh ternyata ada fakta ilmiahnya kenapa rata-rata cowok diatas 30thn itu mulai ngedrop soal stamina,health,0.95,False,ollama_enhanced,
wishdrboyke,7638530743164996871,"Menikah itu cuma sekali (AMIN), tapi merawatnya? Harus tiap hari! 💍✨ ​Banyak yang lupa kalau ""I Do"" ",health,0.95,False,ollama_enhanced,
wishdrboyke,7636730874670746888,Dokter paling hits Indonesia punya kebiasaan pagi yang ternyata bisa kamu tiru! 👀 Kalau kamu pikir d,health,0.95,False,ollama_enhanced,
wishdrboyke,7634092253312503048,Nyeri sendi itu bukan cuma masalah orang tua lho! 😮 Banyak pasangan usia 30–40an udah mulai merasaka,health,0.95,False,ollama_enhanced,
wishdrboyke,7631542268192705810,"Haid mulai tidak teratur? Hati-hati, bukan cuma itu tandanya! ⚠️ Banyak wanita tidak sadar kalau nye",health,0.95,False,ollama_enhanced,
wishdrboyke,7630691274294627592,JANGAN COBA-COBA ikuti saran dr. Boyke kalau kamu lebih memilih menghabiskan masa tua cuma di atas k,health,0.95,False,ollama_enhanced,
wishdrboyke,7629691774713253128,Mau eksplorasi bareng pasangan tapi terhalang nyeri sendi? 🛑 Jangan biarkan tubuh kaku bikin momen m,health,0.95,False,ollama_enhanced,
wishdrboyke,7628934733296078098,Traveling tetap nyaman dan segar? ✈️👜 Bisa banget dong! dr. Boyke punya rahasianya agar area intim t,health,0.95,False,ollama_enhanced,
wishdrboyke,7628814700368727314,Bantu Follow Yuk Akun Personal Dr. Boyke dan Akun-akun dibawah Boyke & Co. Nanti dokter akan upload ,health,0.95,False,ollama_enhanced,
wishdrboyke,7628204401357868306,Capek gerak dikit nyeri? 🛑 Jangan didiemin! dr. Boyke punya kabar gembira buat kamu yang rindu aktif,health,0.95,False,ollama_enhanced,
wishdrboyke,7628142249729166600,Nyeri lutut saat naik tangga atau bangun tidur terasa kaku? 🦵⚡ Jangan abaikan rasa nyeri itu! Memasu,health,0.95,False,ollama_enhanced,
wishdrboyke,7627754236478098696,Jangan asal gaya! 🛑 Salah pilih pakaian dalam bisa berakibat fatal buat kesehatan area intim kamu. ​,health,0.95,False,ollama_enhanced,
wishdrboyke,7626346037095222546,"Sering dianggap sepele, ternyata pelukan adalah ""obat"" paling manjur buat pasutri! 🤗✨ ​Bukan cuma so",health,0.95,False,ollama_enhanced,
wishdrboyke,7625626841537072402,"​🔥 FAKTA MENGEJUTKAN! Ternyata banyak cowok usia 30-an sudah mulai ""drop"" performanya. Jangan direme",health,0.95,False,ollama_enhanced,
wishdrboyke,7622927384060120327,Area kewanitaan mu gatal saat aktif? 😫 pH terganggu karena sabun badan bikin makin parah!🧴❌ ​Gunakan,health,0.95,False,ollama_enhanced,
wishdrboyke,7618936671530274055,Selamat Hari Raya Idul Fitri! Mohon maaf lahir & batin. 🙏✨ ​dr. Boyke mengucapkan selamat atas kemen,health,0.95,False,ollama_enhanced,
wishdrboyke,7618566566069669128,Gak nyangka! Dark Chocolate bisa jadi rahasia stamina pasutri saat puasa! 🍫🔥 ​Banyak yang belum tahu,health,0.95,False,ollama_enhanced,
wishdrboyke,7618338985483586824,"Ternyata Kurma bukan sekadar pembatal puasa, tapi ""Booster"" alami di ranjang! 🌴🔥 ​Banyak yang belum ",health,0.95,False,ollama_enhanced,
wishdrboyke,7618218517141277959,Mau performa tetap maksimal? Rahasianya ada di piring makanmu! 🍽️✨ ​Aliran darah yang lancar ke area,health,0.95,False,ollama_enhanced,
wishdrboyke,7618055649133350152,Jadwal padat bukan alasan untuk abaikan kesehatan area wanita! ​ Wanita aktif seringkali tidak punya,health,0.95,False,ollama_enhanced,
wishdrboyke,7617816563168857352,"Sudah tahu belum? Ternyata ini tahapan siklus seksual manusia! Di video ini, dr. Boyke bedah tuntas ",health,0.95,False,ollama_enhanced,
wishdrboyke,7616708817291676935,Banyak pasangan bingung pilih posisi yang pas saat bulan Ramadan agar tidak terlalu menguras energi ,health,0.95,False,ollama_enhanced,
wishdrboyke,7616581404637285639,Supaya terasa lebih nikmat ingat akan hal ini... Kunci Foreplay Nikmat #drboyke #doktertiktok #tipsc,health,0.85,False,ollama_enhanced,
wishdrboyke,7615945810919853319,Keajaiban Bulan Ramadan Itu Tidak Sedikit. Berpuasa sekalian promil.... GasPollll 🔥 #DrBoyke #TipsPr,health,0.85,False,ollama_enhanced,
wishdrboyke,7615135191673130248,Yakin air di toilet umum bersih? 🫢 Jangan asal cebok kalau ga mau bakteri pindah rumah! mending pake,health,0.95,False,ollama_enhanced,
wishdrboyke,7613299211395730706,"Bangun tidur eh 'kecelakaan' siang bolong? 💦 Jangan panik dulu!"" ​Banyak yang bingung, mimpi basah s",health,0.95,False,ollama_enhanced,
wishdrboyke,7612915858012146962,"Seks bukan semata untuk keturunan, tapi ekspresi cinta tertinggi. ​Di bulan Ramadan, menjaga keharmo",health,0.95,False,ollama_enhanced,
wishdrboyke,7612733727017389320,"Menurut kamu, masih penting kah bercinta? atau berapa skala prioritas bercinta saat bulan puasa? Ini",health,0.95,False,ollama_enhanced,
wishdrboyke,7610775569940172050,"Siapa bilang puasa bikin 'bonding' pasutri jadi hambar? Rahasianya bukan di durasi, tapi di timing!""",health,0.95,False,ollama_enhanced,
wishdrboyke,7610332851023711495,"Berat badan mudah turun saat bulan puasa... Bayangkan, ketika bulan puasa terus rajin ibadah sunah b",health,0.95,False,ollama_enhanced,
wishdrboyke,7609970659082505479,Jangan langsung tancap gas setelah berbuka puasa... Yuk nantikan tips-tips kesehatan dan keharmonisa,health,0.95,False,ollama_enhanced,
wishdrboyke,7605508794977651976,"Lagi PMS tapi kok payudara sakit banget sampai kesenggol dikit aja cenat-cenut? 🫠 Duh, jujurly ini k",health,0.95,False,ollama_enhanced,
bidancynthia,7680145638931090709,After lahiran sat set pake #korsetpascamelahirkan,health,0.85,False,ollama_enhanced,
bidancynthia,7679848061115321620,"Bayi 3 bulan belum bisa tengkurap mandiri? Bayi3Bulan #TummyTime #PerkembanganBayi"" 😊",health,0.95,False,ollama_enhanced,
bidancynthia,7679310966491729172,Ga espek bakal seanteng ituu☺️ masyaAllah meskipun bobonya pgn digendong tpi gpp yg penting ga nangi,health,0.85,False,ollama_enhanced,
bidancynthia,7678992826004196628,DPT 2 +Polio 3 * PCV 2 + Rotavirus 2 DONE✅ #imunisasibayi #dpt2 #bayi3bulan,health,0.95,False,ollama_enhanced,
bidancynthia,7678701479594626325,Yang after lahiran bb nya gimana nih’ ? 😁,health,0.85,False,ollama_enhanced,
bidancynthia,7678296158640459028,Klo bunda pkein popok kain atw lngsung psmpers? #diapersbayi,health,0.95,False,ollama_enhanced,
bidancynthia,7677962362380455189,"Bumil Yang deket HPL semangat berjuang ya ,banyak berdo’a dan harus selalu yakin optimis pasti bisa ",health,0.95,False,ollama_enhanced,
bidancynthia,7677799611683196180,"Membalas @Tiara kb iud juga sebetulnya udah cukup ya, ada yg pake kb iud juga ga bunda? Sharing ya #",health,0.85,False,ollama_enhanced,
bidancynthia,7677605333849656597,Sepakat ga Bumil Dipijetin tiap mau tidur misalnya #ibuhamil,health,0.85,False,ollama_enhanced,
bidancynthia,7676832628888194324,"Bayi boleh nonton TV nggak? 📺👶🏻 Boleh, asal tidak terlalu lama dan tetap didampingi mama atau papany",health,0.95,False,ollama_enhanced,
bidancynthia,7674578177691323668,Pov: sejak jadi busui,health,0.85,False,ollama_enhanced,
bidancynthia,7674214177396903189,"Jangan panik ya karena kondisi itu normal justru tndanya vaksin kerja dg baik, klo muncul bisul ttep",health,0.95,False,ollama_enhanced,
bidancynthia,7673491685598399765,Absen yanb hpl agustus?,health,0.85,False,ollama_enhanced,
bidancynthia,7672454812012776724,"Bubid sesuai prosedur ,penanganan tapi kadang ada yang bilang bidan nya judes bidannya marah, mungki",health,0.85,False,ollama_enhanced,
bidancynthia,7671516439114779925,Kebiasaan ricy sehari tummy time 3x berujung Turu #bayi2bulan,health,0.95,False,ollama_enhanced,
bidancynthia,7669852017875029268,Ada lagi keluhan nya bun? 😭🙏 Apalagi kalau debay nya makin hari serasa makin berat 😭,health,0.95,False,ollama_enhanced,
bidancynthia,7668661951182032148,Bu bid rangkumin review sabun bayi menurut bu bid yaa!,health,0.85,False,ollama_enhanced,
bidancynthia,7666696829077163284,Hallo teman Ricy gimana setelah imunisasi?,health,0.85,False,ollama_enhanced,
bidancynthia,7665941392346189076,Imunisasi DPT1 +pcv1 .+ polio 2 + rotavirus 1 .Done✅ teman ricy udh pda imunisasi blm? #imunisasibay,health,0.95,False,ollama_enhanced,
bidancynthia,7665673433753177364,Bayiku juga full asi bab 3hari sekali tpi tekstur eeknya lunak ga keras,health,0.85,False,ollama_enhanced,
bidancynthia,7664921564067941653,Pasca Lahiran jgn berHB dulu ya pastiin d*rah nifas bersih dan luka jahitan kering,health,0.95,False,ollama_enhanced,
bidancynthia,7664182325965507860,Bayi 2 bulan lgi difase apa aja ni teman ricy ?,health,0.85,False,ollama_enhanced,
bidancynthia,7663817252554214677,"Posyandu ukur timbang ,Teman Ricy ke posyandu juga ga?",health,0.85,False,ollama_enhanced,
bidancynthia,7663539203384397077,20 juli udah 2 bulan aja anak mama,health,0.85,False,ollama_enhanced,
bidancynthia,7663480496260746516,Masa nifas setelah melahirkan ?,health,0.95,False,ollama_enhanced,
bidancynthia,7662729076896959764,"Kepikiran, keingetan & gelisah jadinya ,apalagi bunda” yang kerja harus tinggalin anaknya 🥹",health,0.85,False,ollama_enhanced,
bidancynthia,7661961238691237140,Tiba” bgt bobo🤫 teman ricy udah ada yg DPT 1 blm ya?,health,0.95,False,ollama_enhanced,
bidancynthia,7661860042076917013,Kalo punya bayik emng perlu bgt alat ini #sedotingusbayi,health,0.95,False,ollama_enhanced,
bidancynthia,7660221782435040532,"Bun, jangan bosan ajak ngobrol si kecil ya Walaupun baru usia 1 bulan , bayi udah mulai ngenalin sua",health,0.85,False,ollama_enhanced,
bidancynthia,7659748982419115284,Udah ga begadang klo malem bangun per 2 jam mimi sama klo pipis,health,0.85,False,ollama_enhanced,
bidancynthia,7659390981346823445,Busui Gimana asi lancar?,health,0.95,False,ollama_enhanced,
bidancynthia,7659189978517228821,"Nyoba HB(buang dlm) : setelah HB bener mules tapi cuma sebentar aja, tipsnya rutinin aja setiap hari",health,0.95,False,ollama_enhanced,
bidancynthia,7658360705107643668,Usahaku pas hamil TM3 rutin olahraga squat jalan jongkok jalan kaki hasilnya janinku masuk panggul l,health,0.95,False,ollama_enhanced,
bidancynthia,7658253241389419797,Hamil melahirkan menyusui sebuah tahapan yang tidak sederhana tapi ini perjalanan awal seorang ibu,health,0.95,False,ollama_enhanced,
bidancynthia,7658174868197887253,"Replying to @ita88317Aku gapernah judesin pasien kak 🥺 ini draft aku dulu, sbg pengingat tapi mungki",health,0.85,False,ollama_enhanced,
bidancynthia,7656790892954520853,Rencananya kb apa bun? Bubid rencana suntik 3bulan,health,0.95,False,ollama_enhanced,
bidancynthia,7656406346648014100,Popok bayi kinto,health,0.85,False,ollama_enhanced,
bidancynthia,7656285111914220820,Bayi 1 bulan perkembangannya udh bisa apa aja nih bun? #stimulasibayi,health,0.85,False,ollama_enhanced,
bidancynthia,7655746250100280596,Ricy pas 36 week,health,0.85,False,ollama_enhanced,
bidancynthia,7655545224533413140,"Nyaman dipakenya menyusui satset ,yu pake juga bun #bramenyusui",health,0.85,False,ollama_enhanced,
bidancynthia,7655190176599264532,Penting dan Jangan sampe kelewat ya fase bayi baru lahir ini 👇#FaseEmasRambut #NutrisiSoymilk #HairL,health,0.85,False,ollama_enhanced,
bidancynthia,7654937339621428500,"Imunisasi BCG ,Ricy☺️ alhamdulillah BB ricy 4.3 PB 54 .temen” bayi” udah pada inunisasi blm? #imunis",health,0.95,False,ollama_enhanced,
bidancynthia,7654819115688922388,Masih keinget rasanya pdhal udah sebulan😣 Dari hamil sampai nifas rajin bgt perawatan jadi bebas str,health,0.95,False,ollama_enhanced,
bidancynthia,7654261462596111636,Pasca melahirkan normal bubid rekomendasiin pake korset yaa agar ga glambir ♥️,health,0.95,False,ollama_enhanced,
bidancynthia,7653899925888961812,"Ibu menyusui tidak boleh tidur pagi, ? Kalau bubid alhamdulillah gada pantangan tidur selama ade uda",health,0.95,False,ollama_enhanced,
bidancynthia,7653428662015937813,"1 bulan Ricy ,imunisasinya tunda dulu dikit krna masih sakit, bund baby udh pd imunsasi blm? #bayi1b",health,0.95,False,ollama_enhanced,
bidancynthia,7652221532286094612,Bayi sering pipis eek brpa kali sehari bun? #bayibarulahir,health,0.95,False,ollama_enhanced,
bidancynthia,7652140459434855700,Masih sering jemur bayi ga bund? #jemurbayi,health,0.85,False,ollama_enhanced,
bidancynthia,7651998623235935508,"Bayi 28Hariku alhamdulillah malem waktu bobonya udah mulai panjang ,jadi ga begadang lagi cuma keban",health,0.95,False,ollama_enhanced,
bidancynthia,7651852755199446293,"Udah mau 1Bulan aja Ricy🥹sebentar berakhir fase NewBorn,alumni lahir mei udah naik BB brpa kg nih ge",health,0.85,False,ollama_enhanced,
bidancynthia,7651575598426508564,Perlengkapan lahiran untuk perawatan skincare bayi #persiapanlahiran,health,0.85,False,ollama_enhanced,
bidancynthia,7650905348450094356,"Full ASI +Dbf ,ngerasa gragas bgt 🫠maafin busui yg gampang laper dan suka jajan ini,semoga lancar te",health,0.85,False,ollama_enhanced,
bidancynthia,7650744258256702740,3 minggu after lahiran,health,0.85,False,ollama_enhanced,
bidancynthia,7650293115672202516,"Ibu nifas+menyusui butuh istirahat yg cukup karna tubuh masih dlm proses pemulihan ,untuk mengurangi",health,0.95,False,ollama_enhanced,
bidancynthia,7650004521673968917,Kondisi Busui full ASI+DBF laperrran parrah tiap menit kerjaanya ngunyyaaah #busui,health,0.85,False,ollama_enhanced,
bidancynthia,7649822281883176212,Usahakan jemur sebelum jam 10:00 ya bun dan jgn lupa lindungi ade bagian wajahnya yaaa,health,0.85,False,ollama_enhanced,
bidancynthia,7649625220495445268,"Harus Satset satset klo aktivitas krna udh punya bayiik🥰 mana nih yg lgi busui juga, ?",health,0.85,False,ollama_enhanced,
bidancynthia,7648598912638504212,Korset hamil penyangga perut,health,0.95,False,ollama_enhanced,
bidancynthia,7647964969979464981,Dulu didalam perut mama nendang2 sampe kebangun 😂,health,0.85,False,ollama_enhanced,
bidancynthia,7647450622731488533,"Halo bunda online nama aku ricy rinandi aku lahir 3 hari sebelum hpl, bb aku pas lahir 2954 gr, untu",health,0.95,False,ollama_enhanced,
bidancynthia,7647015123772640532,"After lahiran pasti bakal kepake bgt bund, yg udah deket lahiran yu samaan #korsetpascamelahirkan",health,0.85,False,ollama_enhanced,
bidancynthia,7646781445532437781,Bidan kalau lahiran normal gimana? Aku mau sungkem yang dulu bubid ngomong *jangan ngeden dulu and t,health,0.95,False,ollama_enhanced,
bidancynthia,7646740609973243156,"Ini jangn sampai ketinggalan ,bawa yang banyak yaa ,mana nih bunda yang udah deket hpl? Yang masa ni",health,0.95,False,ollama_enhanced,
bidancynthia,7645712851218255125,"Bintik putih kecil di wajah debay baru lahir? Bisa itu milia, kondisi normal yang sering terjadi pad",health,0.95,False,ollama_enhanced,
bidancynthia,7645547146300640532,"Ngurus baby full 24jam happy bgt😍 ,bunda yang lagi difase ini jg semangat yaaa #fasenewborn #bayibar",health,0.85,False,ollama_enhanced,
bidancynthia,7644891451066879253,"Stretch marks saat hamil bikin ga PD?sebelum stretchmarksnya semakin parah, cobain perawatan kulit a",health,0.95,False,ollama_enhanced,
bidancynthia,7644433568214813973,Pumping asi recomended #asi #pumping,health,0.95,False,ollama_enhanced,
bidancynthia,7644165422845070612,🤭🤭🤭 Hay bunda online nama aku : Ricy Rinandi bbj 2.895 GR Lahir 39 Minggu 5 Hari Kehamilan.,health,0.95,False,ollama_enhanced,
bidancynthia,7644041919609277717,Hpl mei udah meluncur blm sigemoynya? Yg masih nunggu kontraksi semangat berusaha&banyak do’a ya gim,health,0.85,False,ollama_enhanced,
bidancynthia,7643949291387538708,Jangan pernah membandingkan ibu yang melahirkan normal dengan ibu yang melahirkan SC. Keduanya sama-,health,0.95,False,ollama_enhanced,
bidancynthia,7643696965254925589,2 jam after lahir normal udah bisa apa aja bun? Biar satset geraknya enak pake #korsetpascamelahirka,health,0.85,False,ollama_enhanced,
bidancynthia,7643304483430288660,Luka jahitan pasca lahir normal bikin takut mau pup rasanyaaa nyiluu bgt aaaargh😩 bunda dapet jahita,health,0.95,False,ollama_enhanced,
bidancynthia,7642681769132690709,9 bulan itu kerasa singkat yang kerasa lama banget itu kontraksi nya 🥹🙏,health,0.95,False,ollama_enhanced,
bidancynthia,7642596282409815317,Lahir nya keluarnya ade cepet tapi pembukaan + kontraksi nya masya allah 🥹,health,0.85,False,ollama_enhanced,
bidancynthia,7642213910346485012,"Bubid akhirnya merasakan sendiri perjuangan ibu melahirkan 🤍 Dari yang biasa membantu persalinan, ki",health,0.95,False,ollama_enhanced,
bidancynthia,7642193933400886548,Hpl 23 mei akhirnya gemoy meluncur juga di usia kehamilan 39weeks +5d dengan proses lahir normal. Al,health,0.95,False,ollama_enhanced,
bidancynthia,7641628592761359636,Membalas @Riskilla mohon doanya kak tadi sore sempet pulang tp suruh ke dr spog (usg) tapi kata dokt,health,0.95,False,ollama_enhanced,
bidancynthia,7641450426214206740,Konpal pada ibu hamil itu bener2 kaya di php2 in ade gemoy 🥲,health,0.85,False,ollama_enhanced,
bidancynthia,7639893011052236053,"Masih kontraksi palsu, gemoy masih berjuang masuk jalan lahir, ttep berusaha dan berdo’a dan yakin p",health,0.95,False,ollama_enhanced,
bidancynthia,7639699090493689108,"Udah pake AC ,udah depan Kipas tetep aja harus geber geber, bercucuran keringat terusss😂 padahal hab",health,0.95,False,ollama_enhanced,
bidancynthia,7639340236937383188,38 minggu 4 hari kehamilan hpl 23 mei,health,0.95,False,ollama_enhanced,
bidancynthia,7639211570433658132,"Hasil pemeriksaan kehamilan normal tpi HB kurang hmm ,tapi Bismillah Lancar meluncur ,bumil udah cek",health,0.95,False,ollama_enhanced,
bidancynthia,7639000570392595733,"Ayo ade sayangku anakku , tanggal 23 mei udah deket, ade ayoo bantu mama ya 🫶🏻",health,0.75,False,ollama_enhanced,
bidancynthia,7638875926134099220,"Udah bebas dari sesak nafas,gemoy udah turun cari jalan lahir, lagi merasa area perut bawah &misvi s",health,0.95,False,ollama_enhanced,
bidancynthia,7638631493627219221,Ada yang sama ga bun? Gerakannya ga seheboh biasanya? #doppler #alatdetakjantungjanin,health,0.85,False,ollama_enhanced,
bidancynthia,7638214631718128916,"Buat menentukan bisa lahir normal/tidak ,usg dulu ya di tm3 💪🏻 #ibuhamil #usgtrimester3",health,0.95,False,ollama_enhanced,
bidancynthia,7637980573004483860,Bubid manusia biasa walaupun sudah sering nolong lahiran dan sekarang bubid di posisi yang dulu bumi,health,0.95,False,ollama_enhanced,
bidancynthia,7637846636047338773,"Kondisi perut bumil kalau lagi kontraksi , spill bun rasanya sharing dikomen ya #ibuhamil #trimester",health,0.95,False,ollama_enhanced,
bidancynthia,7637679525471522068,Banyak bunda yang komen hpl mei udh meluncur bubid masih harap2 cemas 🥹🫶🏻 hpl 23 mei,health,0.95,False,ollama_enhanced,
bidancynthia,7637193872522661140,"Rasanya tuh mules tapi ga pengen ee,perutnya kenceng keras, sakit ke pinggang,misvi ngilu rasa ada g",health,0.95,False,ollama_enhanced,
bidancynthia,7637089059910847764,"Masih sering kontraksi palsu, gemoy masih anteng bgt tpi mis v rasanya ada yg ganjel ,ada yang sama ",health,0.95,False,ollama_enhanced,
bidancynthia,7636977721188437269,"Bumil Ketubannya sedikit/kurang ,waspada ya resiko buat kehamilannya #ibuhamil #ketubankurang",health,0.95,False,ollama_enhanced,
bidancynthia,7636717958978424084,Bumil deket hpl udah siapin hospital bag? Jangan mendadak ya biar gaada yg ketinggalan #hospitalbag ,health,0.95,False,ollama_enhanced,
bidancynthia,7636551809728875797,Ibu hamil olahraga 38 week yuk jangan mageran bun #ibuhamil,health,0.95,False,ollama_enhanced,
bidancynthia,7636403337197276436,"Pijat bayi bukan hanya membuat si kecil rileks, tapi juga punya banyak manfaat penting. Membantu mel",health,0.95,False,ollama_enhanced,
bidancynthia,7636352203980082453,"Jangan sampai stress, insyaAllah kalau sudah waktunya pasti lahir meluncuuuur ,yang penting sudah be",health,0.85,False,ollama_enhanced,
bidancynthia,7636251578135088405,"Rekomenadasi Korset nifas , ada dobuble perekat yg bisa disesuaikan sama BB bund ,bubid juga pake #r",health,0.85,False,ollama_enhanced,
bidancynthia,7635936221516139797,"Makin kerasa nyata,insyaAllah sudah siap Fisik, siap Mental, Siap Lahir Batin😇 love you BeBeBoy💙 #hp",health,0.85,False,ollama_enhanced,
bidancynthia,7635955950729415957,Pd bengkak saat nyeri menyusui?,health,0.95,False,ollama_enhanced,
bidancynthia,7635634327652551957,Tempat mpasi #mpasi,health,0.85,False,ollama_enhanced,
bidancynthia,7635292986250628372,"Ngantuk tpi gabisa dibawa tidur mules tpi ga pengen ee, Semoga cepet kontraksi asli ,udah cukup bula",health,0.95,False,ollama_enhanced,
bidancynthia,7634841024963366164,ibu hamil aktifitas,health,0.85,False,ollama_enhanced,
bidancynthia,7634771968495045909,Bumil deket hpl udah nyiapin hospital bag? #ibuhamil #trimester3,health,0.95,False,ollama_enhanced,
bidancynthia,7634452998885805332,"Persiapan Lahiran- Menyusui- MPASI jadi gasabar ,bunda sediain food container juga ga pas mpasi,yu s",health,0.95,False,ollama_enhanced,
bidancynthia,7634419501827656980,"Membalas @mtchalatte yuk coba lakuin gerakannya ,Ttep Semangaaat buat yg lagi LDM .pASTI BISA #ibuha",health,0.85,False,ollama_enhanced,
bidancynthia,7634056285322824980,Bunda yang fase MPASI yuk pakai #kitchenscale #timbanganmakanan,health,0.85,False,ollama_enhanced,
bidancynthia,7633804680417529108,Hpl mei udah ngerasain apa aja ni? Ada yg sama ga bum? #ibuhamil #trimester3,health,0.95,False,ollama_enhanced,
bidancynthia,7633677704029637909,Air kelapa untuk ibu hamil baik juga lho bun daripada kopi macaleta. 🤭,health,0.95,False,ollama_enhanced,
bidancynthia,7633102082861567253,"Bumil susah tidur malam karna apa? Banyak drama setiap mau tidur, badan sakit semua, pipis terus, mu",health,0.95,False,ollama_enhanced,
bidancynthia,7632916497962126612,"TM3 Gampang GERAH nyamannya pake dasteran yg nyerep keringet ,yuk samaan dasternya #ibuhamil #trimes",health,0.95,False,ollama_enhanced,
bidancynthia,7632853352707001620,"Bumil TM3 >35weeks rencana lahir normal ayo bantu gemoy cepet masuk ke panggul,bisa seminggu 4x atau",health,0.95,False,ollama_enhanced,
bidancynthia,7632566432177409300,Jangan ovt dulu ya,health,0.85,False,ollama_enhanced,
bidancynthia,7632271700859620628,Dari 32Weeks bubid rutin squat gymball jadi masuk panggul lebih awal .yu cobain #ibuhamil #trimester,health,0.95,False,ollama_enhanced,
bidancynthia,7632106321067674900,TIPS CEPAT MASUK PANGGUL 👉🏻Bumil tm3 cobain deh kalo mau gemoy cepet masuk panggul #ibuhamil #trimes,health,0.85,False,ollama_enhanced,
bidancynthia,7631809006364921108,Perut mules setelah “olahraga malam” 😭 siapa yang relate? Perut mules setelah berhubungan. #hb #habi,health,0.85,False,ollama_enhanced,
bidancynthia,7631520286994631957,Hpl Mei udah ada yg meluncur blm sigemoynya? Tinggal hitungan brpa minggu lagi🥹insyaAllah udah siap ,health,0.95,False,ollama_enhanced,
bidancynthia,7631201567202397461,"Tinggal tunggu cukup bulan dan tunggu tanda persalinan, insyaAllah sudah siap 🥹🫶🏻 seneng tapi aga de",health,0.95,False,ollama_enhanced,
bidancynthia,7630832790946336020,Membalas @Fitri Nuraeni bumil tim cuci baju bayi pake detergent bayi atau detergent biasa? #detergen,health,0.95,False,ollama_enhanced,
bidancynthia,7630305219955477780,"Bumil cobain yu lakuin Gerakan bantu gemoy masuk panggul, yg penting berusaha dulu,semangaaat💪🏻☺️#ib",health,0.95,False,ollama_enhanced,
bidancynthia,7629690110774234389,Keputihannya Normal atau ada tanda bahaya? cara ceknya bisa dilakuin dirumah #pantyliners #liners #h,health,0.95,False,ollama_enhanced,
bidancynthia,7629380861078768916,Ibu hamil jangan coba2 atau apapun tentang rumput fatimah karena bisa membuat kontraksi yang tidak t,health,0.95,False,ollama_enhanced,
bidancynthia,7629215503252344085,"Bumil Trimester3 udah sering kontraksi palsu, apalagi after olahraga perut kenceng bgt dan sakit per",health,0.95,False,ollama_enhanced,
bidancynthia,7628933502158769429,Mau lahiran SC tetep perlu jalan kaki? Gini penjelasannya #ibuhamil,health,0.95,False,ollama_enhanced,
bidancynthia,7628756267623845127,"ibu hamil jalan pagi, jangan spelein yaa sama jangan mageran #ibuhamil",health,0.85,False,ollama_enhanced,
bidancynthia,7628568450402733333,"Persiapan lahiran , udah nyiapin apa aja ? #lahirannormal #hamil",health,0.95,False,ollama_enhanced,
bidancynthia,7628312690380786964,"Lagi hamil kok sering sesak napas? 😮‍💨 Tenang ya, bun… ini hal yang cukup umum terjadi selama kehami",health,0.95,False,ollama_enhanced,
bidancynthia,7627817389903695125,"Udah masuk TM3 yuk semangat bumil” terutama yg pejuang lahir normal, hpl mei sisa 1 bulan lagi gemoy",health,0.95,False,ollama_enhanced,
bidancynthia,7627645821294628117,"Rutinitas setiap pagi sore, yang penting berusaha dulu💪🏻 bismillah sat set meluncurrr,bumil” posisi ",health,0.95,False,ollama_enhanced,
bidancynthia,7627359720948682005,Perlengkapan lahiran,health,0.85,False,ollama_enhanced,
bidancynthia,7627091330375650581,"Ngalamin keputput saat hamil ga bum? Bikin ga nyaman apalagi klo ada gatelnya , coba pakai feminine ",health,0.95,False,ollama_enhanced,
bidancynthia,7626610692526738708,"Tm3 perasaan mellow terus, kadang ovt,takut ,udah campur aduk rasanya 🥹sama ga sih bun? #ibuhamil #t",health,0.95,False,ollama_enhanced,
bidancynthia,7626334323540888852,"Rutinitas pagi sore bumil tm 3 , tiap habis jalan kaki langsung encok 🫠 #ibuhamil #trimester3",health,0.95,False,ollama_enhanced,
bidancynthia,7626007561451621652,"Waspada air ketuban rembes ini Mbedanya air ketuban sama keputihan, #ibuhamil",health,0.95,False,ollama_enhanced,
bidancynthia,7625248319719197972,"Bumil wajib tau bedanya kontraksi palsu dan kontraksi persalinan , terutama new mom yg blm ada penga",health,0.95,False,ollama_enhanced,
bidancynthia,7625040799587372309,Ibu hamil jalan pagi #ibuhamil #hamil,health,0.85,False,ollama_enhanced,
bidancynthia,7624892999616498964,"Perut kenceng” dikehamilan trimester3 itu bisa jadi kontraksi palsu ,udah sering ngalamin ga bum? #i",health,0.95,False,ollama_enhanced,
bidancynthia,7624774430962568469,"Aku memang bidan dan benar saat ini aku bener2 hamil 32 minggu, dan semua keluhan ibu hamil sudah ak",health,0.95,False,ollama_enhanced,
bidancynthia,7624121746198727957,Kurang nafsu makan” berat trmasuk nasi kadang mual kadang muntah juga 🫠 ditambah dah sering mules tp,health,0.95,False,ollama_enhanced,
bidancynthia,7622622378144632085,Ga ngapa”in aja capeeek🫠 iya ga bum? #ibuhamil #trimester3,health,0.95,False,ollama_enhanced,
bidancynthia,7622086419779013909,Membalas @@fitriyati PENTING CEK HB ULANG DI TRIMESTER3 Sebelum Lahiran #ibuhamil #cekhb,health,0.95,False,ollama_enhanced,
bidancynthia,7621872584228900117,Hasil usg 31weeks kemarin ternyata Baby Boy masyaAllah😍 3 orang komen pertama yang tebak baby boy di,health,0.95,False,ollama_enhanced,
bidancynthia,7621559863327395092,"USG trimester ke 3 , akhirnya JK udah keliatan,😍 bumil udah usg tm 3 blm? #ibuhamil #usgtrimester3 #",health,0.95,False,ollama_enhanced,
bidancynthia,7621168687130791189,"suami sampe hafal semua keluhan bumil ini , tiap hari ngeluh terus🤣 alhamdulillah rajin bgt mijitin ",health,0.95,False,ollama_enhanced,
bidancynthia,7620799658331491604,"Ibu hamil ngidam Nanas, klo lagi pgn bgt boleh ya bbrpa potong juga makan aja bumil ada vitamin C ny",health,0.95,False,ollama_enhanced,
bidancynthia,7619189393605119253,Bumil dekat HPL posisi janin udah masuk panggul belum? #ibuhamil,health,0.95,False,ollama_enhanced,
bidancynthia,7618533141644381460,"Maaf klo ibu hamil setiap hari ngeluh terus, karna ternyata ga mudah 😔 , ada aja yg dirasa, baru sel",health,0.95,False,ollama_enhanced,
bidancynthia,7618166319313194260,Membalas @puja mutiara ketidaknyamanan ibu hamil tm 3 salahsatunya nyeri area bawah trmasuk misvi dn,health,0.95,False,ollama_enhanced,
bidancynthia,7617058118358404372,"Happy 30weeks 🤰🏻, gemoy udah petantang petenteng bgt di dalem perut wkwk ada yg sama ga bum? #ibuham",health,0.95,False,ollama_enhanced,
bidancynthia,7616852590478953749,"Akad resepsi 22 juni 2025 , juli masih negatif , Agustus , awal tespack di phpin sempet pudar(siklus",health,0.95,False,ollama_enhanced,
bidancynthia,7616715104167513364,"Ibu hamil periksa kehamilan , x ini bubid konsul + usg di 27 week kehamilan #ibuhamil",health,0.95,False,ollama_enhanced,
bidancynthia,7616471570432773397,"29-30week Bb baru naik 2,5kg ,tpi ga nafsu buat makan kadang mual , 🫠 siapa yg sama? #ibuhamil",health,0.95,False,ollama_enhanced,
aliphildan,7670806333935029525,"Selama helikopter masih berputar, aku sehat yaachh✨💪🏻🚁 Fecal calprotectin adalah protein yang terdap",health,0.95,False,ollama_enhanced,
aliphildan,7658526325904330004,Niat doang nggak cukup — kombinasi niat + konsultasi + NRT bisa 5x lebih efektif. Yuk kenalan sama N,health,0.95,False,ollama_enhanced,
aliphildan,7656726016391433490,"Sepengetahuan doklip sebagai dokter spesial, sampai saat ini belum ada bukti ilmiah yang menunjukkan",health,0.95,False,ollama_enhanced,
aliphildan,7649332397162761492,"Bener gak sih makan gorengan bikin jerawatan? Bisa, terutama kalau dikonsumsi terlalu sering dan ber",health,0.95,False,ollama_enhanced,
bidancynthia,7590385984743968020,"Jompo bgt pokonya ,ada yg sama ga bun? #ibuhamil",health,0.85,False,ollama_enhanced,
bidancynthia,7590741908775767317,Cara bangun tidur ibu hamil yang benar #ibuhamil #carabanguntidurbumil,health,0.95,False,ollama_enhanced,
bidancynthia,7590983355609533717,"Perawatan kulit ibu hamil untuk cegah stertch mark ,ada ga bumil yg udah muncul stretchmark? #ibuham",health,0.95,False,ollama_enhanced,
bidancynthia,7591119296428985621,"Makin hari makin sering gerakannya makin kerasa ,pokonya harus sering2 distimulasi biar janinnya res",health,0.95,False,ollama_enhanced,
bidancynthia,7591272067429879061,"Sarapan sehat bumil kalo gabisa makan nasi, favorit bubur cangjo enak juga sehat🤤 kalo bumil sarapan",health,0.95,False,ollama_enhanced,
bidancynthia,7591835204931669268,Thanks Syuga udah ciptain shampoo non SLS yang aman untuk bumil dan busui 😍🫶🏻 #shampoozaitun #shampo,health,0.85,False,ollama_enhanced,
bidancynthia,7592285684845661461,Bumil sebelum tidur lakuin stretching yu biar bisa tidur nyenyak dan badan ga pegel pegel #ibuhamil ,health,0.95,False,ollama_enhanced,
bidancynthia,7592602069102562580,"Bumil sering kram tangan, kesemutan, nyeri pergelangan tangan coba sering stretching ringan bun, ada",health,0.95,False,ollama_enhanced,
bidancynthia,7592927928196025621,"Hamil 20Weeks ,janin seukuran Buah Pisang Besar 🍌 gerakannya makin aktif😍, ada yg samaan bun? #ibuha",health,0.95,False,ollama_enhanced,
bidancynthia,7593366068073172244,Miring kiri kanan telentang ga nyaman semua 🤣 serba salah 😴 tengkurep mana bisa🥴 bumil nyamannya pos,health,0.95,False,ollama_enhanced,
bidancynthia,7593588532552437013,"Melatih anak lepas dari dot , coba pakai cara ini bun #trainingcup #botolgelasminum #strawcup",health,0.85,False,ollama_enhanced,
bidancynthia,7593775935476780309,"Pada usia 1 tahun, penggunaan dot masih merupakan hal yang wajar.Setiap anak memiliki tahapan tumbuh",health,0.95,False,ollama_enhanced,
bidancynthia,7594087331007597845,"Hamil 20weeks udah makin aktif gerakannya, ada yg sama ga bun? dan detakjantungnya bisa dipantau sen",health,0.95,False,ollama_enhanced,
bidancynthia,7594429013528055061,"Udah ga sabar lagi nunggu adebay meluncur , share dong bun kapan HPL nya? #ibuhamil #lahirannormal #",health,0.85,False,ollama_enhanced,
bidancynthia,7595172916539460884,"Buat bumil di luar sana, jangan panik dulu kalau HB rendah. Konsultasi rutin, minum tambah darah, da",health,0.95,False,ollama_enhanced,
bidancynthia,7595252544197217556,"Ibu hamil ga bisa masak bukan karena ga bisa plis tapi aroma dapur,nasi asli bikin ga kuat 🥺 #ibuham",health,0.85,False,ollama_enhanced,
bidancynthia,7595546654757948692,"Perkembangan janin usia 20minggu, gerakanya udah makin aktif bgt ,bener ga bund? #ibuhamil #perkemba",health,0.95,False,ollama_enhanced,
bidancynthia,7595821045626457364,Bumil ngalamin perubahan apa aja nih? warna kulit jadi lebih gelap ga apalagi di area lipatan? #ibuh,health,0.95,False,ollama_enhanced,
bidancynthia,7595930645390691605,Bumil mulai kelihatan baby bump-nya di usia berapa weeks? #ibuhamil #20weekspregnant #babybump,health,0.95,False,ollama_enhanced,
bidancynthia,7596205227515120916,Perkembangan janin dalam minggu ? Share dong bunda sekarang berapa week ? #ibuhamil,health,0.95,False,ollama_enhanced,
bidancynthia,7596555028492520725,"Ibu hamil makan buah rambutan? Siapa yang doyan rambutan, makan aja bun asal jgn sama bijinya 😂🙏 #ib",health,0.95,False,ollama_enhanced,
bidancynthia,7596650451932646676,"Bumil susah naik Berat Badan Padahal di TM2 udah geragas bgt makan ,ada yg sama ga bun? Bumil sharin",health,0.95,False,ollama_enhanced,
bidancynthia,7596853825143655700,"ibu hamil dengan keluhan dan ketidaknyamanannya semoga Sehat sehat kuat panjang umur anakku, sampai ",health,0.95,False,ollama_enhanced,
bidancynthia,7597024342840511765,"Bumil kekurangan asam folat ,Hati-hati ya jangan sampai terjadi hal yang tidak diinginkan #folatakti",health,0.95,False,ollama_enhanced,
bidancynthia,7597309229032066324,Bumil sering pegel-pegel nyeri punggung/kram bisa rutin senam hamil atau yoga ya boleh dirumah ataup,health,0.95,False,ollama_enhanced,
bidancynthia,7597396747094084884,"Bumil perut masih rata, mana nih yang sering overthingking? #ibuhamil",health,0.85,False,ollama_enhanced,
bidancynthia,7597673500282785044,"Tidur terlentang saat hamil ,bahayakah? siapa yang masih sering tidur terlentang,? Ternyata beresiko",health,0.95,False,ollama_enhanced,
bidancynthia,7598029322519121172,Ibu hamil makan duren aman ga? Simak penjelasan bubidan ya ! Siapa nih yang suka duren🤤 #ibuhamil #b,health,0.95,False,ollama_enhanced,
bidancynthia,7598130024507575573,"Usg di trimester ke 2, kalo menurutku penting ya untuk cek kelengkapan organ2 ,bumil sudah usg belum",health,0.95,False,ollama_enhanced,
bidancynthia,7598502897021701396,"Masih sensitif bgt penciuman ini, ada yg sama ga bumil? #ibuhamil",health,0.95,False,ollama_enhanced,
bidancynthia,7598780173932170517,Bumil udah nyicil perlengkapan bayi apa aja nih? #gendonganbayi #gendonganmshape,health,0.85,False,ollama_enhanced,
bidancynthia,7598878690377813268,Makanan yang gabisa dimakan saat hamil versi bumil onlen apa aja nih? Sharing dong bun #ibuhamil,health,0.95,False,ollama_enhanced,
bidancynthia,7599526733045402901,Rekomendasi Perlengkapan bumil yang kepake bgt #celanabumil #cdbumil,health,0.95,False,ollama_enhanced,
bidancynthia,7600398417822616853,Strechmark pada wanita atau ibu hamil #ibuhamil #hamil #strechmark,health,0.95,False,ollama_enhanced,
bidancynthia,7600635493319003412,"Perkembangan janin usia 30minggu , mana nih bumil yang udah di TM3 ? Ada keluhan apa aja nih? Sharin",health,0.95,False,ollama_enhanced,
bidancynthia,7600726896413904149,"Detak jantung janin mulai kedenger pake doppler sekitar 20week keatas bun, biar ga overthingking sed",health,0.95,False,ollama_enhanced,
bidancynthia,7601085410441186580,Bumil kelihatan baby bump di usia berapa week? Bubid rekomendasiin sabuk penyangga perutnya yang pre,health,0.95,False,ollama_enhanced,
bidancynthia,7601471761216965908,Bumil TM2 sering ngerasain keluhan apa aja bun? Ada yg sama ga? #bumil #trimester2,health,0.95,False,ollama_enhanced,
bidancynthia,7601836950219132180,"Bumil susah tidur, ada yang relate ga bun? Yang terakhir bikin takut mau tidur lagi😱 Ada tambahan la",health,0.95,False,ollama_enhanced,
bidancynthia,7602134002069228820,Perlengkapan lahiran #ibuhamil #lahirannormal #bumil,health,0.95,False,ollama_enhanced,
bidancynthia,7602627066403638549,"Ibu hamil mimpi buruk ,siapa yang sering mimpi aneh ? Sharing dikomentar yaa #ibuhamil",health,0.85,False,ollama_enhanced,
bidancynthia,7602797950888135956,Emang kenapa? Tubuh bumil itu kerja 24/7 jadi wajar gampang lelah 🫠#ibuhamil,health,0.95,False,ollama_enhanced,
bidancynthia,7602866494258777364,"Tanda bahaya kehamilan ,Waspada ya ,semoga bumil sehat-“ yaa #ibuhamil #tandabahayakehamilan",health,0.95,False,ollama_enhanced,
bidancynthia,7603324197464558868,Luka bekas SC timbul Keloid? Begini penjelasannya bund #bekassc #keloid #edukasimedis,health,0.95,False,ollama_enhanced,
bidancynthia,7603616450674281748,Makan sesuai yg bayi mau 🤤 #ngidam,health,0.85,False,ollama_enhanced,
bidancynthia,7603739373443632404,Membalas @Firaa 💐 ini kak ya sama bunda yang lain juga kadang pengen di spillin klambu tidur bubid #,health,0.85,False,ollama_enhanced,
bidancynthia,7603902538856910101,Ganjal kanan kiri Bangun tidur terlentang juga🥴 #ibuhamil,health,0.85,False,ollama_enhanced,
bidancynthia,7603983040502795541,Bumil sibuk apa? Ada yang sama ga?🤣 gampang laper gampang begah juga #ibuhamil,health,0.85,False,ollama_enhanced,
bidancynthia,7604142254889913620,"Tm1-TM2 sudah 4 kali USG Perkembangan gemoy skrg makin lincah gerakannya, bumil onlen sudah usg brpa",health,0.95,False,ollama_enhanced,
bidancynthia,7604435929998069013,Ibu hamil usg tiap bulan aman gak ya? Bumil udah berpa kali usg ni selama kehamilan? #ibuhamil,health,0.95,False,ollama_enhanced,
bidancynthia,7604814471785286933,"Ibu hamil makan cumi-cumi, boleh? Siapa yang suka cumi tapi mau makan ga berani? #ibuhamil",health,0.85,False,ollama_enhanced,
bidancynthia,7605188067204418836,"Hamil 5bulan dan mulai beli perlengkapan newborn ,excited bgt waw ,bumil udh ada yg nyicil juga? #pe",health,0.85,False,ollama_enhanced,
bidancynthia,7605957160572292373,Perlengkapan bayi baru lahir ini bakal kepake juga jadi sediain ya bund #perlengkapanbayibarulahir #,health,0.85,False,ollama_enhanced,
bidancynthia,7606130870977563924,"Ga bisa nyenyak tidur😱, pagi paginya puseeeng ,ada yg sama ga bumil? #ibuhamil",health,0.85,False,ollama_enhanced,
bidancynthia,7606213650172480789,"Hamil 26week perlahan penciuman ini udah mulai normal,Bersyukur bisa masak lagi tanpa tutup hidung, ",health,0.95,False,ollama_enhanced,
bidancynthia,7606339285775764757,Prioritasin keamanan anak gapapa kok bun #tidurnyenyak #kolik #calmingcreambayi #calmingcream,health,0.85,False,ollama_enhanced,
bidancynthia,7606707941290396949,"Bumil 26 week ,gemoy udah petantang petenteng bgt didalem perut ,ada yang sama ga bun? #ibuhamil #26",health,0.95,False,ollama_enhanced,
bidancynthia,7607068508173700373,Bumil gimana rasanya kalo sigemoy nendang? #ibuhamil,health,0.95,False,ollama_enhanced,
bidancynthia,7607393181981789461,"Membalas @IstrDriver🎀 Ibu hamil makan udah gragas bgt tpi Susah bgt naik BB ,bumil sharing yu udh na",health,0.95,False,ollama_enhanced,
bidancynthia,7607449139915656468,Tiba2 bulan depan udah TM 3🥰 sehat2 buat bumil dan gemoy onlen semua🤲🥰🥹🫶🏻 #ibuhamil,health,0.95,False,ollama_enhanced,
bidancynthia,7607809889305464084,Membalas @Ndi𐙚˙⋆.˚ ibu hamil boleh puasa kalau? Simak sampe selesai ya #ibuhamil #ibuhamilpuasa,health,0.95,False,ollama_enhanced,
bidancynthia,7608056586153528597,"Tm2 gragas bgt Sibuk ngunyah terus, bener ga bun? #ibuhamil #trimester2",health,0.85,False,ollama_enhanced,
bidancynthia,7608149678714113300,"Tm 1 BULUK , boro2 mandi ,ngomong aja males 😂 TM 2 Rajin mandi karna gampang geraaah 🥴 #ibuhamil",health,0.85,False,ollama_enhanced,
bidancynthia,7608315065107860756,"InsyaAllah kuat” ya gemoy🥰🫶🏻🤍 ,bumil ikut puasa ga ni? #ibuhamil",health,0.85,False,ollama_enhanced,
bidancynthia,7608438695846317333,"Ibu hamil puasa hari pertama masih aman? Ttep pantau kondisi ibu dan janin ya ,kalau ga sanggup gpp ",health,0.95,False,ollama_enhanced,
bidancynthia,7608679570455235861,"Bumil gimana lancar puasanya? Kemarin gagal, tpi coba niat lagi Semoga hari ini lancar kuat sehat se",health,0.95,False,ollama_enhanced,
bidancynthia,7608814345413217557,"Day 1 kuat sampai jam 11.00 day 2 ada peningkatan semoga kuat sampai magrib , bun gimana puasa d2 ma",health,0.95,False,ollama_enhanced,
bidancynthia,7609055057698442516,"Day 2 jam 16.00 tiba2 mual bgt sampe muntah 1x langsung batal aja, gemoynya aktif tpi bumilnya yg ga",health,0.95,False,ollama_enhanced,
bidancynthia,7609163039463591189,"Bumil puasa, gerakan janin makin aktif? Tanda apa? Atau malah janinnya jadi kurang gerak? #ibuhamil ",health,0.95,False,ollama_enhanced,
bidancynthia,7609269900451810580,Membalas @youloveme21 ada yang ngalamin juga ga bumil? Gimana puasa hari ini lancar? #ibuhamil #puas,health,0.95,False,ollama_enhanced,
bidancynthia,7609543559066389781,"Pertama kali baru ngerasain yang bener2 nyerii bgt perut bawah,rasanya kaya kepala bayi udh mau kelu",health,0.95,False,ollama_enhanced,
bidancynthia,7609641593544477972,Selamat buka puasa dg yang manis” 🤗 bumil gimana puasanya lancar? #ibuhamil,health,0.85,False,ollama_enhanced,
bidancynthia,7609783512522034452,"Laperan per 2 jam sekali, kalo ga diisi langsung pusing mual keleyengan gemeteran🥲 , bumil yg ikut p",health,0.95,False,ollama_enhanced,
bidancynthia,7609921674988784917,"Hpl mei Nyicil perlengkapan ibu dan bayi udah 50% ,kalo bumil onlen udah nyiapin belum? #perlengkapa",health,0.85,False,ollama_enhanced,
bidancynthia,7610277676628053268,"menuju TM 3 semoga kuat” sehat sampai waktunya meluncur🤲 ,bumil sharring dong perkembangan janinnya?",health,0.95,False,ollama_enhanced,
bidancynthia,7610401103238171925,"Ibu hamil keputihan ga normal? Ternyata Ini penyebabnya ! Jangan sampe terjadi ya, coba pakai Lacto-",health,0.95,False,ollama_enhanced,
bidancynthia,7610539383464267029,"Ibuhamil TM3 mual muntah lagi🤮 ,Ada yang ngalamin juga ga bum? #ibuhamil #28weekspregnant",health,0.95,False,ollama_enhanced,
bidancynthia,7610791702340619541,"tiba” udah masuk TM3 kehamilan😍 , makin gasabar bentar lagi ketemu gemooy😍 mana nih yang samaan? #ib",health,0.95,False,ollama_enhanced,
bidancynthia,7611034589900901653,"Berharap posisinya ga muter lgi smpai meluncur,bismillah berharap bisa lahir normal💪🏻😇🙏 ,bumil renca",health,0.95,False,ollama_enhanced,
bidancynthia,7611128327721520404,"Ibu hamil bawa motor , atau di bonceng jangan ngebut2 yaa bunda stay safe yang penting nyampe #ibuha",health,0.85,False,ollama_enhanced,
bidancynthia,7611390270466280724,Bumil rencana lahirannya apa ni? Mau normal atau sc? Tapi apapun caralahirannya sediain ini ya untuk,health,0.95,False,ollama_enhanced,
bidancynthia,7611487819109813525,🤣 Yang penting gerak kan? 🫠 Gampang bgt ngos”an 🤣 #ibuhamil #trimester3,health,0.75,False,ollama_enhanced,
bidancynthia,7611762511364345109,Bumil busui rentan keputihanJangan sampai mimew gatal dan bau coba pakai produk yang bubid rekomenda,health,0.95,False,ollama_enhanced,
bidancynthia,7611855915733503252,Gerakan janin berkurang? Coba lakuin tips bubidan deh bum #ibuhamil,health,0.95,False,ollama_enhanced,
bidancynthia,7612021030462229781,Perlengkapan untuk fase meng-ASIhi penting juga bunda sediain #pompaasi #pompaasielektrik,health,0.95,False,ollama_enhanced,
bidancynthia,7612271864857120021,Bumil riwayat tensi rendah /tinggi? Masih sering pusing ga? Sharing ya #ibuhamil #trimester3,health,0.95,False,ollama_enhanced,
bidancynthia,7612524260833168660,"Bayi lagi tumbuh gigi rewel tanpa sebab, mulai ngisap jari atau benda”,biar lebih aman pake teether ",health,0.95,False,ollama_enhanced,
bidancynthia,7612612443096894741,"Serba salah🫠 ,bumil ada yang sama ga? Gimana puasanya lancar? #ibuhamil #trimester3",health,0.95,False,ollama_enhanced,
bidancynthia,7612890388319178005,salah satu perlengkapan bunda yang penting dan bakal kepake bgt #korset #korsetpascamelahirkan,health,0.85,False,ollama_enhanced,
bidancynthia,7612954378948873493,Ibu hamil gerhana bulan ? Gerhana bulan cuma lewat bentar.Mitosnya yang nggak pernah hilang 😭 #ibuha,health,0.85,False,ollama_enhanced,
bidancynthia,7613396689096903957,I love you baby” R “ sampai ketemu 3bulan lagi🫶🏻 #ibuhamil,health,0.85,False,ollama_enhanced,
bidancynthia,7613625125212114197,Main sambil belajar untuk Stimulasi Taktil bayi (melatih indra perabaan) sediain juga yu #mainaneduk,health,0.85,False,ollama_enhanced,
bidancynthia,7613751079204867348,"Keluhan ibu hamil Trimester 3 yang normal&umum terjadi, bumil lagi ngerasain keluhan apa aja ni? #ib",health,0.95,False,ollama_enhanced,
bidancynthia,7614107483052936468,"Luka operasi sc jangan dianggao remeh ya , kalau salah penanganan bisa2 ada hal yang ga inginkan bis",health,0.95,False,ollama_enhanced,
bidancynthia,7614479598662896917,"Pemeriksan penting bumil trimester3 ,biasanya paling menentukan di 34-37minggu ,udah ada yang periks",health,0.95,False,ollama_enhanced,
bidancynthia,7615227916128963860,"bunda baru tau klo lagi hamil? Jgn panik ya, coba lakuin tips dari bubidan ya 👉🏻 #folataktif #asamfo",health,0.95,False,ollama_enhanced,
bidancynthia,7617700569523834132,Ibu Hamil HPL sudah deket april mei udah berapa % nyiapin perlengkapan lahiran? Yu beli paket brojol,health,0.95,False,ollama_enhanced,
bidancynthia,7618068451369831701,"2bulan lagii gemoy meluncuuur ,jadi udah prepare bgt nih nyiapin perlengkapan lahiran #tasbayi #tasb",health,0.85,False,ollama_enhanced,
bidancynthia,7620020769258507540,set newborn harus sediain minimal brpa set yaa bund? Sharing dong #perlengkapanbayibarulahir #setnew,health,0.85,False,ollama_enhanced,
bidancynthia,7621416877683739925,Melatih otot mulut dan pipi dg belajar minum pakai sedotan latih perlahan jgn dipaksa karna perkemba,health,0.85,False,ollama_enhanced,
bidancynthia,7624022300265860373,Bayi sering rewel tanpa sebab? Perhatiin tanda ini dan Cobain tips dari bubidan deh bund #cintamamad,health,0.95,False,ollama_enhanced,
bidancynthia,7624376094887529748,"Nyuci perlengkapan bayi baru lahir di kehamilan 32weeks, cepet dan praktis nyucinya pake mesin cuci ",health,0.85,False,ollama_enhanced,
bidancynthia,7624518756697640212,"Bumil usia 32week keatas klo posisi kepala udh dibawah yu rutin” latihan gerakan buka panggul,bisa d",health,0.95,False,ollama_enhanced,
bidancynthia,7625590139938557204,"Bulan depan udah mau lahiran aja🥹🥰 , nikmatin era bumil sisa 1 bulan lagi #celanabumil #kulotbumil",health,0.85,False,ollama_enhanced,
drhans_spesialisanak,7590673174237351176,"Anak-anak memang suka rasa manis, tapi penting buat orang tua untuk tahu dari mana rasa manis itu be",health,0.95,False,ollama_enhanced,
drhans_spesialisanak,7592100203226877192,"Kadang satu gelas minuman manis terlihat sepele, tapi kalau dikumpulkan dari pagi sampai malam, juml",health,0.95,False,ollama_enhanced,
drhans_spesialisanak,7593276923803946258,"Moms, pernah nggak ngerasa bebi bau kayak telur setelah berjemur atau terpapar matahari? 😳Banyak yan",health,0.95,False,ollama_enhanced,
drhans_spesialisanak,7594064546357087496,"Moms, habis berenang kok kulit bebi jadi belang? 😥Banyak yang bingung, gimana ya solusinya? Mau coba",health,0.95,False,ollama_enhanced,
drhans_spesialisanak,7596682754675264776,🌿 Daun Torbangun (Bangun-Bangun)Herbal tradisional yang dikenal membantu ASI lebih lancardan kualita,health,0.95,False,ollama_enhanced,
drhans_spesialisanak,7599193226787982599,"Pelembap 2in1 buat wajah & badan bebi... praktis sih, tapi AMAN nggak ya? 👀Banyak Moms yang masih ra",health,0.95,False,ollama_enhanced,
drhans_spesialisanak,7599288991657020679,Bener gak sih kalau ngidam ga diturutin anak jadi ileran? 🤤🤔 Simak selengkapnya jawaban saya disini ,health,0.95,False,ollama_enhanced,
drhans_spesialisanak,7599905468458290450,"Anak susah makan nggak selalu cuma ‘fase’. Pada anak usia 1 tahun ke atas, penolakan makan yang beru",health,0.95,False,ollama_enhanced,
drhans_spesialisanak,7615543631599963399,Anak usia 2–4 tahun lagi susah makan atau GTM? 😥Padahal di usia ini tubuh dan otak Si Kecil sedang b,health,0.95,False,ollama_enhanced,
drhans_spesialisanak,7617371265162120468,"GRWM Ayo Ayo Ayo!Bukan cuma mulai kebiasaan sehat, tapi juga harus siap cek kesehatan di RS Indoseha",health,0.95,False,ollama_enhanced,
drhans_spesialisanak,7618538896812625172,Bayi Belum 9 Bulan? Ini Cara Ampuh Cegah Campak Saat Kumpul Lebaran ‼️Parents mikir kalau si Kecil n,health,0.95,False,ollama_enhanced,
drhans_spesialisanak,7623337319747161352,"Mom pernah nggak sih, tiba-tiba bayi jadi lebih rewel, suka menggigit apa saja, bahkan kadanggusinya",health,0.95,False,ollama_enhanced,
bidancynthia,7615571452196195604,"Ibu hamil Mudik,aman ga? mana nih bumil” yang rencana mudik & perjalanan jauh? #ibuhamil #mudiksaath",health,0.95,False,ollama_enhanced,
bidancynthia,7615953218023214357,"Ngalamin juga batuk pilek ga nyaman bgt🥹kasian sigemoy😔 ,ada yg lagi ngalamin juga ga bun? #ibuhamil",health,0.85,False,ollama_enhanced,
bidancynthia,7616603080695614740,"Perlengkapan ibu bersalin&pasca lahiran versi Bubidan ya, alhamdulillah udah bubid siapin sebagian t",health,0.95,False,ollama_enhanced,
bidancynthia,7617329366145453332,Tanda bayi tumbuh gigi👉🏻 bakal kebantu bgt pake mainan gigitan #teether #teetherbayi #mainangigitanb,health,0.85,False,ollama_enhanced,
drhans_spesialisanak,7631125693589376264,"Anak jarang bicara, belum tentu telat bicara…Kadang, dia cuma jarang diajak ngobrol 💬Terutama sama o",health,0.95,False,ollama_enhanced,
drhans_spesialisanak,7632615637189217544,Hal sederhana bisa jadi kunci anak cerdas 💛Tahukah Moms & Dads?80% perkembangan otak anak terjadi di,health,0.85,False,ollama_enhanced,
drhans_spesialisanak,7633637502070377736,Si kecil tiba-tiba jadi lebih menjauh dari orang tuanya? 🤔 Bisa jadi ada hal yang sedang ia rasakan ,health,0.95,False,ollama_enhanced,
drhans_spesialisanak,7634703124992724231,"Kadang bukan anak yang berubah, tapi kita yang kurang mendengar. Mereka tidak menjauh, hanya diam me",health,0.85,False,ollama_enhanced,
drhans_spesialisanak,7636347877391994119,"""Ah, nanti juga diam sendiri.” Padahal, anak yang menangis bukan sedang manja—ia sedang butuh dipaha",health,0.95,False,ollama_enhanced,
drhans_spesialisanak,7637830706906811666,Langkah-langkah penting yang perlu kita terapkan agar anak tetap merasa nyaman dan aman bersama kita,health,0.95,False,ollama_enhanced,
drhans_spesialisanak,7638614461770747143,"Jangan bilang “cuma rewel” dulu ya 👀Habis minum susu terus: ruam, diare, muntah, atau nangis terus? ",health,0.95,False,ollama_enhanced,
drhans_spesialisanak,7639970058441149704,Parfum buat anak… sebenarnya aman nggak sih? 🤔🤷🏻‍♂️Simak selengkapnya di reels ini untuk tahu jawaba,health,0.85,False,ollama_enhanced,
drhans_spesialisanak,7645920056043425032,"Ketika Lelah, Tapi kamu Adalah Dokter Spesialis Anak.. Walaupun capek, kalau ketemu anak-anak energi",health,0.95,False,ollama_enhanced,
drhans_spesialisanak,7647813150372302098,Saluran cerna sehat ternyata berpengaruh besar untuk tumbuh kembang anak 👶✨ Konsensus terbaru dari 7,health,0.95,False,ollama_enhanced,
drhans_spesialisanak,7648179636295290120,Prebiotik itu banyak jenisnya 👀 Tapi ternyata nggak semua punya manfaat yang sama untuk saluran cern,health,0.95,False,ollama_enhanced,
drhans_spesialisanak,7648642388725943559,Ternyata saluran cerna nggak cuma soal BAB lancar 👀 Saluran cerna sehat juga berpengaruh ke: ✨ mood ,health,0.95,False,ollama_enhanced,
drhans_spesialisanak,7649613701871619335,Lagi siap traveling bareng si kecil yang kulitnya sensitif atau punya eczema? 🤷🏻‍♂️ Jangan cuma bawa,health,0.95,False,ollama_enhanced,
drhans_spesialisanak,7654136746300689682,Dokter spesialis anak ketika periksa detak jantung si kecil? 🤔 Dengernya kaya gini yaaa 🥳🕺🏻 #doktera,health,0.95,False,ollama_enhanced,
drhans_spesialisanak,7655518989342346504,Pertanyaan mana nih yang suka mom tanyakan kalo pas lagi periksa si kecil ke dokter spesialis anak?😅,health,0.95,False,ollama_enhanced,
drhans_spesialisanak,7661433545151237384,Influenza itu sering dianggap penyakit biasa. Padahal setiap tahun kita masih melihat pasien dengan ,health,0.95,False,ollama_enhanced,
drhans_spesialisanak,7669717381958176018,"Back to school! Udah siap belum ayah bunda? Kalau seragam, tas, dan alat tulis sudah siap, jangan lu",health,0.95,False,ollama_enhanced,
guru.bidan.wulan,7597382229127367943,Kebiasaan yang kadang ibu hamil harus perhatikan 🥰 #fyppppppppppppppppppppppp,health,0.85,False,ollama_enhanced,
guru.bidan.wulan,7598525209745837319,Sehat selalu yah bumil 😍 #fyppppppppppppppppppppppp #smkkesehatanterpadumegarezkymakassar,health,0.85,False,ollama_enhanced,
guru.bidan.wulan,7601708524531404039,PRAKTEK PERSALINAN dari Keperawatan Kebidanan merupakan salah satu contoh edukasi yang diberikan pad,health,0.95,False,ollama_enhanced,
guru.bidan.wulan,7605184303466663175,"PRAKTEK MELAHIRKAN dari jurusan Keperawatan Kebidanan, ketika suami seharusnya menemani dalam proses",health,0.95,False,ollama_enhanced,
guru.bidan.wulan,7606710785603046664,Jaga lambungnya yah 🤗 #fyppppppppppppppppppppppp #gurubidanwulan #kontenedukasi #smkkesehatanterpadu,health,0.85,False,ollama_enhanced,
guru.bidan.wulan,7607991694960774418,Pentingnya IMUNISASI biar g sakit #fyppppppppppppppppppppppp #imunisasi #gurubidanwulan,health,0.95,False,ollama_enhanced,
guru.bidan.wulan,7611493240621124871,Campak lagi dimana2 guys #fyppppppppppppppppppppppp #campak,health,0.85,False,ollama_enhanced,
guru.bidan.wulan,7612985125265067271,"Ibu hamil boleh puasa dong, silahkan disimak #fyppppppppppppppppppppppp #kontenedukasi #gurubidanwul",health,0.85,False,ollama_enhanced,
guru.bidan.wulan,7622929608593116423,Asi booster andalanku ❤️ #AsiBoosterTerbaik #rekomendasimedis #rekomendasiasibooster #momuung,health,0.95,False,ollama_enhanced,
guru.bidan.wulan,7624405040043773202,Bumil kasih liat paksu yah 🥰 #educare #creammagnesium #massagecalmingcream #calmingcream #edukasibid,health,0.85,False,ollama_enhanced,
guru.bidan.wulan,7633660650207759636,Solusi ASI biar lancar #AsiBoosterTerbaik #rekomendasimedis #rekomendasiasibposter #momuung #asiboos,health,0.95,False,ollama_enhanced,
guru.bidan.wulan,7639346177510542612,Kalian Tim KB apa moms?? #fyppppppppppppppppppppppp #gurubidanwulan,health,0.85,False,ollama_enhanced,
guru.bidan.wulan,7655270823657327892,Penolong disaat pegal 😊 #fyp #edukasibidan #edukasiibuhamil #kompreshangat #educare,health,0.85,False,ollama_enhanced,
guru.bidan.wulan,7657206161770564884,Jaga kesehatan Mu dan Kewanitaan Mu dengan QSC Caramel #queensecretcoffee #healthylifestyle #kopipar,health,0.85,False,ollama_enhanced,
guru.bidan.wulan,7666709101006638344,Praktek Lahiran Jurusan Keperawatan Kebidanan #gurubidanwulan #educare #fyp,health,0.85,False,ollama_enhanced,
guru.bidan.wulan,7670487031306325268,Belajar Reproduksi dulu #fyp #gurubidanwulan #smkkesehatanterpadumegarezkymakassar,health,0.95,False,ollama_enhanced,
guru.bidan.wulan,7677095963797884181,Anatomi panggul #fyp #gurubidanwulan #smkkesehatanterpadumegarezkymakassar,health,0.85,False,ollama_enhanced,
guru.bidan.wulan,7678689882033720596,Guru Kesehatan #fyp #gurubidanwulan #CapCut,health,0.85,False,ollama_enhanced,
nadialaydrus,7595587338781084936,"Musim Flu & batuk harus kita waspadai ya, salah satunya dengan menjaga imun, tapi untuk anak, kira k",health,0.95,False,ollama_enhanced,
nadialaydrus,7597025180866694420,"Sehat vs ga sehat kali ini tentang lifestyle, kamu paling sering ga sehat yang mana nih? #edukasikes",health,0.85,False,ollama_enhanced,
nadialaydrus,7597758052434971912,STOP! Makan tengah malam! Ada yang masih suka order makanan tengah malem gak nih? #serunyabelajar #e,health,0.95,False,ollama_enhanced,
nadialaydrus,7598522131466521863,Kira-kira kamu kekurangan vitamin apa nih? 😝 #serunyabelajar #edukasikesehatan #vitamin #fyp,health,0.85,False,ollama_enhanced,
nadialaydrus,7600343531751869703,STOP! NORMALISASI MAKAN MAKANAN INSTAN!! Sayangi ginjalmu karena itu tabungan kita di masa tua 😭😭🙏🏻 ,health,0.95,False,ollama_enhanced,
nadialaydrus,7609564820303613205,"Sebelum okinawa kenal hara hachi bu, ternyata kita udah lebih dulu ada ajaran ini, pertanyaannya, pa",health,0.85,False,ollama_enhanced,
nadialaydrus,7611587175313984788,"Coba cek punggung tangan kamu sekarang! Yes, sekarang ya, mari kita lihat seberapa sehat kulit kamu!",health,0.85,False,ollama_enhanced,
nadialaydrus,7612257525613874452,Sekarang gaperlu ribet lagi cari smart-band rasa smartwatch yang bisa nemenin aktifitas keseharian k,health,0.85,False,ollama_enhanced,
nadialaydrus,7613328215595060500,Mention temen kamu yang buka puasanya kalap sampe kekenyangan 🤣🤣 #serunyabelajar #edukasikesehatan #,health,0.85,False,ollama_enhanced,
nadialaydrus,7614154850879687956,Kamu tim ngopi tiap hari? Atau ngga nih? #edukasikesehatan #serunyabelajar #fyp #kopi #matcha,health,0.75,False,ollama_enhanced,
nadialaydrus,7615632479805885717,Pesan dokter untuk memilih wipes yang tepat untuk tiap kebutuhan! #WegetyouWegotyou #MomamiIndonesia,health,0.95,False,ollama_enhanced,
nadialaydrus,7615997223331024149,Kira-kira seberapa penting sih vitamin c ditubuh kita apalagi saat puasa? #serunyabelajar #edukasike,health,0.95,False,ollama_enhanced,
nadialaydrus,7616730010203819284,Siapa yang suka ngerasa anxiety? Coba cek dulu makanan kamu. #serunyabelajar #edukasikesehatan #fyp,health,0.85,False,ollama_enhanced,
nadialaydrus,7617451985234627861,Kamu sering konsumsi gula yang sehat atau ga sehat nih? #edukasikesehatan #serunyabelajar #fyp,health,0.85,False,ollama_enhanced,
nadialaydrus,7618949279775771925,"Jangan makan opor ayam, yakin?",health,0.85,False,ollama_enhanced,
nadialaydrus,7620055967044209940,"1. Fase menstruasi (Hari 1–5) Hormon lagi turun, tubuh lagi ‘bersih-bersih’. Jadi lemes, gampang bad",health,0.95,False,ollama_enhanced,
nadialaydrus,7631882579083365652,STOP NORMALISASI SARAPAN INI! Bukannya sehat tapi ngerusak tubuh kamu pelan2!,health,0.95,False,ollama_enhanced,
nadialaydrus,7633623478259748103,Kurangi resiko eksim 50% pada kulit bayi? Apa iya ada krim yang bisa bantu lakuin hal ini 😲,health,0.95,False,ollama_enhanced,
nadialaydrus,7640756123309821204,Mau BTR alias trail run 18 kilo??? Apakah aku akan sanggup??? 😢😢😭😭,health,0.85,False,ollama_enhanced,
nadialaydrus,7648247912606076181,"JANGAN ASAL MINUM SUPLEMEN, sebelum kalian denger ini ☺️",health,0.95,False,ollama_enhanced,
nadialaydrus,7648646073120034069,"Behind every skin journey, there’s a story 🤍✨ From learning with dermatologist, sharing experiences,",health,0.95,False,ollama_enhanced,
nadialaydrus,7655299564718673172,berikut yaa ka untuk captionnya :untuk caption dr. nadia aman kah kalau seperti ini?Plot twist: rasa,health,0.95,False,ollama_enhanced,
nadialaydrus,7655633348072574229,"Kamu lebih banyak makan yang gak baik, baik or lebih baik nih?",health,0.85,False,ollama_enhanced,
nadialaydrus,7655660069916413204,Simpen dulu biar tau masing2 fungsi vitaminnya 🥰,health,0.85,False,ollama_enhanced,
nadialaydrus,7656049189599677717,"Jerawatan, muka sembab, keliatan lebih capek?👀 Sebelum salahin skincare… coba cek lagi apa yang masu",health,0.95,False,ollama_enhanced,
nadialaydrus,7657525530714983700,Masih ada yang percaya nih mitos2 kaya gini?,health,0.95,False,ollama_enhanced,
nadialaydrus,7657903040065801493,"Nah loh, ada ngga ni kalian yang ngalamin salah satu tanda ini?",health,0.85,False,ollama_enhanced,
nadialaydrus,7659776772476652820,"Bukan salah badannya atau metabolismenya, tapi salahnya ada di gimana konsumsi gulamu sehari2.",health,0.95,False,ollama_enhanced,
nadialaydrus,7660456869697309973,Sering terjadi...,health,0.85,False,ollama_enhanced,
nadialaydrus,7660496844014865684,"Glass skin bukan soal ikut yang viral, tapi soal memahami kebutuhan kulitmu. ✨ Kadang, hasil terbaik",health,0.85,False,ollama_enhanced,
nadialaydrus,7660899992873258261,"Nah loh, edisi mata kali ini, ada ngga nih yang ngalamin salah satu gejala ini?",health,0.95,False,ollama_enhanced,
nadialaydrus,7661223915456433429,"Jerawatnya udah hilang, tapi bekas hitamnya masih stay? 👀 Mungkin yang perlu kamu atasi sekarang buk",health,0.85,False,ollama_enhanced,
nadialaydrus,7661596032618204437,Kamu team yang makan telur berapa nih? Apa jangan2 ga sama sekali?,health,0.75,False,ollama_enhanced,
nadialaydrus,7661990871889562900,"Makanan sehat untuk naikin atau nurunin berat badan, inget ya, naikin berat badan bukan berarti maka",health,0.95,False,ollama_enhanced,
nadialaydrus,7663492118819704084,Berapa banyak yang kamu punya?1️⃣ Ada rambut di jari kaki 👣Pertumbuhan rambut membutuhkan aliran dar,health,0.95,False,ollama_enhanced,
nadialaydrus,7663837418038316309,"Bingung gak? Bingung kan. Makanya jangan kebanyakan makan manis, apalagi sampe resistensi insulin. T",health,0.95,False,ollama_enhanced,
nadialaydrus,7664582047389814036,"Orang sekarang udah lupa arti “natural”. Bukan karena tiba-tiba awet muda, tapi karena skincare, tre",health,0.85,False,ollama_enhanced,
nadialaydrus,7665324672593956116,Ada yang punya tanda2 ini ga nih?,health,0.95,False,ollama_enhanced,
nadialaydrus,7665693467581877524,Kamu yakin tubuhmu sudah terhidrasi dengan baik? 👀💧Kadang masalahnya bukan seberapa banyak kita minu,health,0.85,False,ollama_enhanced,
nadialaydrus,7666060686358891797,"PIH itu bukan bekas jerawat biasa. Itu penumpukan melanin.Vitamin C, terutama L-ascorbic acid, memba",health,0.95,False,ollama_enhanced,
nadialaydrus,7670103655898418453,L-Ascorbic Acid itu bukan sekadar Vitamin C biasa. Ini tuh bentuk Vitamin C yang paling banyak ditel,health,0.85,False,ollama_enhanced,
nadialaydrus,7679027031174057237,"1. Bisa pakai kaus kaki sambil berdiri Keliatannya sepele, tapi berdiri pakai satu kaki butuh keseim",health,0.95,False,ollama_enhanced,
nadialaydrus,7680156605354298645,Nah loh siapa yang kerjaannya minum elektrolit setiap hari? 😱😱,health,0.85,False,ollama_enhanced,
doktervito,7592521083912277269,Kenapa Nasi Padang nggak bikin kolesterol?Mitos atau fakta?Banyak orang langsung takut kolesterol na,health,0.95,False,ollama_enhanced,
doktervito,7595096860516371732,EVLA dengan V.I.T.O teknik. Tanpa Operasi Tanpa Opname untuk Atasi Varises.,health,0.95,False,ollama_enhanced,
doktervito,7599427828873973012,Membantah mitos Sakit Maag Turun Ke Jantung. Sakit Maag tidak bikin serangan jantung dan memang orga,health,0.95,False,ollama_enhanced,
dr.saddam_ismail,7602470874402311444,"Membunyikan jari hingga berbunyi ""kretek"" tidak menyebabkan radang sendi atau kerusakan tulang. Suar",health,0.95,False,ollama_enhanced,
dr.saddam_ismail,7602472099566898452,Membaca di tempat gelap tidak menyebabkan kerusakan mata permanen atau kebutaan. Hal itu hanya menye,health,0.95,False,ollama_enhanced,
dr.saddam_ismail,7602473028974300437,Tidur dengan lampu menyala menghambat produksi hormon melatonin (hormon istirahat dan antioksidan). ,health,0.95,False,ollama_enhanced,
dr.saddam_ismail,7602473382889737492,Duduk menyilang kaki bukan penyebab utama varises. Varises disebabkan oleh kerusakan katup pembuluh ,health,0.95,False,ollama_enhanced,
dr.saddam_ismail,7602475052654693652,Radiasi sinyal HP tergolong lemah dan tidak merusak DNA sperma. Risiko kemandulan lebih disebabkan o,health,0.95,False,ollama_enhanced,
dr.saddam_ismail,7602477937283042580,"Air rebusan mi instan yang keruh bukan karena lilin, melainkan pati tepung dan minyak sisa penggoren",health,0.95,False,ollama_enhanced,
nisaobgyn,7601859221893958932,"Pinggang bunsay sering kram saat hamil? Tenang, itu keluhan yang sangat umum terjadi saat hamil. Bia",health,0.95,False,ollama_enhanced,
nisaobgyn,7612599756535188756,"Bunsay pasti pernah ngerasain bingung memilih skincare yang aman dan nyaman. Apalagi saat hamil, hor",health,0.95,False,ollama_enhanced,
nisaobgyn,7641551367596756245,"Pernah merasa pumping malah bikin nyeri, payudara jadi keras dan panas? 😣 Seringnya bukan karena Bun",health,0.95,False,ollama_enhanced,
nisaobgyn,7646011104568675604,"Udah pumping berjam-jam tapi keluarnya cuma sedikit? Jangan buru-buru panik ya, Bunsay. Selain hisap",health,0.95,False,ollama_enhanced,
doktervito,7599943042753170709,Penting dan Tidak Sampai SemenitBaca dengan hati dan pikiran tenang ya. 🙂🙏🏻GERD dan Serangan Jantung,health,0.95,False,ollama_enhanced,
doktervito,7600177645015354645,"5 Suplemen Anti Penuaan Jantung dan Pembuluh Darah dibahas langsung oleh Dr. dr. Vito A. Damay, SpJP",health,0.95,False,ollama_enhanced,
doktervito,7601902566993087765,"Pernah lihat dua orang lansiausianya hampir sama…tapi yang satu masih aktif & segar,sementara yang s",health,0.95,False,ollama_enhanced,
doktervito,7608491480763600148,"keluhan.Padahal, penyakit darah tinggi adalah salah satu faktor risiko utama penyakit jantung dan pe",health,0.95,False,ollama_enhanced,
doktervito,7609937150531980564,Minum obat darah tinggi sudah lama. Sekarang normal. Boleh berhenti? Jangan buru-buru. Ada 5 kebiasa,health,0.95,False,ollama_enhanced,
doktervito,7610266880493817109,Efek Bawang Putih Ke Jantung? 5 Suplemen Anti Penuaan Jantung dan Pembuluh Darahdibahas langsung ole,health,0.95,False,ollama_enhanced,
doktervito,7611863669093305621,harus operasi dan risiko tinggi karena kondisi jantung yang perlu pengencer darah dan faktor usia. ⬇,health,0.95,False,ollama_enhanced,
doktervito,7612585076240518421,"Penyebab Penyakit Katup Jantung, Apa Saja?Apakah selalu harus operasi?Dan apakah bisa dicegah sejak ",health,0.95,False,ollama_enhanced,
doktervito,7615109344971099413,"“Dok, saya tidak ada gejala.”Padahal setelah ditanya lebih dalam…ada satu keluhan kecil: cepat capek",health,0.95,False,ollama_enhanced,
doktervito,7616903034278448405,Pembuluh darah vena ini harusnya membawa darah dari kaki kembali ke jantung. Kalau ada gangguan sirk,health,0.95,False,ollama_enhanced,
doktervito,7617739458657537300,"Kaki sudah terlanjur bengkak, terasa berat, atau pegal setelah berdiri lama?Jangan langsung dianggap",health,0.95,False,ollama_enhanced,
doktervito,7622933605349723413,"Perubahan hormon, stres, hingga gaya hidup bisa membuat wanita lebih rentan mengalami hipertensi tan",health,0.95,False,ollama_enhanced,
doktervito,7623275392492719380,"Cryo Laser MicroscleroTherapy ini teknik khusus untuk spider vein urat urat halus. Sebagai Pelopor, ",health,0.95,False,ollama_enhanced,
doktervito,7628464278961458452,"MENGOBATI VARISES TIDAK HARUS DENGAN OPERASI Sobat DRV, penjelasan mengenai varises dibahas langsung",health,0.95,False,ollama_enhanced,
doktervito,7629231220009798933,"Lanjut, Sehat itu yang penting pola hidup, KATAnya … Apa iya cuma karena Pola Hidup Sehat itu cukup?",health,0.85,False,ollama_enhanced,
doktervito,7630684839615794452,Punya risiko penyakit jantung?Jangan hanya cek kesehatan secara umum.Ada beberapa pemeriksaan pentin,health,0.95,False,ollama_enhanced,
doktervito,7631752333487131925,Sudah check-up dan hasilnya normal…apakah berarti jantung pasti aman?Belum tentu.Pada beberapa kasus,health,0.95,False,ollama_enhanced,
doktervito,7634035201064127764,"SERING OLAHRAGA TAPI MERASA BELUM MAKSIMAL? Sobat DRV, penjelasan mengenai olahraga yang maksimal di",health,0.95,False,ollama_enhanced,
doktervito,7635147230420241684,"Sebagian pasien kami kaget melihat kondisi ini, Penuaan pembuluh darah sebenarnya dapat kita lihat d",health,0.95,False,ollama_enhanced,
doktervito,7647410629837344020,"Banyak orang mengira obesitas hanya masalah penampilan. Padahal, lemak yang menumpuk terutama di are",health,0.95,False,ollama_enhanced,
doktervito,7648970919934692628,Banyak orang merasa aman karena sudah minum obat darah tinggi.Tapi ada satu kesalahan yang sering te,health,0.95,False,ollama_enhanced,
doktervito,7652542231567453461,Sering cepat lelah atau mudah ngos-ngosan? Jangan langsung menganggapnya normal. Bisa jadi itu salah,health,0.95,False,ollama_enhanced,
doktervito,7654103652675636500,Pernah mengalami kaki bengkak saat minum obat darah tinggi?Dibahas langsung olehDr. dr. Vito A. Dama,health,0.95,False,ollama_enhanced,
doktervito,7657561151512775956,"Pengalaman Prof. Dr. dr. Sidartawan Soegondo, SpPD-KEMD, FINASIM, FACE dan sharing Dr. dr. Vito A. D",health,0.95,False,ollama_enhanced,
doktervito,7657736537521523988,"Banyak pasien saya nanya, mau turun berat badan dan syukur syukur lepas dari obat hipertensi untuk m",health,0.95,False,ollama_enhanced,
doktervito,7658222477927140629,"Penyempitan Pembuluh darah kaki, pada pasien sering di abaikan contohnya pada pasien Diabetes. Dokte",health,0.95,False,ollama_enhanced,
doktervito,7658487463089917205,"Sering orang bertanya, “Dok, latihan apa yang bagus untuk jantung?”Misalnya latihan ini bagus nggak?",health,0.95,False,ollama_enhanced,
doktervito,7662918383729397012,"HYROX itu kan sama aja kayak kerja bangunan.” Komentar seperti ini cukup sering muncul. Memang, peke",health,0.95,False,ollama_enhanced,
doktervito,7667042818833091860,Ada yang bilang jalan kaki adalah olahraga terbaik untuk jantung.Ada juga yang fokus angkat beban su,health,0.95,False,ollama_enhanced,
doktervito,7668221564042759445,"Banyak orang baru tahu dirinya hipertensi saat medical check-up, padahal jantungnya sudah mulai meng",health,0.95,False,ollama_enhanced,
doktervito,7670708114961878293,"Ketika sebagai pasien, saya harap dokter dan nakes mengerti bahwa saya lg kesakitan atau tidak nyama",health,0.95,False,ollama_enhanced,
doktervito,7672322320219917589,Sudah pasang ring jantung bukan berarti boleh kembali ke pola hidup sembarangan.Karena pemasangan st,health,0.95,False,ollama_enhanced,
doktervito,7676416004976643349,Perlu anda tau ketika emergensi. Alat ini memecah bekuan darah yang menyumbat pembuluh darah pada pa,health,0.95,False,ollama_enhanced,
doktervito,7677477024604278036,"Sesak napas mendadak jangan dianggap sepele.Apalagi kalau disertai nyeri dada, napas cepat, gelisah,",health,0.95,False,ollama_enhanced,
dr.saddam_ismail,7644007743707385109,Ini namanya bronkoskopi. Tindakan medis ini menggunakan selang elastis berkamera untuk melihat kondi,health,0.95,False,ollama_enhanced,
dr.saddam_ismail,7644005544574864660,Sering risi lihat benjolan daging kecil di lipatan kulit? #ReaksiDokter #KesehatanKulit #EdukasiKese,health,0.95,False,ollama_enhanced,
dr.saddam_ismail,7643738777801870613,Tahu penyebab benjolan bernanah di area tulang ekor? #ReaksiDokter #KesehatanKulit #EdukasiKesehatan,health,0.95,False,ollama_enhanced,
dr.saddam_ismail,7643728095794547988,Kenapa radang usus buntu parah harus dioperasi? #ReaksiDokter #UsusBuntu #EdukasiKesehatan #FaktaMed,health,0.95,False,ollama_enhanced,
dr.saddam_ismail,7643726546506763541,NGT (nasogastric tube) Tau fungsi selang medis yang masuk lewat hidung ini? #ReaksiDokter #TindakanM,health,0.95,False,ollama_enhanced,
dr.saddam_ismail,7640027738102844692,Mitos atau fakta sih kalau hobi pakai earphone kelamaan atau volumenya terlalu kencang katanya bisa ,health,0.95,False,ollama_enhanced,
dr.saddam_ismail,7638450763575905556,Bener gak sih kalau kebiasaan main HP di tempat tidur sebelum tidur itu katanya bisa bikin kita mala,health,0.95,False,ollama_enhanced,
dr.saddam_ismail,7642922140265925909,Oref salah satu prosedur untuk fraktur #ReaksiDokter #BedahTulang #EdukasiKesehatan #FaktaMedis #Inf,health,0.95,False,ollama_enhanced,
dr.saddam_ismail,7635882168593435921,"Bener gak sih kalau sehabis makan besar atau makan sampai kenyang banget, tiba-tiba mata rasanya jad",health,0.95,False,ollama_enhanced,
dr.saddam_ismail,7640014256649325844,Makan lah perlahan jangan korbankan kesehatan pencernaan kamu termasuk lambung #ReaksiDokter #sakitm,health,0.95,False,ollama_enhanced,
dr.saddam_ismail,7635875065334172929,"Mitos atau fakta sih kalau habis minum kopi, baru beberapa teguk tiba-tiba perut kerasa mules dan pe",health,0.95,False,ollama_enhanced,
dr.saddam_ismail,7640013799696731412,Kenali alarm tubuh kamu #ReaksiDokter #MitosKesehatan #kurangtidur #matasehat #matalelah,health,0.95,False,ollama_enhanced,
dr.saddam_ismail,7640013155128806677,Ingat ya tetesan infus itu sudah di atur jadi jangan asal setting tetesanya sendiri? #ReaksiDokter #,health,0.95,False,ollama_enhanced,
dr.saddam_ismail,7631822029078990100,"Bener gak sih kalau habis makan makanan yang terlalu pedas, katanya perut bisa langsung terasa panas",health,0.95,False,ollama_enhanced,
dr.saddam_ismail,7678968968689863954,Siapa bilang suplemen persendian cuma buat orang tua? ! Disclaimer: Hasil bisa berbeda-beda bagi mas,health,0.95,False,ollama_enhanced,
dr.saddam_ismail,7678968139429956882,"Membahas suplemen sendi seperti Blackmores Joint Comfort, sebenarnya boleh nggak sih diminum remaja?",health,0.95,False,ollama_enhanced,
dr.saddam_ismail,7640011741769780500,Waxing kenali juga bahayanya #ReaksiDokter #KesehatanKulit #EdukasiKesehatan #FaktaMedis #PerawatanW,health,0.95,False,ollama_enhanced,
dr.saddam_ismail,7631030947646934290,"Bener gak sih kalau sering begadang atau kurang tidur, katanya bisa bikin kulit wajah kita jadi cepa",health,0.95,False,ollama_enhanced,
dr.saddam_ismail,7640008000677104916,Jari tangan pucat saat kedinginan? #ReaksiDokter #FaktaMedis #EdukasiKesehatan #InfoKesehatan #Keseh,health,0.95,False,ollama_enhanced,
dr.saddam_ismail,7640006542418267412,Mengenal rambut pitak atau botak koin? #ReaksiDokter #rambutsehat #kesehatanrambut #rambutrontok #pi,health,0.95,False,ollama_enhanced,
dr.saddam_ismail,7630748563718360338,"Mitos atau fakta sih kalau lagi dengar suara gemericik air mengalir, katanya bisa bikin kita otomati",health,0.95,False,ollama_enhanced,
dr.saddam_ismail,7630746137816812808,"Bener gak sih kalau cabut bulu hidung sembarangan katanya bisa bahaya banget, bahkan sampai bikin in",health,0.95,False,ollama_enhanced,
dr.saddam_ismail,7678627299033468180,Kapan sih waktu paling optimal untuk memberikan asupan Omega 3 ke anak? Simak penjelasannya agar pen,health,0.95,False,ollama_enhanced,
dr.saddam_ismail,7633635607067020564,Di balik implan yang jarang diketahui #ReaksiDokter #ImplanPayudara #EdukasiKesehatan #FaktaMedis #K,health,0.95,False,ollama_enhanced,
dr.saddam_ismail,7630739040681184520,"Bener gak sih kalau lagi patah hati atau sedih banget, katanya dada bisa kerasa beneran sakit, nyeri",health,0.95,False,ollama_enhanced,
dr.saddam_ismail,7633612970748169492,Penting ya jaga kebersihan kakinya #ReaksiDokter #KesehatanKaki #EdukasiKesehatan #FaktaMedis #kakib,health,0.95,False,ollama_enhanced,
dr.saddam_ismail,7633336473911119125,Siapa teman teman yang pernah ngalamin ketindihan sampai panik? #ReaksiDokter #KualitasTidur #Edukas,health,0.95,False,ollama_enhanced,
dr.saddam_ismail,7628066070875639057,"Bener gak sih kalau lagi gugup, cemas, atau mau ketemu orang yang disuka, katanya perut tiba-tiba ja",health,0.95,False,ollama_enhanced,
dr.saddam_ismail,7628065426831936769,Mitos atau fakta sih kalau pas lagi menatap cahaya matahari yang silau katanya bisa bikin kita otoma,health,0.95,False,ollama_enhanced,
dr.saddam_ismail,7632156177618554120,Iseng ngagetin orang kayak gini menurut teman teman bahaya nggak sih? #ReaksiDokter #FaktaMedis #Edu,health,0.95,False,ollama_enhanced,
dr.saddam_ismail,7678625872844262676,"Mentang-mentang pengen jaga sendi, suplemennya langsung diminum 2 tablet sehari? Eits, jangan asal! ",health,0.95,False,ollama_enhanced,
dr.saddam_ismail,7678599055479508244,Mending makan biji seledri utuh atau minum ekstrak kapsul lunaknya? Yuk kita bedah hitung-hitungan t,health,0.95,False,ollama_enhanced,
dr.saddam_ismail,7628063555744582929,Mitos atau fakta sih kalau banyak pikiran atau stres berat katanya bikin kita cepat ubanan? #edukasi,health,0.95,False,ollama_enhanced,
dr.saddam_ismail,7678231549686385936,"Udah tahu belum aturan minum Blackmores Joint Comfort yang benar? Biar penyerapannya baik, yuk cek p",health,0.95,False,ollama_enhanced,
dr.saddam_ismail,7678204175976598800,selalu disiplin mematuhi anjuran dosis yang tertera pada kemasan resminya. Disclaimer : hasil bisa b,health,0.95,False,ollama_enhanced,
dr.saddam_ismail,7677864877091736849,Memilih sediaan nutrisi tambahan untuk usia perkembangan anak butuh ketelitian. Kenali keunggulan se,health,0.95,False,ollama_enhanced,
dr.saddam_ismail,7677848423596412176,Ragu mau pilih Blackmores Joint Comfort karena ini merek dari luar negeri? Mari kita cek langsung ke,health,0.95,False,ollama_enhanced,
dr.saddam_ismail,7677496668362640648,Memilih asupan kesehatan sendi tidak boleh sembarangan. Mari bedah komposisi minyak biji seledri di ,health,0.95,False,ollama_enhanced,
dr.saddam_ismail,7677491075090500872,"Memasuki usia 2-12 tahun, kebutuhan nutrisi fondasi seperti Omega 3 dan Kolin sangat penting untuk t",health,0.95,False,ollama_enhanced,
dr.saddam_ismail,7628063625327938833,Bener gak sih kalau luka lama tiba-tiba terasa gatal itu katanya tandanya sebentar lagi mau sembuh? ,health,0.95,False,ollama_enhanced,
dr.saddam_ismail,7676029297328590100,Sering dengar soal enzim CoQ10 tapi bingung apa fungsi utamanya buat tubuh kita? Kali ini kita bedah,health,0.95,False,ollama_enhanced,
dr.saddam_ismail,7675651006063021320,"Sudah tahu manfaat magnesium untuk tubuh? Nah, kali ini kita bahas reviewkandungan Nature's Pride Ma",health,0.95,False,ollama_enhanced,
dr.saddam_ismail,7630725198420970773,"“Satu tahun lebih dewasa, satu tahun lebih bersyukur. Terima kasih ya Allah atas segala nikmat-Mu. U",health,0.85,False,ollama_enhanced,
dr.saddam_ismail,7671573876664470792,Review Nature’s pride Collagen 1000 mg #kesehatankulit #kulitsehat #kulitlembab #suplemen #vitamin,health,0.95,False,ollama_enhanced,
dr.saddam_ismail,7671566476863737106,Review Suplemen Ultigar L-Glutathione 500 mg #kesehatankulit #kulitsehat #kulitlembab #lglutathione ,health,0.95,False,ollama_enhanced,
dr.saddam_ismail,7657052701389294856,Persendian adalah tumpuan utama penahan beban tubuh setiap harinya. Rawat fungsinya dari dalam denga,health,0.95,False,ollama_enhanced,
dr.saddam_ismail,7657051644508605714,Tubuh yang sering bergerak dan super aktif butuh perawatan ekstra dari dalam. Dukung terus rutinitas,health,0.95,False,ollama_enhanced,
dr.saddam_ismail,7655977374940482837,"Jangan salah, rutinitas duduk lama juga memberikan beban mekanis statis pada persendian lho. Pastika",health,0.95,False,ollama_enhanced,
dr.saddam_ismail,7655528914353196295,Mengupas tuntas komposisi glukosamin sulfat 1500mg. Nutrisi spesifik yang bekerja untuk membantu mem,health,0.95,False,ollama_enhanced,
dr.saddam_ismail,7655246036344163591,Berbagai rutinitas harian memberikan beban yang menetap pada persendian kita. Memastikan kebutuhan n,health,0.95,False,ollama_enhanced,
dr.saddam_ismail,7651444024146005256,"Membalas @santi 21 Dok untuk darah suka renda brp dosis nya ya,, buat anak umur 15 tahun bab 60 an.d",health,0.95,False,ollama_enhanced,
dr.saddam_ismail,7651443160559734024,"Membalas @merisadelinaSuplemen madu Zymuno, mengandung Madu Alami, Meniran Hijau, Daun Kelor, Temula",health,0.95,False,ollama_enhanced,
dr.saddam_ismail,7651497632388402450,"Membalas @🕊 Madu Zymuno bantu pelihara daya tahan tubuh agar selalu berenergi saat beraktivitas, inf",health,0.95,False,ollama_enhanced,
dr.saddam_ismail,7651437798041324808,Membalas @teh yani Madu Zymuno bisa sebagai asupan pendamping untuk bantu pelihara daya tahan tubuh ,health,0.95,False,ollama_enhanced,
dr.saddam_ismail,7650732766413294866,"Membalas @sey | berkelanabersamaku💅🏻☕️ Madu Zymuno bantu dukung daya tahan tubuh , info lengkap cek ",health,0.95,False,ollama_enhanced,
dr.saddam_ismail,7650022466932231431,"Membalas @Lena Konsumsi D3 4000 IU 1 kali sehari sesudah makan, info lengkap cek keranjang. #vitamin",health,0.95,False,ollama_enhanced,
dr.saddam_ismail,7650012580659940626,Membalas @mitata.rias Suplemen Vitamin D3 4000 IU pas untuk bantu penuhi cadangan nutrisi tubuh deng,health,0.95,False,ollama_enhanced,
dr.saddam_ismail,7646678798963985682,"Membalas @i Suplemen Nutrimax Circu Health sesuai anjuran aja ya, info lengkap cek keranjang #sirkul",health,0.95,False,ollama_enhanced,
dr.saddam_ismail,7645605601174736136,"Membalas @April Sesylia Konsumsinya sesuai anjuran ya sesudah makan, info lengkap cek keranjang. #vi",health,0.95,False,ollama_enhanced,
dr.saddam_ismail,7644123672105520392,Membalas @🦀_girls🌹 Suplemen D3 1000 IU konsumsi sesuai anjuran ya info lengkap cek keranjang. #vitam,health,0.95,False,ollama_enhanced,
dr.saddam_ismail,7638908221939387668,"Review Imboost Bone Effervescent, mengandung kalsium, magnesium, vitamin K2, dan vitamin D3, info le",health,0.95,False,ollama_enhanced,
dr.saddam_ismail,7639288336070298901,"Review Imboost Extra Vitamin C dan D3, mengandung ekstrak echinacea, zinc, vitamin C, dan vitamin D3",health,0.95,False,ollama_enhanced,
dr.saddam_ismail,7638901112199908628,"Review Nutrimax Pasangin varian Lemon Lime, mengandung ekstrak jahe, daun mint, madu, dan royal jell",health,0.95,False,ollama_enhanced,
dr.saddam_ismail,7638542213911203092,"Review Nutrimax Femme, mengandung ekstrak wild yam, pueraria mirifica, dan ekstrak fenugreek, info l",health,0.95,False,ollama_enhanced,
dr.saddam_ismail,7636696469491207431,"Review Nutrimax Glutoxidant, mengandung S-Acetyl Glutathione, ekstrak milk thistle, dan ekstrak biji",health,0.95,False,ollama_enhanced,
dr.saddam_ismail,7636327509541391634,"Review Nutrimax Joint Champ, di lengkapi dengan kolagen tipe dua, Aflapin, dan OptiMSM , info lengka",health,0.95,False,ollama_enhanced,
dr.saddam_ismail,7628062435500363024,Bener gak sih kalau orang lagi lapar katanya jadi lebih gampang emosi atau tiba-tiba jadi galak? #ed,health,0.95,False,ollama_enhanced,
dr.saddam_ismail,7628061608207600913,"Bener gak sih kalau lagi di ruangan ber-AC atau pas cuaca lagi hujan, katanya kita jadi lebih sering",health,0.95,False,ollama_enhanced,
dr.saddam_ismail,7627389807639022864,Bener gak sih saat lutut terasa linu tanda mau turun hujan deras? #edukasikesehatan #nyerisendi #drs,health,0.95,False,ollama_enhanced,
dr.saddam_ismail,7625863832631512336,Ada yang hitung gak kamu sehari berapa kali kedip? Kira-kira apa ya fungsi dari berkedip ? #edukasik,health,0.95,False,ollama_enhanced,
dr.saddam_ismail,7625839031581953281,Siapa yang pernah alami hal serupa? #ReaksiDokter #EdukasiKesehatan #FaktaMedis #demampanggung #kese,health,0.95,False,ollama_enhanced,
dr.saddam_ismail,7612477345534004501,Bunda masih sering memakaikan bedak tabur di kemaluan bayi setelah mandi? Untuk apa sih ? #edukasike,health,0.95,False,ollama_enhanced,
dr.saddam_ismail,7618151135185997077,"""Lihat video ini, sekilas emang kelihatan satisfying ya. Bulu hilang, kulit betis instan jadi putih ",health,0.95,False,ollama_enhanced,
dr.saddam_ismail,7618149464359947540,Kelihatanya menarik dan bikin gelisah ya kalau gak di tarik tapi jangan asal tarik ya ? Kalau kamu d,health,0.95,False,ollama_enhanced,
dr.saddam_ismail,7609961742076071184,Sering dapat saran untuk memberikan madu ke bayi baru lahir biar sehat? Sudah tau belum bahaya fatal,health,0.95,False,ollama_enhanced,
dr.saddam_ismail,7609960911540997393,Ibu hamil sering disuruh membawa gunting atau peniti untuk tolak bala? Emangnya aman membawa benda t,health,0.95,False,ollama_enhanced,
dr.saddam_ismail,7609946520258972945,Sering pakai lilin telinga atau ear candle untuk sedot kotoran? Yakin sisa yang ada di lilin itu ben,health,0.95,False,ollama_enhanced,
dr.saddam_ismail,7615827967146560775,Siapa yang mau dirawat disini ? #EdukasiKesehatan #FaktaMedis #ReaksiDokter #BahayaKesehatan #Lingku,health,0.95,False,ollama_enhanced,
dr.saddam_ismail,7609946132646612241,Takut bawa anak imunisasi karena rumor vaksin bikin anak jadi autis? bener gak sih?. #edukasikesehat,health,0.95,False,ollama_enhanced,
dr.saddam_ismail,7615827257008868616,Siapa yang sering ngalamin pas lagi lari kebelet BAB #EdukasiKesehatan #FaktaMedis #ReaksiDokter #Ti,health,0.95,False,ollama_enhanced,
dr.saddam_ismail,7615825552221408520,Gimana nih pendapat kamu bersihin hidung beginian ? #EdukasiKesehatan #FaktaMedis #ReaksiDokter #Bah,health,0.95,False,ollama_enhanced,
dr.saddam_ismail,7615548502403190024,Yakin alat pertukangan ini aman untuk terapi kesehatan tubuh kamu? Tulis pendapat kamu di kolom kome,health,0.95,False,ollama_enhanced,
dr.saddam_ismail,7609163011982413057,"Banyak yang salah paham dan belum tau tentang angin duduk, padahal ini merupakan kondisi yang gawat ",health,0.95,False,ollama_enhanced,
dr.saddam_ismail,7609161512682261776,Siapa nih yang pernah mengalami panas dalam ? Kira kira panas dalam ini sakit apa sih #edukasikeseha,health,0.95,False,ollama_enhanced,
dr.saddam_ismail,7608450897881910529,Teh jati cina bekerja sebagai obat pencahar yang mengiritasi usus. Teh ini bukan pembakar lemak. Ber,health,0.95,False,ollama_enhanced,
dr.saddam_ismail,7608450557967076609,Nasi dingin mengandung pati resisten yang lebih sulit dicerna. Gula masuk ke darah lebih perlahan. H,health,0.95,False,ollama_enhanced,
dr.saddam_ismail,7627377182054042881,"Review Nutrimax Circu Health ekstrak tomat dan biji anggur , info lengkap cek keranjang #vitamin #ke",health,0.95,False,ollama_enhanced,
dr.saddam_ismail,7627047187322572052,"Review nutrimax albugamat ekstrak ikan gabus dan gamat emas , info lengkap cek keranjang #nutrimaxal",health,0.95,False,ollama_enhanced,
dr.saddam_ismail,7626312572853030162,Review Zenoora madu akasi asli. Langsung klik keranjang untuk temani rutinitas sehatmu. #zenoorahone,health,0.85,False,ollama_enhanced,
dr.saddam_ismail,7625525328450014484,Jangan nunggu weekend buat perhatiin tubuh ya! Langsung klik keranjang buat temani rutinitas barumu ,health,0.95,False,ollama_enhanced,
dr.saddam_ismail,7624722012610645269,"Masih suka nunggu badan ngasih alarm baru panik? Yuk, ubah kebiasaanmu dan cek keranjang kuning seka",health,0.95,False,ollama_enhanced,
dr.saddam_ismail,7624717612823481620,Siapa yang baru tahu soal ini? Langsung amankan produknya di keranjang ya 👇 #RutinitasSehat#TipsKese,health,0.95,False,ollama_enhanced,
dr.saddam_ismail,7621107564985470229,Cara sederhana yang jarang orang tau minum madu dan kelapa untuk bantu jaga daya tahan tubuh #zenoor,health,0.95,False,ollama_enhanced,
dr.saddam_ismail,7615874966898216210,"Perbedaan bentuk cair, tablet, dan kapsul pada vitamin D3 biasanya soal kenyamanan konsumsi dan stab",health,0.95,False,ollama_enhanced,
dr.saddam_ismail,7616599428253666580,"Bukan cuma soal polusi, tapi gaya hidup di kota bikin kita jarang banget kena sinar matahari. Yuk du",health,0.95,False,ollama_enhanced,
dr.saddam_ismail,7615809491602263304,"Kalau D3 membantu penyerapan kalsium, K2 membantu pengaturannya. Fungsinya saling melengkapi. #vitam",health,0.95,False,ollama_enhanced,
dr.saddam_ismail,7613619110810881281,Buat kamu yang jarang berjemur. Cek infonya di keranjang! #suplemen#badansegar#dayatahantubuh #vitam,health,0.85,False,ollama_enhanced,
dr.saddam_ismail,7615166177970654485,"Paparan sinar matahari membantu tubuh memproduksi vitamin D, tetapi beberapa faktor gaya hidup dapat",health,0.95,False,ollama_enhanced,
dr.saddam_ismail,7613602509055102209,Seharian kerja di ruangan ber-AC tanpa kena matahari ternyata ngaruh ke daya tahan tubuh lho. #keseh,health,0.95,False,ollama_enhanced,
dr.saddam_ismail,7614433356930911489,Vitamin D berperan dalam berbagai proses yang membantu tubuh menjalankan fungsi alaminya dalam aktiv,health,0.95,False,ollama_enhanced,
dr.saddam_ismail,7614049659887045904,Kenapa vitamin D3 sering digabungkan dengan K2? Penjelasan singkat biar tidak salah paham soal kandu,health,0.95,False,ollama_enhanced,
dr.saddam_ismail,7609149867021061393,"Kadang badan udah kerasa biasa aja, tapi tenaga rasanya masih kurang maksimal. Itu tanda daya tahan ",health,0.95,False,ollama_enhanced,
dr.saddam_ismail,7609147308470570256,Badan sering terasa kurang nyaman padahal lagi nggak ngapa-ngapain? Bisa jadi daya tahan tubuhmu lag,health,0.95,False,ollama_enhanced,
dr.saddam_ismail,7609146194941562128,Sering ikutan drop pas teman sebelah lagi nggak enak badan? Kuncinya ada di daya tahan tubuh yang bu,health,0.95,False,ollama_enhanced,
dr.saddam_ismail,7609138667612835089,Begadang ternyata mengganggu jadwal alami rambutmu lho. Dukung kebutuhan nutrisi tubuhmu saat malam ,health,0.95,False,ollama_enhanced,
dr.saddam_ismail,7609136821867515152,Sering kena panas bikin akar rambut stres dan rapuh? Perkuat fondasinya dari dalam biar tetap badai.,health,0.95,False,ollama_enhanced,
dr.saddam_ismail,7609136139915627777,"Aktivitas padat bikin tubuh ""hemat energi"" sampai akar rambut diabaikan. Pastikan nutrisinya tetap t",health,0.95,False,ollama_enhanced,
dr.saddam_ismail,7604725373481291028,"Coba cek ujung rambutmu. Kalau patah di tengah, butuh nutrisi penguat struktur nih. Yuk perbaiki dar",health,0.95,False,ollama_enhanced,
dr.saddam_ismail,7603944846407077128,Jangan biarkan fase pertumbuhan rambutmu berhenti terlalu cepat. Bantu jaga siklus alaminya dengan n,health,0.95,False,ollama_enhanced,
dr.saddam_ismail,7603591556146138376,"Kalau dua hal ini terjadi barengan, itu kode keras tubuh kamu lagi darurat nutrisi. Yuk cek tipsnya ",health,0.95,False,ollama_enhanced,
dr.saddam_ismail,7603589768328383752,"Menutup aurat itu mulia, tapi pastikan tubuhmu gak kekurangan nutrisi matahari ya. Ini cara kompensa",health,0.95,False,ollama_enhanced,
dr.saddam_ismail,7603281277613051154,Sudah coba berbagai cara tapi tetap rontok? Saatnya fokus nutrisi akar rambutmu langsung dari dalam.,health,0.95,False,ollama_enhanced,
dr.saddam_ismail,7603280778021047559,Leher kaku kayak manggul beras? Itu tanda ototmu gagal rileks karena kurang nutrisi pengaturnya. Per,health,0.95,False,ollama_enhanced,
dr.saddam_ismail,7602465678091717908,"Ada ""kunci"" rahasia buat bangunin sistem imun di tubuh kamu biar gak gampang tumbang. Cek info lengk",health,0.95,False,ollama_enhanced,
dr.saddam_ismail,7602464417439173908,Tidur lama tapi bangun malah gak bertenaga? Bisa jadi metabolisme tubuhmu lagi gak optimal saat tidu,health,0.95,False,ollama_enhanced,
dr.saddam_ismail,7602186520900144405,#nutrimax #d34000iu #suplemen #tipssehat,health,1.0,True,manual_check,2026-09-19T09:39:31.319794
dr.saddam_ismail,7597363026701978901,"Takut minum obat seumur hidup karena takut ginjal rusak? Faktanya, penyebab utama gagal ginjal adala",health,0.95,False,ollama_enhanced,
dr.saddam_ismail,7597350089140620565,"Takut tidur ada tanaman di kamar karena berebut oksigen? Faktanya, jumlah oksigen yang diambil tanam",health,0.85,False,ollama_enhanced,
dr.saddam_ismail,7597347012975004948,Minum air di sela makan tidak bikin perut buncit atau mengganggu pencernaan. Asam lambung sangat kua,health,0.95,False,ollama_enhanced,
dr.saddam_ismail,7593190726704450824,Bulu kucing tidak menyebabkan kemandulan. Bahayanya ada pada parasit Toksoplasma di kotoran kucing a,health,0.95,False,ollama_enhanced,
dr.saddam_ismail,7590974972886060306,"Jantung berdebar dibilang firasat buruk? Faktanya, itu reaksi biologis tubuh terhadap gaya hidup sep",health,0.95,False,ollama_enhanced,
dr.saddam_ismail,7590974620203781383,"Warna merah pekat bekas kerokan bukan wujud angin yang keluar, melainkan pembuluh darah kapiler yang",health,0.95,False,ollama_enhanced,
dr.saddam_ismail,7590973894782094610,Dilarang makan pedas saat menyusui? Zat pedas yang masuk ke ASI sangat sedikit dan tidak otomatis bi,health,0.95,False,ollama_enhanced,
dr.saddam_ismail,7590972972353998087,Minum air lemon pagi hari tidak bisa melunturkan lemak tubuh secara langsung. Lemak hilang karena de,health,0.95,False,ollama_enhanced,
dr.saddam_ismail,7600972341408959764,Kenali tanda tubuh butuh asupan vitamin D. #badanlemas #rambutrontok #stamina #nutrimax #vitamind3,health,0.95,False,ollama_enhanced,
dr.saddam_ismail,7600332226487717136,Jarang kena matahari bikin badan gampang drop. Dosis 4000 IU bantu kejar asupan vitamin D harianmu. ,health,0.95,False,ollama_enhanced,
dr.saddam_ismail,7591000473692359954,Suplemen kolagen kaplet yang Mengandung Fish Collagen Tripeptide 1000 mg. Spill produk di keranjang.,health,0.85,False,ollama_enhanced,
jiemiardian,7598488832467586325,Waktu bukanlah penyembuh luka yang ajaib. Penting untuk diingat bahwa tanpa proses koreksi yang kons,health,0.95,False,ollama_enhanced,
jiemiardian,7603330828537515285,"🔍 Tidak semua orang menyadari dan mau berubah menjadi lebih baik. Dalam video ini, kita lihat bagaim",health,0.95,False,ollama_enhanced,
jiemiardian,7608126475740400916,Mengalami kekecewaan dalam hubungan adalah hal yang wajar. Kita bisa merasa kesal terhadap orang ter,health,0.95,False,ollama_enhanced,
jiemiardian,7612439614405496084,"Memaafkan itu proses yang panjang, bukan sekadar langkah cepat untuk merasa baik. Sakit hati mungkin",health,0.95,False,ollama_enhanced,
jiemiardian,7612815707956333845,"Pernah nggak sih, selain suara keras orang, tiba-tiba kamu teringat pengalaman masa lalu yang bikin ",health,0.95,False,ollama_enhanced,
jiemiardian,7620291532805000469,"✨ Jadi, apa rasanya saat kita tidak lagi terluka? Apakah kamu pernah merasa tidak ketrigger walaupun",health,0.95,False,ollama_enhanced,
jiemiardian,7622327857477455124,Penting untuk menyadari bahwa tidak semua gangguan jiwa disebabkan oleh pola asuh atau orang tua. Ba,health,0.95,False,ollama_enhanced,
jiemiardian,7624699591426100500,"Kalau kamu sendiri, apa ""cuma"" yang ada di pikiranmu?",health,0.95,False,ollama_enhanced,
jiemiardian,7628533129657011476,Dapet bahasan menarik dari @Lex | Relationship Coach bahwa ada perbedaan dan batasan dari terapi dan,health,0.95,False,ollama_enhanced,
jiemiardian,7629270100826213652,"Pernah merasa takut ditinggalkan? Bisa jadi itu adalah tanda anxious attachment, sebuah pola di mana",health,0.95,False,ollama_enhanced,
jiemiardian,7638545316593110293,"Seringkali, kita merasa konsultasi ke psikolog atau psikiater kurang efektif. Kenapa bisa begitu? Ad",health,0.95,False,ollama_enhanced,
jiemiardian,7641412053634190613,Psikolog psikiater jangan suka curiga gitu lah sama pemerintah. Mereka sudah melakukan yang terbaik ,health,0.85,False,ollama_enhanced,
jiemiardian,7643682343625952532,Validasi adalah gerbang untuk seseorang mulai bicara tentang traumanya. Gerbang ini merupakan hal ya,health,0.95,False,ollama_enhanced,
jiemiardian,7645901314781891860,Banyak yang mengira serangan panik (panic attack) saat macet di tol itu cuma karena takut telat atau,health,0.95,False,ollama_enhanced,
jiemiardian,7649255638018624788,Pernah gak sih ngerasa tindakan orang lain selalu salah atau mencurigakan di mata kita? 🤔Mengutip ka,health,0.95,False,ollama_enhanced,
jiemiardian,7651185615827897620,"Validasi emosi itu penting, tapi kalau CUMA itu yang kamu lakukan? You’re in trouble. Untuk jadi bij",health,0.95,False,ollama_enhanced,
jiemiardian,7657869760343887125,Gimana caranya seorang dokter bisa memberikan yang terbaik untuk pasiennya kalau mereka sendiri beke,health,0.95,False,ollama_enhanced,
jiemiardian,7660344472856808725,jadi psikiater sekaligus bantu teman menyelamatkan anaknya #agentkimreactivated,health,0.95,False,ollama_enhanced,
jiemiardian,7672707443037654292,"Merasa bersalah bisa menjadi kompas moral kita, tapi hati-hati jangan sampai berubah jadi malu yang ",health,0.95,False,ollama_enhanced,
dr.ndreamon,7640068022043954452,Kamu mengalami yang nomor berapa guys?,health,0.85,False,ollama_enhanced,
dr.ndreamon,7642261057641204999,ADHD dalam 28 detik.,health,0.95,False,ollama_enhanced,
dr.ndreamon,7650387081079819540,Kerja remote punya banyak keuntungan… Tapi ada satu biaya yang sering tidak terlihat: kehilangan kon,health,0.85,False,ollama_enhanced,
dr.ndreamon,7656820112976235796,Berikan saya 60 detik dan saya akan jelaskan konsep denial untuk Anda. Semoga kita cukup berbesar ha,health,0.95,False,ollama_enhanced,
dr.ndreamon,7663306111939923221,"Benarkah orang dengan depresi lebih gampang ketergantungan media sosial? Ternyata, iya! Bisa jadi, o",health,0.95,False,ollama_enhanced,
dr.ndreamon,7666392800421825812,"Untuk apa terapi lama-lama kalau bisa dirangkum dalam 2 menit saja! Atau, memang seharusnya tidak se",health,0.95,False,ollama_enhanced,
dr.ndreamon,7668246042164432149,"Apakah hal yang paling merusak mental seorang anak? Ternyata, yang penting bukan apa yang baru saja ",health,0.95,False,ollama_enhanced,
drluckyspa,7592125254424661266,Jadi perlu antibiotik kalau batuk pilek aja? Kalau virus ngga ya... #drluckyspa #kesehatananak #,health,0.95,False,ollama_enhanced,
drluckyspa,7605170899737726229,Kenapa anak di bawah 2 tahun sebaiknya no screen time?,health,0.95,False,ollama_enhanced,
drluckyspa,7605770292673269012,Ingat prinsip awal dunia medis: FIRST DO NO HARM!,health,0.85,False,ollama_enhanced,
drluckyspa,7607428521111211285,"Dok, aku maunya real food aja... gak mau fortifikasi. Saya ngerti banget bu! Kita pengennya yang ala",health,0.95,False,ollama_enhanced,
drluckyspa,7614088286365076757,"Campak hits bgt sih, ini 7 faktanya! Yang antivax ga ush dimentioooon",health,0.95,False,ollama_enhanced,
drluckyspa,7615619773921201429,Campak atau bukan? Apa ini roseola? @keluargakidi_,health,0.95,False,ollama_enhanced,
drluckyspa,7625930852400319765,"Mulut anak masih sensitif, refleks menelan juga masih tinggi. Makanya pasta gigi anak memang dibuat ",health,0.95,False,ollama_enhanced,
drluckyspa,7631835969590824212,"Mau bentuknya gummy, sirup, atau susu kotak warna-warni, tetap jangan berhenti di depan kemasan. Kar",health,0.95,False,ollama_enhanced,
drluckyspa,7633364482646986004,"Vitamin anak bukan soal angka paling tinggi, tapi komposisi yang aman dan sesuai kebutuhan. Zinc & v",health,0.95,False,ollama_enhanced,
drluckyspa,7635985148563033364,"Kalau kebutuhan ASI anak belum terpenuhi hingga dikhawatirkan dehidrasi, salah satu tandanya bisa te",health,0.95,False,ollama_enhanced,
drluckyspa,7641083507346771221,Langsung panik atau ngga? Bingung bisa cek di link saya ada checklist gratis!,health,0.85,False,ollama_enhanced,
drluckyspa,7642723551136664853,Anak sakit jadi ga mau makan bikin panik? Inget ada tanda bahayanya!,health,0.95,False,ollama_enhanced,
drluckyspa,7662606399809096981,Bayi belajar makan sendiri itu tidak langsung pintar memegang sendok. Mulainya dari menggenggam deng,health,0.95,False,ollama_enhanced,
drluckyspa,7665582560885476628,BLW itu apa? Makan sendiri? Bukan itu doang ya!,health,0.85,False,ollama_enhanced,
zickyneuro,7594054354412342549,,health,1.0,True,manual_check,2026-09-19T09:39:33.715248
zickyneuro,7597020694332968213,STROKE BISA DICEGAH !!!#infokesehatan #stroke #pencegahanstroke #dokterneurologijakarta,health,0.95,False,ollama_enhanced,
zickyneuro,7600426408338361621,ANGIN BISA BIKIN SAKIT BAHKAN BISA SAMPAI MENINGGALKatanya begitooooo 🤔Tonton dikit lah biar ada mas,health,0.95,False,ollama_enhanced,
zickyneuro,7631041972463258900,BUAT CEWEK YANG MAU AWET KECE WAJIB NONTON !!#zickyyombana #infokesehatan #kesehatanwanita,health,0.95,False,ollama_enhanced,
zickyneuro,7635469842996284693,"SAKIT PINGGANG MAU MAIN PADEL, MAIN PADEL GAK MAU SAKIT PINGGANG ? Nih tips nya bray #padel #informa",health,0.95,False,ollama_enhanced,
zickyneuro,7636249011111922965,"BUAT NEWBIE DI PADEL, LOE HARUS PUNYA INI !! Yang terpenting sebelom loe beli yang lain #zickyyomban",health,0.85,False,ollama_enhanced,
zickyneuro,7646661373497314581,"SIAPA YANG LUPA PENDINGINAN SELESAI MAIN PADEL ??? Mayoritas lupa kayaknya ya, padahal gak kalah pen",health,0.95,False,ollama_enhanced,
zickyneuro,7650829501902966036,"NEURO GAK SELALU URUSAN PENYAKIT...NEUROLOGI ITU GAYA HIDUP Hari ini gue sharing tentang stress, rec",health,0.95,False,ollama_enhanced,
zickyneuro,7654414153775435029,"EMANG MASIH MUDA BISA STROKE ??? Ya bisa tong !!! Barangsiapa yang memiliki otak, niscaya dia bisa k",health,0.95,False,ollama_enhanced,
zickyneuro,7666067349887323412,"👁️ Pernah Terbangun Tapi Gak Bisa Gerak? Ini Rahasia di Balik ""Ketindihan""! Pernah gak sih terbangun",health,0.95,False,ollama_enhanced,
zickyneuro,7672570158048824597,"PLANK: simpel, tapi banyak manfaat 💪 ✅ Menguatkan otot core ✅ Membantu stabilitas tubuh ✅ Menjaga po",health,0.95,False,ollama_enhanced,
zickyneuro,7679062075632520469,SERING BELANJA ONLINE BIKIN SARAF KEJEPIT 😱 Banyak dari kita duduk berjam-jam tanpa sadar posisi uda,health,0.95,False,ollama_enhanced,
putriemje,7593360257917750549,"Tips dari ahli gizi untuk yang usianya 30an, udh lama bgt ga ngonten edukasi di tiktok, karena sekar",health,0.85,False,ollama_enhanced,
putriemje,7605501680582642964,Ahli Gizi Planet Pandora 😭🙏🏻,health,0.85,False,ollama_enhanced,
putriemje,7607648030686219541,Jogging pagi 🫶🏻,health,0.65,False,ollama_enhanced,
putriemje,7609529791804345621,Membalas @Muhammad Ali ini beberapa tips puasa buat penderita maag & gerd yaa,health,0.95,False,ollama_enhanced,
putriemje,7609973167733460245,@Sensesoul Curly Hair Care,health,1.0,True,manual_check,2026-09-19T09:39:39.142379
putriemje,7613693882391350548,"Tips sahur dari Ahli Gizi biar kamu ga gampang lemes, kenyang lebih lama, dan pastinya cukup protein",health,0.95,False,ollama_enhanced,
putriemje,7614134205307718933,Kalian udah tau belum kalo peach gum itu bisa dijadiin takjil yang aman buat lambung? Terutama buat ,health,0.85,False,ollama_enhanced,
putriemje,7616672137658584341,"Majangin rambut itu bukan cuma soal cepat tumbuhnya, tapi soal nggak gampang patah di tengah jalan. ",health,0.85,False,ollama_enhanced,
putriemje,7626163719633980692,Symbiotic snack (probiotik & prebiotik),health,0.85,False,ollama_enhanced,
putriemje,7635208807760563477,"Salah satu fiber booster favorit aku adalah chia seed, karena cukup kudah di konsmsi ya, bisa ditabu",health,0.85,False,ollama_enhanced,
putriemje,7640342583620734229,My scalp & Hair Oil Routine,health,0.85,False,ollama_enhanced,
putriemje,7641495373726371093,BTS Dietitian Podcast,health,0.85,False,ollama_enhanced,
ekidarehanf,7676399227924270357,ini pertama kali aku datang ke pulau Kalimantan dan jujur sedih banget atas bencana kebakaran hutan ,health,0.85,False,ollama_enhanced,
ekidarehanf,7676044440141712660,menurut kamu sering makan kerupuk dan seblak termasuk asupan tinggi karbohidrat yang bisa mencetus d,health,0.85,False,ollama_enhanced,
ekidarehanf,7675669468541930773,menurut kamu kalau cacing disemprot dingin di kulit langsung mati atau ga? #setauekida,health,0.85,False,ollama_enhanced,
ekidarehanf,7675319717925571860,penyebab burung bernanah abis sunat bisa karena lukanya yang kotor/basah atau bahkan karena dosis an,health,0.95,False,ollama_enhanced,
ekidarehanf,7673807290075516180,"baru2 ini viral metode pengobatan china, jujur terlepas dari kepercayaan akan khasiat metode ini, ba",health,0.85,False,ollama_enhanced,
ekidarehanf,7671960624989031700,jadi yang di tengah tenggorok menggantung itu namanya apa? #setauekida,health,0.85,False,ollama_enhanced,
ekidarehanf,7670856459621813524,jadi sekarang tau ya kalau ingus keluar dari mata wajar atau ga? #setauekida,health,0.85,False,ollama_enhanced,
ekidarehanf,7670536793976114453,"Kalau lampu indikator mobil aja ada masalah kita beresin, masa gejala kesehatan saraf kita biarin? #",health,0.95,False,ollama_enhanced,
ekidarehanf,7669731329642122517,mulai sekarang yuk pilih air minum yang sesuai kebutuhan dan terbukti aman untuk tubuh kita yaa #set,health,0.85,False,ollama_enhanced,
ekidarehanf,7668634323037277461,setuju ga kalau koyo kontrasepsi ini mulai diterapkan di Indonesia sebagai KB untuk mencegah kehamil,health,0.95,False,ollama_enhanced,
ekidarehanf,7667498805931035924,siapa yang masih suka ngucek mata atau megang2 mata tapi tangannya kotor/banyak kuman? #setauekida,health,0.85,False,ollama_enhanced,
ekidarehanf,7664167742630612245,"membiasakan pola hidup sehat dimulai dengan tidur yang cukup tidak begadang, minum air putih yang cu",health,0.95,False,ollama_enhanced,
ekidarehanf,7661548767572675860,jika keracunan makanan sampe muntah2 dan diare berat jangan lupa minum oralit biar gantiin cairan da,health,0.95,False,ollama_enhanced,
ekidarehanf,7661184990213983509,es krim yang bersih dan higienis bisa bersifat simptomatik mengurangi gejala untuk radang tenggorok ,health,0.85,False,ollama_enhanced,
ekidarehanf,7658597833481850132,"30-40% kembar berhasil lahir normal asalkan posisi kepalanya di bawah, tidak terlilit tali pusar, da",health,0.95,False,ollama_enhanced,
ekidarehanf,7653763583238556948,tata laksana awal frostbite sebelum nekrosis/menghitam adalah area yang terkena frostbite di rendam ,health,0.95,False,ollama_enhanced,
ekidarehanf,7653068864728698133,"izin edukasi untuk pembelajaran kita bersama, hati2 minum obat keras sembarangan dan tanpa resep dok",health,0.95,False,ollama_enhanced,
ekidarehanf,7652665892584803604,"jika anak mendapatkan penelantaran, anak yang kedinginan bisa dihangatkan dengan selimut, beri anak ",health,0.95,False,ollama_enhanced,
ekidarehanf,7651180629853359381,"penyakit autoimun itu ibarat pemain bola yang ngegoalin ke gawang tim sendiri, dia ga bisa bedain an",health,0.95,False,ollama_enhanced,
ekidarehanf,7650441899211492629,"SEBELUM TELAT INGAT PERHATIKAN ANAK PADA UMUR 2-5 TAHUN, lihat apakah lengan dan kakinya pendek, ter",health,0.95,False,ollama_enhanced,
ekidarehanf,7648562394561580308,"gejala klasik diabetes 3P adalah (lapar berlebihan), polidipsi (rasa haus berlebihan), poliuri (kenc",health,0.95,False,ollama_enhanced,
ekidarehanf,7647825912486006036,"siapa yang masih ngira rebus telur keluar cacing pita? gejala awal infeksi cacing berupa mual, tubuh",health,0.95,False,ollama_enhanced,
ekidarehanf,7647380889877466389,"ikhtiar buat yang pencernaannya ga lancar pakai bahan alam yang murah dan aman, yang murni dan asli ",health,0.85,False,ollama_enhanced,
ekidarehanf,7647172140785077525,"yang lagi ikhtiar diet susah ngurangin gula/karbo bisa coba pemanis alami ini 0 kalori dan ga pahit,",health,0.95,False,ollama_enhanced,
ekidarehanf,7646715988913687829,"biasanya cewek2 yang suka ngeluh lemes, pucat, ga fokus, gampang capek coba cek Hb kalian, bahkan re",health,0.95,False,ollama_enhanced,
ekidarehanf,7645240948263456021,"izin edukasi yaa, jika sudah terlanjur keracunan makanan basi, penanganan awal bisa dengan hidrasi m",health,0.95,False,ollama_enhanced,
ekidarehanf,7644128796433730836,"kalau ketemu orang dengan hoarding disorder solusinya adalah dengan pahami situasinya, ajak bicara c",health,0.95,False,ollama_enhanced,
ekidarehanf,7640767007046094101,"hati2 ya kalau olahraga jangan terlalu berat dan ekstrem tanpa persiapan, penting untuk minum cairan",health,0.95,False,ollama_enhanced,
ekidarehanf,7640041074085432597,siapa yang suka nyiumin bayi/anak2? hati-hati dampaknya bisa sefatal ini #setauekida,health,0.85,False,ollama_enhanced,
ekidarehanf,7638193042616372500,"cara mengobati jerawat adalah dengan jaga kebersihan kulit, tetap jaga barrier dengan hidrasi kulit ",health,0.95,False,ollama_enhanced,
ekidarehanf,7637817411441298708,"siapa yang pernah kena tipes? percaya ga sama pepatah ""kerja, kerja, kerja tipes lo""? #setauekida #t",health,0.85,False,ollama_enhanced,
ekidarehanf,7637589793102384405,bahan alam yang bisa bantu pup lebih lancar tapi tetep wajib minum air yang cukup ya #setauekida,health,0.85,False,ollama_enhanced,
ekidarehanf,7632204073021869333,"kuncinya luka harus dijaga lembap karena koreng yang terlalu kering cenderung gatal dan mudah pecah,",health,0.95,False,ollama_enhanced,
ekidarehanf,7631868537690148116,cara untuk mencegah goresan kertas yang sakit ini adalah dengan menggunakan pelembap pada kulit tang,health,0.85,False,ollama_enhanced,
ekidarehanf,7631508738372799765,cara paling gampang untuk mencegah hampir semua batu ginjal adalah dengan minum air … (jawaban lengk,health,0.95,False,ollama_enhanced,
ekidarehanf,7631135061194198292,beberapa cara mencegah varises adalah dengan memposisikan kaki lebih … (selengkapnya cek di sebelah),health,0.95,False,ollama_enhanced,
ekidarehanf,7630040761492327700,salah satu pencegahan HIV untuk orang2 yang berisiko adalah dengan konsumsi obat P… (jawaban diappku,health,0.95,False,ollama_enhanced,
ekidarehanf,7628162849189252372,"salah satu obat penawar/antidot dari overdosis paracetamol adalah (cek diakunku sebelah), intinya ji",health,0.95,False,ollama_enhanced,
ekidarehanf,7627768048707030292,keratosis pilaris bisa dibantu dengan skincare eksfoliasi yang mengandung (jawaban lengkap diakunku ,health,0.95,False,ollama_enhanced,
ekidarehanf,7627056406688009493,bapak2 kok sering buncit lah ternyata hamil kembaran sendiri? penanganannya dengan (jawaban diakunku,health,0.85,False,ollama_enhanced,
ekidarehanf,7625953578254961941,lagi live tiba2 ngomongnya pelo ternyata stroke?! nah cara bedain antara stroke dan bells palsy adal,health,0.95,False,ollama_enhanced,
ekidarehanf,7625574331631930645,kalau mata kamu pernah males juga? salah satu terapi pada anak dengan (jawaban di sebelah) #setaueki,health,0.85,False,ollama_enhanced,
ekidarehanf,7624829602837400852,cara mengurangi rapbun jauh atau mata minus bahkan silinder selain operasi LASIK dan bahkan aku lagi,health,0.95,False,ollama_enhanced,
ekidarehanf,7620766929145597204,"halo teman2, cuma sekedar ngingetin kalian sadar ga kalau hal yang kalian lakuin dan dapetin sekaran",health,0.85,False,ollama_enhanced,
ekidarehanf,7618920853354368277,kalian tim ekida/farhan/ammarv,health,0.8,False,ollama_enhanced,
ekidarehanf,7611865891629927700,"pernah liat orang yang tiba2 tidur padahal lagi aktivitas, menurut kalian penyebabnya apa? #setaueki",health,0.85,False,ollama_enhanced,
ekidarehanf,7598774638734282002,menurut kalian kalau rahim diangkat masih bisa hidup ga?,health,0.95,False,ollama_enhanced,
ekidarehanf,7598465717293354258,pernah tau ga kalau biji pelir kalian bisa kepuntir terus mati?,health,0.85,False,ollama_enhanced,
ekidarehanf,7596601898703015176,matanya ada benjolan lemak? gimana cara obatinnya?,health,0.95,False,ollama_enhanced,
meta.hanindita,7604806573487066376,"Saya sering mendapat pertanyaan ""Kalau bayi saya alergi susu sapi, saat MPASI boleh ga sih dikasih d",health,0.95,False,ollama_enhanced,
meta.hanindita,7641128773038951688,,health,1.0,True,manual_check,2026-09-19T09:40:58.021508
meta.hanindita,7661946831340850450,"Beberapa tahun terakhir, sedang ramai dibicarakan soal #freezedriedbreastmilk atau #asibubuk. Semaki",health,0.95,False,ollama_enhanced,
reisabrotoasmoro,7680010459784793365,"Kadang saat menstruasi, yang berubah bukan cuma mood, tapi kondisi pencernaan juga bisa ikut terasa ",health,0.95,False,ollama_enhanced,
reisabrotoasmoro,7671453431369846036,"Banyak orang tua masih khawatir kalau anak terlalu sering makan telur. Padahal, yang lebih penting b",health,0.95,False,ollama_enhanced,
reisabrotoasmoro,7667450844547271957,"Menstruasi pertama memang semakin sering terjadi di usia yang lebih muda. Tapi yang perlu dipahami, ",health,0.95,False,ollama_enhanced,
reisabrotoasmoro,7659748961212845333,Alhamdulillah 🥰🙏 Tahun ini berkesempatan ikut turnamen Taekwondo Perang Bintang Antar Pelajar lagi. ,health,0.75,False,ollama_enhanced,
reisabrotoasmoro,7653422292168494357,Sering olahraga tapi masih gampang capek? Karena tubuh yang bugar bukan cuma soal rutin bergerak. Ti,health,0.95,False,ollama_enhanced,
reisabrotoasmoro,7656996440065002772,"Ternyata probiotik nggak cuma bantu menjaga kesehatan saluran cerna, tapi juga bisa mendukung daya t",health,0.95,False,ollama_enhanced,
reisabrotoasmoro,7654776149964426517,"Rumah dengan hewan peliharaan memang punya kebahagiaan tersendiri. Tapi tentu saja, kebersihan rumah",health,0.85,False,ollama_enhanced,
reisabrotoasmoro,7654409382314134805,Sering lupa minum air di tengah aktivitas? Padahal kebutuhan cairan harian berperan penting untuk me,health,0.85,False,ollama_enhanced,
reisabrotoasmoro,7646757674943614229,Mommy & daughter Pilates time again 🤍 @Ramania Putri Brotoasmoro We love the cozy and calming vibes ,health,0.7,False,ollama_enhanced,
reisabrotoasmoro,7637018128433564949,"Sering dianggap sama karena sama-sama mengandung gula, padahal cara tubuh meresponsnya bisa sangat b",health,0.95,False,ollama_enhanced,
reisabrotoasmoro,7633151120621374741,"Bayi sering rewel, kolik, atau susah BAB umumnya disebabkan karena saluran pencernaannya belum matan",health,0.95,False,ollama_enhanced,
reisabrotoasmoro,7625568415448632596,"Bekas luka bisa jadi lebih “ringan” kalau dirawat dengan tepat ✨ Kuncinya bukan instan, tapi konsist",health,0.95,False,ollama_enhanced,
reisabrotoasmoro,7614085175651126549,"Bosen makan tempe dimasak gitu-gitu aja? cobain deh, kering teri tempe. Lauk yang bisa disimpan lama",health,0.75,False,ollama_enhanced,
reisabrotoasmoro,7612608744886799637,Senang sekali bisa diundang dan menerima apresiasi dari ibu-ibu hebat yang pertama kali dipertemukan,health,0.85,False,ollama_enhanced,
reisabrotoasmoro,7609897325082774804,"Hai lovely people 🤍✨ Minggu awal puasa sering jadi fase adaptasi tubuh. Pola makan berubah, jam biol",health,0.95,False,ollama_enhanced,
reisabrotoasmoro,7617847998457974036,"Saat Si Kecil mulai belajar puasa, tubuhnya sedang beradaptasi dengan pola makan yang berubah. Karen",health,0.95,False,ollama_enhanced,
reisabrotoasmoro,7597802127980776724,"Lovely People, siapa yang pernah ngalamin ""tindihan""? Rasanya sesak, nggak bisa gerak, dan kayak ada",health,0.95,False,ollama_enhanced,
reisabrotoasmoro,7592438417984589077,"Lovely People, ganja ternyata menyimpan manfaat medis yang sangat besar dan bermanfaat bagi kesehata",health,0.95,False,ollama_enhanced,
fauzaannibras,7592813888379374868,mana pas dateng blgnya alergi debu 😅#dokter #doktergenz,health,0.85,False,ollama_enhanced,
fauzaannibras,7595239426318404885,"janji bulan februari aku ganti ✌🏻😭, jgn kapok ya #dokter #doktergenz",health,0.85,False,ollama_enhanced,
fauzaannibras,7596348912500296980,"akhirnya jailku tak berdosa, ga pernah semenarik ini jadi #dokter #doktergenz",health,0.85,False,ollama_enhanced,
fauzaannibras,7597842653773892885,gender sebelah mau di keplak keplakin? 🗿#dokter #doktergenz,health,0.85,False,ollama_enhanced,
fauzaannibras,7600304550364433684,"kita pasti pengen yg terbaik buat yg sakit, tapi kita juga pgn yang sakit paham tentang penyakitnya ",health,0.95,False,ollama_enhanced,
fauzaannibras,7601505591776791829,"dibalik strecth marks sbnrnya ada cerita, tp bkn brarti ga blh ada #stretchmarks tipsnya sampe akhir",health,0.95,False,ollama_enhanced,
fauzaannibras,7605529752044096788,"yg matiin BPJS siapa, nakes lg yg kena omel #dokter #doktergenz",health,0.95,False,ollama_enhanced,
fauzaannibras,7606276579571944725,ini termasuk penelitian kan? 🗿#dokter #doktergenz,health,0.85,False,ollama_enhanced,
fauzaannibras,7607023616663883028,emg ada cukuran dokter? ada dong 🤙#dokter #doktergenz,health,0.85,False,ollama_enhanced,
fauzaannibras,7607126995054480660,"2026 ga ush takut kerja outdoor lg 👍,@Randoka izin bg kairi 🙏#dokter #doktergenz #glowuptips",health,0.75,False,ollama_enhanced,
fauzaannibras,7607764537231576341,"aku bisa jadi semua tipemu, tp km ttp ke dokter lain 😞#dokter #doktergenz",health,0.85,False,ollama_enhanced,
fauzaannibras,7608224384423087380,"Replying to @bukan idamanmu sakitmu adalah berkah ku, sehat sehat org baik 🥰 🗿#dokter #doktergenz",health,0.85,False,ollama_enhanced,
fauzaannibras,7608502414777306389,"kadang dokter baik kyk kita suka dimanfaatin 🥺😭, makany bljr tegas #dokter #doktergenz",health,0.85,False,ollama_enhanced,
fauzaannibras,7610183400170867989,"noh yg nanya enak ga punya pacar dr gigi, apalgi pas sariawan ga pake minosep, abis lu.. kek gua 🤣 #",health,0.85,False,ollama_enhanced,
fauzaannibras,7613575946938993941,podohol obrolan ku karo pasien we nyambung 😔 ib mas mas @jowoborot #dokter #doktergenz,health,0.85,False,ollama_enhanced,
fauzaannibras,7615509554691984661,"yg program aja suka lupa masalah ini, apalagi yg gak? 🤷🏻‍♂️ #dokter #doktergenz #strecthmarks #ciara",health,0.85,False,ollama_enhanced,
fauzaannibras,7616192077440945429,gabisa bgt momen kek gini liat muka tmn 🙏😭 #dokter #doktergenz,health,0.85,False,ollama_enhanced,
fauzaannibras,7624095411468389653,"anak klo sehat, pinter, tinggi. ya dimulai dri masa pertumbuhannya 👍#solusianaksusahmakan #flyonkids",health,0.85,False,ollama_enhanced,
fauzaannibras,7626930474581036308,"dan yap, gw setuju self love itu penting#dokter #doktergenz #capdaunteratai #minumanherbal @PT. Daun",health,0.75,False,ollama_enhanced,
fauzaannibras,7627337647916076309,"hal plg menakutkan pas koas, ditanya mendadak tnpa persiapan 🙏😭#dokter #doktergenz #medstudent",health,0.95,False,ollama_enhanced,
fauzaannibras,7628915360305040660,abis ngopi lgsg tidur 😭 (abis jaga malem) #dokter #doktergenz,health,0.75,False,ollama_enhanced,
fauzaannibras,7630775195434978580,"⭐️1 krn alam, memang serba salah nakes 😭#dokter #doktergenz",health,0.85,False,ollama_enhanced,
fauzaannibras,7631506929239559444,"sbntar lg akan ada yg sll standby di igd pagi, siang,malem selain gw, yaitu @Ikhsanqthii, MD 🙏🗿😂 #do",health,0.85,False,ollama_enhanced,
fauzaannibras,7632877702885805332,efek begadang tiap hari 🙏🗿#dokter #doktergenz,health,0.85,False,ollama_enhanced,
fauzaannibras,7634729317901094164,kenapa nyakk mereka bgini? 🤷🏻‍♂️ @nando @Robbypantjoro #dokter #doktergenz,health,0.85,False,ollama_enhanced,
fauzaannibras,7637453427060067604,pdhl 2 menit lg shift dokter lain.. resiko 🙏😪#dokter #doktergenz,health,0.85,False,ollama_enhanced,
fauzaannibras,7638564430019710228,gapernah dgr suara jantung sejelas ini 🙏😭#dokter #doktergenz,health,0.85,False,ollama_enhanced,
fauzaannibras,7638813961445543189,problematika gen z selain uban adlh rambut rusak gegara warna warni #dokter #doktergenz #rambutmaksi,health,0.85,False,ollama_enhanced,
fauzaannibras,7641534647662447893,cuaca Indo + pake helm = gatell palakk 🤯😖#dokter #doktergenz,health,0.85,False,ollama_enhanced,
fauzaannibras,7641900577802243349,"beres kerja, social battery tinggal 2% 🙃🪫#dokter #doktergenz",health,0.85,False,ollama_enhanced,
fauzaannibras,7647720003948629268,"pagi pagi kok hectic, senam lah 😬😝#dokter #doktergenz",health,0.7,False,ollama_enhanced,
fauzaannibras,7648212687276543252,"lg musim batuk pilek, yg sakit tenggorokan cung ☝🏻☝🏻",health,0.95,False,ollama_enhanced,
fauzaannibras,7650436717224201493,"sikat gigi ga ganti 1 taun? gigi ga bersih, gusi? jelas bisa infeksi, ompong pun bisa 😬🤓",health,0.95,False,ollama_enhanced,
fauzaannibras,7650808164891282709,biarkan harga konsul yg menentukan kak 🙏#dokter #doktergenz,health,0.85,False,ollama_enhanced,
fauzaannibras,7653406843695418644,"kesel bet gw problematika umur gen z, muka kek anak 2 🙏😭 @HAUFF #dokter #doktergenz",health,0.95,False,ollama_enhanced,
fauzaannibras,7653776806809439508,"inilah alesan cowo makan cepet, ada porsi kedua 🙏😊#doktergenz",health,0.75,False,ollama_enhanced,
fauzaannibras,7655632349341797652,Meanwhile gw ancur lebur dikerjaan 🙏😭#dokter #doktergenz,health,0.85,False,ollama_enhanced,
fauzaannibras,7660827865889426708,"problem baru unlocked ✅ asi rembes pas kerja, ngemall dll. gaperlu takut dan malu lg skrg 🤙👌🏻#breast",health,0.95,False,ollama_enhanced,
fauzaannibras,7661867160129604885,"dateng mepet, pulang cepet. Mentality (apalagi senin) 🤝🗿#dokter #doktergenz",health,0.85,False,ollama_enhanced,
fauzaannibras,7661943788692049173,"yang bisa dicapai adalah remisi, kondisi dmn gejalanya mereda/ bahkan hilang utk periode tertentu.re",health,0.95,False,ollama_enhanced,
fauzaannibras,7662312755739004181,curahan hati adik kecil yg udh jd doktel 🗿,health,0.85,False,ollama_enhanced,
fauzaannibras,7664169900969184533,"ternyata dr spesialis.. dan lebih gong, ternyata dosennya bpk ku 🙏🗿 #dokter #doktergenz",health,0.85,False,ollama_enhanced,
fauzaannibras,7667519267386133781,"yg no 5, pasti semua pengen 😭#dokter #doktergenz",health,0.85,False,ollama_enhanced,
fauzaannibras,7669368964513942805,"kalau gerakan kakinya udh bisa kyk gitu, berarti sudah ada perbaikan di sakitnya 🗿 btw gws abang sen",health,0.95,False,ollama_enhanced,
fauzaannibras,7674556211127291156,pas kecil liat dokter “🥰🤩” pas jd dokter liat anak kecil “😭🗿”#dokter #doktergenz,health,0.85,False,ollama_enhanced,
dr.zulvia.syarif.spkj,7594476062856236295,Hati-hati manipulasi pada #childgrooming #kesehatanmental #psikiater,health,0.95,False,ollama_enhanced,
dr.zulvia.syarif.spkj,7674115525458365714,Biar makin paham tentang NPD ikut terus #100HariNgontenNPD #day1 #npd #mentalhealth,health,0.85,False,ollama_enhanced,
dr.zulvia.syarif.spkj,7673050081683180808,What do u think about this case? #lindsayclancy #postpartumpsychosis #depresipascamelahirkan,health,0.95,False,ollama_enhanced,
dr.zulvia.syarif.spkj,7667517834611657991,"Replying to @Dedeh Suryani ini solusinya, semangat bun! #kesehatanmental #psikiater#drvivisyarif",health,0.95,False,ollama_enhanced,
dr.zulvia.syarif.spkj,7665686546028317970,Selamat Hari Anak Nasional! Yuk jadikan anak Indonesia sehat mental! #kesehatanmental #anak #psikiat,health,0.95,False,ollama_enhanced,
dr.zulvia.syarif.spkj,7669745167657684242,"Siap ya jadi parents yang baik, ya kan? Ps yang mau baca buku tentang NPD, cek link saya yaaa!",health,0.85,False,ollama_enhanced,
dr.zulvia.syarif.spkj,7664164919683730696,Hmmm... silakan nilai diri dan pasangan masing2 #psikiater #keluarga #kesehatanmental,health,0.85,False,ollama_enhanced,
dr.zulvia.syarif.spkj,7663151046230854930,"Replying to @soeparmanwiryawija Gapapa, kita belajar bersama jadi good enough parent utk anak2 kita ",health,0.85,False,ollama_enhanced,
dr.zulvia.syarif.spkj,7662762864263843080,Replying to @ce.bum Kenyataannya tidak begitu. Yang tak pernah divalidasi justru saat dewasa haus va,health,0.95,False,ollama_enhanced,
dr.zulvia.syarif.spkj,7662051956839501063,Replying to @asciicode83 pentingnya lingkungan yang aman dan memvalidasi #edukasi #kesehatanmental #,health,0.95,False,ollama_enhanced,
dr.zulvia.syarif.spkj,7661675223258877192,Semangat pulih! Dirimu berhak sehat dan bahagia! https://shop-id.tokopedia.com/view/product/17362063,health,0.85,False,ollama_enhanced,
dr.zulvia.syarif.spkj,7659385776655895816,Stay safe gaess #bully #intimidasi #depresi,health,0.85,False,ollama_enhanced,
dr.zulvia.syarif.spkj,7656898831375797511,Mau tahu red flags lainnya dari pelaku kekerasan? #redflags #abusiverelationship #psikiater,health,0.95,False,ollama_enhanced,
dr.zulvia.syarif.spkj,7656754753812073746,"Ga mudah lepas dari relasi toksik! Be careful, kenali red flags dari awal relasi! #traumabonding #ab",health,0.95,False,ollama_enhanced,
dr.zulvia.syarif.spkj,7654844557699353864,Kesepian berkaitan dengan meningkatnya keigninan bund*r dan kematian lho menurut WHO! Share info ini,health,0.85,False,ollama_enhanced,
dr.zulvia.syarif.spkj,7652327238792137991,Ternyata @sadampermanawiyana pernah dibully! Ini pesan Sadam untuk para pembully ya! Yang pernah dib,health,0.95,False,ollama_enhanced,
dr.zulvia.syarif.spkj,7650511462578048274,"Langkah pertama: mengakui, menerima #mentalhealthmatters #psikiater #kesehatanmental",health,0.95,False,ollama_enhanced,
dr.zulvia.syarif.spkj,7648093691340393735,Replying to @coldbrew34 Semangat para BPD survivors! You deserve to heal and yes you can heal! #bpda,health,0.95,False,ollama_enhanced,
dr.zulvia.syarif.spkj,7646595905918946567,Replying to @alhadromyspices007 ini bedanya yaaaa #bpd #npd #psikiater,health,0.95,False,ollama_enhanced,
dr.zulvia.syarif.spkj,7645942204644609287,Replying to @🍃 jaga kesehatan mentalmu jg ya sbg caregiver 🤗 #bpd #borderlinepersonalitydisorder #ps,health,0.95,False,ollama_enhanced,
dr.zulvia.syarif.spkj,7645645132154391816,Bahas BPD yuk #bpd #borderlinepersonalitydisorder #ambang,health,0.95,False,ollama_enhanced,
dr.zulvia.syarif.spkj,7642369859623472392,Replying to @dyashcy_ Ibu adalah sosok yg sangat penting (bisa dibilang paling penting) pd kehidupan,health,0.95,False,ollama_enhanced,
dr.zulvia.syarif.spkj,7641526621480242440,"Cepetan, Gen Z mau nanya apaaa? #mentalhealth #genz #kesehatanmental #psikiater",health,0.95,False,ollama_enhanced,
dr.zulvia.syarif.spkj,7660176864371117320,Narcissistic Abuse - kekerasan emosional yang awalnya tak disadari oleh korban #npd #thetruthaboutnp,health,0.85,False,ollama_enhanced,
dr.zulvia.syarif.spkj,7637676165553130770,Mau salting dipuji mancung padahal lagi pake masker 😂 Pasiennya juga lagi alami Delirium. Delirium a,health,0.95,False,ollama_enhanced,
dr.zulvia.syarif.spkj,7635316652824874248,#duet with @fikrimarwannn #onelesslonelygirl thanks dc nya @fikrimarwannn baru ini doang yg bisa dic,health,1.0,True,manual_check,2026-09-19T09:41:12.803024
dr.zulvia.syarif.spkj,7634890908609154312,"Siapa support system kamu? Spill deh. Sebagai psikiater dan mental health educator, saya berharap bi",health,0.95,False,ollama_enhanced,
dr.zulvia.syarif.spkj,7633841864008830215,Replying to @dolfokucingorenDampak dan pemulihan trauma bisa beda2 tiap orang. Semoga korban tidak a,health,0.95,False,ollama_enhanced,
dr.zulvia.syarif.spkj,7631075129291787538,Punya pasangan yang kondisi emosionalnya lebih stabil itu investasi jangka panjang gaesss.... So sho,health,0.95,False,ollama_enhanced,
dr.zulvia.syarif.spkj,7628793479899974919,"Jangan anggap remeh cuma chat, cuma becandaan. Jangan normalisasi KS ! #edukasitiktok #ks #psikiater",health,0.95,False,ollama_enhanced,
dr.zulvia.syarif.spkj,7625251387567295751,"Buat yang promosi apapun, bijaklah menggunakan ruang publik ya. Hati2 pd kelompok rentan. #psikiater",health,0.95,False,ollama_enhanced,
dr.zulvia.syarif.spkj,7623604758867102983,"Selengkapanya di channel YT saya yaaa, YT dr Vivi Syarif - Psikiater #adiksi #judol #edukasi",health,0.85,False,ollama_enhanced,
dr.zulvia.syarif.spkj,7623215954423500039,Yang mana yang kamu belum tahu? #bipolar #worldbipolarday #psikiater,health,0.95,False,ollama_enhanced,
dr.zulvia.syarif.spkj,7617499208270040338,Selengkapnya di YT dr Vivi Syarif - Psikiater. Jangan lupa subrek gaesss! #psikiater #obat #gangguan,health,0.85,False,ollama_enhanced,
dr.zulvia.syarif.spkj,7616183132076690695,Ada kebiasaan yg kamu lakukan ga nih? Cek HP pagi hari sih yg syulid! #edukasi #tips #mentalhealth,health,0.85,False,ollama_enhanced,
dr.zulvia.syarif.spkj,7614318774434450695,Jangan kaku-kaku amat ya! #psikiater #kesehatanmental #drvivisyarif,health,0.95,False,ollama_enhanced,
dr.zulvia.syarif.spkj,7612450837994032392,"Assalamualaikum, bukber yuuk Hype People! Sabtu 7 Maret 2026 jam 16.00 Di BMHS Diagnos Tower lt 8 Me",health,0.85,False,ollama_enhanced,
dr.zulvia.syarif.spkj,7607470806855093512,Save our kids 🥺 #kesehatanmental #remaja #psikiater,health,0.95,False,ollama_enhanced,
dr.zulvia.syarif.spkj,7603190202961530119,Selengkapnya di YT channel dr Vivi Syarif - Psikiater #adiksi #gas #napza,health,0.85,False,ollama_enhanced,
dr.zulvia.syarif.spkj,7602639626066496776,Buat anak2 dewasa nih yg inner childnya terluka sama ortu #trauma #kesehatanmental #psikiater,health,0.95,False,ollama_enhanced,
dr.zulvia.syarif.spkj,7601569338474220807,"Gausah coba2 guys, ga worth it. Sayangi sel2 otakmu, dan yg paling penting nyawamu! #penyalahgunaann",health,0.95,False,ollama_enhanced,
dr.zulvia.syarif.spkj,7599693783084649746,"Traumanya di masa kanak, ngaruhnya sampai ke relasj di masa dewasa #trauma #relasi #psikiater",health,0.95,False,ollama_enhanced,
dr.zulvia.syarif.spkj,7597693185065897223,Full video di YT dr Vivi Syarif - Psikiatee #parenting #polaasuh #remaja,health,0.85,False,ollama_enhanced,
dr.zulvia.syarif.spkj,7595232255543430408,Ini ciri2 narsistik pelaku kekerasan yaa #childgroooming #psikiater #npdawareness,health,0.85,False,ollama_enhanced,
dr.zulvia.syarif.spkj,7593250269878586642,Replying to @karamel_coklat204 #mentalhealth #psikiater #drvivisyarif,health,0.95,False,ollama_enhanced,
dr.zulvia.syarif.spkj,7593159946095578386,"Kuliah adalah scam ?!? Affah iyyyah? Saya sih ga setuju ya, kalau kalian bagaimana? #kuliah #psikiat",health,0.85,False,ollama_enhanced,
dr.zulvia.syarif.spkj,7592789235480972552,My personal opinion. We can agree to disagree. Kalau kalian tim yg mana? 😁 #kesehatanmental #psikiat,health,0.85,False,ollama_enhanced,
dr.zulvia.syarif.spkj,7590992977682517266,"Replying to @momogicheese Yang toksik2 jangan diturunin ya gaes ya, buatlah keluarga cemaramu sendir",health,0.85,False,ollama_enhanced,
dr.zulvia.syarif.spkj,7590434109047016722,Jangan ada lagi kasus2 seperti ini please! #pskiater #edukasi #kesehatanmental,health,0.95,False,ollama_enhanced,
doktermedok,7680188511907024148,Latihan mandiri penguatan otot Gluteus Medius 🔥 Kalau otot ini lemah bisa bikin lebih risiko sakit p,health,0.95,False,ollama_enhanced,
doktermedok,7679627356104903957,Sensory Play hari ini : Cosplay Mario Bros & Pesawat Terbang 😜 *Boleh dicoba kalau tummy time sudah ,health,0.85,False,ollama_enhanced,
doktermedok,7678690229095763220,Bed Hip Mobility 🔥 Banyak yang belum “ngeuh” bahwa Fleksibilitas dan Mobilitas Area Panggul (Hip) in,health,0.95,False,ollama_enhanced,
doktermedok,7678309122101611796,"Latihan core simpel, sederhana, bisa dimanapun, bikin gobyos & gemetar tapi manfaatnya muantep : PLA",health,0.95,False,ollama_enhanced,
doktermedok,7677597769485339925,Satu gerakan Exercise Snacks buat “release” myofascia posterior & spiral (jalur otot-fascia belakang,health,0.95,False,ollama_enhanced,
doktermedok,7676449633874251028,“Platelet Rich Plasma & Platelet Poor Plasma” buat “Chronic Low Back Pain” (Sakit Punggung Menahun) ,health,0.95,False,ollama_enhanced,
doktermedok,7673870194149707029,Salah satu cara buat cek “kekuatan” otot Quadricep : USG Otot Qudricep 🔥 Note penting : Untuk mening,health,0.95,False,ollama_enhanced,
doktermedok,7673505246034840852,"Beberapa kemungkinan diagnosa sakit di pantat atau panggul luar 🔥 Note : - Buat diagnosa pasti, waji",health,0.95,False,ollama_enhanced,
doktermedok,7671468642713799957,"Curcol dikit cara menjaga badan tetap fit di tengah kesibukan sebagai Dokter Sp KFR, Content Creator",health,0.95,False,ollama_enhanced,
doktermedok,7671259149212060949,3 Tes Simpel Mandiri untuk Cek “Jompo” Badan 🔥 Note : - Tes ini terutama untuk cek fleksibilitasi ot,health,0.95,False,ollama_enhanced,
doktermedok,7671233199556529429,"Keringetan buanyak memang bisa bikin engga pede dan ganggu aktivitas sehari-hari, TAPI bisa banget k",health,0.95,False,ollama_enhanced,
doktermedok,7670528667306495252,Curcol Tips & Pengalamanku supaya engga jerawat kambuh-kambuhan 🙌🏻 #LAROCHEPOSAYID #SKINLIFECHANGER ,health,0.85,False,ollama_enhanced,
doktermedok,7669800529156918548,"Latihan Mandiri “Strengthening & Mobility Otot Leher, Punggung Atas, dan Scapula” pakai Latex Band 🔥",health,0.95,False,ollama_enhanced,
doktermedok,7668672386937539860,Latihan Mandiri untuk Spondilolisthesis (Tulang Belakang Geser) 🔥 Inget buat kondisi pastinya wajib ,health,0.95,False,ollama_enhanced,
doktermedok,7668308338777967893,"Myofascia Release Posterior Line ( Punggung Atas, Tengah, Bawah) 🔥 Wajib rutin setiap hari latihanny",health,0.95,False,ollama_enhanced,
doktermedok,7667913439976819988,Strengthening otot yang penting pol buat Runner tapi sering kelupaan 🔥 Note : - Latihan ini juga bis,health,0.95,False,ollama_enhanced,
doktermedok,7664167551269719316,"Latihan Rolling (berguling) buat Baby 👶🏻 Selain rutin latihan kaya gini, stimulasi visual dan audio ",health,0.95,False,ollama_enhanced,
doktermedok,7663457826857061652,Rekomendasi Olahraga Aerobik bagi Penderita Pengapuran (Osteoarthritis) Lutut 🔥 Frekuensi Latihan bi,health,0.95,False,ollama_enhanced,
doktermedok,7663118425706777877,"Beberapa penyebab paling sering nyeri telapak kaki 🙌🏻 Note : - Buat diagnosa pasti,wajib konsul dokt",health,0.95,False,ollama_enhanced,
doktermedok,7662002973551217940,"Latihan Simpel dan Relatif Aman buat Sakit Leher (Sakit terutama saat gerak mendongak, menekuk ke de",health,0.95,False,ollama_enhanced,
doktermedok,7660122109661760788,3 Penyebab Utama cairan radang atau bengkak di sendi kambuh terus 🙌🏻,health,0.95,False,ollama_enhanced,
doktermedok,7659750407509609748,Bodyweight Strengthening Otot Quadricep supaya Lutut makin “Kuat” 🔥 Note : - Ini contoh latihan simp,health,0.95,False,ollama_enhanced,
doktermedok,7659408010833399061,Fascia Hydrodissection buat Myofascia Pain Syndrome Latissimus Dorsi (perlengketan otot dan fascia “,health,0.95,False,ollama_enhanced,
doktermedok,7657538353839246612,Prinsip Rehabilitasi untuk Carpal Tunnel Syndrome 🙌🏻 Jangan lupa buat penegakan diagnosa dan tatalak,health,0.95,False,ollama_enhanced,
doktermedok,7656819139142552853,"Serba serbi dikit tentang Plank 🔥 Bisa banget dirutinin Plank : 30-60 detik, 3x sehari (pagi, sore, ",health,0.95,False,ollama_enhanced,
doktermedok,7656240634302369045,Cara Cegah Kepala Bayi Peyang (Flat Head Syndrome) 👶🏻 Simpel tapi penting pol Note : - Buat pemeriks,health,0.95,False,ollama_enhanced,
doktermedok,7654949544580451605,Sedikit reminder buat para pejuang Osteoarthritis (Pengapuran) Lutut 🔥,health,0.95,False,ollama_enhanced,
doktermedok,7653317760889490708,Siapa yang ngerasa juga kalo akhir-akhir ini cuaca makin puanas? Kondisi cuaca panas bisa rawan biki,health,0.95,False,ollama_enhanced,
doktermedok,7652736685381340436,4 Pilar Utama Aktivitas buat Bayi 0-3 bulan 🔥 Note : - Secara umum sampai usia berapapun ya 4 pilar ,health,0.95,False,ollama_enhanced,
doktermedok,7652682900160138517,Lari bareng Le Minerale Running Squad kategori Half Marathon di JAKIM 2026 🔥 Selalu tak ingetin buat,health,0.95,False,ollama_enhanced,
doktermedok,7652333044568821012,3 Tanda bahwa sebetulnya cedera kamu uda makin membaik 🔥,health,0.95,False,ollama_enhanced,
doktermedok,7651967625311866132,"Fascia Hydrodissection & Latihan Mandiri buat release ITB, Vastus Lateral, Tensor Fascia Latae 🔥 Not",health,0.95,False,ollama_enhanced,
doktermedok,7650487772859600148,Rumus Hitung “Heart Rate Zone” : Karvonen Formula Ada 2 Disclaimer penting : 1. Rumus-rumus ini sifa,health,0.95,False,ollama_enhanced,
doktermedok,7650130461787966741,3 area otot yang penting dilatih kalau ada Nyeri Lutut (terutama untuk Diagnosa : Patellofemoral Pai,health,0.95,False,ollama_enhanced,
doktermedok,7648474508201970965,Latihan Mandiri buat Flat Foot atau Low Arch 🔥 Latihan ini simpel tapi penting pol dan kudu dirutini,health,0.95,False,ollama_enhanced,
doktermedok,7647881850127453460,4 Faktor Penyebab Cedera kamu engga sembuh-sembuh,health,0.95,False,ollama_enhanced,
doktermedok,7647142352879881493,Jenis-jenis Suntikan untuk Osteoarthritis (Pengapuran) Lutut 🔥 Apapun jenis suntikan atau rehabilita,health,0.95,False,ollama_enhanced,
doktermedok,7646236693703560468,2 Penanganan Posisi kalau perut Baby-nya kembung dan nangis-nangis 👶🏻 Note : Amannya dikonsulkan ke ,health,0.95,False,ollama_enhanced,
doktermedok,7644372863050370324,Otot yang WAJIB dilatih bagi Lansia : Handgrip Strength 🔥 Bisa rutin dilatih setiap hari,health,0.95,False,ollama_enhanced,
doktermedok,7642346569920187669,"Latihan dan Stretching buat Baby supaya pencernaan lancar, sehingga bantu cegah kembung dan kolik ab",health,0.95,False,ollama_enhanced,
doktermedok,7641770278137187605,Salah Satu Realita Pasien Zaman Now : Umur di bawah 40 tahun Uda Banyak Yang Kena Diabetes 🙈 Monggo ,health,0.95,False,ollama_enhanced,
doktermedok,7640646349477711124,"Flexibility + Mobility Training WAJIB buat para Runner 🔥 Penting pol buat persiapan event apapun, su",health,0.95,False,ollama_enhanced,
doktermedok,7640076901620419861,"3 Latihan Simpel harian supaya fleksibilitas, mobilitas, dan postur makin “OK” 🔥 ✅ Deep Squat : buag",health,0.95,False,ollama_enhanced,
doktermedok,7637150032256339221,3 Bahaya kalau Cedera belum bener-bener sembuh atau “dipelihara”,health,0.95,False,ollama_enhanced,
doktermedok,7636376498970070293,Latihan buat Lutut yang engga bisa lurus 🔥 Buat cari tau penyebab pasti harus periksa dokter *Hamstr,health,0.95,False,ollama_enhanced,
doktermedok,7636034134955035925,"Latihan Penguatan Otot-Otot kecil dan dalam di Leher buat HNP (Saraf kejepit) Cervical, Pengapuran, ",health,0.95,False,ollama_enhanced,
doktermedok,7633434084496231700,"2 “Exercise Snacks” buat pejuang kantoran supaya Tulang Belakang, Otot Punggung, Belikat, Sayap, dan",health,0.95,False,ollama_enhanced,
doktermedok,7632855137240812820,Strength + Balance Training WAJIB buat Runner 🔥 Penting buat yang lagi persiapan event terutama Half,health,0.95,False,ollama_enhanced,
doktermedok,7631180997152967956,Rehabilitasi Mandiri buat “Proximal Hamstring Tendinopathy” ➡️ Sakit di paha belakang deket “tulang”,health,0.95,False,ollama_enhanced,
doktermedok,7630841349754899732,Suntik PRP (Platelet Rich Plasma) buat Osteoarthritis (Pengapuran) Lutut & Latihan Penguatan Lutut 🔥,health,0.95,False,ollama_enhanced,
doktermedok,7590378958659702037,"Resolusi 2026 biar pada makin sehat & bugar 🔥Happy New Year semuaaaSemoga sehat selalu, diberkati se",health,0.75,False,ollama_enhanced,
doktermedok,7592999036232240404,"Pronator Teres Syndrome Exercise 🔥 Jangan lupa, buat diagnosa pasti ya harus periksa dokter langsung",health,0.95,False,ollama_enhanced,
doktermedok,7595212449083657493,"Piriformis Syndrome Exercise 🔥Tak ingetin lagiWAJIB hukumnya buat latihan mandiri di rumah lho ya, b",health,0.95,False,ollama_enhanced,
doktermedok,7595578807885548820,Latihan mandiri buat jempol tangan kaku dan sakit 🔥 *Trigger Thumb : tendon jempol tangan meradang d,health,0.95,False,ollama_enhanced,
doktermedok,7595952404642712852,Latihan buat sakit area dada gara-gara masalah otot 🔥Nyeri area dada itu bisa juga gara-gara masalah,health,0.95,False,ollama_enhanced,
doktermedok,7596518013080259860,"Full Body Mobility Exercise 🔥Monggo bisa dilakuin pagi, siang, sore, atau malem",health,0.95,False,ollama_enhanced,
doktermedok,7597060277246479637,Tes Mandiri buat kamu yang sering sakit punggung bawah 🙌🏻Semoga aman ya hasinyaa,health,0.95,False,ollama_enhanced,
doktermedok,7597435078624890133,Subclavius + Pectoralis Muscle Release 🙌🏻Semoga nafas ama gerak lehernya lebih plongg,health,0.85,False,ollama_enhanced,
doktermedok,7597828643494219028,Lutut Bunyi Krek Krek Klethek Klethek itu apa pasti pengapuran?Ta kasi tau,health,0.95,False,ollama_enhanced,
doktermedok,7600402707194662164,Latihan WAJIB biar Lutut kamu sehat : Vastus Medial Oblique (VMO) Muscle Strengthening 🔥Kok bisa pen,health,0.95,False,ollama_enhanced,
doktermedok,7600766381470092564,"Cara Pasang Kinesiotapping buat keluhan “zaman now” (sakit pundak, belikat, leher)*teknik pasangnya ",health,0.95,False,ollama_enhanced,
doktermedok,7601695865111153941,Hamstring Mobility Exercise 🔥Wajib buat kamu yang otot hamstring (paha belakang) sakit kambuh-kambuh,health,0.95,False,ollama_enhanced,
doktermedok,7602272461475876116,"Buat kamu yang sering sakit kepala rasanya kenceng, pusing, cekot-cekot 🙌🏻",health,0.95,False,ollama_enhanced,
doktermedok,7602995029459733780,Vlog Exercise lagi 🔥 Menu 1 : Strength Training ✅ Squat 5x6 reps (beban naik bertahap dari 60-120kg),health,0.95,False,ollama_enhanced,
doktermedok,7605978945963543829,Salah satu Latihan PENTING supaya engga gampang HNP (Saraf Kejepit) Lumbal atau cegah HNP-nya makin ,health,0.95,False,ollama_enhanced,
doktermedok,7606340296980303124,"Plantar Fasciitis bisa sembuh ngga sih dok? BISA, ini aku share dari pov sebagai dokter Sp KFR dan m",health,0.95,False,ollama_enhanced,
doktermedok,7608189476237593877,Seorang Pria Umur 70 tahun dengan Kanker Prostat Stadium 4 (Calon Opa) VS Seorang Pria Umur 33 tahun,health,0.95,False,ollama_enhanced,
doktermedok,7608936215290645781,"Stretching + massage otot-otot kecil jempol tangan, buat yang sering pegel & sakit jempolnya 🙌🏻",health,0.95,False,ollama_enhanced,
doktermedok,7609508500128992533,"Gaes inget STRETCHING setelah olahragaApapun olahraga kamu, baik padel, tennis, lari, gym, basket,dl",health,0.95,False,ollama_enhanced,
doktermedok,7610416413655698708,Remider Gaes ❗️1. Jangan menunda-menunda berobat kalau ada sakit atau cedera2. Yang punya komorbid (,health,0.95,False,ollama_enhanced,
doktermedok,7611532383195565333,Tips supaya Lutut Sehat dan “Kuat” 🔥*pov lagi suntik PRP untuk Osteoarthritis (Pengapuran) Lutut dan,health,0.95,False,ollama_enhanced,
doktermedok,7613763650871905557,"3 Gerakan Stretching & Mobility Exercise yang bisa kamu lakukan setiap hari 🔥Bisa pagi, siang, atau ",health,0.95,False,ollama_enhanced,
doktermedok,7614684494527843605,Latihan Mandiri aku saat 3 bulan pertama pasca operasi patah tulang kering dulu 🔥Latihannya posisi t,health,0.95,False,ollama_enhanced,
doktermedok,7615257421702810901,Latihan mandiri buat Rhomboid Myofascia Pain Syndrome (sakit “membandel” area belikat) 🔥 Dirutinin l,health,0.95,False,ollama_enhanced,
doktermedok,7618476629035158805,"Penting pol ya gaes, apalagi yang sedang mudik Cuaca panas gini harus cukupi kebutuhan cairan dan mi",health,0.95,False,ollama_enhanced,
doktermedok,7619870123016408341,"Advance Mobility Workout 🔥Penting banget, apalagi buat atlet & penggiat olahraga*lakukan setiap sebe",health,0.95,False,ollama_enhanced,
doktermedok,7623389341376630037,Latihan Mandiri buat Cedera Achilles (Insertional Achilles Tendinopathy) 🔥Jangan lupa tetep cek dokt,health,0.95,False,ollama_enhanced,
doktermedok,7625999429069278484,"Latihan Gym (Otot) buat Bumil Trimester 1-3 🔥Btw ternyata gini to rasane “hamil”, baru nyobain 1 jam",health,0.95,False,ollama_enhanced,
doktermedok,7626362738767416597,“Tendon Gliding Exercise” buat Trigger Finger,health,0.95,False,ollama_enhanced,
doktermedok,7628592205984222485,Skoliosis Dewasa apakah bisa sembuh tanpa operasi? Tak jawab di sini yaaContoh latihan mandiri yang ,health,0.95,False,ollama_enhanced,
doktermedok,7628953997151554837,Tes untuk cek kekuatan salah satu otot keseimbangan tubuh yang utama : Trendelenburg Test 🔥Latihan m,health,0.95,False,ollama_enhanced,
doktermedok,7629710343073320212,"Langkah / Alur Pertolongan Pertama setelah “Trauma” (Cedera Muskuloskeletal akibat jatuh, benturan, ",health,0.95,False,ollama_enhanced,
citra_amelinda,7653691916361551124,Bayi nggak selalu langsung suka tummy time… dan itu wajar. Banyak orang tua khawatir saat si kecil p,health,0.95,False,ollama_enhanced,
dr.mariojohan,7594410361441275144,The next RAJA TERAKHIR bahan hidrasi ?,health,0.85,False,ollama_enhanced,
dr.mariojohan,7599978146858798357,"Karna penting jangan lupa di save and share, jangan sampe salah lagi ya minum obat batuk #Formula44 ",health,0.95,False,ollama_enhanced,
dr.mariojohan,7602958899062312212,"Seliweran sana sini combo pencerah yang “Katanya” ngefek, dengerin fakta menarik dari gue dulu sebel",health,0.85,False,ollama_enhanced,
dr.mariojohan,7614733824072666388,"Gak semua kesemutan itu normal, coba deh dengerin suatu saat bisa aja berguna #ramadhan #kesemutan #",health,0.95,False,ollama_enhanced,
dr.mariojohan,7615194683068648725,"Ketombe itu bukan cuma “kulit kepala kering”.Bisa karena jamur Malassezia, produksi minyak berlebih,",health,0.95,False,ollama_enhanced,
dr.mariojohan,7618475677532179733,"Gue mau bahas masalah yang sering diributin di dunia skincare. Mungkin lu juga percaya ini, coba ton",health,0.85,False,ollama_enhanced,
dr.mariojohan,7636335940343991573,WAJIB NONTON Kalau ada yg kulitnya kayak gini.. Share juga ke orang yg mungkin butuh.. #Eczema #Derm,health,0.95,False,ollama_enhanced,
dr.mariojohan,7639691835450871061,3 fakta yang orang Indonesia jarang tau tentang AIR PURIFIER 🚨⚠️,health,0.85,False,ollama_enhanced,
dr.mariojohan,7646733823610309909,Mungkin gak sih kulit kita cerah Instant? @PONDSIndonesia #PONDS #RespondsGlowUp,health,0.85,False,ollama_enhanced,
dr.mariojohan,7648957211435126037,Pernah denger katanya anak yang lahir caesar imunnya bisa lebih rendah? Okay gue coba jelasin sediki,health,0.95,False,ollama_enhanced,
dr.mariojohan,7655925012234341653,"Kaget banget padahal air di keran bening, ternyata air bening belum tentu bener. Langsung aja gue ca",health,0.85,False,ollama_enhanced,
dr.mariojohan,7662319801309646100,Penting! Kesalahan banyak orang Indonesia kalau lagi sakit tenggorokan. Share ke orang yg menurut km,health,0.95,False,ollama_enhanced,
dokterprasadja,7590609158911593735,🚨 NGOROK ITU PENYAKIT!Bukan lucu. Bukan kebiasaan.⚠️ Bisa jadi tanda masalah serius saat tidur.Masih,health,0.95,False,ollama_enhanced,
dokterprasadja,7592108517755063570,CPAP kamu bantu hidup… atau malah bikin SAKIT? 😨Banyak orang pakai CPAP tiap malam tapi NGGAK PERNAH,health,0.95,False,ollama_enhanced,
dokterprasadja,7594363856672050440,Ngorok bukan cuma ganggu tidur 😴 Tiap malam nafas berhenti → oksigen turun → pembuluh darah rusak. H,health,0.95,False,ollama_enhanced,
dokterprasadja,7596143407538392338,"Ngorok bukan kebiasaan normal 😴 Apalagi jika suaranya keras, tersedak, atau napas sering berhenti sa",health,0.95,False,ollama_enhanced,
dokterprasadja,7603380458356870408,Ngorok bukan cuma soal suara—itu bisa tanda Sleep Apnea yang diam-diam merusak otak. Studi menunjukk,health,0.95,False,ollama_enhanced,
dokterprasadja,7626553916150336776,"Caption: CPAP itu bukan “one setting for all”. Ada 4 kategori: CPAP, APAP, BiPAP, dan ASV—masing-mas",health,0.95,False,ollama_enhanced,
dokterprasadja,7631422276545694983,Full face mask CPAP. Ada 2 tipe utama: 1️⃣ Klasik (cover hidung + mulut) → cocok buat yang sering na,health,0.95,False,ollama_enhanced,
dokterprasadja,7634830920284900616,Ngorok bukan cuma ganggu—bisa tanda masalah serius. Kabar baru: obat anti-ngorok pertama akhirnya di,health,0.95,False,ollama_enhanced,
dokterprasadja,7642587655670140178,“Cuma ngorok”… sampai tensi naik terus tiap hari 😴⚠️ Ngorok bisa jadi tanda sleep apnea yang bikin t,health,0.95,False,ollama_enhanced,
dokterprasadja,7647382588251704583,⚠️ Banyak yang salah paham! “Kalau kurus nanti ngorok hilang.” Tapi kenyataannya… NGOROK juga bisa b,health,0.95,False,ollama_enhanced,
