username,video_id,description,predicted_label,predicted_confidence,check_this,method,reviewed_at
drkevinmak,7621870587429915922,Paha & betis pegel terus jangan cuma dibilang capek 😅 Bisa jadi tubuh lagi kekurangan magnesium—mine,not_health,1.0,False,manual_labeled,
ikhsanqthii,7627459902327262485,"Kalau kalian sering ngantuk habis makan itu bisa aja disebabin karena hipoglikemia reaktif, intinya ",health,1.0,False,manual_labeled,
ikhsanqthii,7652949141139524885,Jangan lupaa ikutannn 🤣🤣🤣,not_health,1.0,False,manual_labeled,
drrichardlee,7671208856650894600,"doktif di tegur hakim, pesan terakhir menohok. Post by admin",not_health,1.0,False,manual_labeled,
dr.ziee,7648264637317795080,"Selain ganggu orang orang, ternyata bau mulut itu salah satu tanda kalo mulut kamu bermasalah. That’",health,1.0,False,manual_labeled,
gelarsramdhani,7661443433193573650,Membalas @caaaaaaaaaaaaaaaaa209 Gigi berlubang apakah harus dicabut?,health,1.0,False,manual_labeled,
roozzaak,7671218519186459924,Membalas @ecerahya27 #fyp #fypシ #DokterGemoy #edukasi #edukasikesehatan,health,1.0,False,manual_labeled,
drkevinmak,7604822591093837064,Replying to @Kikoo 🧊 kalau kamu udah rutin minum magnesium glycinate? Coba spill pengalaman kamu dib,health,1.0,False,manual_labeled,
tirtacipeng,7617353063149440276,Habis makan trus rebahan bisa jadi gemuk?,health,1.0,False,manual_labeled,
aymanalts,7621766350595296530,,not_health,1.0,False,manual_labeled,
itsdoktermuda,7649767560648461588,Semangaat yaa orangtua2 anak pejuang diabetes tipe 1💪🏻 vid faauifa_ & zahrenaa,health,1.0,False,manual_labeled,
aymanalts,7666717386950675730,Tips milih sunscreen #skincare #tipsandtricks,health,1.0,False,manual_labeled,
roozzaak,7619176500042009877,Membalas @Nurjana #fyp #fypシ #DokterGemoy #cessa #transpulminbaby,health,1.0,False,manual_labeled,
bidancynthia,7622273338928270613,Ada yang minum pas Lebaran kemarin bumil? #sirup #ibuhamil,health,1.0,False,manual_labeled,
bidancynthia,7657836724436864277,Perkembangannya udah bisa apa aja bun?,not_health,1.0,False,manual_labeled,
tirtacipeng,7675924973638143252,Kegiatan bapak2 absurd nan gabut sebelum ke toko.,not_health,1.0,False,manual_labeled,
dokter_ika,7668118055746014472,Replying to @mbak choy Perbedaan utama terletak pada cara dan waktu pelepasan sel kulit tersebut.Man,health,1.0,False,manual_labeled,
tirtacipeng,7595197312930958610,Kegiatan sore2 manusia ber-privilege 🫶🫶🫶 • • • • Nb: konten ini cuma guyonan belaka,not_health,1.0,False,manual_labeled,
ikhsanqthii,7657793069416287508,Buat temen2 perempuan diluar sana selalu aware ya dengan pola/siklus mens kalian. Ini udah dijelasin,health,1.0,False,manual_labeled,
dokteramiraobgyn,7607071577439489300,kalau kalian mau tau simak #dokterobgynpedalaman#papua#fyp,health,1.0,False,manual_labeled,
roozzaak,7608863221616856341,Membalas @Kapuchiri96 #fyp #fypシ #DokterGemoy #vitaminD #vitaminD3,health,1.0,False,manual_labeled,
dokter.harmonospanak,7644923267869854996,Praktek spesialis anak Hub admin :kak Fatimah 0812 . 3024 . 6181kak Wulan 0858 . 1565 . 2806Google M,health,1.0,False,manual_labeled,
doktermatahendra,7638179610819169554,Manfaat salad bagi mata? Menjaga kesehatan mata ternyata bukan cuma soal kacamata atau vitamin 👀🥗 Ap,health,1.0,False,manual_labeled,
drkevinmak,7627129495513910546,"Semakin dewasa, ternyata yang kita lawan bukan orang lain… tapi pikiran sendiri. Overthinking soal m",health,1.0,False,manual_labeled,
dokter.harmonospanak,7647352582100307221,Alamat : lokasidari klenteng Mojosari 200 meterke utara arah Krian. Depan SMAN MOJOSARI telp.WA. 081,not_health,1.0,False,manual_labeled,
dokter_ika,7664094492076608786,#belajarbersamadrika #Edukasidrika #stoppenyalahgunaanobatkeras #StopMerkuri #waspadakrimberbahaya,health,1.0,False,manual_labeled,
aymanalts,7666836345477729544,,health,1.0,False,manual_labeled,
bidancynthia,7677913862556912917,"Membalas @less.sugar kalo lagi menyusui takut asi jadi seret ,ini pilihannya semoga ga bingung lagi ",health,1.0,False,manual_labeled,
tirtacipeng,7617837119041588500,Serba serbi mudik bareng @bearbrand_indonesia #RasakanKemurniannya,not_health,1.0,False,manual_labeled,
bidancynthia,7649119829269613844,"Baby boy nen’nya kuat bgt ,nen terus sampe brat bret brot 😅 Alhamdulillah Full ASI #mengasihi #busui",not_health,1.0,False,manual_labeled,
dokteramiraobgyn,7598078806976400660,ini buktinya kalau kalian tetap ngeyell #dokterobgynpedalaman#papua#fyp,health,1.0,False,manual_labeled,
aymanalts,7676327768585506066,,health,1.0,False,manual_labeled,
roozzaak,7604059114154642709,Membalas @mdysean #fyp #fypシ #DokterGemoy #edukasi #edukasitiktok,health,1.0,False,manual_labeled,
drkevinmak,7623424313151999239,Kalau kamu masih breakout parah ga beres lebaran? Jangan lupa zinc nya 1x sehari setelah makan siang,health,1.0,False,manual_labeled,
doktermatahendra,7607044950831795474,"Mari kita jawab pertanyaan: Sakit nga operasi katarak? Yuk, kita dengar langsung testimoni dari pasa",health,1.0,False,manual_labeled,
dokter.harmonospanak,7627730393227103509,Memang sulit cari bakso yg asli daging sapi tanpa campuran daging ayam. Tentu rasanya lebih enak dan,not_health,1.0,False,manual_labeled,
giapratamamd,7590960824584244500,Visi Misi mencegah 1 Juta Serangan Jantung dan Stroke. Podcast Radityadika dan dr. Gia Pratama. part,health,1.0,False,manual_labeled,
roozzaak,7675204200330038548,#stitch dengan @MiMa ✨ #fyp #fypシ #DokterGemoy #edukasi,health,1.0,False,manual_labeled,
tirtacipeng,7640079564525292821,"Gula, buah dan diabetes",health,1.0,False,manual_labeled,
aymanalts,7645328115928927506,#stitch with 7642894501979098386,health,1.0,False,manual_labeled,
dokteramiraobgyn,7676869342478535954,Untuk para bunda vaksin hpv amannnnnnn bangettttt #anakbunda#vaksinhpv#gratis#fyppppp,health,1.0,False,manual_labeled,
aymanalts,7619068098124975368,#stitch with @Youtube: nul alexander 🦆🦧,health,1.0,False,manual_labeled,
dokteramiraobgyn,7607104264225279252,bercak butih dimulut rahim akan jd awal mula kanker cervix jika tidak diobati #dokterobgynpedalaman#,health,1.0,False,manual_labeled,
bidancynthia,7622708047315569940,Membalas @Hii'ItsNebyy🌱🐝 Semoga bisa lahir normal dipuskesmas 💪🏻🤲 #ibuhamil,not_health,1.0,False,manual_labeled,
dokter_ika,7670474460583038215,"Replying to @el🦭 Kalau udah ketagihan mau dilepas malah galau, padahal kalau ga dilepas buat perkara",health,1.0,False,manual_labeled,
dokter_ika,7677164207523122450,"Ini masih marak, hati-hati guys #belajarbersamadrika #Edukasidrika #jagakulitmu #StopHBberbahaya #st",health,1.0,False,manual_labeled,
bidancynthia,7667155748215934228,"Labil bgt mau KB 😁 Mama 31thn anak 1 ,sebelum 35thn minimal 2 anak lah biar ricy ada teman☺️",not_health,1.0,False,manual_labeled,
roozzaak,7633229775791836436,Membalas @mama tasya🩷 #fyp #fypシ #DokterGemoy #edukasi #edukasikesehatan,health,1.0,False,manual_labeled,
drkevinmak,7653383072821562632,"Jujur kesel sih kalau munculnya di dagu dan rahang mulu, makannya tambahin zinc setelah makan ya! #j",health,1.0,False,manual_labeled,
itsdoktermuda,7649712642419854612,"Nggak salah kok kalau mau nyari yang simpel dan minim efek samping. Tapi ayolah, kita naik kelas bar",health,1.0,False,manual_labeled,
roozzaak,7644016215249194261,Membalas @Mbunya Faren #fyp #fypシ #DokterGemoy #vitaminD #vitaminD3,health,1.0,False,manual_labeled,
tirtacipeng,7668469576149126420,Perjalanan hobi dan pola makan ko guntur sampe di level sekarang,health,1.0,False,manual_labeled,
dokter_ika,7665370348983995666,Beda ya #belajarbersamadrika #Edukasidrika #stoppenyalahgunaanobatkeras #StopMerkuri,health,1.0,False,manual_labeled,
roozzaak,7667011626612165908,Membalas @Moch. Lukman H #fyp #fypシ #DokterGemoy #vitaminD #vitaminD3,health,1.0,False,manual_labeled,
aliphildan,7641555795603295508,Saran model rambut yang bagus dong gais👇🏻,not_health,1.0,False,manual_labeled,
aliphildan,7675730369848560917,Satu2nya lomba yg bisa aku ikutin✨😛 #fakesituation⚠,not_health,1.0,False,manual_labeled,
roozzaak,7616182010670877972,Membalas @Erick_retno #fyp #fypシ #DokterGemoy #vitaminD #vitaminD3,health,1.0,False,manual_labeled,
aliphildan,7610897855192059143,"siapa sangka… @Ikhsanqthii, MD",not_health,1.0,False,manual_labeled,
dokter_ika,7613193577220279559,Warna kulit tidak bisa diubah!!! Kebanyakan orang Indonesia di Fitzpatrick 3-5 #belajarbersamadrika ,health,1.0,False,manual_labeled,
itsdoktermuda,7673025672243105025,"Ini yang diliat orang gangguan mata (Kalo kamu dokter, pengen ngonten tapi bingung mulainya, ebook “",health,1.0,False,manual_labeled,
dokter_ika,7609140680555842823,"“Aging Gracefully” Tidak menolak tua, tapi tampil menjadi versi terbaik disetiap fase kehidupan ❤️❤️",not_health,1.0,False,manual_labeled,
aliphildan,7630311915301899527,ya kaliiii 🙂‍↔️🐦 @Ayman Alatas,not_health,1.0,False,manual_labeled,
roozzaak,7597486848402803976,Membalas @malaikatpelindungmu1 #fyp #fypシ #DokterGemoy #edukasi #edukasitiktok,health,1.0,False,manual_labeled,
dokter.harmonospanak,7654722786321075477,Praktek spesialis anak Hub admin :kak Fatimah 0812 . 3024 . 6181kak Wulan 0858 . 1565 . 2806Google M,not_health,1.0,False,manual_labeled,
roozzaak,7598035983233502471,Membalas @kimi #fyp #fypシ #DokterGemoy #edukasi #edukasitiktok,health,1.0,False,manual_labeled,
giapratamamd,7670400703298342164,Teman-teman akhirnya saya punya Channel Youtube sendiri. Akan ada 2 Podcast. - Podcast Family 1001 -,not_health,1.0,False,manual_labeled,
drrichardlee,7611035999073815828,Makanan timur tengah favorite kalian apa?,not_health,1.0,False,manual_labeled,
tirtacipeng,7598775185575103752,Sekali2 share ilmu bisnis,not_health,1.0,False,manual_labeled,
aymanalts,7616956071831194887,#stitch with @Doklip✨ | Alip Hildan,health,1.0,False,manual_labeled,
roozzaak,7610951836727528724,Membalas @depiii♈️✨ #fyp #fypシ #DokterGemoy #vitaminD #vitaminD3,health,1.0,False,manual_labeled,
aymanalts,7674216574852566290,Skincare ga bikin putih,health,1.0,False,manual_labeled,
drkevinmak,7592965634078641416,"Habis liburan, celana jadi sempit. Makan enak ✔️ Jam tidur berantakan ✔️ Perut sering begah ✔️ Berat",health,1.0,False,manual_labeled,
roozzaak,7633236254477339924,Membalas @Umy Chiqi Welcome to Gemoy Club Bu 🥰 #fyp #fypシ #DokterGemoy #edukasi #edukasikesehatan,health,1.0,False,manual_labeled,
ikhsanqthii,7642675418524388628,Selalu appreciate buat semua orangtua diluar sana,not_health,1.0,False,manual_labeled,
dokter_ika,7612496540749335815,Sering ditag tapi ga bisa buka videonya 😅 hati-hati ya guys penjual nakals masih eksis #belajarbersa,not_health,1.0,False,manual_labeled,
dokter_ika,7602409559315025160,Harus paham dengan kulitmu sendiri #belajarbersamadrika #edukasidokterika #Kulitsehatsenyamanitu,health,1.0,False,manual_labeled,
drrichardlee,7666411270253366549,org terdidik mana mungkin beli tidak di platform resmi _post by Admin.,not_health,1.0,False,manual_labeled,
aliphildan,7633267833064967442,Inilah jalan ninjaku✨💪🏻,not_health,1.0,False,manual_labeled,
roozzaak,7629894998724578581,Membalas @azrilalfaridzi5 #fyp #fypシ #DokterGemoy #vitaminD #vitaminD3,health,1.0,False,manual_labeled,
dokter_ika,7677416785607413000,Replying to @Fida Dwi 👍🏻 #belajarbersamadrika #Edukasidrika #jagakulitmu #penjualnakals,not_health,1.0,False,manual_labeled,
gelarsramdhani,7637485251354250504,"Salah satu nikmat yang harus disyukuri adalah nikmat panjang umur dengan kondisi badan sehat, dan sa",not_health,1.0,False,manual_labeled,
aymanalts,7667063576158375175,"Di mulut itu juga ada microbiome yah guys, konsepnya sama kaya skin microbiome yang sama2 butuh pera",health,1.0,False,manual_labeled,
dokter_ika,7638825055841045767,Ini tanda kulit berminyak #belajarbersamadrika #edukasidrika #jagakulitmu #drIkaJawab,health,1.0,False,manual_labeled,
aymanalts,7653025090493287687,"Jangan abaikan masalah gusi ya guys, karena berkembangnya secara progresif. kalau diabaikan sampai t",health,1.0,False,manual_labeled,
dokteramiraobgyn,7621033238714125575,pernah gak sih kalian sakali aja mikirin diri sendiri #pernahgaksekaliajamikirindirisendiri#fypage,health,1.0,False,manual_labeled,
roozzaak,7654110801141288213,Membalas @sgmygel #fyp #fypシ #DokterGemoy #edukasi #edukasikesehatan,health,1.0,False,manual_labeled,
aymanalts,7653830795148184839,#stitch with 7653741400764239112,not_health,1.0,False,manual_labeled,
giapratamamd,7630301277271936277,"Adik-adik koas, para calon dokter masa depan, dan penerus pengabdi kemanusiaan. Ya Allah, Lembutkan ",health,1.0,False,manual_labeled,
ikhsanqthii,7614468379721600257,Ka Vidi… selamat jalan… terima kasih atas banyak nasihatnya walaupun pertemuan kita amat sangat sing,not_health,1.0,False,manual_labeled,
dokteramiraobgyn,7630080882933583122,siapa bumil yang suka minum boba#minumanboba#hatihatigulanya#bumilboba#fyp,health,1.0,False,manual_labeled,
dokternadiyah,7602982143794416916,Fungsi kolagen itu banyakDan penurunan produksinya ga nunggu tuaa 😰#edukasikesehatan #kolagen #tipss,health,1.0,False,manual_labeled,
drkevinmak,7680144333546294536,SHARE ke temen kamu yang suka bunyiin jari tangan dan kaki!! Jangan lupa juga tambahin vitamin D3k2 ,health,1.0,False,manual_labeled,
drkevinmak,7613022991672233224,Obat maag itu ada levelnya.” Antasida → netralisir asam. H2 blocker → tekan produksi asam. PPI → sto,health,1.0,False,manual_labeled,
dokter_ika,7605943070638591239,"Replying to @Secckaa Hati-hati guys, lebih kritis membeli suplemen apapun #belajarbersamadrika #eduk",health,1.0,False,manual_labeled,
ikhsanqthii,7592497092338273557,"Maafkan, klarifikasi dikit. Aku baru tau harga belalang mahallll kalo dijual (soalnya taunya dulu ti",not_health,1.0,False,manual_labeled,
drkevinmak,7621506046418259207,Beres lebaran kok malah gampang sakit? Padahal pas puasa lebih sehat… Biasanya karena pola makan & t,health,1.0,False,manual_labeled,
ikhsanqthii,7632354273455590673,DOKTER GANTENG KEMBALI PRAKTEK 🥸😎 #aamiin,not_health,1.0,False,manual_labeled,
aymanalts,7603924367990394120,Shift Jaga part 3 masih soal Dunia Forensik sama dr. Arfi Sp.FM,health,1.0,False,manual_labeled,
aymanalts,7662929712464809223,,not_health,1.0,False,manual_labeled,
itsdoktermuda,7625464713060650260,"Kenapa Ibu Harus Tetap Semangat Nyusuin 1. ASI itu imun pertama bayi Dari lahir, ASI sudah langsung ",health,1.0,False,manual_labeled,
ikhsanqthii,7591693699495496980,Demikian sekilas ingfo 🙏,health,1.0,False,manual_labeled,
doktermatahendra,7645369551399537927,Part 2 of 2: Kacamata (Mustahil) Patah!!! Selain kualitas gagangnya yang benar2 buat berdecak kagum ,not_health,1.0,False,manual_labeled,
bidancynthia,7666152486193122581,Masih menjadi bahan perdebatan 😩😩,health,1.0,False,manual_labeled,
dokter_ika,7662597381598350610,#belajarbersamadrika #Edukasidrika #PublicWarningBPOM #KosmetikIlegal #krimberbahaya,health,1.0,False,manual_labeled,
roozzaak,7646344846088637717,Membalas @Agustin #fyp #fypシ #DokterGemoy #edukasi #edukasikesehatan,health,1.0,False,manual_labeled,
drrichardlee,7603603884602330388,jumat berkah!! tiap bulan uda habisin ratusan juta u bantu umkm.. semua dari dana pribadi dari usaha,not_health,1.0,False,manual_labeled,
roozzaak,7645653659178568980,Salah satu video saya yang tiba tiba ndak ada lagi ini padahal jumlah penonton udah sampe ratusan ri,health,1.0,False,manual_labeled,
bidancynthia,7666816114743102740,Sejak Jadi ibu hampir lupa istirahat tpi aku tetep ceriaaa🤪,not_health,1.0,False,manual_labeled,
dokter.harmonospanak,7612499035731004693,,not_health,1.0,False,manual_labeled,
wishdrboyke,7628570249188625671,Bahaya! Jangan biarkan area kewanitaan gatal & bau merusak momen percayamu di luar rumah! 🛑😱 ​Banyak,health,1.0,False,manual_labeled,
roozzaak,7609192130707213588,Membalas @leta putri_07 #fyp #fypシ #DokterGemoy #edukasi #edukasitiktok,health,1.0,False,manual_labeled,
itsdoktermuda,7646048742054825236,Masih ada yg suka nyekerr?? Vid ig @varida_sr,health,1.0,False,manual_labeled,
bidancynthia,7668406045580201237,Sehat kuat untuk bunda yang ada di fase ini 🫶🏻,health,1.0,False,manual_labeled,
itsdoktermuda,7664066637204688145,"Kita cuma bisa fokus ke hal2 yg bisa kita ubahh, sehat sehatt yaa temen2 semuaaa",health,1.0,False,manual_labeled,
aymanalts,7615923349625064711,#stitch with @GAK BOLE JADI JJ,not_health,1.0,False,manual_labeled,
drkevinmak,7672068645857660178,Kalau kamu udah minum vitamin apa aja selama menyusui? Komen ya ✅ #busui #vitamin #vitaminbusui #vit,health,1.0,False,manual_labeled,
dokter.harmonospanak,7671991383326199060,Praktek spesialis anak Hub admin :kak Fatimah 0812 . 3024 . 6181kak Wulan 0858 . 1565 . 2806Google M,not_health,1.0,False,manual_labeled,
bidancynthia,7630695569995992341,"Bumil udah pada nyuci perlengkapan lahiran belum, jgn tunggu hamil gede keburu encok hmm #ibuhamil #",not_health,1.0,False,manual_labeled,
roozzaak,7638555756886773013,Membalas @Alesha_99 #fyp #fypシ #DokterGemoy #edukasi #edukasikesehatan,health,1.0,False,manual_labeled,
dokter_ika,7657783257244732680,Replying to @dd Konsultasikan dan dibantu dievaluasi ke @Dricha ya 👍🏻 #skincareanbersamadricha #kuli,not_health,1.0,False,manual_labeled,
tirtacipeng,7637888957690301717,Recap game liverpool selama aku di Inggris Menang vs palace Kalah vs manutd Imbang vs chelsea. Next ,not_health,1.0,False,manual_labeled,
drgfira,7638603443288001800,"Kalau kamu lagi di titik itu sekarang — titik dimana kamu hampir nyerah sama impian kamu sendiri, mu",not_health,1.0,False,manual_labeled,
giapratamamd,7591006210325777684,Jempol Copot Podcast Radityadika dan dr. Gia Pratama. part 6.,health,1.0,False,manual_labeled,
dokter_ika,7664430124204330248,Alasan kenapa Pemilihan Basic Skincare TEPAT mempengaruhi kesehatan kulit kamu 👍🏻 #belajarbersamadri,health,1.0,False,manual_labeled,
dokter_ika,7626168093676440850,Replying to @Elli similikity Fitzpatrick 3 keatas kulit lebih mudah menggelap #belajarbersamadrika #,health,1.0,False,manual_labeled,
roozzaak,7629532795748257045,Membalas @Boby best #fyp #fypシ #DokterGemoy #vitaminD #vitaminD3,health,1.0,False,manual_labeled,
roozzaak,7609192506256837908,Membalas @d #fyp #fypシ #DokterGemoy #edukasi #edukasitiktok,health,1.0,False,manual_labeled,
drkevinmak,7632299699579456776,"Jerawat di rahang nggak hilang-hilang? Sering muncul lagi di spot yang sama, ganggu banget ya. Bukan",health,1.0,False,manual_labeled,
tirtacipeng,7635391178925542676,Semoga kalian fans manchester city dan man utd bisa ada rejeki ke sini. Salam dari fans liverpool 👍,not_health,1.0,False,manual_labeled,
ikhsanqthii,7676004881324444949,"Hidup kadang kadang, kadang kidding",not_health,1.0,False,manual_labeled,
roozzaak,7651412520032308500,Membalas @AI ROSMAYA #fyp #fypシ #DokterGemoy #edukasi #edukasikesehatan,health,1.0,False,manual_labeled,
jamilatussadiyah,7608090015968546068,Ibu hamil dan menyusui boleh puasa apa ngga? 🤰🏼❤️,health,1.0,False,manual_labeled,
dokter_ika,7601521325311560978,Replying to @shitie Krim toksik itu krim perawatan dengan menyalahgunakan obat steroid sebagai peraw,health,1.0,False,manual_labeled,
tirtacipeng,7660790677088865557,Lari bareng pembalap @jneparcel,not_health,1.0,False,manual_labeled,
roozzaak,7628019671672868116,Membalas @zizuww🦊 #fyp #fypシ #DokterGemoy #edukasi #edukasikesehatan,health,1.0,False,manual_labeled,
aliphildan,7604312609759726866,happy for u both 💍🌻 @Arrofi ramadhan @annsekar,not_health,1.0,False,manual_labeled,
aymanalts,7629587891261426951,#stitch with 7628414532771122445 19 tahun tinggal bareng Jidah dan masih akan terus sama jidah,not_health,1.0,False,manual_labeled,
dokter_ika,7607273785103879431,"Future Glow Series terbaru dari Dricha, eksklusif di akun @DRICHA Future Glow Bukan sekedar pelembab",health,1.0,False,manual_labeled,
aliphildan,7668942030248103175,"Jangan main2 yaa, selama helikopter masih berputar doklip fine2 ajaa🥰✨ #fakesituation⚠",not_health,1.0,False,manual_labeled,
aymanalts,7631052475927121170,Replying to @Muhammad.Faiz.Asshofi,not_health,1.0,False,manual_labeled,
aliphildan,7673001068409801991,"Kita lagi ngetes motoriknya kak ayman yaach✨🥹 #SaLiMan @Ayman Alatas @Ikhsanqthii, MD",not_health,1.0,False,manual_labeled,
dokter_ika,7597355452493548807,Replying to @Hi Jenong Kulit area mulut & lipatan cuping hidung lebih tipis dan reaktif #belajarbers,health,1.0,False,manual_labeled,
ikhsanqthii,7607423362800913685,"Apakah boleh makan makanan begituan ketika sahur? Ya boleh2 aje, cuman kalo gampang laper abis itu j",health,1.0,False,manual_labeled,
dokter_ika,7601773537317195026,Replying to @Wandi #belajarbersamadrika #edukasidokterika,health,1.0,False,manual_labeled,
tirtacipeng,7656639695815740692,Olahraga buat sehat dan bugar,health,1.0,False,manual_labeled,
wishdrboyke,7611379342324567303,"Habis buka puasa langsung ""gas pol"" atau nunggu nanti? 🌙 Jangan sampai salah pilih waktu ya. Sahabat",health,1.0,False,manual_labeled,
itsdoktermuda,7673477648869231889,"Bakteri baik ternyata penting banget buat imun kita Makin beragam bakteri baik di tubuh, makin bagus",health,1.0,False,manual_labeled,
dokter_ika,7598843950560234770,"Obat Steroid BUKAN untuk pemutih kulit, penggemuk badan!!! Berbahaya jika disalahgunakan #belajarber",health,1.0,False,manual_labeled,
itsdoktermuda,7594866604085710101,Aerofagia tuh kondisi saat kebanyakan udara ikut ketelen pas makan atau minum. Biasanya kejadian kal,health,1.0,False,manual_labeled,
dokteramiraobgyn,7596147054666091797,mama nangis2 karena temannya meninggal kena kanker cervix #dokterobgynpedalaman#papua#fyp,health,1.0,False,manual_labeled,
drrichardlee,7611416872050838804,NAH LOH!! SORE INI DOWNLOAD PASTI RIBUT!! BANYAK NAMA DISEBUT DISINI!?,not_health,1.0,False,manual_labeled,
dionharyadi,7609837772869750037,"Pola hidupmu yang buruk, kopi susu yang disalahkan 🥲",health,1.0,False,manual_labeled,
bidancynthia,7673126906581093652,Mana suaminya yang semvak nya bolong 😭,not_health,1.0,False,manual_labeled,
drgfira,7636382160429059346,Support system terbaik seumur hidupku🥹 #dentist #dentistlife,not_health,1.0,False,manual_labeled,
bidancynthia,7618812580735503637,"Ahirnya Naik Juga BB bumil mskipun sedikit ,tpi blm tau nih BBJ gemoy brpa soalnya blm USG lagi ,bum",not_health,1.0,False,manual_labeled,
drkevinmak,7610001813651164424,"Kepada Yth. Lambung, Dimohon kerjasamanya selama bulan puasa. 🙏 Jangan kaget. Jangan protes. Jangan ",health,1.0,False,manual_labeled,
dokter_ika,7613034913968803079,Enaknya punya temen tampang jutek 😅 #NoOverclaim #NoAbalAbal,not_health,1.0,False,manual_labeled,
giapratamamd,7596989150419488007,"Teman teman, rambut rontok itu sebenarnya normal, asal tidak berlebihan. Di kulit kepala kita rata r",health,1.0,False,manual_labeled,
aymanalts,7654897954385382664,#stitch,health,1.0,False,manual_labeled,
tirtacipeng,7594463416937385223,"Timbang sirahmu mumet, mending angkat beban wae mas. Terjemahan: daripada kepalamu pusing, mending a",not_health,1.0,False,manual_labeled,
roozzaak,7622985677805751572,Membalas @Mrs. Mora #fyp #fypシ #DokterGemoy #vitaminD #vitaminD3,health,1.0,False,manual_labeled,
ikhsanqthii,7634524355132706068,Yang suka lari terutama anak2 SMA atau yang masih muda kalo misalnya ada nyeri pada bagian ituan lan,health,1.0,False,manual_labeled,
drrichardlee,7599609316043132181,Kangen samsudin.. Gak ada dia gak rame..,not_health,1.0,False,manual_labeled,
drrichardlee,7671485278556654856,Ibu jaksa aja bingung 😅 Post by admin,not_health,1.0,False,manual_labeled,
tirtacipeng,7599253885399665938,Cek EKG sebelum ikut event itu Wajib! Bahs risiko serangan jantung saat olahraga intensitas sedang–b,health,1.0,False,manual_labeled,
gelarsramdhani,7638924358542478610,"Sebagai petugas kita harus siap setiap saat, apabila ada jemaah haji Indonesia yang membutuhkan bant",not_health,1.0,False,manual_labeled,
dokter_ika,7676694859733830919,"Basic Skincare juga punya syaratnya, tidak asal sabun, tidak asal moist dan tidak asal sunscreen.. #",health,1.0,False,manual_labeled,
giapratamamd,7651495883300687124,latian dulu sebelum sama ank sendiri.,not_health,1.0,False,manual_labeled,
dokteramiraobgyn,7637540746828008722,untuk para suami yang suka maksa istrinya lahir normal setelah secar #janganpaksaistri#bekassecar#fy,health,1.0,False,manual_labeled,
dokteramiraobgyn,7670567765916306696,bener kan mbak berat badanmu yang semakin naik pesat mnganggu hidupmu #turunkanberatbadan#demimasade,health,1.0,False,manual_labeled,
doktermatahendra,7606360797736111367,Seberapa Berbahaya Keratokonus? Keratokonus bisa jadi kata menakutkan — tapi jangan panik dulu. Ini ,health,1.0,False,manual_labeled,
drkevinmak,7603002638791134471,"Tahun 2026, tapi haid kamu masih telat-telat? Bukan karena kamu kurang usaha. Seringnya karena: • st",health,1.0,False,manual_labeled,
aymanalts,7608799489180110087,#stitch with @SurabayaTV,health,1.0,False,manual_labeled,
bidancynthia,7679061677563776276,"Ini yg aku lakuin buat annaku, Alhamdullillah ga rewel ,badannya anget aja #imunisasidpt2",health,1.0,False,manual_labeled,
drkevinmak,7622996546514062610,"Top 5 makanan yang diam-diam bisa bantu kurangi nyeri haid 👀 Bukan obat, tapi kalau kamu rutin konsu",health,1.0,False,manual_labeled,
doktermatahendra,7658245432966958344,"Apakah katarak bisa dicegah? Proses penuaan merupakan penyebab tersering katarak, sehingga seiring b",health,1.0,False,manual_labeled,
dokter_ika,7663854317073337618,Terima kasih buat semua yang bertemu hari ini ❤️❤️❤️ 🤗 #drichabestie #DrichaJakarta #belajarbersamad,not_health,1.0,False,manual_labeled,
dokter_ika,7618964946306714888,"Jadi kalau ada krim yang klaim bisa menghilangkan freckles permanen, harus lebih kritis.Kulit sehat ",health,1.0,False,manual_labeled,
ikhsanqthii,7667760710994365716,Bro lagu kita sudah masuk sanubari emak2 bro 🙏,not_health,1.0,False,manual_labeled,
gelarsramdhani,7635387537397206280,Pemeriksaan Kesehatan Rutin Jemaah Haji Kloter KJT 06 Kabupaten Majalengka Majalengka #haji #petugas,not_health,1.0,False,manual_labeled,
drkevinmak,7598911369731165448,Replying to @Rista Safitri K Jangan salah lagi minum probiotik ❌ Karena probiotik itu bukan asal min,health,1.0,False,manual_labeled,
gelarsramdhani,7657397788333985042,Membalas @chiwonk.rjm gigi bolong atau berlubang apakah harus segera ditambal?,health,1.0,False,manual_labeled,
dokternadiyah,7642710121990245653,"Sering merasa pusing dan gampang lelah saat hamil? Waspada, bisa jadi itu tanda an3mia! 🩸🤰Anemia pad",health,1.0,False,manual_labeled,
drkevinmak,7677970975778016520,Perut buncit jangan cuma dianggap masalah penampilan. Lemak di perut bisa berkaitan dengan penumpuka,health,1.0,False,manual_labeled,
jamilatussadiyah,7591889766669503764,Gelombang cinta adalah Cinta dan syukur yang paling dalam dari allah untuk bantu janin melihat dunia,health,1.0,False,manual_labeled,
aymanalts,7631378004677053703,,not_health,1.0,False,manual_labeled,
doktermatahendra,7673465162447342866,"Masih muda kok kena katarak? Memang, katarak paling sering terjadi pada usia lanjut sebagai bagian d",health,1.0,False,manual_labeled,
doktermatahendra,7679741529761516808,"“Seperti mendapat mukjizat… seperti mendapatkan hidup yang baru.” 🥰✨. Sebuah kalimat sederhana, teta",health,1.0,False,manual_labeled,
bidancynthia,7620412762782469397,Hpl Mei kebagian JK apa ni bum? Baby boy/girl? Kalo aku masih surprise pas usg posisi gemoynya tengk,not_health,1.0,False,manual_labeled,
ikhsanqthii,7662024159127407873,Day-2,not_health,1.0,False,manual_labeled,
bidancynthia,7660392948533579029,Kerjaanya bayi pipisss terus sampe boros tisu basah #tisubasahbayi,not_health,1.0,False,manual_labeled,
itsdoktermuda,7671901187821554961,"Kalo bayi udah dibiasain screen time tanpa aturan apalagi keseringan, lama-lama bisa jadi gampang ta",health,1.0,False,manual_labeled,
drrichardlee,7594035593504443668,❤️❤️,not_health,1.0,False,manual_labeled,
dokter.harmonospanak,7621322575481802005,ga cuma mobil ambek motor thok !,not_health,1.0,False,manual_labeled,
dokter.reni.anak,7605560395117448469,"🦟DBD itu nyata, tiap tahun kasusnya tidak pernah “0” alias selalu ada.❗️Tapi tidak semua orang mampu",health,1.0,False,manual_labeled,
dr.ziee,7654198547910380807,"Kalau kulit kamu gampang jerawatan, bukan berarti kamu harus diet ekstrem atau takut semua makanan y",health,1.0,False,manual_labeled,
dokteramiraobgyn,7642343702920219912,keputihan terus menerus dan nyeri saat berhubungan intim!jangan sampai mulut rahimmu seperti ini #ka,health,1.0,False,manual_labeled,
dokter.harmonospanak,7611580607289642261,,not_health,1.0,False,manual_labeled,
roozzaak,7679714657971522836,#stitch dengan @LAPAK VIRAL #fyp #fypシ #DokterGemoy #edukasi,health,1.0,False,manual_labeled,
aymanalts,7644017031829884178,Abis buat 1 album,not_health,1.0,False,manual_labeled,
aliphildan,7604013149087354119,makin banyak aja kerjaan gue☺️ makasiih yaa @Arrofi ramadhan @annsekar sudah mempercayakan ke doklip,health,1.0,False,manual_labeled,
roozzaak,7651412727847570709,Membalas @Kedai Telaga Warna #fyp #fypシ #DokterGemoy #edukasi #edukasikesehatan,health,1.0,False,manual_labeled,
giapratamamd,7591077236019662101,LALAT IJO PARKIR MUNDUR. Podcast Radityadika dan dr. Gia Pratama. part 12.,health,1.0,False,manual_labeled,
roozzaak,7618019433612627220,Membalas @ekakusrina #fyp #fypシ #DokterGemoy #vitaminD #vitaminD3,health,1.0,False,manual_labeled,
itsdoktermuda,7596350661348887828,"(Revisi: bukan menarget space epidural, tapi subarachnoid) Spinal anesthesia itu adalah bius setenga",health,1.0,False,manual_labeled,
roozzaak,7615497117267774741,Membalas @mamadesti&alesya #fyp #fypシ #DokterGemoy #vitaminD #vitaminD3,health,1.0,False,manual_labeled,
dionharyadi,7602759618917322004,"Sama juga dengan asap polusi sebenarnya, solusinya apa?Untuk sementara: menghindari sebisa mungkin d",health,1.0,False,manual_labeled,
wishdrboyke,7623367131802897672,"Hati-hati! Stress berlebih bukan cuma bikin pusing, tapi bisa bikin ""si Joni"" jadi kuncup! 🛑🧠 ​Banya",health,1.0,False,manual_labeled,
drkevinmak,7648290096608857352,"Keputihan yang tidak normal bisa bikin nggak nyaman, gatal, mengganggu aktivitas, bahkan membuat seb",health,1.0,False,manual_labeled,
itsdoktermuda,7671926492288322817,"Share ke yg suka nyepelein gerdd (Kalo kamu dokter, pengen ngonten tapi bingung mulainya, ebook “Mul",health,1.0,False,manual_labeled,
aymanalts,7674597443714977042,UVC ya namanya #CapCut,health,1.0,False,manual_labeled,
aymanalts,7597455485712747794,,not_health,1.0,False,manual_labeled,
bidancynthia,7643035436251729173,Dulu sempet parodi in ini sekarang bener relate ngerasain 😭,not_health,1.0,False,manual_labeled,
itsdoktermuda,7676682670729989392,"Mas yassir ini sudah ga pipis lagi, karena darahnya ga disaring sama ginjal. Buat kita yg masih bisa",health,1.0,False,manual_labeled,
drrichardlee,7617329417924119816,DOWNLOAD 25: DOSA INI DI ANGGAP SEPELE?! PADAHAL SIKSA KUBURNYA SADIS!! Managed by Admin,not_health,1.0,False,manual_labeled,
dokteramiraobgyn,7638666131733040392,apakah dirumah anda ada perempuan menopouse yang hidup bersama anda dan tiba2 keluar darah dari jala,health,1.0,False,manual_labeled,
gelarsramdhani,7636005323840425224,Edukasi kesehatan dari petugas kloter KJT 06 untuk jemaah haji Indonesia khususnya kloter KJT 06 Kab,not_health,1.0,False,manual_labeled,
dokter_ika,7592463866781551890,Replying to @nugra Selalu kritis merespon iklan-iklan supaya kamu terhindar dari overclaim dan bahan,health,1.0,False,manual_labeled,
wishdrboyke,7615620569865669895,Waspada! Area sensitif bisa jadi sarang bakteri kalau cuma dibersihkan pakai tisu. Ternyata pengguna,health,1.0,False,manual_labeled,
giapratamamd,7594350601484438802,"Banyak orang merasa “usus kotor”, padahal istilah itu keliru. Yang biasanya kamu rasakan sebenarnya ",health,1.0,False,manual_labeled,
dokter_ika,7639983083319479559,"Siapa yang mengalami? biasanya baru sadar setelah terjadi “ketergantungan toksik”, kulit jadi lebih ",health,1.0,False,manual_labeled,
ikhsanqthii,7678647164427341072,Replying to @annisa begitu 👍,health,1.0,False,manual_labeled,
bidancynthia,7666022291272420628,"Jangan takut imunisasi Bunda☺️ ricy after imunisasi nangis” bobo,nangis dikit bobo lagi, rewel dikit",health,1.0,False,manual_labeled,
aliphildan,7625524264485113096,sumpa jangan salahin gue san😐☝🏻,not_health,1.0,False,manual_labeled,
tirtacipeng,7658082702930873620,Menyambut pagi di hari jumat. Lari lanjut kalistenik.,not_health,1.0,False,manual_labeled,
aliphildan,7612584629958135058,luar biasa semangat ibadahnya jamaah disini😭🤲🏻✨,not_health,1.0,False,manual_labeled,
roozzaak,7601420256191761685,Membalas @RANI #fyp #fypシ #DokterGemoy #edukasi #edukasitiktok,health,1.0,False,manual_labeled,
doktermatahendra,7677140151973334280,Mata minus tinggi bisa bikin retina lepas? 👁️👓 Ya Fakta. Mata minus tinggi dapat meningkatkan risiko,health,1.0,False,manual_labeled,
tirtacipeng,7621398739583880469,"Cowok cowok yang kulitnya mbladus, tonton video ini!",health,1.0,False,manual_labeled,
roozzaak,7651828595115052309,Membalas @ayuwidyawati46 #fyp #fypシ #DokterGemoy #kassa #kasalidahbayi,health,1.0,False,manual_labeled,
dokteramiraobgyn,7675619200429346055,kisah seorang ibu yang kuat dg kanker payudara dan kanker ovarium,health,1.0,False,manual_labeled,
ikhsanqthii,7663709753767415060,Replying to @Zifana inilah alesan kenapa ngucek mata bisa bikin silinder 👍,health,1.0,False,manual_labeled,
drkevinmak,7593991559406816530,Replying to @saadah Jerawat di dagu itu seringnya bukan soal skincare.” Kalau jerawat munculnya di d,health,1.0,False,manual_labeled,
roozzaak,7641034635115236628,Terlebih lagi Apoteker yang belajarnya bertahun-tahun 🥹 #fyp #DokterGemoy #apoteker #farmasi #nakes,health,1.0,False,manual_labeled,
aliphildan,7650005654043757832,#jff #fakesituation⚠️,not_health,1.0,False,manual_labeled,
aliphildan,7648588842672475410,"Pernah lagi nyaman2 mau tidur, eh tiba2 kerasa kayak kepleset atau jatuh dari ketinggian, terus bada",health,1.0,False,manual_labeled,
dokter_ika,7629199538196188434,Replying to @Destri Ana32 Pejuang jerawat harus perhatikan faktor ini #acneprone #skincarenonkomedog,health,1.0,False,manual_labeled,
bidancynthia,7644543477488864532,"Transisi Dari Hamil sampai gemoy udah meluncuuur, 🥹haai bunda onlen aku lahir tgl 20mei ada yg samaa",not_health,1.0,False,manual_labeled,
dokter.harmonospanak,7638304524288937236,ACI PUSAT Telp.WA +6285108110003website :https://ayocerdas.com/,not_health,1.0,False,manual_labeled,
dokteramiraobgyn,7592298261206011157,#padahariini 3tahun lalu konten perama umur 23 tahun hamil anak ke 7 #dokterobgynpedalaman#papua#FYP,not_health,1.0,False,manual_labeled,
aliphildan,7599588789459242247,perdana bgt jadi bidan kucing✨👍🏻 @Doklip normal & Sume’eh,not_health,1.0,False,manual_labeled,
dokter.harmonospanak,7623025324334386453,Salah satu latihan otot tungkaiAnda tua tapi lincah,health,1.0,False,manual_labeled,
drkevinmak,7677419574941224200,"Buat kamu yang punya hipertensi atau kolesterol, jangan asal pilih suplemen! D3K2 bisa jadi salah sa",health,1.0,False,manual_labeled,
ikhsanqthii,7655920520289946901,😊,not_health,1.0,False,manual_labeled,
dokter_ika,7676270529707248904,"Masih ada modus begini? Atau ada juga yang ada pilihin krim malamnya, krim malam BPOM dan krim malam",health,1.0,False,manual_labeled,
aymanalts,7626722335860477191,Are you ready for the next boyband?? #SaLiMan,not_health,1.0,False,manual_labeled,
drgfira,7637915935059332359,"Kala itu cari kerja memang susah. Dalam bayangan, begitu lulus auto mudah cari kerja. Kan Indonesia ",not_health,1.0,False,manual_labeled,
aymanalts,7659053726908288263,#stitch with 7657395416731831570,health,1.0,False,manual_labeled,
aymanalts,7678892133863984391,#stitch with 7675424938970385684,not_health,1.0,False,manual_labeled,
dokter_ika,7601110114854030610,#belajarbersamadrika #edukasidokterika #stoppenyalahgunaanobatkeras #jagakulitmu,health,1.0,False,manual_labeled,
aymanalts,7666502022132288776,#stitch with 7648445891589737735,not_health,1.0,False,manual_labeled,
roozzaak,7634389810832035092,Membalas @꧁༒☬𝓐𝓷𝓸𝓷𝔂𝓶𝓸𝓾𝓼☬༒꧂ #fyp #fypシ #DokterGemoy #edukasi #edukasikesehatan,health,1.0,False,manual_labeled,
ikhsanqthii,7648299375352990992,Kasian.,not_health,1.0,False,manual_labeled,
tirtacipeng,7643769966390512917,"Buat yang masih bingung tentang susu, tonton biar pada paham & gak bingung lagi @Greenfields Indones",health,1.0,False,manual_labeled,
dr.deamaulidia,7656811618860322066,Rekomendasi hotel kids friendly di jakarta @PT SUNTER LAKESIDE HOTEL TBK 🤍 Seru banget nginep disini,not_health,1.0,False,manual_labeled,
dokteramiraobgyn,7615196997955407125,banyak perempuan sepelekan hal ini padahal dampaknya parah untuk area miss v @Clogent#CLOGENT#Underw,health,1.0,False,manual_labeled,
drkevinmak,7592563740189428999,Usia 25 tapi belum pernah minum astaxanthin? Bukan salah kamu—kebanyakan baru mikir antioksidan sete,health,1.0,False,manual_labeled,
wishdrboyke,7636366143229299975,3 hal yg membuat kamu dapat nyoba banyak variasi gaya sama pasangan saat usia tua. PENASARAN apa saj,health,1.0,False,manual_labeled,
bidancynthia,7617755174823644436,"Hpl mei mana suaranyaaa , bubid kebetulan udeh 30 week ae. nah semangat buat bunda semua apalagi yan",not_health,1.0,False,manual_labeled,
aliphildan,7604816011224812808,day 1 jadi warga jakarta✨😚,not_health,1.0,False,manual_labeled,
ikhsanqthii,7652615074300939521,Hikmah yang bisa diambil: beliin tiket konser 👍👍,not_health,1.0,False,manual_labeled,
drkevinmak,7677974633685077256,Remaja butuh vitamin apa? Salah satu yang penting diperhatikan adalah vitamin D. Vitamin D3 berperan,health,1.0,False,manual_labeled,
aymanalts,7665189591552412946,,not_health,1.0,False,manual_labeled,
dokter_ika,7673437008861089032,Kalau sebuah produk dipromosikan dengan before after yang menunjukkan perubahan warna kulit beberapa,health,1.0,False,manual_labeled,
doktermatahendra,7619964331454680341,LASIK & SMILE Pakai Pisau Bedah? Serem Banget 😨😨... Tapi MITOS! 😁❌🔪Banyak yang masih maju-mundur mau,health,1.0,False,manual_labeled,
tirtacipeng,7662180207578664212,Sedikit edukasi soal energy gel @EJ Sport Store,health,1.0,False,manual_labeled,
ikhsanqthii,7669729097387396373,Jalan jalan 😎😎,not_health,1.0,False,manual_labeled,
dokternadiyah,7634564803020754196,"Kenapa sih banyak perempuan suka minuman manis kekinian? 🤔Karena rasa manis itu bisa ningkatin mood,",health,1.0,False,manual_labeled,
roozzaak,7664783195560267029,Membalas @Al haddad #fyp #fypシ #DokterGemoy #edukasi #edukasikesehatan,health,1.0,False,manual_labeled,
dokternadiyah,7662017615086275860,"Haid Telat, Pasti Hamil? Belum Tentu! 🤔Terlambat haid sering kali langsung dikaitkan dengan kehamila",health,1.0,False,manual_labeled,
drkevinmak,7631595770063473927,Replying to @user6266264743800 Kalau minum magnesium malah bikin sembelit… kemungkinan kamu salah pi,health,1.0,False,manual_labeled,
aymanalts,7676686133547257096,#stitch with 7676442404878109972,health,1.0,False,manual_labeled,
tirtacipeng,7654979963812154644,Balance life.,not_health,1.0,False,manual_labeled,
dokter_ika,7664209421798591762,Obat ini untuk kasus kelainan kulit berat dan harus wajib dalam pengawasan ketat oleh dokter.. Kalia,health,1.0,False,manual_labeled,
drkevinmak,7644101147891911943,Replying to @Reski Ummu Salman pastikan kamu konsumsi jenis magnesium yang bener ya! Sayang udah kel,health,1.0,False,manual_labeled,
aliphildan,7634051548259077396,siapa mau bantu tante lalip ngelahirin inii eeh???✨,not_health,1.0,False,manual_labeled,
dokter.harmonospanak,7673328070152949012,Praktek spesialis anak Hub admin :kak Fatimah 0812 . 3024 . 6181kak Wulan 0858 . 1565 . 2806Google M,health,1.0,False,manual_labeled,
roozzaak,7655178365640428820,Membalas @MIR🐼 #fyp #fypシ #DokterGemoy #edukasi #edukasikesehatan,health,1.0,False,manual_labeled,
aymanalts,7598508266544565522,#stitch with @Fbryanihp,health,1.0,False,manual_labeled,
ikhsanqthii,7644894664302071061,Jadi jangan remehin soal microsleep #microsleep #drIkhsan #aromakopi,health,1.0,False,manual_labeled,
roozzaak,7597396697588845832,"Dia (kendaraan) juga butuh mandi, sama seperti kita. Sayangnya dia tidak bisa mengeluarkan bau atau ",not_health,1.0,False,manual_labeled,
ikhsanqthii,7600694364729347348,Jadi begitu ya guys.. Semoga penjelasan dari dr @Gagah Buana Putra MD Sp. 🫀 juga bisa meluruskan 👍 d,health,1.0,False,manual_labeled,
dokter_ika,7600926567363136775,"Ingat negara kita beriklim TROPIS, Salah satu penyebab sulitnya penanganan Melasma atau hiperpigment",health,1.0,False,manual_labeled,
dokter_ika,7624173704574143751,Overclaim atau ada bahan berbahayanya??? Hati-hati mengklaim!!! #belajarbersamadrika #edukasidrika #,health,1.0,False,manual_labeled,
dokter.reni.anak,7667477783051914517,Salam dari maba FK UNAIR angk 2026,not_health,1.0,False,manual_labeled,
ikhsanqthii,7665500934675418389,Siapa yang udah pernah kena ambeien? 😅,health,1.0,False,manual_labeled,
doktermatahendra,7595811554596064519,"Apakah benar jenis kelamin anak Anda menentukan dia lebih mudah kena mata minus? Jawabannya benar, n",health,1.0,False,manual_labeled,
drkevinmak,7599661696671583495,Kalau kamu masih sering keputihan ga sih? Coba spill pengalaman kamu di komen ya ✅ #infokesehatan #k,health,1.0,False,manual_labeled,
dokter_ika,7645974476789648648,"Saat terbongkar, sibuk mencari simpati. Padahal yang seharusnya mendapat simpati adalah para konsume",health,1.0,False,manual_labeled,
bidancynthia,7668470940497366293,Ga kebayang excitednya 😭 alfatihah nenek ricy,not_health,1.0,False,manual_labeled,
bidancynthia,7656848503439674645,Ya Allah maaf 😭,not_health,1.0,False,manual_labeled,
ikhsanqthii,7661956792418700565,Gula bukan sembarang gula 😎😎,health,1.0,False,manual_labeled,
drkevinmak,7677425269786873095,"Replying to @Hi, Nad! Kalau kamu masih bingung, Vitamin D 4000 IU + magnesium itu diminumnya kapan d",health,1.0,False,manual_labeled,
drkevinmak,7665873729720782098,"Baru minum B complex, kok nafsu makan jadi meningkat? Tenang, hal ini bisa terjadi pada sebagian ora",health,1.0,False,manual_labeled,
doktermatahendra,7648129197747096840,Fakta atau Mitos: Begadang bikin minus cepat naik? 🤔🛏️👀 Fakta: - Kurang tidur terkait dengan risiko ,health,1.0,False,manual_labeled,
drkevinmak,7668522361007721736,"Buat kamu yang tiap pagi bersin-bersin karena alergi dingin, plis dengerin sampai habis ya! Bisa jad",health,1.0,False,manual_labeled,
bidancynthia,7654611462949752085,Alhamdulillah punya ibu yang sejalan dengan anaknya gada drama2 ini itu ini itu 😂,not_health,1.0,False,manual_labeled,
drgfira,7651979420063763730,Hayoo mama tim yang ngebolehin anak masih minum susu atau engga nih kalau sudah sikat gigi? 😌 #fyp,health,1.0,False,manual_labeled,
aliphildan,7674172237871582484,#stitch with @sumbarterkini_id Jujurly aku cukup tertarik dengan wacana ambulans udara dan flying do,not_health,1.0,False,manual_labeled,
dionharyadi,7615906662590795028,"1 lele, 2 tempe, 2 tahu, 3 hari?Dari kemaren heboh lele mentah untuk MBG. Saya ngerti maksudnya untu",health,1.0,False,manual_labeled,
roozzaak,7654101910433139989,Membalas @Red_valvet09 #fyp #fypシ #DokterGemoy #vitaminD #vitaminD3,health,1.0,False,manual_labeled,
drkevinmak,7642273287233342728,"Double chin kadang bukan cuma soal gemuk 👀 Postur, tidur, kebiasaan nunduk, sampai lifestyle juga bi",health,1.0,False,manual_labeled,
drkevinmak,7624168051876891922,"Scroll bentar jadi berjam-jam… tau-tau udah jam 2 pagi, mata capek tapi otak masih “lagi seru nih” H",health,1.0,False,manual_labeled,
dr.ziee,7635140801764297991,pilih sepatu anak itu ternyata nggak sesimpel “yang penting lucu”. Ada hal yang lebih penting justru,health,1.0,False,manual_labeled,
ikhsanqthii,7664562741671202065,Saya siap turun mendengar aspirasi masyarakat 🙏,not_health,1.0,False,manual_labeled,
bidancynthia,7673123229644475669,#asmr,not_health,1.0,False,manual_labeled,
dokteramiraobgyn,7591814936058137877,test pack positif jangan lupa usg #dokterobgynpedalaman#papua#fyp,health,1.0,False,manual_labeled,
roozzaak,7615509483376168212,Membalas @chen #fyp #fypシ #DokterGemoy #vitaminD #vitaminD3,health,1.0,False,manual_labeled,
bidancynthia,7670414126518127892,Diajak main siapa ya🤫,not_health,1.0,False,manual_labeled,
roozzaak,7599887523099184404,Membalas @kepiting 🦀 #fyp #fypシ #DokterGemoy #edukasi #edukasitiktok,health,1.0,False,manual_labeled,
roozzaak,7646345286457036053,Membalas @@DMA #fyp #fypシ #DokterGemoy #edukasi #edukasikesehatan,health,1.0,False,manual_labeled,
roozzaak,7617289696858770709,Membalas @MamaHana #fyp #fypシ #DokterGemoy #edukasi #diapercream,health,1.0,False,manual_labeled,
roozzaak,7654001633516424468,Membalas @🅶ᴇͫᴍᷝᴏᷤ🆈 #fyp #fypシ #DokterGemoy #edukasi #edukasikesehatan,health,1.0,False,manual_labeled,
giapratamamd,7647511868348615956,"Sabar adalah kunci, karena hidup jarang sekali memberi hasil secepat keinginan kita. Sabar membuat k",not_health,1.0,False,manual_labeled,
drkevinmak,7631100649756757266,"Cepet capek, susah fokus… banyak yang kira cuma kurang tidur atau kebanyakan kerja 😵‍💫 Padahal bisa ",health,1.0,False,manual_labeled,
drkevinmak,7677423468052221202,"Usia 40-an, kok badan mulai kerasa banyak keluhan? Usia memang bertambah, tapi bukan berarti kesehat",health,1.0,False,manual_labeled,
dokter_ika,7607296640835243271,Merawat kulit pun demikian. Setiap langkah kecil yang kita lakukan hari ini sedang membentuk kualita,health,1.0,False,manual_labeled,
doktermatahendra,7661594317240175890,Penasaran apakah terapi Ortho K bisa menghilangkan minus selamanya? Singkatnya: tidak — tapi ada man,health,1.0,False,manual_labeled,
ikhsanqthii,7642359020430347537,Demikian sekilas info buat pertolongan pertama terpatuk ular 👍👍 TOLONG DISIMAK!,health,1.0,False,manual_labeled,
dokter.reni.anak,7595417388322049287,"✨Anak anak terutama balita rentan terkena HFMD (Hand and Foot Mouth Disease), bahkan bisa kena lebih",health,1.0,False,manual_labeled,
aymanalts,7660783258849791250,#stitch with 7660298050786643220,not_health,1.0,False,manual_labeled,
aymanalts,7677036195800681746,#duet with 7674816918607367445 #seruseruan,not_health,1.0,False,manual_labeled,
dokter_ika,7646794629630692616,HB seperti ini dugaan kuat melakukan penyalahgunaan obat keras seperti Hidroquinon dosis tinggi dan ,health,1.0,False,manual_labeled,
roozzaak,7642281992431734037,Membalas @dewycaca966 #fyp #fypシ #DokterGemoy #vitaminD #vitamind3,health,1.0,False,manual_labeled,
ikhsanqthii,7603204834275249429,Intinya kalau anak itu sering pi*isnya gak lancar coba liat bagian preputium (kul*p). Soalnya kadang,health,1.0,False,manual_labeled,
drkevinmak,7606298972164033800,Bekas jerawat nggak harus jadi ‘temen lama’ di muka kamu Pakai moisturizer yang bantu repair skin ba,health,1.0,False,manual_labeled,
dokteramiraobgyn,7604401957565926677,Akibat tidak pakai kb ya begini #dokterobgynpedalaman#papua#fyp,health,1.0,False,manual_labeled,
drkevinmak,7620114400501976328,Replying to @seojoonn_8 Umur 18 masih bisa nambah tinggi ga? Ini pertanyaan yang sering banget muncu,health,1.0,False,manual_labeled,
giapratamamd,7621023260838350100,Ini adalah sendi pergelangan kaki manusia. Pergelangan kaki mengingatkan kita bahwa hidup butuh kese,health,1.0,False,manual_labeled,
aymanalts,7651257727385128200,Jangan lakukan diskriminasi,health,1.0,False,manual_labeled,
giapratamamd,7671883856487697684,"Ini adalah mesenterium. Dulu, struktur ini hanya dianggap sebagai lipatan jaringan yang menggantungk",health,1.0,False,manual_labeled,
dokteramiraobgyn,7653429076815777031,jika sidia mendua waspadalah! kanker cervix mengintai anda para wanita yang bukan satu2 nya #fyp#,not_health,1.0,False,manual_labeled,
ikhsanqthii,7650284559845559573,Demikian 🙏,health,1.0,False,manual_labeled,
roozzaak,7671223025034857748,Membalas @xxx #fyp #fypシ #DokterGemoy #edukasi #edukasikesehatan,health,1.0,False,manual_labeled,
aliphildan,7644781672860323090,Gue bener2 ga ngerti kenapa filter tiktok sebenci itu ama gueeeeeekk #jff #fakesituation⚠️,not_health,1.0,False,manual_labeled,
dokteramiraobgyn,7614889697801751829,14 tahun menikah begini endingnya #dokterobgynpedalaman#papua#fyp,health,1.0,False,manual_labeled,
giapratamamd,7599144556025711890,Ini adalah 2 saluran di dalam leher manusia. Tersedak makanan adalah salah satu penyebab kematian ya,health,1.0,False,manual_labeled,
roozzaak,7598034800804416775,Membalas @syasyaaputri #fyp #fypシ #DokterGemoy #edukasi #edukasitiktok,health,1.0,False,manual_labeled,
tirtacipeng,7643696595078368532,"Sekali2 ngajar di kelas 1 sd. Ini kebagian jadwal ngajarin hidup sehat, makan sehat dan olahraga ke ",not_health,1.0,False,manual_labeled,
roozzaak,7595977103368080648,Membalas @Dewi #fyp #fypシ #DokterGemoy #edukasi #edukasitiktok,health,1.0,False,manual_labeled,
drkevinmak,7629136826837585160,Sering ngorok tiap malam? Bisa jadi otot saluran napas kamu kurang relaks — salah satu yang berperan,health,1.0,False,manual_labeled,
dr.ziee,7600364324829334792,"Kalo kamu salah satu dari orang yang mengalami hal ini, tonton sampe abis. Jerawat yang muncul di te",health,1.0,False,manual_labeled,
dokter.harmonospanak,7635485955146714389,Praktek spesialis anak Hub admin :kak Fatimah 0812 . 3024 . 6181kak Wulan 0858 . 1565 . 2806Google M,not_health,1.0,False,manual_labeled,
aymanalts,7646315462753799432,,not_health,1.0,False,manual_labeled,
dokternadiyah,7660181322752658709,"Tanda Persalinan Sudah Dekat, Apa Saja? 👶✨Menjelang hari persalinan, tubuh ibu biasanya mulai member",health,1.0,False,manual_labeled,
dr.ziee,7673419551169711378,"Eksperimen ini memang bukan representasi langsung kondisi kulit manusia, tapi bisa jadi gambaran bah",health,1.0,False,manual_labeled,
roozzaak,7634358819610496277,Tolong admin @TikTok Indonesia dibenerin lagi sistemnya jangan asal hapus begini 😪 #fyp #fypシ #Dokte,not_health,1.0,False,manual_labeled,
tirtacipeng,7671143934063693077,"Telapak tangan basah pertanda jantung lemah? Tonton video singkat ini yaaaa, mayan ilmu tipis2",health,1.0,False,manual_labeled,
aymanalts,7592854185784265992,#stitch with @bibainindonesia,health,1.0,False,manual_labeled,
bidancynthia,7671140444222328085,Tapi malah ngantuk EA #bayi2bulan,not_health,1.0,False,manual_labeled,
dokter.harmonospanak,7617605072423292181,,health,1.0,False,manual_labeled,
dokter_ika,7593986727543393554,Krim racikan yang terlihat “ampuh” sebenarnya sedang bekerja MERUSAK bukan memperbaikinya… #belajarb,health,1.0,False,manual_labeled,
tirtacipeng,7651880938359590165,Penjelasan superficial (singkat dan sekilas) soal penyakit autoimun.,health,1.0,False,manual_labeled,
aymanalts,7623214408893795602,,not_health,1.0,False,manual_labeled,
dokter_ika,7670812370326883602,Beberapa motif yang paling sering ditemukan adalah:1. Memberikan hasil yang sangat cepat - Konsumen ,health,1.0,False,manual_labeled,
aymanalts,7607471748140911880,,health,1.0,False,manual_labeled,
dokter_ika,7594734579613781256,"“Hati-hati membeli atau meracik sendiri krim, lotion, sabun perawatan kulit. Kulit bukan tempat uji ",health,1.0,False,manual_labeled,
drgfira,7642113254675844360,Gapapa kan? 🥹 #dentist #dentistlife,not_health,1.0,False,manual_labeled,
dokteramiraobgyn,7618809614326402325,hubungan sex sejak pacaran kutil kelamin di usia 22 tahun #dokterobgynpedalaman#papuapride #fyp,health,1.0,False,manual_labeled,
aymanalts,7664863145621490962,,health,1.0,False,manual_labeled,
dr.ziee,7598160561125330184,Ada tipe wajah yang nggak butuh effort berlebihan buat kelihatan mahal. Bukan karena satu fitur yang,health,1.0,False,manual_labeled,
roozzaak,7651818203475086613,#stitch dengan @AMAT MEDAN YG LAGI VIRAL NAIK #fyp #fypシ #DokterGemoy #edukasi,health,1.0,False,manual_labeled,
aymanalts,7660896303785889042,"Dalam memilih skincare, harus diperhatiin ya formulanya, jadi kita bisa tau hasilnya nanti beneran k",health,1.0,False,manual_labeled,
drkevinmak,7668558263440444680,"Buat yang masih bingung minum vitamin apa buat rambut rontok, boleh coba 3 tips di video ini! #rambu",health,1.0,False,manual_labeled,
dionharyadi,7666460814026624277,Mie ayam 🙏,health,1.0,False,manual_labeled,
aliphildan,7632933860258434324,kalo setahun ngekos bajunya ga dicuci sebulan(?)✨🦶🏻,not_health,1.0,False,manual_labeled,
ikhsanqthii,7670064389654940944,👍👍,health,1.0,False,manual_labeled,
dokter.harmonospanak,7665925001975057684,Jl.Airlangga 33 Apotek Diandra Mojosari Kab. Mojokerto cp.kak Fat. 0812 . 3024 . 6181#konsultasigrat,not_health,1.0,False,manual_labeled,
dokternadiyah,7607824969854110996,Cek! Ini dia tanda bahaya masa nifas! #edukasikesehatan #dokterkandungan #nifas #obgyn,health,1.0,False,manual_labeled,
spesialist.kesehatan,7605090807636299009,Cek kesehatan ginjal tanpa bantuan alat… #ginjal #tipssehat #gagalginjal #gagalginjalkronis #spesial,not_health,1.0,False,manual_labeled,
dokter.harmonospanak,7651905153750076693,Google Map tulis :Fellyta Fruit & Frozen Food,not_health,1.0,False,manual_labeled,
giapratamamd,7590969105407167764,Tentang Gula Darah dan Pankreas. Podcast Radityadika dan dr. Gia Pratama. part 4.,health,1.0,False,manual_labeled,
aymanalts,7672233926290689287,Shan sampai nyerah,health,1.0,False,manual_labeled,
dokter.harmonospanak,7674150958275890453,Praktek spesialis anak Hub admin :kak Fatimah 0812 . 3024 . 6181kak Wulan 0858 . 1565 . 2806Google M,health,1.0,False,manual_labeled,
aliphildan,7654822706994515218,Jalan2 dengan betis rodaku🏃🏻✨ @Ganta 🐮 #fakesituation⚠️ #fakebody,not_health,1.0,False,manual_labeled,
ikhsanqthii,7625509514120301845,"Replying to @justminee berobatlah, tapi jgn ke gue, krn gue mager 🙏",not_health,1.0,False,manual_labeled,
drkevinmak,7592236753981820168,Kalau kamu ada rencana promil tahun ini? Jangan lupa benerin dulu haid nya ✅ #haid #vitamin #vitamin,health,1.0,False,manual_labeled,
aymanalts,7633058919320964370,,not_health,1.0,False,manual_labeled,
wishdrboyke,7636233062719720722,Nikmatnya kursi pijat 🤤 Janglah engkau lupa untuk relaksasi ya sahabat... kalau tubuh mulai terasa m,health,1.0,False,manual_labeled,
itsdoktermuda,7624828002769341717,Emang mirippp sihh😭😭😭,not_health,1.0,False,manual_labeled,
dokter_ika,7657765561346084114,Replying to @Sukahatilah Namanya penjual nakal ya bilangnya aman aja yang penting cuan-cuan…. Hati2 ,health,1.0,False,manual_labeled,
aymanalts,7669717125837163783,,health,1.0,False,manual_labeled,
ikhsanqthii,7676113285267197205,Buat yang badannya sering gampang drop 🙏,health,1.0,False,manual_labeled,
dokter_ika,7663273426303356168,Tetap jaga keseimbangan kulit kamu #belajarbersamadrika #Edukasidrika #purging #SkinBarrier,health,1.0,False,manual_labeled,
dokter_ika,7625811916199398664,"Kalu sudah main di area berbahaya syulit bertobat, camkan ini ya guys 👍🏻 Jaga kulitmu dari penjual n",health,1.0,False,manual_labeled,
bidancynthia,7647183365736647957,"Ade keluarnya cuma beberapa menit, kontraksi nya yang lama 😭",not_health,1.0,False,manual_labeled,
drkevinmak,7601538691395292423,"Kulit kusam pas puasa, mau Lebaran pengen glowing? Masalahnya sering bukan di skincare. Kurang tidur",health,1.0,False,manual_labeled,
aymanalts,7672575352924835090,,health,1.0,False,manual_labeled,
bidancynthia,7640713092283780372,Bun selama hamil naik Bb brpa kg?,not_health,1.0,False,manual_labeled,
ikhsanqthii,7609860348983643408,TIDAKKK GUE KELEWATAN SAHURR 😭😭😭,not_health,1.0,False,manual_labeled,
dokter.harmonospanak,7660344524278992149,Praktek spesialis anak Hub admin :kak Fatimah 0812 . 3024 . 6181kak Wulan 0858 . 1565 . 2806Google M,health,1.0,False,manual_labeled,
aliphildan,7622156977099066642,"Innalillahi wa innailaihi rojiun, stop konspirasi2 ngawur‼️ plis banget jangan terpengaruh sama omon",health,1.0,False,manual_labeled,
giapratamamd,7634407094799633684,Tentang Polydeoxyribonucleotide. Untuk teman-teman yang mulai mau merawat kulit wajah.,health,1.0,False,manual_labeled,
aymanalts,7639991744355978504,,not_health,1.0,False,manual_labeled,
roozzaak,7632885569147784469,Membalas @mbaq shofia #fyp #fypシ #DokterGemoy #tiktok #tiktokindonesia,health,1.0,False,manual_labeled,
aymanalts,7619219704263068946,#stitch with @Ary A. | Hair & General Health,health,1.0,False,manual_labeled,
dr.ziee,7608477737392573704,"Kenapa niacinamide 10% di satu orang works banget, tapi di kamu biasa aja? Karena di atas 5%, efekny",health,1.0,False,manual_labeled,
drkevinmak,7668572882980670728,Kalau kamu biasa bawa vitamin apa saat travelling? #vitamin #rekomendasivitamin #vitaminpemula #dosi,not_health,1.0,False,manual_labeled,
ikhsanqthii,7651232478878764309,Kalo klean ke Lampung wajib ke sini menurut gue 👍,not_health,1.0,False,manual_labeled,
drkevinmak,7654840557679807752,"Masih bingung vitamin D harus diminum bareng magnesium atau nggak? Biar nggak salah paham, jangan lu",health,1.0,False,manual_labeled,
aliphildan,7606649445224140039,#MasyaAllahTabarakallah,not_health,1.0,False,manual_labeled,
drkevinmak,7667871229046426888,"Nah, ayo ngaku… siapa yang sering pakai earphone sampai ketiduran? Plis, stop kebiasaan ini sebelum ",health,1.0,False,manual_labeled,
roozzaak,7611350430005611797,Membalas @fitri mulia #fyp #fypシ #DokterGemoy #edukasi #edukasitiktok,health,1.0,False,manual_labeled,
roozzaak,7596869601070288146,Membalas @nyonyadrl432 #fyp #fypシ #DokterGemoy #edukasi #edukasitiktok,health,1.0,False,manual_labeled,
roozzaak,7614462994377870612,Membalas @RA_racingteam Zinc Lactate dari @Nutrisi Anak Indonesia adalah salah satu suplementasi yan,health,1.0,False,manual_labeled,
giapratamamd,7625106533055040789,Ini adalah separuh Otak Manusia. Otak manusia dewasa rata-rata punya sekitar 86 miliar neuron. Pada ,health,1.0,False,manual_labeled,
bidancynthia,7645283199333043477,"Alhamdulillah hari ke 3 setelah lahiran smpai skrg ASI mulai banyaaak,sampe harus pumping karna penu",not_health,1.0,False,manual_labeled,
dokteramiraobgyn,7628261867097459975,jatuh cinta itu kamu papua dengan segala keindahannya #dokterobgynpedalaman#papua#fyp,not_health,1.0,False,manual_labeled,
aliphildan,7594746154454142215,"pantesan gaji kecil, ternyata pahalanya besar🥹🤲🏻 terima kasih kadam atas penjelasannya @Kadam Sidik ",not_health,1.0,False,manual_labeled,
drkevinmak,7673146924781800712,"Dari 3 ciri ini, kamu udah ada yang relate belum nih? Komen penyebab kamu kira3 yang mana dan Share ",health,1.0,False,manual_labeled,
drkevinmak,7646364453918838034,Usia 25 tahun tapi masih sering tidur mangap? Jangan dianggap sepele. Karena tidur mangap bisa menja,health,1.0,False,manual_labeled,
wishdrboyke,7670072778351004935,Banyak yang Gak Tahu! 'Darah Tinggi' Bisa Bikin Momen Mesra Jadi Ambrul Adul! 😳💥 Pernah merasa perfo,health,1.0,False,manual_labeled,
ikhsanqthii,7675646419214077204,Replying to @roti.goreng,health,1.0,False,manual_labeled,
dokter_ika,7613977074486824210,Jangan menormalisasi Marketing Overclaim❗️ Apalagi yang mengandung bahan berberbahaya untuk pemutih ,health,1.0,False,manual_labeled,
itsdoktermuda,7599471362251558164,Aku sarankan bayi bunda semua utk tummy time sejak dini. Kenapa? 1. Leher jadi cepat kuat Pas bayi t,health,1.0,False,manual_labeled,
giapratamamd,7677598415680720148,Podcast Pulang Praktik. Episode pulang praktik hari ini saya kedatangan sohibku @doktermedok Teman-t,health,1.0,False,manual_labeled,
gelarsramdhani,7590592735845879048,"Terima kasih semuanya, panjang umur kebaikan #majalengka #aceh",not_health,1.0,False,manual_labeled,
itsdoktermuda,7612526580723715349,Punya ceritaa apa kalian saat jadi penunggu di rumah sakit? Jaga kesehatan yaaa,not_health,1.0,False,manual_labeled,
drkevinmak,7674950357100809479,Replying to @rinastley kalau kamu pernah ngerasain efek samping ga pas minum magnesium? Coba cerita ,health,1.0,False,manual_labeled,
drkevinmak,7600727329047956754,Replying to @momo kalau kamu udah rutin makan makanan ini buat keputihan belom? #keputihan #rekomend,health,1.0,False,manual_labeled,
aliphildan,7599543540674284808,"dikasih penjelasan panjang bingung, dikasih intinya aja malah nyerang 🤡 ✨ mohon izin defib dok🙏🏻",health,1.0,False,manual_labeled,
giapratamamd,7664120517019929877,Jadi Lahir sebagai laki-laki atau perempuan bermula dari satu pertemuan 2 sel yg membawa pesan masin,health,1.0,False,manual_labeled,
drkevinmak,7659988994003881234,Kalau perut buncitmu sampai “ngintip” duluan pas sembunyi di balik tembok… Saatnya mulai ubah kebias,health,1.0,False,manual_labeled,
roozzaak,7617311021363088660,Membalas @Imas setianingrum #fyp #fypシ #DokterGemoy #edukasi #edukasikesehatan,health,1.0,False,manual_labeled,
drkevinmak,7677145461676985608,Rambut rontok nggak selalu karena kurang vitamin! Ini beberapa penyebab rambut rontok yang perlu kam,health,1.0,False,manual_labeled,
doktermatahendra,7596677087725931783,"Si Buta yang Datang Diam-Diam, Riwayat diabetes, gula darah terkontrol, tapi mata kok tiba-tiba bura",health,1.0,False,manual_labeled,
aymanalts,7594395242355232007,,health,1.0,False,manual_labeled,
aymanalts,7647736225763314952,#stitch with 7646348757482736914,health,1.0,False,manual_labeled,
roozzaak,7637328883246845204,Membalas @Chii🍀 #fyp #fypシ #DokterGemoy #channamix #kapsulikangabus,health,1.0,False,manual_labeled,
dokter_ika,7599243604707577106,Menjadi dewasa berarti belajar merawat diri dengan lebih bijak ❤️ #quoteoftheday #TheNewYoung,not_health,1.0,False,manual_labeled,
dokter_ika,7627802056455146770,Ngajakin buat ikutan putih ???? #belajarbersamadrika #edukasidrika #cintaiwarnamu,not_health,1.0,False,manual_labeled,
doktermatahendra,7671874474974694664,"Usia baru 30 tahun, tapi mata sudah terasa sangat kering. Normal nggak sih? 👀Jawabannya: sangat seri",health,1.0,False,manual_labeled,
doktermatahendra,7624079527257558290,"Mengapa pakai obat tetes mata malah terasa perih? 👁️💧Banyak pasien bingung dan khawatir,“Dok, kenapa",health,1.0,False,manual_labeled,
drkevinmak,7596231024904834322,Vitamin D3 membantu penyerapan kalsium untuk tulang dan gigi yang kuat. Vitamin K2 membantu mengarah,health,1.0,False,manual_labeled,
dokter_ika,7614401468350663944,#journeyoflife #belajarbersamadrika #edukasidokterika #jagakulitmu #skincarebersamaDricha,not_health,1.0,False,manual_labeled,
aliphildan,7590731716629744903,"Secara ilmiah, air wudhu tidak mengandung zat aktif untuk mengatasi jerawat, flek, penuaan, atau mas",health,1.0,False,manual_labeled,
dokter.harmonospanak,7619318198957329684,,health,1.0,False,manual_labeled,
doktermatahendra,7627785045922630920,"Setelah Operasi Katarak, Mengapa Floaters Kadang Jadi Lebih Jelas? Apakah Berbahaya?Beberapa pasien ",health,1.0,False,manual_labeled,
tirtacipeng,7677460126520970516,Rutinitas latian bapak2 35 tahun. Gerakannya basic2 aja dan itu2 aja. yg penting konsisten.,not_health,1.0,False,manual_labeled,
roozzaak,7627393332267765013,Membalas @mee #fyp #fypシ #DokterGemoy #vitaminD #vitaminD3,health,1.0,False,manual_labeled,
dokter_ika,7599084305226272018,Masuk terus dalam lingkaran syetan.. Kapan mau sehatnya kalau fungsi alami kulit selalu ditekan? Ini,health,1.0,False,manual_labeled,
roozzaak,7599272308649348359,Membalas @iita✨ #fyp #fypシ #DokterGemoy #edukasi #edukasitiktok,health,1.0,False,manual_labeled,
bidancynthia,7648975228206337300,"Bayi 19Hari quuu, teman begadang tiap malem🫩 , yang lagi di fase ini juga sehat” yaa#newbornbaby",not_health,1.0,False,manual_labeled,
drrichardlee,7618213779058265362,DOWNLOAD 27: ISLAM CUMA SATU?! KENAPA BANYAK ALIRAN?! MANA YANG HARUS DI IKUTI?! Managed by Admin,not_health,1.0,False,manual_labeled,
roozzaak,7660737704828701973,Membalas @Toko Athakha #fyp #fypシ #DokterGemoy #dha #nordic,health,1.0,False,manual_labeled,
roozzaak,7618750211602533652,Membalas @tika oktafiana #fyp #fypシ #DokterGemoy #vitaminD #vitamind3,health,1.0,False,manual_labeled,
roozzaak,7625826753960873237,Membalas @Febbi Sianiparr Pudan #fyp #fypシ #DokterGemoy #vitaminD #vitaminD3,health,1.0,False,manual_labeled,
dokter.harmonospanak,7625467242297265428,Membalas @amndashfira,not_health,1.0,False,manual_labeled,
gelarsramdhani,7663693779324374279,Membalas @majakuning sakit gigi bisa menyebabkan migrain sakit kepala?,health,1.0,False,manual_labeled,
gelarsramdhani,7663656599818341639,Skill Lab Tatalaksana Sinkop Mahasiswa Fakultas Kedokteran Gigi Universitas Muhammadiyah Semarang (B,not_health,1.0,False,manual_labeled,
roozzaak,7601330037119323412,Membalas @Shinta #fyp #fypシ #DokterGemoy #edukasi #edukasitiktok,health,1.0,False,manual_labeled,
tirtacipeng,7673783229266234645,#onthisday,health,1.0,False,manual_labeled,
dokternadiyah,7591913994948988181,"Usia bertambah, masa menopause rentan ini itu 🥲 #habarlic #habatussauda #edukasikesehatan #tipssehat",health,1.0,False,manual_labeled,
dionharyadi,7652166515881446677,Bukan mau sombong tapi negara saya udah berdiri 80 tahun 🙏,not_health,1.0,False,manual_labeled,
dokter_ika,7658147280922414344,"#duet with @🪭👛🧚mami Boru kalit 🧚👛🪭 #Stitch Semangat pulihkan kembali ya ibu, gunakan produk yang nya",health,1.0,False,manual_labeled,
roozzaak,7663307510069103892,Membalas @firna｡.｡:∞♡*♥ #fyp #fypシ #DokterGemoy #vitaminD #vitaminD3,health,1.0,False,manual_labeled,
tirtacipeng,7671553651021761813,Tonton video ini buat kalian yang rambutnya rusak. Joooss bonvie @Bonvie Haircare,health,1.0,False,manual_labeled,
gelarsramdhani,7637864622468500743,Kesehatan dan Kenyamanan Jemaah Haji adalah Tanggung Jawab Kami Petugas Haji Indonesia #haji #jemaah,not_health,1.0,False,manual_labeled,
dokternadiyah,7609709890843462932,"Replying to @Dr. dr. Nadiyah, Sp.OG Lebih baik mencegah sebelum parah 🙌🏻Semangat sehat ✨#edukasikese",health,1.0,False,manual_labeled,
dr.ziee,7679279638023130375,"Contekan singkat buat yang punya masalah-masalah diatas ini. Stretchmark, callus, ketiak gelap, dll ",health,1.0,False,manual_labeled,
aymanalts,7596186717464546578,#stitch with @Lutviatunsukses,health,1.0,False,manual_labeled,
aymanalts,7609994734051872008,Replying to @Zaki Ramadhan dengerin nih buat yg ga ngerti skincare sama sekali,health,1.0,False,manual_labeled,
roozzaak,7632120113466199316,Membalas @. #fyp #fypシ #DokterGemoy #calmingcream #calmingbabycream,health,1.0,False,manual_labeled,
bidancynthia,7637404825486937365,Bumil on the move 🚶‍♀️ 🤰 bayi: ‘pelan dikit buu’ 😂 38 week #ibuhamil #hamil,not_health,1.0,False,manual_labeled,
dokternadiyah,7597082484777569543,"Yang mageran dengan prentelan skincare, boleh coba ini ya 🙌🏻#skincare #womancare #etalagen",health,1.0,False,manual_labeled,
aymanalts,7600385948559428882,"Susu tinggi kalsium itu baik untuk mendukung kesehatan tulang, tidak hanya untuk anak2, tapi untuk o",health,1.0,False,manual_labeled,
aymanalts,7677452074447162632,,health,1.0,False,manual_labeled,
dr.ziee,7677510087975488775,"Kalau lotion cuma bikin lembap 2–3 jam, kadang masalahnya bukan karena kurang lembap, tapi skin barr",health,1.0,False,manual_labeled,
drkevinmak,7627467585155517714,Capek + overthinking itu bukan cuma di pikiran… tapi bisa ganggu hormon & kesehatan wanita juga Mula,health,1.0,False,manual_labeled,
drkevinmak,7626260623319469319,"“Mata udah ngantuk… tapi pikiran nggak berhenti Badan capek, tapi otak masih ‘on’. Kadang bukan over",health,1.0,False,manual_labeled,
dr.ziee,7601024859497385234,Mungkin kamu nggak pernah kepikiran kalo hal sesimpel ini itu habit buruk yang bikin sakit. Tips aku,health,1.0,False,manual_labeled,
aymanalts,7633683112114834696,Shift Jaga kali ini membahas apakah lari bikin cepat tua?,health,1.0,False,manual_labeled,
bidancynthia,7676447239820037397,Teman ricy udah lewatin fase apa aja? #bayi3bulan,not_health,1.0,False,manual_labeled,
aymanalts,7661552275625757959,#stitch with 7659795297815645453,health,1.0,False,manual_labeled,
dokteramiraobgyn,7616022924125916437,lepas kb suntik haid langsung memanjang normal gak sih?#fyp#,health,1.0,False,manual_labeled,
bidancynthia,7661126425537301781,"Di cek pembukaan sama dr obgyn detik” mau lahiran ,Menurutku cek pembukaan ga sakit kalo rileks dan ",not_health,1.0,False,manual_labeled,
bidancynthia,7660743967104863508,"Makasih Mama udah bantuin dari Lahiran sampe Ricy mau 2bln, jauh” datang dari Garut - Sumbawa 🫶🏻semo",not_health,1.0,False,manual_labeled,
bidancynthia,7619492739633368341,Selamat Lebaran Teman online Semua Minalaidzin Walfaidzin Mohon maaf Lahir Batin 😇🙏 #lebaran2026,not_health,1.0,False,manual_labeled,
roozzaak,7658084679702088980,Membalas @Mersyhanda Tidak boleh kalau kata orang orang jadul bu 🤣 #fyp #fypシ #DokterGemoy #edukasi ,health,1.0,False,manual_labeled,
roozzaak,7595979504066022663,Membalas @upikupik3818 #fyp #fypシ #DokterGemoy #edukasi #edukasitiktok,health,1.0,False,manual_labeled,
roozzaak,7633231686901468437,Membalas @binor #fyp #fypシ #DokterGemoy #edukasi #edukasikesehatan,health,1.0,False,manual_labeled,
aymanalts,7660056043833019655,#stitch with 7659703239478136082,health,1.0,False,manual_labeled,
aliphildan,7631539994821233940,yang mau tanya seputar imunisasi boleh komen yaa insyaAllah doklip jawab🫶🏻🤗✨,health,1.0,False,manual_labeled,
dr.deamaulidia,7613973890154433800,Botol terlihat bersih tapi masih keruh atau bau? Itu bukan sekadar noda.” Residu lemak & protein dar,health,1.0,False,manual_labeled,
roozzaak,7652560956760788245,Membalas @novitasinaga😊 #fyp #fypシ #DokterGemoy #vitaminD #vitaminD3,health,1.0,False,manual_labeled,
aliphildan,7592229653633338632,"yaahh kurang lebih tanggapan doklip sama kyk mereka berdua, tonton aja video merekaaa @Ayman Alatas ",health,1.0,False,manual_labeled,
aliphildan,7617466753878166792,"sekian tips dari saya cc @Ikhsanqthii, MD @Ayman Alatas",not_health,1.0,False,manual_labeled,
dokteramiraobgyn,7617784394413067540,"Banyak perempuan ngalamin ini… tapi sering dianggap “normal”. 👀. Gatal, keputihan agak bau, atau ngg",health,1.0,False,manual_labeled,
dokter.harmonospanak,7677014114903821588,Praktek spesialis anak Hub admin :kak Fatimah 0812 . 3024 . 6181kak Wulan 0858 . 1565 . 2806Google M,health,1.0,False,manual_labeled,
drkevinmak,7604135631337360658,Replying to @Nanaa kalau kamu udah pernah minum kolagen newlab? Coba spill hasilnya ya ✅ #infokeseha,health,1.0,False,manual_labeled,
tirtacipeng,7645490071952575765,Siapa disini yang abis lari suka langsung nongkrong tanpa bersih-bersih dulu? @Betadine Shop #Waktun,health,1.0,False,manual_labeled,
roozzaak,7625852069760617749,Membalas @ara all fierra #fyp #fypシ #DokterGemoy #edukasi #edukasikesehatan,health,1.0,False,manual_labeled,
ikhsanqthii,7637528984271457556,Monggo bisa baca langsung informesyen di akunnya dokter tercinta kita @Ayman Alatas 🫶🙏,health,1.0,False,manual_labeled,
aymanalts,7655266755031436552,#stitch with 7654890182142872853,not_health,1.0,False,manual_labeled,
drgfira,7623828020091948296,"Namanya white spot ya, dan menandakan di bagian tersebut sangat rapuh 🥹 jadi butuh perawatan dan per",health,1.0,False,manual_labeled,
dokter.harmonospanak,7618722700579589396,,health,1.0,False,manual_labeled,
drkevinmak,7667223576428186898,"Please jangan abaikan gejala2 ini ya! Buanyak banget yang ujung2 nya kecolongan, kalau kamu paling s",health,1.0,False,manual_labeled,
dr.ziee,7666037061480238343,Campuran sabun + pasta gigi + baking soda memang bisa membuat air flush lebih berbusa dan sedikit le,health,1.0,False,manual_labeled,
tirtacipeng,7611725792824888597,Serba serbi garam @Garam Artisan & Rempah Lokal,not_health,1.0,False,manual_labeled,
tirtacipeng,7672341220055649557,Kenapa ada kasur harganya muahal banget?,health,1.0,False,manual_labeled,
gelarsramdhani,7643209098141420818,Membantu memperbaiki koper jemaah haji Indonesia asal Majalengka yang rusak #haji #jemaahhaji #petug,not_health,1.0,False,manual_labeled,
dokter.harmonospanak,7616534044385348884,,not_health,1.0,False,manual_labeled,
dokternadiyah,7645331217235397908,"Hubungan suami istri saat haid masih sering jadi pertanyaan 🤔Sebenarnya, hal ini bukan cuma soal nya",health,1.0,False,manual_labeled,
wishdrboyke,7616246841360911634,"Cuma butuh 3 detik untuk proteksi area kewanitaan seharian! ​Gak perlu ribet, cukup semprot Wish Int",health,1.0,False,manual_labeled,
ikhsanqthii,7672402134188428564,@Chillda,not_health,1.0,False,manual_labeled,
bidancynthia,7679730707845156116,"Membalas @AzzuraAurellia Kalau belum tengkurap Stimulasi kak, Ini juga belum tengkurap sepenuhnya. T",health,1.0,False,manual_labeled,
gelarsramdhani,7663276620135927048,"Barakallahu fii umrik selamat ulang tahun untuk sahabat saya Kang Ghibran Maulana Suherman, S.M",not_health,1.0,False,manual_labeled,
dokternadiyah,7651253213965913365,Replying to @erta Ingin area miss V dan lipatan tampak lebih cerah? Yuk! Kenali dulu penyebabnya!War,health,1.0,False,manual_labeled,
bidancynthia,7659501376438881556,🫶🏻🫶🏻,not_health,1.0,False,manual_labeled,
ikhsanqthii,7664986424256597268,"Dan kalau malam hari mau main hp, boleh coba nyalain night modenya… biar sinar birunya berkurang 👍👍",health,1.0,False,manual_labeled,
dokter_ika,7597238013902556424,"Masuk tahun ke 7 saya mengedukasi krim2 berbahaya, bukan perkara persaingan bisnis, tapi krim yang d",health,1.0,False,manual_labeled,
roozzaak,7677021883363085589,Membalas @lalapoh #fyp #fypシ #DokterGemoy #vitaminD #vitaminD3,health,1.0,False,manual_labeled,
dokteramiraobgyn,7603356511447895316,ayo segera pap smear sebelum kanker cervix menyerang #dokterobgynpedalaman#papua#fyp,health,1.0,False,manual_labeled,
aliphildan,7639678457814764808,siap mengaum @Acid 🔮,not_health,1.0,False,manual_labeled,
dokteramiraobgyn,7672375694835338514,Tuhan akan memberi segalanya sesuai kelayakan HambaNYA! belajar jadi manusia yang ber Husnuzon pada ,not_health,1.0,False,manual_labeled,
ikhsanqthii,7664566116483747089,#stitch with @kakgektik demikian sekilas ingfo 👍,health,1.0,False,manual_labeled,
dokter_ika,7661130437334502664,"Sayangnya, visual seperti itu dapat membentuk persepsi bahwa kulit putih adalah bukti kolagen bekerj",health,1.0,False,manual_labeled,
dokter.harmonospanak,7626535848154123541,"konsultasi peyakit anak gratisgabung grup WA...link di profil bio saya. Hari SENIN , RABU , JUM'AT j",not_health,1.0,False,manual_labeled,
bidancynthia,7662537321182432532,Kerasa bgt Bayi udah 2 bulan aja 🥰,not_health,1.0,False,manual_labeled,
aliphildan,7638904762225691922,pentingnya kita cari yg sefrekuensi🤗✨,not_health,1.0,False,manual_labeled,
doktermatahendra,7610367373228477704,"Sudah LASIK/SMILE tapi Masih Silau? Jangan panik — ini sering terjadi, tapi ada ada perbedaan antara",health,1.0,False,manual_labeled,
gelarsramdhani,7672263903442685202,Membalas @alexzhandria_22tambalan gigi permanen apakah perlu diganti?,health,1.0,False,manual_labeled,
tirtacipeng,7591729993034632469,Setelah rajin olahraga malah muncul jerawat punggung? Monggo tonton sampe abis! @Barber Daily,health,1.0,False,manual_labeled,
dokteramiraobgyn,7662400267199139079,mau hamil tapi jarangan hubungan suami istri #pengenhamil#kokgitu#rutincoitus#fyp,health,1.0,False,manual_labeled,
drkevinmak,7673149526911307026,"Rambut rontok? Jangan asal pilih vitamin ya! Cari tahu dulu penyebabnya, baru pilih vitaminnya. Shar",health,1.0,False,manual_labeled,
roozzaak,7615495880208059668,Membalas @oreo pink #fyp #fypシ #DokterGemoy #edukasi #campak,health,1.0,False,manual_labeled,
itsdoktermuda,7614918874865208597,Tapi aku masih percaya: berhenti rokok itu bisa. Banyak perokok akhirnya berhenti bukan karena sekad,health,1.0,False,manual_labeled,
dokter.harmonospanak,7618510444709367060,,health,1.0,False,manual_labeled,
roozzaak,7638457333923810580,Sehat sehat untuk nakes dimanapun berada. Semoga apa yang kita lakukan semuanya bisa menjadi ladang ,health,0.95,False,ollama_enhanced,
aymanalts,7625948104398802183,#stitch with 7625421992526662919,health,1.0,True,manual_check,2026-09-07T20:42:49.407864
roozzaak,7651413070471793941,Membalas @💚 #fyp #fypシ #DokterGemoy #edukasi #edukasikesehatan,health,0.95,False,ollama_enhanced,
aymanalts,7657549092935109906,Lomba DC Jaga Irama akan ada hadiah buat 3 Orang Pemenang,not_health,0.85,False,ollama_enhanced,
roozzaak,7625851834401377557,#stitch dengan @juan eliezer #fyp #fypシ #DokterGemoy #edukasi,health,1.0,True,manual_check,2026-09-07T20:42:58.676520
dokter_ika,7627084860410137864,"Banyak kasus yang saya temui, flek justru muncul karena:kulit sering iritasi, peradangan kulit, skin",health,0.95,False,ollama_enhanced,
jamilatussadiyah,7596190101231783189,Kelas breastfeeding and newborn care @bumilpamil.id,health,0.95,False,ollama_enhanced,
drkevinmak,7592092873735032072,Hayo udah berapa resep MPASI yang udah kamu ikutin? 🥶 #infokesehatan #mpasi #dokter #probiotik #proe,health,0.95,False,ollama_enhanced,
dionharyadi,7673488948282297620,Usus buntu siapanya pikiran buntu?,health,0.85,False,ollama_enhanced,
aymanalts,7666387052602182919,#stitch with 7665686886597266706,not_health,1.0,True,manual_check,2026-09-07T20:43:10.235988
ikhsanqthii,7673759077301767444,Yang satu motoriknya jelek banget @Ayman Alatas yang satu motoriknya terlalu over @Doklip✨ | Alip Hi,not_health,0.95,False,ollama_enhanced,
drkevinmak,7634387289027661074,Sering ngerasa gelisah atau cemas pas ketemu banyak orang? Bisa jadi tubuh lagi “tegang” terus tanpa,health,0.95,False,ollama_enhanced,
dokter.harmonospanak,7608316955086310676,,not_health,1.0,True,manual_check,2026-09-07T21:06:17.576162
dokter_ika,7678333070948257042,Aturan penggunaan HB?? Kok diatur-atur? emang ada bahan apa? #belajarbersamadrika #Edukasidrika #Sto,health,0.95,False,ollama_enhanced,
dokter_ika,7648282184788299015,Replying to @nurhidayahBanyak orang mengira warna kulit tubuh hanya ditentukan oleh genetik. Padahal,health,0.95,False,ollama_enhanced,
drkevinmak,7668333249504251154,Kalau kamu sering keram saat tidur ga? Coba komen dan jangan lupa tambahkan magnesium rutin untuk me,health,0.95,False,ollama_enhanced,
aymanalts,7680219303685180679,#stitch with 7679821666767392020,health,1.0,True,manual_check,2026-09-07T20:45:34.934026
bidancynthia,7622986660753460500,"Karna kepala udah posisi bawah semoga gemoy konsisten posisinya ,bumil tm3 yuk bantu gemoy cepat tur",health,0.95,False,ollama_enhanced,
drkevinmak,7606910525091368210,"Replying to @Derry Kalau GERD kamu nggak sembuh-sembuh, mungkin yang kurang itu probiotik. Banyak or",health,0.95,False,ollama_enhanced,
itsdoktermuda,7623724003777219861,Yg lagi punya si kecil ada pengalaman jugaa?😊 @proem1indonesia #PROEM1Indonesia,health,0.85,False,ollama_enhanced,
roozzaak,7625585341549858069,Membalas @Mama Ryu👶 #fyp #fypシ #DokterGemoy #edukasi #edukasikesehatan,health,0.95,False,ollama_enhanced,
aymanalts,7629015007891590407,Jangan sampe kalian makin memperparah kulitnya anak kalian sendiri karena salah rawatnya!#bodylotion,health,0.95,False,ollama_enhanced,
aymanalts,7627020088838737160,#stitch with 7610024972345707796,health,1.0,True,manual_check,2026-09-07T20:45:38.438610
drkevinmak,7659978009771822344,"Nggak semua buah itu sama, apalagi kalau lagi diet. Masih pakai susu kental manis? Saatnya lebih cer",health,0.95,False,ollama_enhanced,
giapratamamd,7635868140823514388,"Ini adalah bagian dalam lambung. Kerjanya luar biasa: menampung makanan, mengaduk, mencampur dengan ",health,0.95,False,ollama_enhanced,
aymanalts,7673139922190093586,,not_health,1.0,True,manual_check,2026-09-07T21:06:20.154934
tirtacipeng,7644111837977513237,Martabax,health,1.0,True,manual_check,2026-09-07T20:45:54.065396
wishdrboyke,7642315729684942088,"Hey pria, apakah kamu tahu Andropause? 😵 Kali ini Dr. Boyke jelasin apa sih andropause, kapan dan ap",health,0.95,False,ollama_enhanced,
doktermatahendra,7648670357812956424,It is a great honor for our institution @EyeQu LASIK & Eye Center to welcome and serve our very firs,health,0.95,False,ollama_enhanced,
dokter_ika,7596898485010517266,#belajarbersamadrika #edukasidokterika #stoppenyalahgunaanobatkeras #reputasibrandsangatpenting #pub,not_health,1.0,True,manual_check,2026-09-07T20:45:58.321210
aliphildan,7597342389660912904,udah yaaa cukupp✋🏻😊,not_health,0.95,False,ollama_enhanced,
doktermatahendra,7611188579032665351,Fakta atau Mitos: Makan Wortel Bisa Hilangkan Minus? Hayo siapa yang pernah jadi korbannya 😅.Mitos l,health,0.95,False,ollama_enhanced,
dokter.harmonospanak,7617997577346206997,,health,1.0,True,manual_check,2026-09-07T21:07:37.933018
tirtacipeng,7636396183501507860,Lari santai di Edinburgh pake @Gumi Sport,not_health,0.95,False,ollama_enhanced,
itsdoktermuda,7600663536158788884,"Makan sembarangan, minum es, lupa cuci tangan ujung-ujungnya bolak-balik WC 🚽 Diare sering datang sa",health,0.95,False,ollama_enhanced,
ikhsanqthii,7620408411909295380,Maaf kalo mengecewakan ya pack 🙏,not_health,0.85,False,ollama_enhanced,
dokter_ika,7598021499685031176,Replying to @alfatih Siapa yang masih ketergantungan krim perawatan? eh ternyata ada kandungan yg bu,health,0.95,False,ollama_enhanced,
drkevinmak,7618391669913783570,"Sakit haid sering dianggap “lebay” Padahal buat banyak wanita, nyerinya bisa bener-bener mengganggu ",health,0.95,False,ollama_enhanced,
gelarsramdhani,7635556738690845960,"Tips kesehatan untuk jemaah haji dalam menghadapi cuaca panas di Saudi Arabia, tetap semangat, mohon",health,0.95,False,ollama_enhanced,
dokter_ika,7667788864706202887,Ganti kemasan untuk menutupi kesalahan dulu??? Terus yang dulu bagaimana korbannya? dulu isinya Merk,health,0.95,False,ollama_enhanced,
dokteramiraobgyn,7611955889376988436,komunikasi sebelum pernikahan tentang mau punya anak atau tidak itu sangat penting#dokterobgynpedala,health,0.95,False,ollama_enhanced,
bidancynthia,7671612809091796245,"Bayi otw 3bulan ,Teman Ricy lagi difase apa ni? #bayi2bulan #perkembanganbayi",health,0.85,False,ollama_enhanced,
aymanalts,7668233839747140882,,not_health,1.0,True,manual_check,2026-09-07T21:07:40.792469
aymanalts,7629648311812738312,"Replying to @Ikhsanqthii, MD",health,0.85,False,ollama_enhanced,
ikhsanqthii,7639537631130438929,Kerja dimana nih enaknya? 🥸🥸,not_health,0.95,False,ollama_enhanced,
aliphildan,7645968707826486536,"Kalau penyakit mata bisa sembuh pakai lintah, dokter mata udah buka peternakan lintah dari dulu🫪 #fa",not_health,0.95,False,ollama_enhanced,
doktermatahendra,7592616715201154322,Masih percaya bintitan itu gara-gara suka ngintip orang mandi? 😂🙈 Mari kita luruskan faktanya secara,health,0.95,False,ollama_enhanced,
bidancynthia,7673749203071290645,Buku bayi kontras,health,0.85,False,ollama_enhanced,
aymanalts,7592256919205596434,"#stitch with @Ikhsanqthii, MD",not_health,1.0,True,manual_check,2026-09-07T20:46:01.896198
drkevinmak,7597427585961807122,Bantu keluhan keputihan kamu dengan rutin probiotik 1-2 hari sekali ya! Jangan diantepin karena past,health,0.95,False,ollama_enhanced,
dr.deamaulidia,7613740320240438536,Ide THR unik untuk anak-anak? 🎁✨ Bukan cuma amplop… tapi pengalaman yang bikin mereka lompat kegiran,not_health,0.95,False,ollama_enhanced,
roozzaak,7608177084719975700,Membalas @yuliszahra #fyp #fypシ #DokterGemoy #edukasi #edukasitiktok,health,0.95,False,ollama_enhanced,
dokteramiraobgyn,7667191641320525074,sulitnya operasi pasien obesitas #perempuanobesitas#kankerrahim#fypppp,health,0.95,False,ollama_enhanced,
aliphildan,7675205323426221332,Barang antik nih berkelas✨🤙🏻,not_health,0.95,False,ollama_enhanced,
itsdoktermuda,7601111913388477717,"Menurut panduan dokter reumatologi, sayur kayak kangkung, bayam, brokoli, sama asparagus itu nggak t",health,0.95,False,ollama_enhanced,
ikhsanqthii,7591886633075526933,"Yah… jangn pernah nyepelein sekolah dan kuliah. AI ada iya memang, tapi sekolah tetep harus. Apalagi",not_health,0.95,False,ollama_enhanced,
itsdoktermuda,7612935938452229396,"Sebagai orang yang hampir tiap hari olahraga, aku belajar satu hal: konsistensi itu bukan cuma soal ",health,0.95,False,ollama_enhanced,
dr.ziee,7591808948450233608,Part 10| Hal yang lagi rame dimana-mana. Apa pandangan gen milenial ketika gen z bertanya ini? Yuk #,not_health,0.85,False,ollama_enhanced,
roozzaak,7614775004412218644,Membalas @Ifah Nurhalimah #fyp #fypシ #DokterGemoy #vitaminD #vitaminD3,health,0.95,False,ollama_enhanced,
roozzaak,7647726693704027413,Membalas @Re•yna.NL #fyp #fypシ #DokterGemoy #vitaminD #vitaminD3,health,0.95,False,ollama_enhanced,
aliphildan,7621023162494405895,6 tahun sekolah ngapain ajee 😒,not_health,0.95,False,ollama_enhanced,
dokter.harmonospanak,7648492904964721940,Praktek spesialis anak Hub admin :kak Fatimah 0812 . 3024 . 6181kak Wulan 0858 . 1565 . 2806Google M,not_health,0.95,False,ollama_enhanced,
dokter_ika,7601433491808455954,"Begini kira-kira kondisnya, betul para korban krim penyalahgunaan obat keras? #stoppenyalahgunaanoba",health,0.95,False,ollama_enhanced,
itsdoktermuda,7607414321005514004,"Keselek : biasanya masih bisa batuk, suara masih keluar, napas masih ada. Ini tubuh lagi berusaha ng",health,0.95,False,ollama_enhanced,
gelarsramdhani,7634948514191002888,"Kesehatan gigi dan mulut merupakan bagian penting yang tidak terpisahkan dari kesehatan secara umum,",health,0.95,False,ollama_enhanced,
ikhsanqthii,7613742843504495892,Kalian yang ngekos oke kan guyss?,not_health,0.95,False,ollama_enhanced,
tirtacipeng,7646031294882942229,"Hari ini adalah Hari Tanpa Tembakau Sedunia, semoga jadi momentum untuk mulai mengurangi dan berhent",health,0.85,False,ollama_enhanced,
dionharyadi,7680134017307512085,Obesitas bukan sekadar masalah porsi makan. Kadang masalahnya adalah rasa kenyang yang tidak pernah ,health,0.95,False,ollama_enhanced,
dokter_ika,7675958774246558983,Lebih pakai logika aja ya kalau ada iklan seperti ini #belajarbersamadrika #Edukasidrika #jagakulitm,health,0.85,False,ollama_enhanced,
roozzaak,7613618111371087124,Membalas @Kina🐍 #fyp #fypシ #DokterGemoy #vitaminD #vitaminD3,health,0.95,False,ollama_enhanced,
roozzaak,7626904997007035669,Membalas @Nisa🦋 #fyp #fypシ #DokterGemoy #vitaminD #vitaminD3,health,0.95,False,ollama_enhanced,
ikhsanqthii,7598567526729108757,Bahkan kemarin sempet ngobrol sama psikolog kalo magnesium itu emang bantu “manage” stress 👍,health,0.95,False,ollama_enhanced,
aliphildan,7624456464861515016,Replying to @Ariiiik🐻 maap kemaren lupa pake skin🙏🏻,not_health,0.95,False,ollama_enhanced,
aymanalts,7609346212608691463,,health,1.0,True,manual_check,2026-09-07T21:07:48.894631
dokteramiraobgyn,7653788617902443794,gmana kondisi cervix anda wahai perempuan #waspada#kankercervix#fyp#fyp#fyppp,health,0.95,False,ollama_enhanced,
dokter_ika,7615254949240491271,Para pejuang jerawat.. Semangat 🤗💪 #acnefighter #pejuangjerawat #belajarbersamadrika #edukasidokteri,health,0.95,False,ollama_enhanced,
drrichardlee,7674614159316864277,"Nahan rindu demi Anniversary Athena ke-13. Jujur deg-degan karena biasanya suami yang live, tapi dem",not_health,0.95,False,ollama_enhanced,
bidancynthia,7645915886968212757,🫠🫠,not_health,1.0,True,manual_check,2026-09-07T21:07:58.133114
dokter.harmonospanak,7613270073251319060,,health,1.0,True,manual_check,2026-09-07T21:08:02.326174
aymanalts,7597391768945970450,#stitch with @KUBERA | kumpulan berita viral,not_health,1.0,True,manual_check,2026-09-07T21:05:24.367513
roozzaak,7669608732212382996,#stitch dengan @mom&dedek khanza #fyp #fypシ #DokterGemoy #edukasi,health,1.0,True,manual_check,2026-09-07T21:05:28.712953
roozzaak,7623967145273068821,Membalas @Nurmayanti #fyp #fypシ #DokterGemoy #vitaminD #vitaminD3,health,0.95,False,ollama_enhanced,
dokter.harmonospanak,7649418156854889748,Praktek spesialis anak Hub admin :kak Fatimah 0812 . 3024 . 6181kak Wulan 0858 . 1565 . 2806Google M,not_health,0.95,False,ollama_enhanced,
dokter_ika,7592089187277376786,Atau kalian pernah tenukan ada yang lengket krimnya dengan merk yang sama? #belajarbersamadrika #edu,health,0.85,False,ollama_enhanced,
ikhsanqthii,7665983224971054357,Hospital Play-Play Eps.05 | Pusing karena kebanyakan kerja 🙏,health,0.7,False,ollama_enhanced,
giapratamamd,7655214845423308053,Shaf Pertama,health,0.85,False,ollama_enhanced,
ikhsanqthii,7650698552657579265,#stitch with @igoryoman heran gue dikit2 tekdown 😡,not_health,1.0,True,manual_check,2026-09-07T21:05:32.027425
gelarsramdhani,7654432840393772296,Membalas @azyakhira Bagaimana cara merapikan gigi? #doktergigi #gigi,health,0.95,False,ollama_enhanced,
bidancynthia,7626992738797653268,Gasabar ketemu gemooy🥰 pengen pakein baju yg lucu” #bajurajutbayi #jumpsuitrajut,not_health,0.95,False,ollama_enhanced,
drkevinmak,7628262920190741767,"Luka kecil sering diremehkan, padahal kalau dibiarkan bisa jadi luka besar dan lama sembuh. Jangan t",health,0.95,False,ollama_enhanced,
bidancynthia,7648242451341266197,"Lahir normal dijahit ga bun? Bubid Jahitan grade 3 perineum after lahir normal ,wow bgt rasanya tpi ",health,0.95,False,ollama_enhanced,
aliphildan,7652361220913302791,Ntah apaa….,not_health,0.85,False,ollama_enhanced,
wishdrboyke,7680052205617024274,"Minder karena ukuran dada ""setipis kertas""? Stop gak pede, ini faktanya! 📐✨ ​Besar kecilnya ukuran p",health,0.85,False,ollama_enhanced,
dionharyadi,7615561248171625748,Ayo Mas2/Bapak2 cuci mukanya gimana? Udah rutin belum? Jangan males ya.#Kahffacewash #Kahf #BenerBar,not_health,0.95,False,ollama_enhanced,
jamilatussadiyah,7607801725809872148,"Teknik mengedan efektif🥰 Mengedan sesuai dengan refleks alami, nafas perut dan rilekskan otot dasar ",health,0.95,False,ollama_enhanced,
dokter.harmonospanak,7633436565968112916,Gabung grup WA...link di profil biokonsultasi gratis. Praktek spesialis anak Hub admin :kak Fatimah ,not_health,0.85,False,ollama_enhanced,
aliphildan,7620650947034893586,with Terus kenapa ada yang jadi lesung pipi pas dikasih cabe?Karena kebetulan! bukan karena cabenya!,not_health,0.85,False,ollama_enhanced,
drkevinmak,7594733232348843282,"Kalau kamu sering keputihan tiap hari ga sih? Coba komen pengalaman kamu dibawah, jangan lupa follow",health,0.95,False,ollama_enhanced,
aliphildan,7667491760213544212,Tau gak kenapa dar*h bisa naik ke selang infus? 🩸💉Salah satu penyebabnya adalah posisi kantong infus,health,0.95,False,ollama_enhanced,
bidancynthia,7653340443383647508,Akhirnya nemu yang wort it dipake buat bayiku🥹 #Gentlybaby #calmingcream,health,0.85,False,ollama_enhanced,
bidancynthia,7678934414578994453,"Bu bid setuju bgt sama dokter Indra Tarigan , soalnya perkara sabun gaboleh disepelein bun apalagi k",health,0.95,False,ollama_enhanced,
drkevinmak,7638534392360553746,"Blind ranking vitamin buat bantu kualitas tidur, menurut kamu mana yang paling worth it? Coba komen ",health,0.95,False,ollama_enhanced,
bidancynthia,7655276388475260181,"Semua yang selalu bubid ajarkan ke pasien,bubid terapkan juga ke anak Bubid 💕☺️ #persalinan #newborn",health,0.85,False,ollama_enhanced,
drkevinmak,7639660460534517000,Kalau kamu termasuk yang leher nya kaku ga sih? Coba magnesium 1-2 jam sebelom tidur ya ✅ #infokeseh,health,0.95,False,ollama_enhanced,
dokter_ika,7613337804944313608,Jadi jangan percaya iklan2 pemutih ya guys #belajarbersamadrika #edukasidokterika #jagakulitmu #cint,health,0.95,False,ollama_enhanced,
ikhsanqthii,7646056387713289493,#stitch with @Sertiana Siburian bawa ke faskes ya 👍,health,1.0,True,manual_check,2026-09-07T21:05:34.753313
tirtacipeng,7661568375943974165,Stress release Low cortisol Endorphin seeker,health,0.85,False,ollama_enhanced,
dokter_ika,7664952470509980935,Bisnis Perawatan kulit bukan buat eksperimen atau main obat-obatan atau dokter-dokteran #belajarbers,health,0.95,False,ollama_enhanced,
aliphildan,7609417831460965650,pertemanan ini sukanya yg dadak2an!!!!😒 #ymma,not_health,0.95,False,ollama_enhanced,
bidancynthia,7679509318261181717,Mama papa sangat ingin memberikan hak mu nak termasuk dpt 2 ini.,not_health,0.85,False,ollama_enhanced,
drkevinmak,7642527056118451464,Hp aku dimana ya Hp kok tdi di tas ga ada ya? Buat kamu yang sering ngomong gini ke temen pasangan a,health,0.85,False,ollama_enhanced,
bidancynthia,7663925552562162964,"Sehat , selalu mama 🥹 gada kata lagi selain Terimakasih banyak 🥹💕. Skrg aku udah banyak belajar gima",health,0.85,False,ollama_enhanced,
doktermatahendra,7611544467203525906,Sering Main Gadget? Jangan Abaikan Golden Rule 20 20 20 👀 Kerja depan layar berjam jam atau mengguna,health,0.95,False,ollama_enhanced,
dokter_ika,7592629513629076754,Jaga skin barrier kamu #belajarbersamadrika #edukasidokterika #jagakulitmu #totoljerawat,health,0.95,False,ollama_enhanced
aliphildan,7671933875718802708,Replying to @Doklip normal & Sume’eh aku tetep makan sehatt yaaach✨,health,0.85,False,ollama_enhanced
bidancynthia,7629372644738993429,"Luka jahitan melahirkan normal , simak sampai habis ya , #ibuhamil #lahirannorma",health,0.95,False,ollama_enhanced
dokternadiyah,7647917475501264149,Siklus Haid Nggak Teratur? Pahami Cara Kerja Hormonmu! 🔍Banyak wanita menganggap remeh haid yang dat,health,0.95,False,ollama_enhanced
drkevinmak,7660549801230011666,Jangan salah lagi pilih magnesium! Sesuaikan dengan kebutuhan tubuhmu agar manfaatnya lebih optimal.,health,0.95,False,ollama_enhanced
bidancynthia,7654535710732537109,Bumil busui Jangan asal beli yang viral ya pastiin yang aman dipake,health,0.95,False,ollama_enhanced
jamilatussadiyah,7647875152566406408,Tips untuk puting flat Saat menyusui,health,0.95,False,ollama_enhanced
giapratamamd,7654795428893920533,Seminar Nasional Univ.PGRI Adi Buana Surabaya,not_health,0.85,False,ollama_enhanced
itsdoktermuda,7641056930395360532,Pernah ketemu dokter di daerah kalian yg keilmuan jago dan ketrampilan komunikasi juga baik??,health,0.85,False,ollama_enhanced
dokter.harmonospanak,7668526743669509396,Praktek spesialis anak Hub admin :kak Fatimah 0812 . 3024 . 6181kak Wulan 0858 . 1565 . 2806Google M,health,0.85,False,ollama_enhanced
tirtacipeng,7628035045122460948,Hiburanku pas stress,not_health,0.95,False,ollama_enhanced
tirtacipeng,7620741712553512212,Serba serbi arus balik bareng @SehatAQUA #TemanAdemRamadan,health,0.85,False,ollama_enhanced
drkevinmak,7614398662130601224,Banyak orang baru sadar setelah orang tuanya mulai sering bilang lutut sakit atau pinggang pegal. Pa,health,0.95,False,ollama_enhanced
bidancynthia,7660104748388912405,"Kerasa bgt udah mau 2 bulan aja ni Ricy ,alhamdulillah udah ga begadang lagi",health,0.75,False,ollama_enhanced
itsdoktermuda,7605505554378689812,Psikolog & psikiater itu hebat justru karena mereka nggak mungkin bisa kerja sebaik itu kalau diriny,health,0.95,False,ollama_enhanced
roozzaak,7608175036612054293,Membalas @Leogirlsss❤️ #fyp #fypシ #DokterGemoy #edukasi #edukasitiktok,health,0.95,False,ollama_enhanced
bidancynthia,7674940469532478740,"Bayi ini 3hari lagi udah 3 bulan ,selesei cuti melahirkan dan ikut kegiatan lagii, kerjasamanya ya n",not_health,0.85,False,ollama_enhanced
dionharyadi,7592504664873291028,Saya izin stitch ya @folkpku Turut berduka cita untuk almarhumah. Terima kasih juga untuk videonya y,health,0.85,False,ollama_enhanced
wishdrboyke,7669690824354974984,Ciri-ciri menopause mulai terasa padahal umur masih di bawah 40-an? Jangan diabaikan! 🩺⚠️ ​Banyak wa,health,0.95,False,ollama_enhanced
dionharyadi,7627790759470599444,"Saya izin remix ya @fitwithcipa Kok bisa diabetes bikin koma? Nah ini saya coba jelasin, semoga cuku",health,0.95,False,ollama_enhanced
ikhsanqthii,7677002948806724865,Obat cacing 👍 jgn lupa,health,0.95,False,ollama_enhanced
aymanalts,7675388762720980242,#stitch with 7660836255466294535,not_health,0.85,True,ollama_enhanced
ikhsanqthii,7591110475409083668,"#stitch with @News flash pedia intinya… rabies itu menular, jadi… kalo ini beneran biar jadi pelajar",health,0.85,True,ollama_enhanced
aymanalts,7601464858688720135,#stitch with @Pantau diet daddy,health,0.85,True,ollama_enhanced
dokter_ika,7598723678221667592,Replying to @Raina karim Saat sudah kenal kulitmu akan lebih mudah merawatnya kan? 🤗❤️ Semangat jaga,health,0.85,False,ollama_enhanced
giapratamamd,7626355491878210836,"Tubuh kita punya sistem detoks sendiri, utamanya melalui hati dan ginjal. Hanya sebagian kecil lewat",health,0.85,False,ollama_enhanced
aymanalts,7641798130383555858,"Pentingnya kompetensi dalam memberikan edukasi. Karena tanpa dasar keilmuan, informasi yang disampai",health,0.95,False,ollama_enhanced
dr.ziee,7663440162407468296,#stitch with @Dr. Meenal | Dermatologist Azelaic acid itu salah satu ingredient yang menarik secara ,health,0.95,True,ollama_enhanced
dr.ziee,7660826391507766546,"Kalau mau tinted lip balm, lebih aman pakai produk yang memang dibuat untuk bibir. Atau kalau bibir ",not_health,0.85,False,ollama_enhanced
ikhsanqthii,7591393457260956948,Benerin biji mata lo @ netizen STOP NGETAG GUE 🫵,not_health,0.95,False,ollama_enhanced
roozzaak,7637412115157929237,Membalas @ms cindy #fyp #fypシ #DokterGemoy #kapsulikangabus #edukasi,health,0.95,False,ollama_enhanced
ikhsanqthii,7604014226063068437,Ini infooo penting bgttt jgn lupa disebarinnn guyss 👍👍👍 karena ternyata ini termasuk kasus GAWAT DAR,health,0.95,False,ollama_enhanced
gelarsramdhani,7633324956398537991,Komunikasi efektif adalah komunikasi dua arah yang saling mengerti dan memahami. Agar benar-benar di,not_health,0.95,False,ollama_enhanced
aymanalts,7600726915275640072,#stitch with @detik.com,not_health,0.85,True,ollama_enhanced
aliphildan,7674965027702689045,Pada ikutan lomba apa gaisss hari ini?✨🇮🇩,not_health,0.95,False,ollama_enhanced
dionharyadi,7678219410523639061,He he heProblem negara lain begini ya ternyata hmmmm,not_health,0.85,False,ollama_enhanced
dr.deamaulidia,7609319201244728584,Playground tanpa batas waktu yang bersih luas dan mainannya banyak banget di @FRUITCITY Indonesia CB,not_health,0.95,False,ollama_enhanced
bidancynthia,7661043757923470612,"Lahir berat 2,8 skrg udah makin berat aja klo digendong 🫶🏻ricy bentar lgi imunisasi DPT1 yeeee🧑‍🩰",health,0.95,False,ollama_enhanced
dokter.harmonospanak,7639141570658176277,Alamat praktekJl. Airlangga 33Apotek Diandra Mojosari Mojokerto Hub admin :kak Fatimah 0812 . 3024 .,not_health,0.95,False,ollama_enhanced
drrichardlee,7601513592269163797,Dapet hadiah terus dr ust khalid.. ini sajadah ke 2.. #latepost,not_health,0.95,False,ollama_enhanced
itsdoktermuda,7641828688455060757,Ada yg udah bisa rutin berjemurr? Udah rutin berapa lamaa?? #Blackmores #BioD #VitDCepatDiserapEfekM,health,0.85,False,ollama_enhanced
ikhsanqthii,7618169787897711873,Dan hati-hati2 biasanya serangan jantung mulai banyak pas lebaran 🫠🫠🫠,health,0.95,False,ollama_enhanced
aliphildan,7610302140799651079,kureng apa lagiii gueeeee!?!?!??? #doklip,not_health,0.95,False,ollama_enhanced
itsdoktermuda,7658453716814564628,Manusia di level berapapun hidupnya pasti selalu cepat senang dan cepat susahh Jangan lupa bersyukur,not_health,0.85,False,ollama_enhanced
aliphildan,7633644206245907730,vaksin F3 nya jangan lupa yaa pawrents💉😉,health,0.95,False,ollama_enhanced
drkevinmak,7666849220871130386,Kalau kamu ada tanda2 yang mana nih? Coba komen dibawah ya 🫡 #infokesehatan #vitaminb12 #kesemutan #,health,0.95,False,ollama_enhanced
drrichardlee,7678539435155131669,"Semoga semua masalah ini segera berakhir dengan kebaikan, masih dalam rangka anniversarry @klinik_ke",not_health,0.95,False,ollama_enhanced
dokter_ika,7653467320077061383,Chapel in the house ❤️ #ThankyouGOD,not_health,0.95,False,ollama_enhanced
dokter_ika,7662351642477612306,Peringatan penjual krim berbahaya #belajarbersamadrika #Edukasidrika #krimberbahaya #stoppenyalahgun,health,0.95,False,ollama_enhanced
ikhsanqthii,7655632067161607425,Replying to @callmen002 klarifikesyen 🙏🙏🙏,not_health,0.85,False,ollama_enhanced
roozzaak,7619120564237602068,Membalas @iniakuuu Gejala batuk pilek pada anak bisa diredakan dengan memberikan essential oil seper,health,0.95,False,ollama_enhanced
roozzaak,7607982697381776660,Membalas @syut #fyp #fypシ #DokterGemoy #vitaminD #vitaminD3,health,0.95,False,ollama_enhanced
ikhsanqthii,7624157641656241429,Aku doain semoga kalian semua yg udah nonton video ini bisa segera diundang ke tanah suci ya… aamiin,not_health,0.95,False,ollama_enhanced
tirtacipeng,7659638255645773076,Recovery run 2 hari pasca marathon di sydney,health,0.85,False,ollama_enhanced
dokter_ika,7633680819118214418,Krim yang bikin putih dalam 3 hari itu bukan keajaiban. Itu bahaya yang belum kamu lihat #DrIkaJawab,health,0.95,False,ollama_enhanced
roozzaak,7664787447137570069,Membalas @Desy Pradita #fyp #fypシ #DokterGemoy #edukasi #edukasikesehatan,health,0.95,False,ollama_enhanced
dokter_ika,7609835455009377554,Setelah semuanya dijalankan dengan ikhlas dan saat ini sudah lebih tenang dan nyaman sama kulitnya d,health,0.95,False,ollama_enhanced
dr.ziee,7618144227205123349,"Satu “misteri” yang dialamin sama banyak cewek Indonesia, tapi sebenernya ini bisa diatasin dan cara",not_health,0.85,False,ollama_enhanced
aymanalts,7628900859975355655,Jangan sampe kalian makin memperparah kulitnya anak kalian sendiri karena salah rawatnya!#bodylotion,health,0.95,False,ollama_enhanced
ikhsanqthii,7659937882123128085,"Demikian sekilas ingfo 👍👍 Btw boleh liat penjelasan dr@dr.Danar Wicaksono,MSc.,SpDVE yg lebih lengka",health,0.95,False,ollama_enhanced
roozzaak,7595976284191165714,Membalas @WiNnie #fyp #fypシ #DokterGemoy #edukasi #edukasitiktok,health,0.95,False,ollama_enhanced
tirtacipeng,7639350529004490005,Serba serbi boyoken,health,0.85,False,ollama_enhanced
roozzaak,7604058100903021844,Membalas @anjely #fyp #fypシ #DokterGemoy #edukasi #edukasitiktok,health,0.95,False,ollama_enhanced
tirtacipeng,7598372397242174727,Buat temen2 usia 40 tahun ke atas yang skrng rutin olahraga. Tonton ya,health,0.85,False,ollama_enhanced
drkevinmak,7598010669388123410,"Aku sering jemuran, masih perlu vitamin D nggak?” Jawabannya: bisa iya, bisa nggak. Karena vitamin D",health,0.95,False,ollama_enhanced
aymanalts,7675758019015216391,#stitch with 7675334268968652053 rekomendasi aku,not_health,0.85,True,ollama_enhanced
aymanalts,7654979916387093778,Replying to @Gek Widyaa🌝💫,not_health,0.85,False,ollama_enhanced
ikhsanqthii,7605260625496788244,Jadi begitulah info setelah saya telaah… kayaknya varietas yg biasa dibuat makan “edamame”juga sama ,not_health,0.85,False,ollama_enhanced
bidancynthia,7659260968676953365,Membalas @Tikaaaaa 🐬 hpl Juni juli udah pada meluncur belum?,not_health,0.95,False,ollama_enhanced
ikhsanqthii,7670111157025705237,Siapa yang baru tau kluwek ada racunnye?,health,0.85,False,ollama_enhanced
drrichardlee,7600563813993221396,"Penting nya untuk mencari data valid dulu, Jika tidak benar maka jatuhnya framing dan dapat menghanc",not_health,0.85,False,ollama_enhanced
doktermatahendra,7634896492053941522,Terima kasih atas kepercayaan dok @ghaisanihumairah dan dok @doktersanifparu ke tim kami di @eyequ.i,health,0.95,False,ollama_enhanced
drkevinmak,7634384461907479816,"Sering anxiety? Bukan karena kamu “terlalu mikir”… tapi karena terlalu lama diam Semakin dipikirin, ",health,0.95,False,ollama_enhanced
dokteramiraobgyn,7619547669207207188,"Ibuku yang selalu berlinangan airmata ketika mendoakan anak2nya, Hatinya rapuh bukan karna ia lemah ",not_health,0.85,False,ollama_enhanced
dokter.harmonospanak,7616211717369908500,,not_health,0.143,True,no_caption_learned
aymanalts,7612971963455147282,#stitch with @phoni,not_health,0.85,True,ollama_enhanced
spesialist.kesehatan,7680173413859675393,Seberapa penting medical check-up buat kamu? Yuk simak sampai akhir #spesialistkesehatan #tipskeseha,health,0.95,False,ollama_enhanced
roozzaak,7625830887032229140,Membalas @Nita kucing #fyp #fypシ #DokterGemoy #vitaminD #vitaminD3,health,0.85,False,ollama_enhanced
aymanalts,7658134089626635527,"In this situation udah banyak banget macemnya, coba deh komen kalian ada yang ngerti ga ini inovasi ",not_health,0.95,False,ollama_enhanced
bidancynthia,7627904716554423573,diapers bayi atau underpad ? #bayi,health,0.85,False,ollama_enhanced
dokter.harmonospanak,7655904479480401173,Praktek spesialis anak Hub admin :kak Fatimah 0812 . 3024 . 6181kak Wulan 0858 . 1565 . 2806Google M,health,0.85,False,ollama_enhanced
roozzaak,7617305669217193236,"Membalas @𝐡𝐚𝐥𝐥𝐨, 𝐢𝐧𝐢 𝐫𝐚𝐢𝐢 #fyp #fypシ #DokterGemoy #vitaminD #vitaminD3",health,0.95,False,ollama_enhanced
dokter_ika,7613234409197604104,Gembira banget ya 🤩🥳 Terima kasih guys 🤗🤗 @Verra | Brand Strategy 360 @Nur tya | Pejuangkulitsehat @,not_health,0.85,False,ollama_enhanced
dokter_ika,7593228286386326802,PUTAH PUTIH DI SKIP AJA SAY #belajarbersamadrika #edukasidokterika #hbberbahaya,health,0.95,False,ollama_enhanced
dr.deamaulidia,7667912191030480146,"Terakhir kali main 15 tahun yang lalu, seru juga ya ternyata main drum lagi #drum #fukaimori #inuyas",not_health,0.95,False,ollama_enhanced
aymanalts,7648666691685076231,#stitch with 7648635354550996244,not_health,0.85,True,ollama_enhanced
dokter.harmonospanak,7614334197758561556,,not_health,0.143,True,no_caption_learned
dokter.harmonospanak,7610703641179098389,,not_health,0.143,True,no_caption_learned
drkevinmak,7679456920855497992,3 poin penting supaya kamu nggak sia-sia minum probiotik Share ke teman yang rutin minum probiotik d,health,0.95,False,ollama_enhanced
dokter_ika,7622116919310552327,Kalau sudah nakals sulit bertobat!!! #belajarbersamadrika #edukasidrika #jagakulitmu #stoptoksikkrim,health,0.85,False,ollama_enhanced
dr.ziee,7657059479732636935,"Banyak banget yang tag aku di video Abel kemarin, jadi aku coba jelasin ya 🤍 izin stitch ya bel 🙏🏻 S",health,0.95,False,ollama_enhanced
bidancynthia,7638781921513721109,🥹 Garut - Sumbawa,not_health,0.85,False,ollama_enhanced
ikhsanqthii,7592554454361148689,Replying to @Dewicans MAAFKAN AKU 🙏🙏🙏🙃🙃 krn bau tau harga jualnya ternyata mahalzzz 🙏🙏🙏🙃,not_health,0.95,False,ollama_enhanced
wishdrboyke,7678151955847384328,"""Seru di Awal, Hancur di Akhir!"" Ini Risiko Tersembunyi Seks Bebas Menurut dr. Boyke! 🫣💥 Banyak yang",health,0.95,False,ollama_enhanced
itsdoktermuda,7673017899501620496,"Coba kamu tiruin ketawanya, rasain ada yg buka nutup di tenggorokann (Kalo kamu dokter, pengen ngont",health,0.85,False,ollama_enhanced
tirtacipeng,7611444437159349525,Waktu yang tepat untuk latihan ketika bulan puasa adalah sesuai dengan tubuh kalian masing-masing. A,health,0.95,False,ollama_enhanced
aymanalts,7620463708942322952,,health,0.156,True,no_caption_learned
roozzaak,7634360371234508052,Membalas @Zena💫 #fyp #fypシ #DokterGemoy #vitaminD #vitaminD3,health,0.95,False,ollama_enhanced
dr.deamaulidia,7634930306893630728,Pet Festival di ICE BSD pekan ini smpai hari minggu tanggal 3 Mei 2026 #petfestindonesia #petfestiva,not_health,0.95,False,ollama_enhanced
ikhsanqthii,7646320970860465429,Food Vlogger 😎😎,not_health,0.85,False,ollama_enhanced
ikhsanqthii,7676502319248297237,"jadi begitulah penyebab ""stress eating"".... jangan lupa dikelola stress nya",health,0.95,False,ollama_enhanced
ikhsanqthii,7622728890800262421,"Kalian boleh menghina idol kami, tapi jangan kami 💜🫶 Ucap netizen tiktok, bukan gueeee 🙏",not_health,0.95,False,ollama_enhanced
wishdrboyke,7668531161731239176,"Si mungil pengen performanya tetap mantap dan stamina makin prima? Terbongkar, ini dia rahasia terse",health,0.95,False,ollama_enhanced
dokter_ika,7639551132125236498,#belajarbersamadrika #edukasidrika #jagakulitmu #drIkaJawab,health,0.85,True,ollama_enhanced
roozzaak,7608174639042284821,Membalas @keong racun🐌 #fyp #fypシ #DokterGemoy #edukasi #edukasitiktok,health,0.95,False,ollama_enhanced
wishdrboyke,7615525168688958738,Masih ragu soal hal ini? Pahami faktanya langsung di video untuk kesehatan yang lebih baik. Share in,health,0.95,False,ollama_enhanced
ikhsanqthii,7608596282789186837,😒😒😒😌,not_health,0.0,True,no_caption_learned
itsdoktermuda,7649372692705119508,Mata uchiha sasukeee? vid: oliviapassya,not_health,0.95,False,ollama_enhanced
wishdrboyke,7660320937140587794,​Dr. Boyke membagikan 3 fondasi penting yang wajib dijaga bareng pasangan: 1.​ Rendahkan egonya. Gak,health,0.95,False,ollama_enhanced
roozzaak,7616184783646821652,Membalas @NolasAR #fyp #fypシ #DokterGemoy #vitaminD #vitaminD3,health,0.95,False,ollama_enhanced
tirtacipeng,7593608940236115207,"Fans liverpool tapi kerja di basecamp lawan, salut @Diskopantera",not_health,0.95,False,ollama_enhanced
ikhsanqthii,7674227101460860180,Sebuah ilmu yang bermanfaat dari @Ayman Alatas,health,0.85,False,ollama_enhanced
dokternadiyah,7671964994971389204,Area sensitif sering bermasalah? Bisa jadi cara merawatnya perlu diperhatikan 💗Area kewanitaan punya,health,0.95,False,ollama_enhanced
bidancynthia,7667056607619976468,Sepakat,not_health,0.95,True,ollama_enhanced
drkevinmak,7654841115836763400,"Busui atau habis melahirkan kok rambut rontok banget? Tenang, kondisi ini cukup sering terjadi. Yuk ",health,0.95,False,ollama_enhanced
dokter_ika,7622210353832758535,"Bukan semua yang cepat itu baik,bukan semua yang putih itu sehat.Ada harga yang tak terlihat,dibayar",health,0.95,False,ollama_enhanced
itsdoktermuda,7661201026078346517,Bisa kerja keras + tidur masih bener = priviledge gede banget jaman skrg,not_health,0.85,False,ollama_enhanced
drkevinmak,7668520978540006663,"Buat kamu yang sering nyeri kepala sampai terasa ketarik begini, jangan diabaikan ya. Plis tonton sa",health,0.95,False,ollama_enhanced
drkevinmak,7651949462063041810,Kalau kamu seminggu berapa kali keram pas tidur nih? #magnesium #rekomendasimagnesium #magnesiumglyc,health,0.95,False,ollama_enhanced
aymanalts,7678582860739005704,Replying to @𝓬𝓾𝓾𝓹𝓳𝓪𝔃,health,0.7,False,ollama_enhanced
giapratamamd,7642245966879362325,"Setelah penerbangan panjang lalu langsung Umroh wajib, banyak jamaah mulai merasakan nyeri otot, lem",health,0.95,False,ollama_enhanced
dokter_ika,7606273300230130951,"Replying to @zansshann✨💤 Yang udah pada pinter semaga kasih tau orang-orang terdekat ya, jauh-jauh d",health,0.95,False,ollama_enhanced
tirtacipeng,7597372665162190098,El kecu! Siapa el kecu di tongkronganmu? Kalo di tempat saya itu @den_den,not_health,0.95,False,ollama_enhanced
roozzaak,7648116350593862932,Membalas @TuamaPasan19 #fyp #fypシ #DokterGemoy #vitaminD #vitaminD3,health,0.95,False,ollama_enhanced
gelarsramdhani,7649040376002645256,"Pak Haji Wawan seorang sopir truk asal Kertajati Majalengka, dipanggil Allah Ta'ala untuk menunaikan",not_health,0.95,False,ollama_enhanced
dokternadiyah,7673145781590723860,"Memilih produk untuk area sensitif nggak boleh asal wangi atau sekadar ikut tren. 🌷Sebelum membeli, ",health,0.95,False,ollama_enhanced
bidancynthia,7650542928376368405,Ini pas ade waktunya mandi pagi yaaa,not_health,0.95,False,ollama_enhanced
itsdoktermuda,7608984472767302932,"Buat semua ibu yang tubuhnya pernah dibuka demi lahirnya sebuah kehidupan, Kita mungkin gak akan per",health,0.95,False,ollama_enhanced
dokter_ika,7614788077671746823,Replying to @Dini sari Ini hal yang menyusahkan para MUA!!! Hati-hati produk perawatan kulit Ilegal ,health,0.95,False,ollama_enhanced
ikhsanqthii,7672744339658788117,Pas jadi dokter paling gak ada bentuknya 🙏,health,0.85,False,ollama_enhanced
gelarsramdhani,7635618975199628551,Tugas utama menjadi petugas haji Indonesia adalah melayani tamu Allah (jemaah haji) sekaligus mengha,not_health,0.95,False,ollama_enhanced
dokteramiraobgyn,7591386662496701717,pesan untuk suami yang tidak setia dengan pasangan dan istri yang diselingkuhi #dokterobgynpedalaman,not_health,0.85,False,ollama_enhanced
drrichardlee,7655290786564590868,"Tak bs berkata2, cm di indonesia beli bukan dplatform resmi bisa jadi pidana.. org yg beli barang pa",not_health,0.95,False,ollama_enhanced
dr.ziee,7615927942819941640,Siapa baru tahu kalo tubuh punya “prioritas” kaya gini? Apalagi pas puasa tubuh kita rawan ngalamin ,health,0.95,False,ollama_enhanced
tirtacipeng,7613248769391332628,Siapa yg kalo nyuci ga kering trs bau penguukk? Pastikan deterjen kalian ada Indoor Drying Technolog,not_health,0.95,False,ollama_enhanced
giapratamamd,7618063652817538325,"Ini adalah Ginjal Manusia. Ginjal bekerja setiap detik menjaga darah tetap bersih. Air, garam, sisa ",health,0.95,False,ollama_enhanced
doktermatahendra,7669311896641670418,"Dulu sering dimarahi orang tua: ""Jangan baca di tempat gelap, nanti minus nambah!""Fakta atau mitos? ",health,0.85,False,ollama_enhanced
dokter_ika,7664890198320336136,"Kulit sehat dibangun dengan ilmu, bukan dengan coba-coba. Jangan mudah percaya pada racikan viral ya",health,0.95,False,ollama_enhanced
ikhsanqthii,7602098051376745749,Jadi demikian sekilas info 🙏,health,0.8,False,ollama_enhanced
roozzaak,7624868038810160405,Membalas @rarisanz #fyp #fypシ #DokterGemoy #edukasi #edukasikesehatan,health,0.95,False,ollama_enhanced
roozzaak,7599272355805859080,Membalas @Yanti Ariefardhan #fyp #fypシ #DokterGemoy #edukasi #edukasitiktok,health,0.95,False,ollama_enhanced
dokter_ika,7619895561096940807,Hati-hati dengan Klaim tidak masuk akal maupun yang berlebihan Sumber: @BPOM RI #belajarbersamadrika,health,0.95,False,ollama_enhanced
dokternadiyah,7664620707447557397,Kapan ya gerakan sikecil mulai terasa saat di dalam perut?#pregnant #bumilhappy #edukasibumil #creat,health,0.95,False,ollama_enhanced
dokternadiyah,7619324769254657300,Ini normal atau penyak!t ?#edukasikesehatan #phselftest #hanqi #wanitasehat #areasensitif,health,0.95,False,ollama_enhanced
dokter_ika,7673739997056404754,Replying to @anumm Pesan saya jaga skin barrier kulit kamu bukan hanya wajah tapi juga kulit seluruh,health,0.95,False,ollama_enhanced
bidancynthia,7644626646670118165,"Bbj ddebay bubid 2.895 dan itu sama pas usg , ☺️ karna sbelum ke rs sempet usg dulu",health,0.95,False,ollama_enhanced
itsdoktermuda,7595228641030704404,"Banyak orang masih kemakan stigma HIV. Padahal HIV nggak nular lewat sentuhan fisik kayak salaman, p",health,0.95,False,ollama_enhanced
drkevinmak,7663649855826431240,"Sering lupa dan susah fokus? Bisa jadi tubuhmu sedang kekurangan vitamin dan mineral tertentu, seper",health,0.95,False,ollama_enhanced
doktergigitantri,7665536254238346516,Loose teeth aren’t always because of cavities.Sometimes it’s the tartar that’s been there for way to,health,0.95,False,ollama_enhanced
drkevinmak,7614384577645268242,Kalau kamu udah rutin minum magnesium jenis apa nih? Coba komen dong ✅ #magnesium #overthinking #ins,health,0.85,False,ollama_enhanced
roozzaak,7615504600119905556,#stitch dengan @Hilya22 #fyp #fypシ #DokterGemoy #edukasi,health,0.95,True,ollama_enhanced
bidancynthia,7669848057235836180,Paket baju piyama 3 pcs,not_health,0.95,False,ollama_enhanced
bidancynthia,7635457612242341141,"Kontraksi masih belum intens, Jalan jongkok dlm kondisi perut kenceng” nyeri misvi rasanyaaa ah mant",health,0.95,False,ollama_enhanced
tirtacipeng,7627125250324647189,Mengenai reaksi alergi. Masih bersama dengan tirta klimis.,health,0.85,False,ollama_enhanced
roozzaak,7650770358563392789,#CapCut Fighter Milenial Sini Kumpul 🤣🥹🔥,not_health,0.85,True,ollama_enhanced
tirtacipeng,7678524985136254229,Sinusitis,health,0.95,True,ollama_enhanced
ikhsanqthii,7654802390788394260,Tulang punggung harus kuatt 💪💪💪,health,0.8,False,ollama_enhanced
drrichardlee,7613324129676152084,"DOWNLOAD 14: KALAU UDAH TAKDIR, BUAT APA DOA?! DRL KENA ULTI GARA-GARA INI?!",not_health,0.95,False,ollama_enhanced
jamilatussadiyah,7672279718997036295,Prenatal yoga @bumilpamil.id ❤️🫶🏻,health,0.95,False,ollama_enhanced
roozzaak,7674840439702195476,#stitch dengan @rikkarcello📸 #fyp #fypシ #DokterGemoy #edukasi,health,0.95,True,ollama_enhanced
bidancynthia,7632662508909726997,"Konsultasi kehamilan di 36 week, Deg2an banget #ibuhamil #lahiran #hamil",health,0.95,False,ollama_enhanced
roozzaak,7622251444946750741,Membalas @Choirul #fyp #fypシ #DokterGemoy #vitaminD #vitaminD3,health,0.95,False,ollama_enhanced
ikhsanqthii,7658280604445936916,"Kulit belang tuh sebenernya resopon perlindungan kulit dari sinar UV. Biar warna kulit lebih merata,",health,0.95,False,ollama_enhanced
aymanalts,7634442832123612424,,health,0.156,True,no_caption_learned
dokter_ika,7593581563896499464,DAMPAK MERKURI PADA KESEHAAN KULIT DAN TUBUH PENGGUNANYA NYATA!!!! #belajarbersamadrika #edukasidokt,health,0.95,False,ollama_enhanced
giapratamamd,7591013738296249621,Tentang Tekanan Darah Tinggi. Podcast Radityadika dan dr. Gia Pratama. part 8.,health,0.95,False,ollama_enhanced
dionharyadi,7611097324890131733,Siapa yang tetap minum kopi selama bulan puasa?Kalo kamu minumnya di jam berapa aja?#SemangatFarming,not_health,0.95,False,ollama_enhanced
drkevinmak,7659814244342369543,"Buat kamu yang lagi struggling sama rambut rontok, coba ikuti tips di video ini ya! Kalau menurutmu ",health,0.95,False,ollama_enhanced
aliphildan,7616668101781818632,alhamdulillah masyaAllah🤗,not_health,0.95,False,ollama_enhanced
roozzaak,7612866950485560597,Membalas @Nila Faulis Nasa #fyp #fypシ #DokterGemoy #vitaminD #vitaminD3,health,0.95,False,ollama_enhanced
dokter.harmonospanak,7614118590333160725,,not_health,0.143,True,no_caption_learned
drrichardlee,7602583490911079701,"Pempek + ketupat buat pak ust, syukuran dalam islam boleh gak si?? #latepost",not_health,0.95,False,ollama_enhanced
tirtacipeng,7674975122414931220,Harapan kami untuk bangsa ini.,not_health,0.85,False,ollama_enhanced
tirtacipeng,7664480080206318868,"Review pertandingan semalam, kebetulan saya siaran di @SEPIK BOLA | IG: @sepik.bola",not_health,0.95,False,ollama_enhanced
jamilatussadiyah,7624850088442989832,Cara merawat tali pusat supaya ga infeksi❤️🫶🏻,health,0.95,False,ollama_enhanced
bidancynthia,7660211650267647252,Setrika baju bayi newborn #newborn,not_health,0.95,False,ollama_enhanced
ikhsanqthii,7666312422914903316,Belajar yg rajin biar dapet duit 👍,not_health,0.95,False,ollama_enhanced
aymanalts,7666683165167078664,Tips milih sunscreen #skincare #tipsandtricks,health,0.85,False,ollama_enhanced
roozzaak,7632920798059171093,Membalas @Gian zolla #fyp #fypシ #DokterGemoy #vitaminD #vitaminD3,health,0.95,False,ollama_enhanced
dokter_ika,7612139695534918919,"Replying to @Halim OlshopKalteng Ini mengandung obat keras, di Indonesia, kandungan ini tidak boleh ",health,0.95,False,ollama_enhanced
ikhsanqthii,7651876939061316884,Demikian sekilas ingfoo 👍👍,not_health,0.85,False,ollama_enhanced
roozzaak,7610383573094305045,Membalas @Dewi Hasanah Saepudi #fyp #fypシ #DokterGemoy #edukasi #edukasitiktok,health,0.95,False,ollama_enhanced
giapratamamd,7593650567835094290,"PENGLIHATAN BARU. Saya mau berbagi penglihatan, agar harapan di rumah rumah kembali menyala. Saya ma",health,0.95,False,ollama_enhanced
drkevinmak,7637907353232264456,Kebanyakan minum manis ternyata bisa bikin keputihan makin gampang muncul Soalnya gula berlebih bisa,health,0.95,False,ollama_enhanced
roozzaak,7679709947545914644,Membalas @♋chici🦀🌊 #fyp #fypシ #DokterGemoy #edukasi #edukasikesehatan,health,0.95,False,ollama_enhanced
tirtacipeng,7673517908093308181,Buat kalian yg hobi bandingin diri sendiri dengan orang lain,not_health,0.85,False,ollama_enhanced
dokter.harmonospanak,7645692845566872852,Praktek spesialis anak Hub admin :kak Fatimah 0812 . 3024 . 6181kak Wulan 0858 . 1565 . 2806Google M,not_health,0.85,False,ollama_enhanced
dokternadiyah,7605607854380190996,Replying to @Titik Nurita159 Part 2tips cegah stretch mark 🙌🏻#edukasikesehatan #stretchmarks #ciarai,health,0.95,False,ollama_enhanced
ikhsanqthii,7600419699536465172,Ada baiknya jgn lupa tuntaskan traumanya ya guys 🙏🙏,health,0.95,False,ollama_enhanced
dr.deamaulidia,7638251084321983762,"Bayi nyusu lama bukan selalu berarti ASI-nya kurang, Bun 🤍 Kadang bayi memang sedang mencari nyaman…",health,0.95,False,ollama_enhanced
ikhsanqthii,7677470682103713045,"BUKAN DARAH MANIS! INI PRURIGO, bisa muncul karena reaksi kulit yang sensitif sama gigitan serangga.",health,0.95,False,ollama_enhanced
jamilatussadiyah,7607000257259523349,Posisi janin optimal membantu persalinan lancar☺️🙏🏻,health,0.95,False,ollama_enhanced
dokter_ika,7605616750788480263,Replying to @MiuChan #belajarbersamadrika #edukasidokterika #jagakulitmu,health,0.85,False,ollama_enhanced
aliphildan,7614183138838744327,Jangan ragu periksa ke faskes terdekat yaa kalau udh curiga🥺,health,0.95,False,ollama_enhanced
ikhsanqthii,7606937808762146068,No comment guys 🙏🫠,not_health,0.85,False,ollama_enhanced
drrichardlee,7598201292447599893,Kalian suka versi cantik tp tetep terlihat natural atau cantik aneh??,not_health,0.95,False,ollama_enhanced
bidancynthia,7643375909205986581,"Masya Allah ,🥹",not_health,0.85,False,ollama_enhanced
roozzaak,7638554704858893588,Membalas @yun93 #fyp #fypシ #DokterGemoy #edukasi #edukasikesehatan,health,0.95,False,ollama_enhanced
ikhsanqthii,7644003826986454293,Tolong dipelajari karena kita gak tau kapan ini akan dipakaii 👍👍👍,health,0.85,False,ollama_enhanced
roozzaak,7617677204171787540,Membalas @Adamsolehstore Vitamin D penting untun menunjang tumbuh kembang khususnya tinggi badan. Ja,health,0.95,False,ollama_enhanced
ikhsanqthii,7649617178324454677,Demikian sekilas ingfo 👍👍,health,0.7,False,ollama_enhanced
gelarsramdhani,7652319072784272647,Bagaimana cara menjadi dokter gigi? Dalam video ini saya menjelaskan jalur pendidikan yang perlu dit,not_health,0.85,False,ollama_enhanced
aymanalts,7650101815366667528,,health,0.156,True,no_caption_learned
ikhsanqthii,7636023515254181136,Selamat menonton podcast paling menegangkan seumur hidupku.. bersama dr @Tirtaaaaaa dan dr @dr. Gia ,health,0.95,False,ollama_enhanced
ikhsanqthii,7666743705662999825,Replying to @Szaey demikian sekilas ingfo,not_health,0.85,False,ollama_enhanced
roozzaak,7637699285785611540,Membalas @Oceano🌊 #fyp #fypシ #DokterGemoy #vitaminD #vitaminD3,health,0.95,False,ollama_enhanced
dr.ziee,7611111355743030536,"Ini tips yang gampang banget dilakuin dan nggak susah juga dicari, tapi nggak banyak orang Indonesia",health,0.95,False,ollama_enhanced
drkevinmak,7626039347975884039,"Sering cepet capek, gampang flu, atau rambut mulai rontok? Banyak orang langsung minum vitamin… tapi",health,0.95,False,ollama_enhanced
aliphildan,7643075217866132757,Semaleman gabisa berenti ketawa wkwkwk HBD YA SUFF!! @Bang ucup ✨👨🏽‍🦲,not_health,0.95,False,ollama_enhanced
