username,video_id,video_url,is_photo,like_count,comment_count,share_count,save_count,description,scraped_at,manual_label,label_timestamp
drkevinmak,7621870587429915922,https://www.tiktok.com/@drkevinmak/video/7621870587429915922,False,1643,46,146,408,"Paha & betis pegel terus jangan cuma dibilang capek 😅 Bisa jadi tubuh lagi kekurangan magnesium—mineral penting buat otot biar gak kaku, gak gampang spasme, dan lebih relax Apalagi kalau sering olahraga, hiking, atau duduk lama → kebutuhan magnesium makin tinggi Kalau diabaikan, ujungnya bisa sampai butuh fisioterapi Mulai perhatiin dari sekarang sebelum makin parah 👇 Udah pernah ngerasain pegel kayak gini? #magnesium #ototpegel #pegalkaki #kesehatanotot #fisioterapi",2026-09-05T20:00:35.093120,not_health,2026-09-07T12:17:27.342224
ikhsanqthii,7627459902327262485,https://www.tiktok.com/@ikhsanqthii/video/7627459902327262485,False,55400,295,1719,2208,"Kalau kalian sering ngantuk habis makan itu bisa aja disebabin karena hipoglikemia reaktif, intinya penurunan gula darah tiba-tiba, ini terjadi akibat respon insulin buat nurunin gula darah secepat mungkin. Nah, kalo sering terjadi kayak gini coba cek gula ya terutama HbA1c! Karena bisa aja udah masuk ke tanda2 pre-diabet…",2026-09-06T18:02:09.557511,health,2026-09-07T12:17:28.851508
ikhsanqthii,7652949141139524885,https://www.tiktok.com/@ikhsanqthii/video/7652949141139524885,False,9671,90,133,143,Jangan lupaa ikutannn 🤣🤣🤣,2026-09-06T16:58:49.579931,not_health,2026-09-07T12:17:32.980552
drrichardlee,7671208856650894600,https://www.tiktok.com/@drrichardlee/video/7671208856650894600,False,7474,238,134,358,"doktif di tegur hakim, pesan terakhir menohok. Post by admin",2026-09-06T11:32:42.664447,not_health,2026-09-07T12:17:37.307930
dr.ziee,7648264637317795080,https://www.tiktok.com/@dr.ziee/video/7648264637317795080,False,3641,24,69,269,"Selain ganggu orang orang, ternyata bau mulut itu salah satu tanda kalo mulut kamu bermasalah. That’s why jaga kesehatan mulut daily tuh penting banget, salah satunya gusi tapi banyak orang Indonesia yang nggak aware. #baumulut #gumvestment #pepsodentgumexpert @tanyapepsodent",2026-09-05T15:26:25.775378,health,2026-09-07T12:17:56.844602
gelarsramdhani,7661443433193573650,https://www.tiktok.com/@gelarsramdhani/video/7661443433193573650,False,59,8,0,2,Membalas @caaaaaaaaaaaaaaaaa209 Gigi berlubang apakah harus dicabut?,2026-09-06T13:14:32.232101,health,2026-09-07T12:21:45.410360
roozzaak,7671218519186459924,https://www.tiktok.com/@roozzaak/video/7671218519186459924,False,0,97,0,0,Membalas @ecerahya27 #fyp #fypシ #DokterGemoy #edukasi #edukasikesehatan,2026-09-05T21:13:58.762647,health,2026-09-07T12:21:57.938017
drkevinmak,7604822591093837064,https://www.tiktok.com/@drkevinmak/video/7604822591093837064,False,2901,71,542,600,Replying to @Kikoo 🧊 kalau kamu udah rutin minum magnesium glycinate? Coba spill pengalaman kamu dibawah! Inget ya jangan salah pilih magnesium! #magnesium #magnesiumglycinate #vitalife #edukasi #susahtidur,2026-09-06T10:40:01.463173,health,2026-09-07T12:22:17.810652
tirtacipeng,7617353063149440276,https://www.tiktok.com/@tirtacipeng/video/7617353063149440276,False,424100,2194,44000,30000,Habis makan trus rebahan bisa jadi gemuk?,2026-09-07T01:36:48.954147,health,2026-09-07T12:22:21.396562
aymanalts,7621766350595296530,https://www.tiktok.com/@aymanalts/video/7621766350595296530,False,6887,172,432,109,,2026-09-05T13:11:57.126420,not_health,2026-09-07T12:22:41.463441
itsdoktermuda,7649767560648461588,https://www.tiktok.com/@itsdoktermuda/video/7649767560648461588,False,7932,93,1299,895,Semangaat yaa orangtua2 anak pejuang diabetes tipe 1💪🏻 vid faauifa_ & zahrenaa,2026-09-06T20:28:38.256329,health,2026-09-07T12:22:59.915590
aymanalts,7666717386950675730,https://www.tiktok.com/@aymanalts/video/7666717386950675730,False,10.3K,231,419,329,Tips milih sunscreen #skincare #tipsandtricks,2026-09-03T11:12:46.461056,health,2026-09-07T12:23:04.502512
roozzaak,7619176500042009877,https://www.tiktok.com/@roozzaak/video/7619176500042009877,False,403,19,137,65,Membalas @Nurjana #fyp #fypシ #DokterGemoy #cessa #transpulminbaby,2026-09-06T00:06:55.768769,health,2026-09-07T12:23:13.594189
bidancynthia,7622273338928270613,https://www.tiktok.com/@bidancynthia/video/7622273338928270613,False,205,32,22,17,Ada yang minum pas Lebaran kemarin bumil? #sirup #ibuhamil,2026-09-07T11:29:28.752027,health,2026-09-07T12:23:30.115084
bidancynthia,7657836724436864277,https://www.tiktok.com/@bidancynthia/video/7657836724436864277,False,1915,28,86,228,Perkembangannya udah bisa apa aja bun?,2026-09-07T04:20:26.633684,not_health,2026-09-07T12:23:34.984912
tirtacipeng,7675924973638143252,https://www.tiktok.com/@tirtacipeng/video/7675924973638143252,False,1144,65,37,25,Kegiatan bapak2 absurd nan gabut sebelum ke toko.,2026-09-07T00:01:26.473200,not_health,2026-09-07T12:23:41.373226
dokter_ika,7668118055746014472,https://www.tiktok.com/@dokter_ika/video/7668118055746014472,False,749,60,5,50,Replying to @mbak choy Perbedaan utama terletak pada cara dan waktu pelepasan sel kulit tersebut.Manusia melepaskan sel kulit mati secara konstan dan tidak terlihat (DESKUANASI) sedangkan ular melepaskan seluruh lapisan luar kulitnya sekaligus dalam satu periode waktu tertentu (ECDYSIS)#belajarbersamadrika #Edukasidrika #Eksfoliasilembut #peeling,2026-09-03T19:27:27.303122,health,2026-09-07T12:23:51.155515
tirtacipeng,7595197312930958610,https://www.tiktok.com/@tirtacipeng/video/7595197312930958610,False,3587,82,84,64,Kegiatan sore2 manusia ber-privilege 🫶🫶🫶 • • • • Nb: konten ini cuma guyonan belaka,2026-09-07T02:06:24.869733,not_health,2026-09-07T12:23:55.214679
ikhsanqthii,7657793069416287508,https://www.tiktok.com/@ikhsanqthii/video/7657793069416287508,False,99100,1288,4736,6112,Buat temen2 perempuan diluar sana selalu aware ya dengan pola/siklus mens kalian. Ini udah dijelasin sama dr @Doa ibu persada 👍👍,2026-09-06T16:44:47.494297,health,2026-09-07T12:24:03.359785
dokteramiraobgyn,7607071577439489300,https://www.tiktok.com/@dokteramiraobgyn/video/7607071577439489300,False,175,9,10,19,kalau kalian mau tau simak #dokterobgynpedalaman#papua#fyp,2026-09-04T00:06:18.884538,health,2026-09-07T12:24:08.057515
roozzaak,7608863221616856341,https://www.tiktok.com/@roozzaak/video/7608863221616856341,False,544,19,109,213,Membalas @Kapuchiri96 #fyp #fypシ #DokterGemoy #vitaminD #vitaminD3,2026-09-06T22:45:25.839873,health,2026-09-07T12:24:13.988670
dokter.harmonospanak,7644923267869854996,https://www.tiktok.com/@dokter.harmonospanak/video/7644923267869854996,False,6574,215,1786,2121,Praktek spesialis anak Hub admin :kak Fatimah 0812 . 3024 . 6181kak Wulan 0858 . 1565 . 2806Google Map tulis :Praktek dr.Harmono PD Sp.AAlamat :Jl. Airlangga 33 Apotek Diandra Mojosari Mojokerto,2026-09-03T16:26:45.557380,health,2026-09-07T12:24:26.772859
doktermatahendra,7638179610819169554,https://www.tiktok.com/@doktermatahendra/video/7638179610819169554,False,298,8,10,60,"Manfaat salad bagi mata? Menjaga kesehatan mata ternyata bukan cuma soal kacamata atau vitamin 👀🥗 Apa yang kita makan setiap hari juga sangat berpengaruh terhadap kesehatan mata jangka panjang. Salad yang berisi sayuran hijau, tomat, wortel, jagung, alpukat, hingga kacang-kacangan mengandung banyak nutrisi penting untuk mata seperti: ✅ lutein ✅ zeaxanthin ✅ vitamin A ✅ vitamin C ✅ omega-3 dan antioksidan Nutrisi ini membantu melindungi retina dan menurunkan risiko berbagai masalah mata terkait usia 👁✨ Termasuk membantu menjaga kesehatan makula, mengurangi stres oksidatif, dan mendukung kualitas lapisan air mata. Banyak orang baru mulai peduli kesehatan mata setelah penglihatan mulai terganggu. Padahal menjaga mata dimulai dari kebiasaan kecil setiap hari, termasuk pola makan 😊 Tidak harus mahal atau ekstrem, yang penting konsisten. Karena investasi terbaik untuk mata bukan hanya pengobatan… tapi juga pencegahan 👍 Siapa disini yang rutin makan salad? 🥗😄 #Salad #kesehatanmata #sayur #antioksidan#doktermatahendra Kalau suka dan merasa postingan ini bermanfaat, jangan lupa buat support dengan like dan share ya 😁👍. Tambahkan akun ig, youtube dan tiktok @doktermatahendra ke favoritmu agar selalu update info dan tips2 kesehatan mata terbaru 🥰. Ada pertanyaan? Silahkan DM atau Cusssss ke kolom komentar 👍.",2026-09-04T01:01:38.889915,health,2026-09-07T12:24:35.006745
drkevinmak,7627129495513910546,https://www.tiktok.com/@drkevinmak/video/7627129495513910546,False,132,6,5,12,"Semakin dewasa, ternyata yang kita lawan bukan orang lain… tapi pikiran sendiri. Overthinking soal masa depan, keluarga, uang, bahkan hal kecil pun bisa kepikiran Kamu juga ngerasain? Coba komen, hal apa yang paling sering kamu overthinking-in sekarang 👇 #overthinking #dewasa #quarterlifecrisis #selfgrowth #mentalhealthindonesia",2026-09-05T19:47:32.375251,health,2026-09-07T12:24:41.726165
dokter.harmonospanak,7647352582100307221,https://www.tiktok.com/@dokter.harmonospanak/video/7647352582100307221,False,21,1,4,9,Alamat : lokasidari klenteng Mojosari 200 meterke utara arah Krian. Depan SMAN MOJOSARI telp.WA. 0812.3156.6151,2026-09-03T16:21:56.929733,not_health,2026-09-07T12:24:45.094173
dokter_ika,7664094492076608786,https://www.tiktok.com/@dokter_ika/video/7664094492076608786,False,5406,203,33,237,#belajarbersamadrika #Edukasidrika #stoppenyalahgunaanobatkeras #StopMerkuri #waspadakrimberbahaya,2026-09-03T19:39:31.183488,health,2026-09-07T12:24:57.061684
aymanalts,7666836345477729544,https://www.tiktok.com/@aymanalts/video/7666836345477729544,False,4336,122,42,280,,2026-09-03T11:10:54.016407,health,2026-09-07T12:25:12.271867
bidancynthia,7677913862556912917,https://www.tiktok.com/@bidancynthia/video/7677913862556912917,False,2954,276,55,446,"Membalas @less.sugar kalo lagi menyusui takut asi jadi seret ,ini pilihannya semoga ga bingung lagi pake Kb apa yaa #bidan #edukasi #kb",2026-09-07T03:16:59.448596,health,2026-09-07T12:25:16.057068
tirtacipeng,7617837119041588500,https://www.tiktok.com/@tirtacipeng/video/7617837119041588500,False,3855,150,103,138,Serba serbi mudik bareng @bearbrand_indonesia #RasakanKemurniannya,2026-09-07T01:36:05.486755,not_health,2026-09-07T12:25:30.822645
bidancynthia,7649119829269613844,https://www.tiktok.com/@bidancynthia/video/7649119829269613844,False,10500,456,255,393,"Baby boy nen’nya kuat bgt ,nen terus sampe brat bret brot 😅 Alhamdulillah Full ASI #mengasihi #busui",2026-09-07T04:48:15.644776,not_health,2026-09-07T12:25:40.362010
dokteramiraobgyn,7598078806976400660,https://www.tiktok.com/@dokteramiraobgyn/video/7598078806976400660,False,6847,76,1128,587,ini buktinya kalau kalian tetap ngeyell #dokterobgynpedalaman#papua#fyp,2026-09-04T00:15:25.410338,health,2026-09-07T12:25:46.782839
aymanalts,7676327768585506066,https://www.tiktok.com/@aymanalts/video/7676327768585506066,False,67.8K,663,9259,5970,,2026-09-03T10:24:14.721027,health,2026-09-07T12:25:50.483075
roozzaak,7604059114154642709,https://www.tiktok.com/@roozzaak/video/7604059114154642709,False,374,19,76,48,Membalas @mdysean #fyp #fypシ #DokterGemoy #edukasi #edukasitiktok,2026-09-06T22:55:12.416482,health,2026-09-07T12:27:01.512112
drkevinmak,7623424313151999239,https://www.tiktok.com/@drkevinmak/video/7623424313151999239,False,76,3,7,13,Kalau kamu masih breakout parah ga beres lebaran? Jangan lupa zinc nya 1x sehari setelah makan siang dan hindari konsumsi makanan berminyak ya ✅ #acneprone #jerawat #zinc #rekomendasizinc,2026-09-05T19:58:08.300649,health,2026-09-07T12:27:11.404444
doktermatahendra,7607044950831795474,https://www.tiktok.com/@doktermatahendra/video/7607044950831795474,False,337,7,18,50,"Mari kita jawab pertanyaan: Sakit nga operasi katarak? Yuk, kita dengar langsung testimoni dari pasangan suami istri yang kebetulan sudah melakukan operasi katarak, bersamaan di tempat kami @eyequ.id 🥰.Menariknya, meskipun menjalani prosedur yang sama, dokter yang sama, mesin yang sama dan di hari yang sama, sensasi yang dirasakan bisa berbeda pada tiap orang. Ada yang merasa sangat nyaman, ada yang merasakan sedikit sensasi—namun tetap dalam batas wajar dan aman.Yang paling penting?Keduanya sama-sama tersenyum lebar sehari setelah operasi 😊Menurut teman-teman, apa makna di balik senyuman itu?Dapat bonus pertanyaan tambahan mengenai posisi lensa tanam habis operasi, apakah stabil terus? Dan pesan buat masyarakat lainnya mengenai operasi katarakYuk, kita simak videonya sampai akhir.#operasikatarak #phaecoemulsifikasi #edukasimata #doktermatahendra",2026-09-04T01:24:13.815201,health,2026-09-07T12:27:15.255985
dokter.harmonospanak,7627730393227103509,https://www.tiktok.com/@dokter.harmonospanak/video/7627730393227103509,False,278,58,52,27,Memang sulit cari bakso yg asli daging sapi tanpa campuran daging ayam. Tentu rasanya lebih enak dan menyehatkan.,2026-09-03T16:56:18.527452,not_health,2026-09-07T12:27:18.566087
giapratamamd,7590960824584244500,https://www.tiktok.com/@giapratamamd/video/7590960824584244500,False,5508,99,158,369,Visi Misi mencegah 1 Juta Serangan Jantung dan Stroke. Podcast Radityadika dan dr. Gia Pratama. part 3.,2026-09-06T15:33:18.245616,health,2026-09-07T12:27:29.223445
roozzaak,7675204200330038548,https://www.tiktok.com/@roozzaak/video/7675204200330038548,False,512,41,107,89,#stitch dengan @MiMa ✨ #fyp #fypシ #DokterGemoy #edukasi,2026-09-05T21:09:31.207160,health,2026-09-07T12:27:36.346468
tirtacipeng,7640079564525292821,https://www.tiktok.com/@tirtacipeng/video/7640079564525292821,False,45400,611,1694,2736,"Gula, buah dan diabetes",2026-09-07T01:02:56.605986,health,2026-09-07T12:27:41.620305
aymanalts,7645328115928927506,https://www.tiktok.com/@aymanalts/video/7645328115928927506,False,2007,50,52,25,#stitch with 7642894501979098386,2026-09-03T13:13:25.615698,health,2026-09-07T12:27:48.615159
dokteramiraobgyn,7676869342478535954,https://www.tiktok.com/@dokteramiraobgyn/video/7676869342478535954,False,4516,1036,1261,974,Untuk para bunda vaksin hpv amannnnnnn bangettttt #anakbunda#vaksinhpv#gratis#fyppppp,2026-09-03T18:37:21.374979,health,2026-09-07T12:27:51.980226
aymanalts,7619068098124975368,https://www.tiktok.com/@aymanalts/video/7619068098124975368,False,27200,173,1039,1347,#stitch with @Youtube: nul alexander 🦆🦧,2026-09-05T13:29:19.373311,health,2026-09-07T12:28:02.169737
dokteramiraobgyn,7607104264225279252,https://www.tiktok.com/@dokteramiraobgyn/video/7607104264225279252,False,3139,148,431,927,bercak butih dimulut rahim akan jd awal mula kanker cervix jika tidak diobati #dokterobgynpedalaman#papua#fyp,2026-09-04T00:05:38.119924,health,2026-09-07T12:28:07.006562
bidancynthia,7622708047315569940,https://www.tiktok.com/@bidancynthia/video/7622708047315569940,False,3279,62,17,120,Membalas @Hii'ItsNebyy🌱🐝 Semoga bisa lahir normal dipuskesmas 💪🏻🤲 #ibuhamil,2026-09-07T11:28:16.473370,not_health,2026-09-07T12:28:19.320560
dokter_ika,7670474460583038215,https://www.tiktok.com/@dokter_ika/video/7670474460583038215,False,5531,352,132,388,"Replying to @el🦭 Kalau udah ketagihan mau dilepas malah galau, padahal kalau ga dilepas buat perkara hidup!!! #belajarbersamadrika #Edukasidrika #LoveYourSkin❤️ #KulitSehatTanpaToksik #StopMerkuri",2026-09-03T19:22:04.002440,health,2026-09-07T12:28:28.111367
dokter_ika,7677164207523122450,https://www.tiktok.com/@dokter_ika/video/7677164207523122450,False,37.5K,2051,3533,2578,"Ini masih marak, hati-hati guys #belajarbersamadrika #Edukasidrika #jagakulitmu #StopHBberbahaya #stoppenyalahgunaanobatkeras",2026-09-03T18:21:17.734008,health,2026-09-07T12:28:30.720743
bidancynthia,7667155748215934228,https://www.tiktok.com/@bidancynthia/video/7667155748215934228,False,7726,638,26,180,"Labil bgt mau KB 😁 Mama 31thn anak 1 ,sebelum 35thn minimal 2 anak lah biar ricy ada teman☺️",2026-09-07T03:50:54.274094,not_health,2026-09-07T12:28:37.667586
roozzaak,7633229775791836436,https://www.tiktok.com/@roozzaak/video/7633229775791836436,False,1030,134,74,110,Membalas @mama tasya🩷 #fyp #fypシ #DokterGemoy #edukasi #edukasikesehatan,2026-09-05T22:36:34.614296,health,2026-09-07T12:28:42.025685
drkevinmak,7653383072821562632,https://www.tiktok.com/@drkevinmak/video/7653383072821562632,False,201,10,48,72,"Jujur kesel sih kalau munculnya di dagu dan rahang mulu, makannya tambahin zinc setelah makan ya! #jerawat #zinc #jerawatbatu #zincpicolinate #suplemenjerawat",2026-09-05T18:28:30.881575,health,2026-09-07T12:28:44.877817
itsdoktermuda,7649712642419854612,https://www.tiktok.com/@itsdoktermuda/video/7649712642419854612,False,194,8,1,21,"Nggak salah kok kalau mau nyari yang simpel dan minim efek samping. Tapi ayolah, kita naik kelas bareng-bareng. Jangan cuma bertanya “nyatanya sembuh nggak?”, tapi juga “masuk akal nggak?” dan “ada ilmunya nggak?” Karena di era sekarang, percaya itu bagus. Tapi paham alasan di baliknya jauh lebih bagus. Sepakat?",2026-09-06T20:29:24.698738,health,2026-09-07T12:29:40.444870
roozzaak,7644016215249194261,https://www.tiktok.com/@roozzaak/video/7644016215249194261,False,9,4,6,3,Membalas @Mbunya Faren #fyp #fypシ #DokterGemoy #vitaminD #vitaminD3,2026-09-05T22:20:11.862835,health,2026-09-07T12:29:49.043851
tirtacipeng,7668469576149126420,https://www.tiktok.com/@tirtacipeng/video/7668469576149126420,False,31500,241,1561,3490,Perjalanan hobi dan pola makan ko guntur sampe di level sekarang,2026-09-07T00:17:49.756958,health,2026-09-07T12:29:52.367628
dokter_ika,7665370348983995666,https://www.tiktok.com/@dokter_ika/video/7665370348983995666,False,172,12,1,17,Beda ya #belajarbersamadrika #Edukasidrika #stoppenyalahgunaanobatkeras #StopMerkuri,2026-09-03T19:34:50.707659,health,2026-09-07T12:29:57.571698
roozzaak,7667011626612165908,https://www.tiktok.com/@roozzaak/video/7667011626612165908,False,27,2,1,5,Membalas @Moch. Lukman H #fyp #fypシ #DokterGemoy #vitaminD #vitaminD3,2026-09-05T21:21:10.677379,health,2026-09-07T12:29:59.806025
aliphildan,7641555795603295508,https://www.tiktok.com/@aliphildan/video/7641555795603295508,False,1851,48,66,33,Saran model rambut yang bagus dong gais👇🏻,2026-09-02T12:15:53.241703,not_health,2026-09-07T12:30:02.143887
aliphildan,7675730369848560917,https://www.tiktok.com/@aliphildan/video/7675730369848560917,False,4131,203,186,55,Satu2nya lomba yg bisa aku ikutin✨😛 #fakesituation⚠,2026-09-02T10:22:16.885236,not_health,2026-09-07T12:30:04.281430
roozzaak,7616182010670877972,https://www.tiktok.com/@roozzaak/video/7616182010670877972,False,33,4,1,5,Membalas @Erick_retno #fyp #fypシ #DokterGemoy #vitaminD #vitaminD3,2026-09-06T00:24:16.467620,health,2026-09-07T12:30:06.835424
aliphildan,7610897855192059143,https://www.tiktok.com/@aliphildan/video/7610897855192059143,False,69.6K,1031,1194,930,"siapa sangka… @Ikhsanqthii, MD",2026-09-02T15:09:40.247251,not_health,2026-09-07T12:30:10.216442
dokter_ika,7613193577220279559,https://www.tiktok.com/@dokter_ika/video/7613193577220279559,False,4708,140,174,308,Warna kulit tidak bisa diubah!!! Kebanyakan orang Indonesia di Fitzpatrick 3-5 #belajarbersamadrika #edukasidokterika #jagakulitmu #cintaiwarnakulitmu,2026-09-03T21:45:08.505966,health,2026-09-07T12:30:13.299096
itsdoktermuda,7673025672243105025,https://www.tiktok.com/@itsdoktermuda/video/7673025672243105025,False,207,2,5,12,"Ini yang diliat orang gangguan mata (Kalo kamu dokter, pengen ngonten tapi bingung mulainya, ebook “Mulai Ngonten, Dok!” udah ada di link bioku yaa👌🏻)",2026-09-06T19:54:07.372766,health,2026-09-07T12:30:16.009566
dokter_ika,7609140680555842823,https://www.tiktok.com/@dokter_ika/video/7609140680555842823,False,146,30,12,6,"“Aging Gracefully” Tidak menolak tua, tapi tampil menjadi versi terbaik disetiap fase kehidupan ❤️❤️❤️ @DRICHA Future Glow Rangkaian dari Dricha untuk kalian khususnya para wanita yang siap mengahdapi perubaan jormonal terkai Perimenopause 35+ 🤗 Terima kasih banyak yang sudah ikut dalam perayaan kedewasaan ini 🥳 @Verra | Brand Strategy 360 @Agatha Suci @Tiara @Nur tya | Pejuangkulitsehat @Koh Dennies @Philipskwok dan semua teman dan sahabat 😘😘😘 #Cantikversimu #belajarbersamadrika",2026-09-03T22:07:46.796266,not_health,2026-09-07T12:30:28.223582
aliphildan,7630311915301899527,https://www.tiktok.com/@aliphildan/video/7630311915301899527,False,42.5K,301,551,374,ya kaliiii 🙂‍↔️🐦 @Ayman Alatas,2026-09-02T14:11:55.879706,not_health,2026-09-07T12:30:30.531270
roozzaak,7597486848402803976,https://www.tiktok.com/@roozzaak/video/7597486848402803976,False,408,31,59,26,Membalas @malaikatpelindungmu1 #fyp #fypシ #DokterGemoy #edukasi #edukasitiktok,2026-09-06T23:23:23.046092,health,2026-09-07T12:30:34.003123
dokter.harmonospanak,7654722786321075477,https://www.tiktok.com/@dokter.harmonospanak/video/7654722786321075477,False,109,9,12,17,Praktek spesialis anak Hub admin :kak Fatimah 0812 . 3024 . 6181kak Wulan 0858 . 1565 . 2806Google Map tulis :Praktek dr.Harmono PD Sp.AAlamat :Jl. Airlangga 33 Apotek Diandra Mojosari Mojokerto#dokteranakmojosari #konsultasigratiswalinkbio,2026-09-03T16:09:30.662111,not_health,2026-09-07T12:30:42.504836
roozzaak,7598035983233502471,https://www.tiktok.com/@roozzaak/video/7598035983233502471,False,135,9,8,6,Membalas @kimi #fyp #fypシ #DokterGemoy #edukasi #edukasitiktok,2026-09-06T23:14:53.525980,health,2026-09-07T12:30:47.872651
giapratamamd,7670400703298342164,https://www.tiktok.com/@giapratamamd/video/7670400703298342164,False,9980,138,307,532,"Teman-teman akhirnya saya punya Channel Youtube sendiri. Akan ada 2 Podcast. - Podcast Family 1001 - Podcast Pulang Praktek Dan untuk Episode pertama Family 1001 Membahas tentang pola asuh, membangun mental, cara memandang finansial, hingga bagaimana ilmu penerbangan ternyata bisa diterapkan dalam kehidupan keluarga. Saya perkenalkan Ayahku, Ibuku, dan Adikku.",2026-09-06T14:15:35.538086,not_health,2026-09-07T12:30:56.560927
drrichardlee,7611035999073815828,https://www.tiktok.com/@drrichardlee/video/7611035999073815828,False,78100,1218,1223,4452,Makanan timur tengah favorite kalian apa?,2026-09-06T11:55:54.370135,not_health,2026-09-07T12:31:00.605800
tirtacipeng,7598775185575103752,https://www.tiktok.com/@tirtacipeng/video/7598775185575103752,False,9463,271,409,1618,Sekali2 share ilmu bisnis,2026-09-07T01:59:11.031456,not_health,2026-09-07T12:31:03.444888
aymanalts,7616956071831194887,https://www.tiktok.com/@aymanalts/video/7616956071831194887,False,5898,87,78,99,#stitch with @Doklip✨ | Alip Hildan,2026-09-05T13:33:27.374555,health,2026-09-07T12:31:07.207933
roozzaak,7610951836727528724,https://www.tiktok.com/@roozzaak/video/7610951836727528724,False,21,6,2,0,Membalas @depiii♈️✨ #fyp #fypシ #DokterGemoy #vitaminD #vitaminD3,2026-09-06T22:30:41.884365,health,2026-09-07T12:31:09.679416
aymanalts,7674216574852566290,https://www.tiktok.com/@aymanalts/video/7674216574852566290,False,610,14,8,25,Skincare ga bikin putih,2026-09-03T10:33:39.951052,health,2026-09-07T12:31:13.180000
drkevinmak,7592965634078641416,https://www.tiktok.com/@drkevinmak/video/7592965634078641416,False,181,12,17,76,"Habis liburan, celana jadi sempit. Makan enak ✔️ Jam tidur berantakan ✔️ Perut sering begah ✔️ Berat badan naik bukan selalu karena lemak, seringnya karena pencernaan dan metabolisme lagi kacau. Kurang tidur + makan nggak teratur = bakteri baik usus ikut terganggu. Di kondisi ini, probiotik bantu: • menyeimbangkan bakteri usus • bantu pencernaan lebih lancar • ngurangin begah & kembung • bantu metabolisme balik ke ritme normal Kalau habis liburan kamu ngerasa: – berat badan naik – perut nggak enak – tidur nggak nyenyak Mulai rapihin dari dalam dulu. Kadang yang dibutuhin bukan diet ekstrem, tapi usus yang sehat. #HabisLiburan#beratbadannaik#probioticsUsusSehat #PencernaanSehat",2026-09-06T11:16:07.080486,health,2026-09-07T12:31:19.639496
roozzaak,7633236254477339924,https://www.tiktok.com/@roozzaak/video/7633236254477339924,False,859,53,2,30,Membalas @Umy Chiqi Welcome to Gemoy Club Bu 🥰 #fyp #fypシ #DokterGemoy #edukasi #edukasikesehatan,2026-09-05T22:29:22.704920,health,2026-09-07T12:31:23.755565
ikhsanqthii,7642675418524388628,https://www.tiktok.com/@ikhsanqthii/video/7642675418524388628,False,2931,50,50,133,Selalu appreciate buat semua orangtua diluar sana,2026-09-06T17:27:44.845016,not_health,2026-09-07T12:31:36.157321
dokter_ika,7612496540749335815,https://www.tiktok.com/@dokter_ika/video/7612496540749335815,False,1570,53,14,52,Sering ditag tapi ga bisa buka videonya 😅 hati-hati ya guys penjual nakals masih eksis #belajarbersamadrika #edukasidokterika #overclaim,2026-09-03T21:50:13.590970,not_health,2026-09-07T12:31:52.831814
dokter_ika,7602409559315025160,https://www.tiktok.com/@dokter_ika/video/7602409559315025160,False,952,74,36,172,Harus paham dengan kulitmu sendiri #belajarbersamadrika #edukasidokterika #Kulitsehatsenyamanitu,2026-09-03T22:24:01.923167,health,2026-09-07T12:31:56.223236
drrichardlee,7666411270253366549,https://www.tiktok.com/@drrichardlee/video/7666411270253366549,False,23000,409,471,952,org terdidik mana mungkin beli tidak di platform resmi _post by Admin.,2026-09-06T11:35:05.465815,not_health,2026-09-07T12:32:00.217446
aliphildan,7633267833064967442,https://www.tiktok.com/@aliphildan/video/7633267833064967442,False,4700,65,92,80,Inilah jalan ninjaku✨💪🏻,2026-09-02T14:03:52.209770,not_health,2026-09-07T12:32:03.662067
roozzaak,7629894998724578581,https://www.tiktok.com/@roozzaak/video/7629894998724578581,False,55,8,8,15,Membalas @azrilalfaridzi5 #fyp #fypシ #DokterGemoy #vitaminD #vitaminD3,2026-09-05T23:16:44.929808,health,2026-09-07T12:32:06.440856
dokter_ika,7677416785607413000,https://www.tiktok.com/@dokter_ika/video/7677416785607413000,False,716,39,7,35,Replying to @Fida Dwi 👍🏻 #belajarbersamadrika #Edukasidrika #jagakulitmu #penjualnakals,2026-09-03T18:20:00.614788,not_health,2026-09-07T12:32:14.088307
gelarsramdhani,7637485251354250504,https://www.tiktok.com/@gelarsramdhani/video/7637485251354250504,False,116,17,23,6,"Salah satu nikmat yang harus disyukuri adalah nikmat panjang umur dengan kondisi badan sehat, dan salah satu cara mensyukuri nikmat panjang umur dan badan sehat adalah dengan ibadah dan rutin berolahraga dengan baik Jemaah haji Indonesia memang banyak lansia, tapi banyak lansia yang masih memiliki fisik yang sehat dan kuat #haji #petugashaji #jemaahhaji #majalengka",2026-09-06T13:42:53.238646,not_health,2026-09-07T12:32:23.703215
aymanalts,7667063576158375175,https://www.tiktok.com/@aymanalts/video/7667063576158375175,False,1041,30,14,71,"Di mulut itu juga ada microbiome yah guys, konsepnya sama kaya skin microbiome yang sama2 butuh perawatan yang tepat, jadi ga asal membasmi semua bakteri#PepsodentProCare #PerlindunganMulut247",2026-09-03T11:08:20.955230,health,2026-09-07T12:32:25.787224
dokter_ika,7638825055841045767,https://www.tiktok.com/@dokter_ika/video/7638825055841045767,False,5103,205,68,667,Ini tanda kulit berminyak #belajarbersamadrika #edukasidrika #jagakulitmu #drIkaJawab,2026-09-03T20:28:10.836124,health,2026-09-07T12:32:28.280008
aymanalts,7653025090493287687,https://www.tiktok.com/@aymanalts/video/7653025090493287687,False,2621,18,24,100,"Jangan abaikan masalah gusi ya guys, karena berkembangnya secara progresif. kalau diabaikan sampai terlambat, ini bisa jadi silent killer #PepsodentGumExpert #TaringTerlarang",2026-09-03T12:34:45.928872,health,2026-09-07T12:32:32.806456
dokteramiraobgyn,7621033238714125575,https://www.tiktok.com/@dokteramiraobgyn/video/7621033238714125575,False,4567,111,230,529,pernah gak sih kalian sakali aja mikirin diri sendiri #pernahgaksekaliajamikirindirisendiri#fypage,2026-09-03T23:48:42.637171,health,2026-09-07T12:32:41.648948
roozzaak,7654110801141288213,https://www.tiktok.com/@roozzaak/video/7654110801141288213,False,870,97,29,53,Membalas @sgmygel #fyp #fypシ #DokterGemoy #edukasi #edukasikesehatan,2026-09-05T21:44:34.427311,health,2026-09-07T12:32:44.261573
aymanalts,7653830795148184839,https://www.tiktok.com/@aymanalts/video/7653830795148184839,False,5931,139,129,101,#stitch with 7653741400764239112,2026-09-03T12:29:45.232020,not_health,2026-09-07T12:32:46.492666
giapratamamd,7630301277271936277,https://www.tiktok.com/@giapratamamd/video/7630301277271936277,False,125800,1273,1356,2860,"Adik-adik koas, para calon dokter masa depan, dan penerus pengabdi kemanusiaan. Ya Allah, Lembutkan hati mereka saat menghadapi pasien, tajamkan akal mereka saat belajar, kuatkan tangan mereka saat menolong. Jauhkan mereka dari malas, letih yang mematahkan, dan hati yang mengeras. Tanamkan dalam diri mereka bahwa setiap pasien adalah pelajaran, setiap jaga adalah tempaan, setiap pengalaman adalah bekal untuk menjadi dokter yang terampil dan penuh empati. Jadikan langkah mereka bernilai ibadah, lelah mereka bernilai pahala, dan masa koas mereka menjadi jalan lahirnya dokter-dokter yang cerdas, tangguh, dan penuh kasih. Aamin.",2026-09-06T14:44:01.288068,health,2026-09-07T12:32:58.076497
ikhsanqthii,7614468379721600257,https://www.tiktok.com/@ikhsanqthii/video/7614468379721600257,False,8111,72,231,49,Ka Vidi… selamat jalan… terima kasih atas banyak nasihatnya walaupun pertemuan kita amat sangat singkat 😢😢😭😭😭,2026-09-06T18:35:21.112468,not_health,2026-09-07T12:33:00.273260
dokteramiraobgyn,7630080882933583122,https://www.tiktok.com/@dokteramiraobgyn/video/7630080882933583122,False,3433,166,122,194,siapa bumil yang suka minum boba#minumanboba#hatihatigulanya#bumilboba#fyp,2026-09-03T23:33:48.652079,health,2026-09-07T12:33:04.119607
dokternadiyah,7602982143794416916,https://www.tiktok.com/@dokternadiyah/video/7602982143794416916,False,189,15,17,28,Fungsi kolagen itu banyakDan penurunan produksinya ga nunggu tuaa 😰#edukasikesehatan #kolagen #tipssehat #bumilcantik,2026-09-04T02:58:04.538723,health,2026-09-07T12:33:08.517627
drkevinmak,7680144333546294536,https://www.tiktok.com/@drkevinmak/video/7680144333546294536,False,708,15,87,129,SHARE ke temen kamu yang suka bunyiin jari tangan dan kaki!! Jangan lupa juga tambahin vitamin D3k2 dan kalsium untuk bantu kesehatan tulang tetap optimal ya! #infokesehatan #vitamind3k2 #kalsium #jaritangan #rematik,2026-09-05T16:48:32.250755,health,2026-09-07T12:33:11.578049
drkevinmak,7613022991672233224,https://www.tiktok.com/@drkevinmak/video/7613022991672233224,False,10900,516,1279,3212,"Obat maag itu ada levelnya.” Antasida → netralisir asam. H2 blocker → tekan produksi asam. PPI → stop asam lebih kuat. Tapi itu solusi gejala, bukan akar masalah. Kalau sering kambuh, bisa jadi yang bermasalah bukan cuma asam… tapi keseimbangan mikrobiota & barrier usus. Jadi jangan cuma tekan asamnya. Support juga dengan probiotik + postbiotik untuk bantu perbaiki dari dalam. Karena lambung sehat itu bukan sekadar asam rendah — tapi sistem yang seimbang. #ObatMaag #MaagKronis #AsamLambung #Probiotik #kesehatanpencernaan",2026-09-05T20:22:35.311688,health,2026-09-07T12:33:14.553560
dokter_ika,7605943070638591239,https://www.tiktok.com/@dokter_ika/video/7605943070638591239,False,2484,185,49,194,"Replying to @Secckaa Hati-hati guys, lebih kritis membeli suplemen apapun #belajarbersamadrika #edukasidokterika #jagadiri",2026-09-03T22:16:31.270136,health,2026-09-07T12:33:19.117564
ikhsanqthii,7592497092338273557,https://www.tiktok.com/@ikhsanqthii/video/7592497092338273557,False,90100,2744,12300,3763,"Maafkan, klarifikasi dikit. Aku baru tau harga belalang mahallll kalo dijual (soalnya taunya dulu tinggal ambil/nangkep - terus kita goreng deh) 🤣🤣🤣 jadi dengan komparasi harga yg cukup mahal emang better telur guysss Nb: bisa jadi opsi kalo dirumahnya deket sawah (alias tinggal nangkep) 👍👍👍",2026-09-06T19:33:05.609831,not_health,2026-09-07T12:33:23.268064
drkevinmak,7621506046418259207,https://www.tiktok.com/@drkevinmak/video/7621506046418259207,False,194,9,14,17,Beres lebaran kok malah gampang sakit? Padahal pas puasa lebih sehat… Biasanya karena pola makan & tidur berantakan → imun drop Jangan lupa support Vitamin D ya Kamu juga ngerasain? Komen “DROP” #k#kesehatant#tipskesehatanv#vitamindd#dayatahuntubuhimun,2026-09-05T20:02:09.995937,health,2026-09-07T12:34:32.862018
ikhsanqthii,7632354273455590673,https://www.tiktok.com/@ikhsanqthii/video/7632354273455590673,False,22100,620,230,207,DOKTER GANTENG KEMBALI PRAKTEK 🥸😎 #aamiin,2026-09-06T17:52:01.815455,not_health,2026-09-07T12:34:36.805472
aymanalts,7603924367990394120,https://www.tiktok.com/@aymanalts/video/7603924367990394120,False,33600,96,579,1386,Shift Jaga part 3 masih soal Dunia Forensik sama dr. Arfi Sp.FM,2026-09-05T13:57:53.714068,health,2026-09-07T12:34:44.791223
aymanalts,7662929712464809223,https://www.tiktok.com/@aymanalts/video/7662929712464809223,False,3075,106,62,78,,2026-09-03T11:33:32.992492,not_health,2026-09-07T12:34:47.849608
itsdoktermuda,7625464713060650260,https://www.tiktok.com/@itsdoktermuda/video/7625464713060650260,False,823,5,256,94,"Kenapa Ibu Harus Tetap Semangat Nyusuin 1. ASI itu imun pertama bayi Dari lahir, ASI sudah langsung bantu lindungi bayi dari infeksi dan penyakit. 2. Menyusui bikin bayi merasa aman Saat menyusu, bayi dengar detak jantung ibu, suara ibu, dan dipeluk. Dari situ bayi belajar rasa aman. 3. Cross identification itu nyata Emosi ibu dan bayi itu nyambung. Ibu tenang bayinya biasanya ikut tenang, ibu cemas bayinya gampang rewel. 4. Menyusui juga baik untuk kesehatan ibu Membantu pemulihan setelah melahirkan dan menurunkan risiko beberapa penyakit pada ibu. 5. ASI berpengaruh ke perkembangan otak dan daya tahan tubuh Makanya menyusui itu efeknya bukan cuma sekarang, tapi sampai anak besar nanti. 6. Masa menyusui itu sebentar Nanti akan ada waktunya anak berhenti menyusu, dan biasanya di situ ibu baru sadar momen ini ternyata sangat berharga.",2026-09-06T20:53:52.786805,health,2026-09-07T12:34:54.150566
ikhsanqthii,7591693699495496980,https://www.tiktok.com/@ikhsanqthii/video/7591693699495496980,False,31800,184,1786,1653,Demikian sekilas ingfo 🙏,2026-09-06T19:35:25.126935,health,2026-09-07T12:34:58.173422
doktermatahendra,7645369551399537927,https://www.tiktok.com/@doktermatahendra/video/7645369551399537927,False,22,1,6,6,"Part 2 of 2: Kacamata (Mustahil) Patah!!! Selain kualitas gagangnya yang benar2 buat berdecak kagum dengan durabilitasnya yang extreme kuat.Kacamata ini dibanderol sangat murah, hanya berkisar 12.900 Yen, setara 1.4 juta (Gagang + Lensa), garansi 6 bulan dan waktu pembuatan hanya 40 menit 😨.Menurut saya, kita di Indonesia bisa belajar banyak dari hal ini#JINS #kacamataantipatah #kacamataanak #teknologikacamata #doktermatahendra",2026-09-04T00:57:54.801911,not_health,2026-09-07T12:35:02.307312
bidancynthia,7666152486193122581,https://www.tiktok.com/@bidancynthia/video/7666152486193122581,False,2411,201,9,48,Masih menjadi bahan perdebatan 😩😩,2026-09-07T03:54:29.556986,health,2026-09-07T12:35:07.557771
dokter_ika,7662597381598350610,https://www.tiktok.com/@dokter_ika/video/7662597381598350610,False,1511,117,87,92,#belajarbersamadrika #Edukasidrika #PublicWarningBPOM #KosmetikIlegal #krimberbahaya,2026-09-03T19:48:22.447640,health,2026-09-07T12:35:10.634740
roozzaak,7646344846088637717,https://www.tiktok.com/@roozzaak/video/7646344846088637717,False,723,163,23,60,Membalas @Agustin #fyp #fypシ #DokterGemoy #edukasi #edukasikesehatan,2026-09-05T21:56:11.351874,health,2026-09-07T12:35:12.201798
drrichardlee,7603603884602330388,https://www.tiktok.com/@drrichardlee/video/7603603884602330388,False,2194,57,50,99,"jumat berkah!! tiap bulan uda habisin ratusan juta u bantu umkm.. semua dari dana pribadi dari usaha pribadi, sebutin apa aja usaha ku?? yg bener dapet 1 juta untuk 3 org..",2026-09-06T12:35:57.260593,not_health,2026-09-07T12:35:14.905146
roozzaak,7645653659178568980,https://www.tiktok.com/@roozzaak/video/7645653659178568980,False,659,34,41,84,"Salah satu video saya yang tiba tiba ndak ada lagi ini padahal jumlah penonton udah sampe ratusan ribu 🤣 Saya share lagi deh ya, jika bermanfaat silahkan disimpan dan dishare 🥰 #fyp #fypシ #DokterGemoy #edukasi #edukasikesehatan",2026-09-05T22:09:58.394259,health,2026-09-07T12:35:17.239547
bidancynthia,7666816114743102740,https://www.tiktok.com/@bidancynthia/video/7666816114743102740,False,5264,78,66,129,Sejak Jadi ibu hampir lupa istirahat tpi aku tetep ceriaaa🤪,2026-09-07T03:51:47.875624,not_health,2026-09-07T12:35:21.572772
dokter.harmonospanak,7612499035731004693,https://www.tiktok.com/@dokter.harmonospanak/video/7612499035731004693,False,45,4,1,6,,2026-09-03T17:31:29.374831,not_health,2026-09-07T12:35:24.413787
wishdrboyke,7628570249188625671,https://www.tiktok.com/@wishdrboyke/video/7628570249188625671,False,1456,14,111,268,Bahaya! Jangan biarkan area kewanitaan gatal & bau merusak momen percayamu di luar rumah! 🛑😱 ​Banyak wanita tidak siap saat masalah area wanita mu muncul mendadak. dr. Boyke memberikan solusi spesial dengan Wish Intimate Spray 60ml yang wajib jadi penghuni tetap tasmu! ​Kenapa harus SEKARANG dan selalu dibawa? ✅ Perlindungan Instan: Atasi bakteri penyebab bau & gatal setelah dari toilet umum. ✅ pH Seimbang: Menjaga keasaman alami area wanita meski jadwal sedang padat. ✅ Ukuran Tas-Friendly: Desain 60ml yang praktis dibawa kemana saja tanpa ribet. 👜✨ ​Jangan tunggu sampai masalah datang baru mencari solusi. Pastikan kesegaranmu tetap terjaga setiap saat!🩺🌿 ​🔥 STOK TERBATAS! AMANKAN MILIKMU SEBELUM KEHABISAN! 🔥 #SolusiKesehatan #drboyke #TipsKesehatan #selaluadaditasmu,2026-09-07T02:46:16.093577,health,2026-09-07T12:35:27.787567
roozzaak,7609192130707213588,https://www.tiktok.com/@roozzaak/video/7609192130707213588,False,963,31,323,179,Membalas @leta putri_07 #fyp #fypシ #DokterGemoy #edukasi #edukasitiktok,2026-09-06T22:42:56.599091,health,2026-09-07T12:35:31.777135
itsdoktermuda,7646048742054825236,https://www.tiktok.com/@itsdoktermuda/video/7646048742054825236,False,118,3,8,18,Masih ada yg suka nyekerr?? Vid ig @varida_sr,2026-09-06T20:33:57.341266,health,2026-09-07T12:35:35.555596
bidancynthia,7668406045580201237,https://www.tiktok.com/@bidancynthia/video/7668406045580201237,False,1296,23,6,29,Sehat kuat untuk bunda yang ada di fase ini 🫶🏻,2026-09-07T03:48:54.721210,health,2026-09-07T12:35:38.975461
itsdoktermuda,7664066637204688145,https://www.tiktok.com/@itsdoktermuda/video/7664066637204688145,False,225,4,10,32,"Kita cuma bisa fokus ke hal2 yg bisa kita ubahh, sehat sehatt yaa temen2 semuaaa",2026-09-06T20:08:44.002314,health,2026-09-07T12:36:34.065700
aymanalts,7615923349625064711,https://www.tiktok.com/@aymanalts/video/7615923349625064711,False,1444,18,13,30,#stitch with @GAK BOLE JADI JJ,2026-09-05T13:35:00.623564,not_health,2026-09-07T12:36:37.909067
drkevinmak,7672068645857660178,https://www.tiktok.com/@drkevinmak/video/7672068645857660178,False,316,3,32,71,Kalau kamu udah minum vitamin apa aja selama menyusui? Komen ya ✅ #busui #vitamin #vitaminbusui #vitamind #nutrimax,2026-09-05T17:24:53.163438,health,2026-09-07T12:36:40.688421
dokter.harmonospanak,7671991383326199060,https://www.tiktok.com/@dokter.harmonospanak/video/7671991383326199060,False,22,3,Share,4,Praktek spesialis anak Hub admin :kak Fatimah 0812 . 3024 . 6181kak Wulan 0858 . 1565 . 2806Google Map tulis :Praktek dr.Harmono PD Sp.AAlamat :Jl. Airlangga 33 Apotek Diandra Mojosari Mojokerto#konsultasigratiswalinkbio,2026-09-03T15:44:38.785855,not_health,2026-09-07T12:36:42.669217
bidancynthia,7630695569995992341,https://www.tiktok.com/@bidancynthia/video/7630695569995992341,False,2867,277,62,119,"Bumil udah pada nyuci perlengkapan lahiran belum, jgn tunggu hamil gede keburu encok hmm #ibuhamil #trimester3",2026-09-07T05:50:12.900646,not_health,2026-09-07T12:36:54.380398
roozzaak,7638555756886773013,https://www.tiktok.com/@roozzaak/video/7638555756886773013,False,46,13,13,3,Membalas @Alesha_99 #fyp #fypシ #DokterGemoy #edukasi #edukasikesehatan,2026-09-05T22:17:54.076750,health,2026-09-07T12:36:59.328222
dokter_ika,7657783257244732680,https://www.tiktok.com/@dokter_ika/video/7657783257244732680,False,2064,96,40,154,Replying to @dd Konsultasikan dan dibantu dievaluasi ke @Dricha ya 👍🏻 #skincareanbersamadricha #kulitsehat #healthyskinhappylife,2026-09-03T20:04:10.996142,not_health,2026-09-07T12:37:04.779873
tirtacipeng,7637888957690301717,https://www.tiktok.com/@tirtacipeng/video/7637888957690301717,False,18600,257,493,230,Recap game liverpool selama aku di Inggris Menang vs palace Kalah vs manutd Imbang vs chelsea. Next ke sini lagi sekitar september-oktober Nonton lagi ✊,2026-09-07T01:07:34.344091,not_health,2026-09-07T12:37:08.117755
drgfira,7638603443288001800,https://www.tiktok.com/@drgfira/video/7638603443288001800,False,272,22,29,15,"Kalau kamu lagi di titik itu sekarang — titik dimana kamu hampir nyerah sama impian kamu sendiri, mungkin kamu butuh kata-kata ini : sabar. Allah tahu. #dentist #dentistlife",2026-09-05T16:36:39.192408,not_health,2026-09-07T12:37:13.258050
giapratamamd,7591006210325777684,https://www.tiktok.com/@giapratamamd/video/7591006210325777684,False,41200,451,1789,2401,Jempol Copot Podcast Radityadika dan dr. Gia Pratama. part 6.,2026-09-06T15:32:04.274792,health,2026-09-07T12:37:22.574457
dokter_ika,7664430124204330248,https://www.tiktok.com/@dokter_ika/video/7664430124204330248,False,3196,95,50,339,Alasan kenapa Pemilihan Basic Skincare TEPAT mempengaruhi kesehatan kulit kamu 👍🏻 #belajarbersamadrika #Edukasidrika #BasicSkincarePenting,2026-09-03T19:37:58.892604,health,2026-09-07T12:37:25.489399
dokter_ika,7626168093676440850,https://www.tiktok.com/@dokter_ika/video/7626168093676440850,False,2012,86,28,139,Replying to @Elli similikity Fitzpatrick 3 keatas kulit lebih mudah menggelap #belajarbersamadrika #edukasidrika #jagakulitmu,2026-09-03T21:06:02.250870,health,2026-09-07T12:37:29.566157
roozzaak,7629532795748257045,https://www.tiktok.com/@roozzaak/video/7629532795748257045,False,39,7,9,8,Membalas @Boby best #fyp #fypシ #DokterGemoy #vitaminD #vitaminD3,2026-09-05T23:20:04.128671,health,2026-09-07T12:37:35.462175
roozzaak,7609192506256837908,https://www.tiktok.com/@roozzaak/video/7609192506256837908,False,395,15,63,57,Membalas @d #fyp #fypシ #DokterGemoy #edukasi #edukasitiktok,2026-09-06T22:42:16.977551,health,2026-09-07T12:39:54.666943
drkevinmak,7632299699579456776,https://www.tiktok.com/@drkevinmak/video/7632299699579456776,False,4402,71,621,1534,"Jerawat di rahang nggak hilang-hilang? Sering muncul lagi di spot yang sama, ganggu banget ya. Bukan cuma skincare… bisa jadi tubuh kamu lagi butuh support dari dalam. Salah satu yang sering bantu: Zinc picolinate. Karena berperan dalam kontrol minyak & peradangan kulit. Kalau kamu lagi struggling jerawat di rahang juga, coba komen #jerawat #jerawatrahang #zincpicolinate #skincarefromwithin #kulitsehat",2026-09-05T19:30:33.385408,health,2026-09-07T12:39:59.511996
tirtacipeng,7635391178925542676,https://www.tiktok.com/@tirtacipeng/video/7635391178925542676,False,78200,3916,2140,1956,Semoga kalian fans manchester city dan man utd bisa ada rejeki ke sini. Salam dari fans liverpool 👍,2026-09-07T01:12:34.037745,not_health,2026-09-07T12:40:01.846139
ikhsanqthii,7676004881324444949,https://www.tiktok.com/@ikhsanqthii/video/7676004881324444949,False,124400,1824,7273,1460,"Hidup kadang kadang, kadang kidding",2026-09-06T15:52:20.817431,not_health,2026-09-07T12:40:10.779588
roozzaak,7651412520032308500,https://www.tiktok.com/@roozzaak/video/7651412520032308500,False,192,23,26,29,Membalas @AI ROSMAYA #fyp #fypシ #DokterGemoy #edukasi #edukasikesehatan,2026-09-05T21:49:09.399031,health,2026-09-07T12:40:13.499704
jamilatussadiyah,7608090015968546068,https://www.tiktok.com/@jamilatussadiyah/video/7608090015968546068,False,2130,67,159,199,Ibu hamil dan menyusui boleh puasa apa ngga? 🤰🏼❤️,2026-09-06T21:56:33.251962,health,2026-09-07T12:40:16.105207
dokter_ika,7601521325311560978,https://www.tiktok.com/@dokter_ika/video/7601521325311560978,False,1261,71,40,80,Replying to @shitie Krim toksik itu krim perawatan dengan menyalahgunakan obat steroid sebagai perawatan kulit harian atau untuk memutihkan kulit dan menyalahgunakan obat Hidroquinon sebagai penghilang flek atau pemutih kulit yang digunakan sebagai perawatan harian dalam jangka waktu tidak ditentukan #stoppenyalahgunaanobatkeras #belajarbersamadrika #edukasidokterika,2026-09-03T22:27:14.663207,health,2026-09-07T12:40:17.981526
tirtacipeng,7660790677088865557,https://www.tiktok.com/@tirtacipeng/video/7660790677088865557,False,5457,105,98,95,Lari bareng pembalap @jneparcel,2026-09-07T00:32:28.629095,not_health,2026-09-07T12:40:20.461984
roozzaak,7628019671672868116,https://www.tiktok.com/@roozzaak/video/7628019671672868116,False,140,11,3,11,Membalas @zizuww🦊 #fyp #fypシ #DokterGemoy #edukasi #edukasikesehatan,2026-09-05T23:24:04.190373,health,2026-09-07T12:40:22.633121
aliphildan,7604312609759726866,https://www.tiktok.com/@aliphildan/video/7604312609759726866,False,4382,39,146,78,happy for u both 💍🌻 @Arrofi ramadhan @annsekar,2026-09-03T09:19:00.569322,not_health,2026-09-07T12:40:24.733951
aymanalts,7629587891261426951,https://www.tiktok.com/@aymanalts/video/7629587891261426951,False,9737,55,60,84,#stitch with 7628414532771122445 19 tahun tinggal bareng Jidah dan masih akan terus sama jidah,2026-09-03T14:07:00.131439,not_health,2026-09-07T12:40:29.855918
dokter_ika,7607273785103879431,https://www.tiktok.com/@dokter_ika/video/7607273785103879431,False,115,11,5,8,"Future Glow Series terbaru dari Dricha, eksklusif di akun @DRICHA Future Glow Bukan sekedar pelembab, Tapi sebuah pendekatan ilmiah untuk membangun kembali kekuatan skin barrier khususnya yang terpengaruh perubahan hormonal ( Kulit kering, dehidrasi, mudah kemerahan, lebih sensitif, kulit rewel ) biasa kondisi seperti ini terasa saat memasuki usia 35 tahun keatas.. So, tampil dengan versi terbaik di fase kita masing-masing saat ini 🤗❤️❤️❤️",2026-09-03T22:13:25.814692,health,2026-09-07T12:41:49.029898
aliphildan,7668942030248103175,https://www.tiktok.com/@aliphildan/video/7668942030248103175,False,51.8K,2229,1525,1140,"Jangan main2 yaa, selama helikopter masih berputar doklip fine2 ajaa🥰✨ #fakesituation⚠",2026-09-02T10:45:31.933065,not_health,2026-09-07T12:42:23.616141
aymanalts,7631052475927121170,https://www.tiktok.com/@aymanalts/video/7631052475927121170,False,37.3K,340,174,368,Replying to @Muhammad.Faiz.Asshofi,2026-09-03T14:01:45.426862,not_health,2026-09-07T12:42:34.877597
aliphildan,7673001068409801991,https://www.tiktok.com/@aliphildan/video/7673001068409801991,False,50.1K,360,1320,673,"Kita lagi ngetes motoriknya kak ayman yaach✨🥹 #SaLiMan @Ayman Alatas @Ikhsanqthii, MD",2026-09-02T10:31:36.640322,not_health,2026-09-07T12:42:37.309924
dokter_ika,7597355452493548807,https://www.tiktok.com/@dokter_ika/video/7597355452493548807,False,12.2K,277,172,818,Replying to @Hi Jenong Kulit area mulut & lipatan cuping hidung lebih tipis dan reaktif #belajarbersamadrika #edukasidokterika #StopsalahgunakanOBATSTEROID,2026-09-03T22:50:13.642889,health,2026-09-07T12:42:40.034477
ikhsanqthii,7607423362800913685,https://www.tiktok.com/@ikhsanqthii/video/7607423362800913685,False,326300,2438,22900,18400,"Apakah boleh makan makanan begituan ketika sahur? Ya boleh2 aje, cuman kalo gampang laper abis itu jangan protes 🙏🙏😌😌 #izinn @proem1indonesia",2026-09-06T18:55:51.048591,health,2026-09-07T12:42:43.208740
dokter_ika,7601773537317195026,https://www.tiktok.com/@dokter_ika/video/7601773537317195026,False,18K,792,219,975,Replying to @Wandi #belajarbersamadrika #edukasidokterika,2026-09-03T22:26:13.616103,health,2026-09-07T12:42:44.918950
tirtacipeng,7656639695815740692,https://www.tiktok.com/@tirtacipeng/video/7656639695815740692,False,18800,166,659,1166,Olahraga buat sehat dan bugar,2026-09-07T00:38:35.484218,health,2026-09-07T12:43:02.783947
wishdrboyke,7611379342324567303,https://www.tiktok.com/@wishdrboyke/video/7611379342324567303,False,323,4,28,25,"Habis buka puasa langsung ""gas pol"" atau nunggu nanti? 🌙 Jangan sampai salah pilih waktu ya. Sahabat Dr. Boyke. Ternyata ada jam-jam tertentu yang lebih ideal biar kondisi tubuh tetap prima dan nggak malah bikin lemas saat harus bangun sahur. Simak rahasia sehatnya dari dr. Boyke di sesi ""Ramadan Bersama Dr. Boyke!.👨‍⚕️✨ #rayapenuhrasa #puasaramadhan #tipspuasa #drboyke #ramadankembalikuat",2026-09-07T03:00:37.831603,health,2026-09-07T12:43:05.690682
itsdoktermuda,7673477648869231889,https://www.tiktok.com/@itsdoktermuda/video/7673477648869231889,False,69,0,0,8,"Bakteri baik ternyata penting banget buat imun kita Makin beragam bakteri baik di tubuh, makin bagus buat kesehatan. Mereka bantu tubuh mencerna dan menyerap nutrisi dari makanan Biar tetap balance, bisa dukung dengan probiotik, prebiotik, atau sinbiotik #ImunitasAnak #DayaTahanTubuhAnak #KesehatanAnak #NutrisiAnak #TumbuhKembangAnak",2026-09-06T19:53:22.000167,health,2026-09-07T12:43:09.873188
dokter_ika,7598843950560234770,https://www.tiktok.com/@dokter_ika/video/7598843950560234770,False,183,16,Share,6,"Obat Steroid BUKAN untuk pemutih kulit, penggemuk badan!!! Berbahaya jika disalahgunakan #belajarbersamadrika #edukasidokterika #StopsalahgunakanOBATSTEROID #stoppenyalahgunaanobatkeras",2026-09-03T22:39:02.687709,health,2026-09-07T12:43:12.372837
itsdoktermuda,7594866604085710101,https://www.tiktok.com/@itsdoktermuda/video/7594866604085710101,False,240,6,85,39,"Aerofagia tuh kondisi saat kebanyakan udara ikut ketelen pas makan atau minum. Biasanya kejadian kalau makannya kebut-kebutan, sambil ngobrol Udara masuk terus, numpuk. Kalau kejadian sering, lambung keisi & kembung, rasanya penuh, begah, sering sendawa, kadang perih di ulu hati. Lama-lama lambung jadi lebih sensitif, keluhannya mirip maag/dispepsia walau sebenarnya tampak normal. Makanya, benerin cara makan itu penting banget makan jangan kebut-kebutan, kunyah yang bener biar keluhan lambung nggak jadi drama jangka panjang.",2026-09-06T21:30:38.235039,health,2026-09-07T12:43:19.250355
dokteramiraobgyn,7596147054666091797,https://www.tiktok.com/@dokteramiraobgyn/video/7596147054666091797,False,1428,55,90,127,mama nangis2 karena temannya meninggal kena kanker cervix #dokterobgynpedalaman#papua#fyp,2026-09-04T00:17:54.444106,health,2026-09-07T12:43:27.250591
drrichardlee,7611416872050838804,https://www.tiktok.com/@drrichardlee/video/7611416872050838804,False,3199,79,111,194,NAH LOH!! SORE INI DOWNLOAD PASTI RIBUT!! BANYAK NAMA DISEBUT DISINI!?,2026-09-06T11:54:41.313449,not_health,2026-09-07T12:43:30.979314
dionharyadi,7609837772869750037,https://www.tiktok.com/@dionharyadi/video/7609837772869750037,False,141.9K,2606,40.6K,11.8K,"Pola hidupmu yang buruk, kopi susu yang disalahkan 🥲",2026-09-03T15:02:32.864755,health,2026-09-07T12:43:33.053877
bidancynthia,7673126906581093652,https://www.tiktok.com/@bidancynthia/video/7673126906581093652,False,96,2,1,4,Mana suaminya yang semvak nya bolong 😭,2026-09-07T03:32:18.780210,not_health,2026-09-07T12:43:36.931993
drgfira,7636382160429059346,https://www.tiktok.com/@drgfira/video/7636382160429059346,False,86,4,2,3,Support system terbaik seumur hidupku🥹 #dentist #dentistlife,2026-09-05T16:38:49.871373,not_health,2026-09-07T12:43:42.059082
bidancynthia,7618812580735503637,https://www.tiktok.com/@bidancynthia/video/7618812580735503637,False,1944,324,35,126,"Ahirnya Naik Juga BB bumil mskipun sedikit ,tpi blm tau nih BBJ gemoy brpa soalnya blm USG lagi ,bumil sampe tm3 dah naik brpa kg ? BBJ brpa? #ibuhamil #trimester3",2026-09-07T11:36:13.694397,not_health,2026-09-07T12:43:48.634118
drkevinmak,7610001813651164424,https://www.tiktok.com/@drkevinmak/video/7610001813651164424,False,402,10,17,49,"Kepada Yth. Lambung, Dimohon kerjasamanya selama bulan puasa. 🙏 Jangan kaget. Jangan protes. Jangan tiba-tiba perih pas adzan Maghrib 😭 Karena pola makan berubah, jam makan berubah, asam lambung juga bisa ikut berubah. Makanya selain atur pola buka puasa yang benar, jangan lupa jaga keseimbangan bakteri baik di usus dengan probiotik. Lambung tenang → puasa pun nyaman #Probiotik #ProbiotikHarian #ProbiotikPuasa #LambungSehat #AsamLambung",2026-09-06T10:30:06.425270,health,2026-09-07T12:43:51.780338
dokter_ika,7613034913968803079,https://www.tiktok.com/@dokter_ika/video/7613034913968803079,False,335,22,4,12,Enaknya punya temen tampang jutek 😅 #NoOverclaim #NoAbalAbal,2026-09-03T21:45:50.635275,not_health,2026-09-07T12:43:54.758426
giapratamamd,7596989150419488007,https://www.tiktok.com/@giapratamamd/video/7596989150419488007,False,37700,273,3018,7210,"Teman teman, rambut rontok itu sebenarnya normal, asal tidak berlebihan. Di kulit kepala kita rata rata ada sekitar 100 ribu helai rambut, kisarannya 80 sampai 120 ribu. Jadi kalau yang rontok 50 sampai 100 helai per hari, itu masih bagian kecil dari total rambutmu. Normalnya sekitar 50 sampai 100 helai per hari. Yang bikin panik itu kalau rambut rontoknya jadi segenggam, garis belah rambut makin lebar, atau kulit kepala mulai kelihatan. Penyebab paling sering ada 4. Pertama, stres dan kurang tidur. Kedua, kurang protein dan kurang zat besi. Ketiga, perubahan hormon, habis melahirkan, berhenti KB, gangguan tiroid. Keempat, peradangan kulit kepala, ketombe berat, gatal, berminyak, atau luka. Cek cepat ya. Kalau rontoknya sudah lebih dari 3 bulan, ada bagian menipis, atau ada nyeri dan ketombe parah, itu waktunya periksa. Mulai dari yang sederhana, tidur dibenerin, protein dinaikkan, stop catok panas, dan rawat kulit kepalanya.",2026-09-06T15:20:22.416834,health,2026-09-07T12:43:56.914760
aymanalts,7654897954385382664,https://www.tiktok.com/@aymanalts/video/7654897954385382664,False,761,17,15,12,#stitch,2026-09-03T12:24:19.614769,health,2026-09-07T12:44:01.636168
tirtacipeng,7594463416937385223,https://www.tiktok.com/@tirtacipeng/video/7594463416937385223,False,2739,76,149,118,"Timbang sirahmu mumet, mending angkat beban wae mas. Terjemahan: daripada kepalamu pusing, mending angkat beban aja mas Jangan lupa mizone wkwkw",2026-09-07T02:08:26.405703,not_health,2026-09-07T12:44:13.885062
roozzaak,7622985677805751572,https://www.tiktok.com/@roozzaak/video/7622985677805751572,False,21,1,2,3,Membalas @Mrs. Mora #fyp #fypシ #DokterGemoy #vitaminD #vitaminD3,2026-09-05T23:50:02.419558,health,2026-09-07T12:44:16.470454
ikhsanqthii,7634524355132706068,https://www.tiktok.com/@ikhsanqthii/video/7634524355132706068,False,49300,569,1800,2303,"Yang suka lari terutama anak2 SMA atau yang masih muda kalo misalnya ada nyeri pada bagian ituan langsung ke IGD ya, bisa jadi itu torsio testis atau keputer bijay anda… kalo gak dibawa buru2 bisa kaga selamet 🙏",2026-09-06T17:47:38.939299,health,2026-09-07T12:44:24.002478
drrichardlee,7599609316043132181,https://www.tiktok.com/@drrichardlee/video/7599609316043132181,False,11500,468,345,460,Kangen samsudin.. Gak ada dia gak rame..,2026-09-06T12:41:49.368421,not_health,2026-09-07T12:44:25.969613
drrichardlee,7671485278556654856,https://www.tiktok.com/@drrichardlee/video/7671485278556654856,False,2682,166,65,142,Ibu jaksa aja bingung 😅 Post by admin,2026-09-06T11:31:23.770009,not_health,2026-09-07T12:44:27.801731
tirtacipeng,7599253885399665938,https://www.tiktok.com/@tirtacipeng/video/7599253885399665938,False,5494,4863,222,263,"Cek EKG sebelum ikut event itu Wajib! Bahs risiko serangan jantung saat olahraga intensitas sedang–berat yang sering banget diremehkan para sport enthusiast bareng sejawat @putra.antara dr. I Made Putra Swi Antara, SpJP(K) Minimalisir impact serius, karena masalah jantung bisa datang gejala saat sedang olahrga. Cek selengkapnya di youtube Tirta Pengpengpeng!",2026-09-07T01:57:54.081797,health,2026-09-07T12:44:30.078810
gelarsramdhani,7638924358542478610,https://www.tiktok.com/@gelarsramdhani/video/7638924358542478610,False,56,7,0,5,"Sebagai petugas kita harus siap setiap saat, apabila ada jemaah haji Indonesia yang membutuhkan bantuan atau pertolongan, misalnya terpisah dari rombongan, lupa jalan pulang ke hotel #haji #jemaahhaji #petugashaji",2026-09-06T13:39:45.204027,not_health,2026-09-07T12:44:35.960826
dokter_ika,7676694859733830919,https://www.tiktok.com/@dokter_ika/video/7676694859733830919,False,27.1K,1051,300,3539,"Basic Skincare juga punya syaratnya, tidak asal sabun, tidak asal moist dan tidak asal sunscreen.. #belajarbersamadrika #Edukasidrika #basicskincare #HealthySkinHappyLife",2026-09-03T18:23:44.402620,health,2026-09-07T12:44:37.664461
giapratamamd,7651495883300687124,https://www.tiktok.com/@giapratamamd/video/7651495883300687124,False,26400,657,126,320,latian dulu sebelum sama ank sendiri.,2026-09-06T14:27:39.642421,not_health,2026-09-07T12:44:41.774971
dokteramiraobgyn,7637540746828008722,https://www.tiktok.com/@dokteramiraobgyn/video/7637540746828008722,False,7296,192,728,967,untuk para suami yang suka maksa istrinya lahir normal setelah secar #janganpaksaistri#bekassecar#fyp,2026-09-03T23:24:20.370804,health,2026-09-07T12:44:45.364254
dokteramiraobgyn,7670567765916306696,https://www.tiktok.com/@dokteramiraobgyn/video/7670567765916306696,False,825,36,66,103,bener kan mbak berat badanmu yang semakin naik pesat mnganggu hidupmu #turunkanberatbadan#demimasadepan#stopobesitas#fypp,2026-09-03T18:45:05.731398,health,2026-09-07T12:44:47.698268
doktermatahendra,7606360797736111367,https://www.tiktok.com/@doktermatahendra/video/7606360797736111367,False,197,4,27,35,"Seberapa Berbahaya Keratokonus? Keratokonus bisa jadi kata menakutkan — tapi jangan panik dulu. Ini yang perlu kita ketahui:Apa itu?• Penipisan & tonjolan kornea → penglihatan kabur dan perubahan refraksi atau ukuran minus dan silinder yang cepat.Seberapa berbahaya?• Tidak semua kasus parah. Banyak pasien stabil dengan koreksi non bedah.• Berbahaya bila progresif, terutama pada pasien muda atau kalau diagnosis terlambat.Risiko terburuk: Penurunan penglihatan permanen atau transplantasi kornea.Tanda yang tak boleh diabaikan: • Perubahan penglihatan cepat (kacamata tak membantu), silau/halo• Riwayat keluarga keratokonus atau sering mengucek mata, kebiasaan mengucek mata ini sangat berbahaya.Langkah yang menyelamatkan:1. Deteksi dini: lakukan pentacam/topografi kornea. 2. Jika progresi: CXL (cross linking) untuk menstabilkan kornea. 3. Koreksi penglihatan bertahap: kacamata → RGP/scleral lens → pertimbangkan bedah bila perlu. 4. Pencegahan: hentikan gosok mata atau eye rubbing (sangat berpengaruh!), kontrol alergi.Intinya: Keratokonus berpotensi berbahaya tapi BISA dikendalikan jika terdeteksi dan ditangani cepat. Jangan menunggu—cek kornea segera.Kalau suka dan merasa postingan ini bermanfaat, jangan lupa buat support dengan like dan share ya 😁👍.Tambahkan akun ig, youtube dan tiktok @doktermatahendra ke favoritmu agar selalu update info dan tips2 kesehatan mata terbaru 🥰.Ada pertanyaan?Silahkan DM atau Cusssss ke kolom komentar 👍.#keratokonus #pentacam #deteksidini #edukasimata #doktermatahendra Apakah anda juga sering menggosok mata keras2?",2026-09-04T01:24:46.257597,health,2026-09-07T12:44:49.591973
drkevinmak,7603002638791134471,https://www.tiktok.com/@drkevinmak/video/7603002638791134471,False,146,17,19,44,"Tahun 2026, tapi haid kamu masih telat-telat? Bukan karena kamu kurang usaha. Seringnya karena: • stres makin tinggi • tidur makin berantakan • jarang kena matahari • hormon pelan-pelan kacau Di kondisi ini, banyak perempuan kekurangan vitamin D3 & magnesium. Padahal dua ini bantu: • stabilin hormon • dukung ovulasi • bikin tubuh lebih tenang (haid nggak gampang telat karena stres) Kalau di 2026 kamu masih: – haid maju mundur – siklus nggak jelas – gampang capek & sensitif Mungkin yang perlu dibenerin bukan cuma jadwal… tapi nutrisi hormon dari dalam. #d3 #telathaid #haidberantakan",2026-09-06T10:42:40.971212,health,2026-09-07T12:44:52.323628
aymanalts,7608799489180110087,https://www.tiktok.com/@aymanalts/video/7608799489180110087,False,422,16,33,12,#stitch with @SurabayaTV,2026-09-05T13:48:20.579128,health,2026-09-07T12:44:58.994117
bidancynthia,7679061677563776276,https://www.tiktok.com/@bidancynthia/video/7679061677563776276,False,19200,726,2175,8599,"Ini yg aku lakuin buat annaku, Alhamdullillah ga rewel ,badannya anget aja #imunisasidpt2",2026-09-07T03:11:48.792447,health,2026-09-07T12:45:10.140516
drkevinmak,7622996546514062610,https://www.tiktok.com/@drkevinmak/video/7622996546514062610,False,2317,24,1800,657,"Top 5 makanan yang diam-diam bisa bantu kurangi nyeri haid 👀 Bukan obat, tapi kalau kamu rutin konsumsi — efeknya bisa bantu redain kram dari dalam. Masalahnya… banyak yang masih salah pilih makanan pas lagi haid 😅 Di video ini aku spill 5 yang paling efektif + kenapa bisa bantu ✨ ⚠️ Reminder: Kalau nyeri haid kamu sampai ganggu aktivitas, jangan dianggap normal ya. 💬 Kamu biasanya kalau haid paling sering ngerasain apa? #nyerihaid #haid #dismenore #kesehatanwanita #makanan",2026-09-05T19:58:27.805717,health,2026-09-07T12:45:13.794613
doktermatahendra,7658245432966958344,https://www.tiktok.com/@doktermatahendra/video/7658245432966958344,False,236,6,26,40,"Apakah katarak bisa dicegah? Proses penuaan merupakan penyebab tersering katarak, sehingga seiring bertambahnya usia, lensa mata menjadi semakin keruh. Namun, risiko terjadinya katarak dapat diperlambat dengan menerapkan POLA hidup sehat.Beberapa kebiasaan yang dapat membantu menjaga kesehatan mata antara lain:🥗 Konsumsi makanan bergizi, terutama yang kaya antioksidan.🚭 Hindari merokok.🕶️ Gunakan kacamata yang melindungi dari sinar UV saat beraktivitas di luar ruangan.💪 Jaga berat badan ideal dan rutin berolahraga.🩸 Kontrol penyakit seperti diabetes dan tekanan darah tinggi dengan baik.👨‍⚕️ Lakukan pemeriksaan mata secara berkala, terutama jika berusia di atas 40 tahun atau memiliki faktor risiko.Ingat, gaya hidup sehat bukan hanya baik untuk jantung dan tubuh, tetapi juga untuk kesehatan mata.Meskipun tidak bisa menjamin katarak tidak akan terjadi, kebiasaan sehat dapat membantu menjaga kualitas penglihatan lebih lama.✨ Jaga mata Anda mulai hari ini, karena penglihatan yang baik adalah investasi terbaik seumur hidup.#katarak #cegahkatarak #polahidupsehat #edukasimata #doktermatahendraAnda pernah bertemu orang yang tidak mengembangkan katarak selama hidupnya? Saya pernah 😁, Share di kolom komen ya.",2026-09-04T00:50:45.912491,health,2026-09-07T12:45:16.377947
dokter_ika,7663854317073337618,https://www.tiktok.com/@dokter_ika/video/7663854317073337618,False,298,28,Share,14,Terima kasih buat semua yang bertemu hari ini ❤️❤️❤️ 🤗 #drichabestie #DrichaJakarta #belajarbersamadrika #Edukasidrika #KulitSehatTanpaToksik,2026-09-03T19:40:04.471525,not_health,2026-09-07T12:45:20.097688
dokter_ika,7618964946306714888,https://www.tiktok.com/@dokter_ika/video/7618964946306714888,False,380,21,18,38,"Jadi kalau ada krim yang klaim bisa menghilangkan freckles permanen, harus lebih kritis.Kulit sehat itu bukan selalu tanpa noda, tapi kulit yang dirawat dengan benar dan kulit terasa nyaman 🤗 #jagakulitmu #SkinHealthandRecoverySystem #belajarbersamadrika #edukasidokterika",2026-09-03T21:26:43.957643,health,2026-09-07T12:45:21.819970
ikhsanqthii,7667760710994365716,https://www.tiktok.com/@ikhsanqthii/video/7667760710994365716,False,767,19,21,11,Bro lagu kita sudah masuk sanubari emak2 bro 🙏,2026-09-06T16:17:04.680012,not_health,2026-09-07T12:45:27.494285
gelarsramdhani,7635387537397206280,https://www.tiktok.com/@gelarsramdhani/video/7635387537397206280,False,215,13,13,13,Pemeriksaan Kesehatan Rutin Jemaah Haji Kloter KJT 06 Kabupaten Majalengka Majalengka #haji #petugashaji #majalengka #jemaahhaji,2026-09-06T13:48:27.911704,not_health,2026-09-07T12:45:32.073289
drkevinmak,7598911369731165448,https://www.tiktok.com/@drkevinmak/video/7598911369731165448,False,840,52,46,292,"Replying to @Rista Safitri K Jangan salah lagi minum probiotik ❌ Karena probiotik itu bukan asal minum. Salah waktu, salah cara, hasilnya jadi nggak maksimal. #probiotik #caraminumprobiotik #dokterjelasin #edukasikesehatan #kesehatanusus",2026-09-06T10:56:27.196234,health,2026-09-07T12:45:35.760714
gelarsramdhani,7657397788333985042,https://www.tiktok.com/@gelarsramdhani/video/7657397788333985042,False,31,2,2,0,Membalas @chiwonk.rjm gigi bolong atau berlubang apakah harus segera ditambal?,2026-09-06T13:20:59.272693,health,2026-09-07T12:45:37.713956
dokternadiyah,7642710121990245653,https://www.tiktok.com/@dokternadiyah/video/7642710121990245653,False,597,10,73,86,"Sering merasa pusing dan gampang lelah saat hamil? Waspada, bisa jadi itu tanda an3mia! 🩸🤰Anemia pada ibu hamil terjadi ketika tubuh kekurangan sel darah merah atau hemoglobin untuk membawa oksigen ke seluruh tubuh dan janin. Jika diabaikan, kondisi ini bisa berdampak pada tumbuh kembang si Kecil dan meningkatkan risiko persalinan prematur.Yuk, cegah anemia bumil dengan cara berikut:💊 Rutin minum tablet tambah darah (TTD) sesuai anjuran dokter.🥩 Konsumsi makanan kaya zat besi, seperti daging merah, ikan, dan sayuran hijau.🍊 Perbanyak asupan vitamin C untuk membantu penyerapan zat besi.Jangan lupa selalu jadwalkan pemeriksaan rutin kehamilan juga ya!",2026-09-04T02:11:12.625172,health,2026-09-07T12:45:41.148692
drkevinmak,7677970975778016520,https://www.tiktok.com/@drkevinmak/video/7677970975778016520,False,15400,194,10000,4376,"Perut buncit jangan cuma dianggap masalah penampilan. Lemak di perut bisa berkaitan dengan penumpukan lemak di organ, termasuk fatty liver. Jadi, kalau lingkar perut terus bertambah, jangan hanya fokus diet untuk mengecilkan perut, tapi perhatikan juga kesehatan metabolik. #PerutBuncit #FattyLiver #LiverSehat #KesehatanMetabolik #GayaHidupSehat",2026-09-05T17:01:31.819132,health,2026-09-07T12:45:43.742586
jamilatussadiyah,7591889766669503764,https://www.tiktok.com/@jamilatussadiyah/video/7591889766669503764,False,189,2,25,36,Gelombang cinta adalah Cinta dan syukur yang paling dalam dari allah untuk bantu janin melihat dunia❤️,2026-09-06T22:01:16.895817,health,2026-09-07T12:45:48.391615
aymanalts,7631378004677053703,https://www.tiktok.com/@aymanalts/video/7631378004677053703,False,4428,98,133,63,,2026-09-03T14:00:00.094776,not_health,2026-09-07T12:45:50.817968
doktermatahendra,7673465162447342866,https://www.tiktok.com/@doktermatahendra/video/7673465162447342866,False,73,8,7,10,"Masih muda kok kena katarak? Memang, katarak paling sering terjadi pada usia lanjut sebagai bagian dari proses penuaan.Namun, katarak juga dapat terjadi pada usia muda, bahkan sejak lahir, tergantung penyebabnya.Beberapa faktor yang dapat meningkatkan risiko katarak antara lain:✅ Diabetes yang tidak terkontrol.✅ Penggunaan obat kortikosteroid dalam jangka panjang.✅ Cedera atau trauma pada mata.✅ Paparan sinar ultraviolet (UV) berlebihan.✅ Riwayat operasi atau peradangan pada mata.✅ Faktor genetik atau katarak bawaan sejak lahir.Gejala katarak dapat berupa:👁️ Penglihatan buram seperti berkabut.🌙 Silau saat melihat cahaya, terutama pada malam hari.🎨 Warna terlihat lebih pudar atau kekuningan.👓 Sering berganti ukuran kacamata tetapi penglihatan tetap tidak jelas.Kabar baiknya, katarak dapat diatasi dengan operasi, yaitu mengganti lensa mata yang keruh dengan lensa buatan sehingga penglihatan dapat kembali jernih.Jadi, jangan menganggap penglihatan buram di usia muda sebagai hal yang wajar. Jika Anda mengalami keluhan tersebut, segera periksakan mata ke dokter mata agar penyebabnya dapat diketahui dan ditangani sejak dini.💬 Apakah anda juga berpendapat katarak hanya terjadi pada orang lanjut usia? Tulis jawaban Anda di kolom komentar!#katarak #operasikatarak #katarakmuda #edukasimata #doktermatahendra",2026-09-04T00:39:41.458763,health,2026-09-07T12:45:54.925525
doktermatahendra,7679741529761516808,https://www.tiktok.com/@doktermatahendra/video/7679741529761516808,False,45,23,Share,6,"“Seperti mendapat mukjizat… seperti mendapatkan hidup yang baru.” 🥰✨. Sebuah kalimat sederhana, tetapi sangat bermakna bagi kami. Karena Ibu Yuli Kusuma bukan hanya seorang pasien—beliau adalah pasien PRESBYOND pertama di institusi kami. 👁️✨Selama kurang lebih 30 tahun, beliau hidup dengan gangguan penglihatan. Sekitar 10 tahun menggunakan kacamata, kemudian 20 tahun lensa kontak.Kini, di usia 45 tahun, ketika rabun dekat atau presbiopia mulai menjadi tantangan baru, beliau akhirnya mengambil sebuah keputusan besar: mencoba melepaskan ketergantungan terhadap kacamata dan lensa kontak untuk penglihatan jauh maupun dekat.Dan di sinilah perkembangan teknologi refractive surgery memberikan pilihan baru.Welcome to the PRESBYOND era. 🚀PRESBYOND memungkinkan kita mengoreksi rabun jauh (minus), astigmatisme (silinder), sekaligus membantu mengatasi kebutuhan penglihatan dekat akibat presbiopia—sehingga pada pasien yang tepat, ketergantungan terhadap kacamata untuk aktivitas sehari-hari dapat berkurang secara signifikan.Bagi sebagian orang, mungkin ini hanyalah sebuah prosedur mata.Tetapi bagi seseorang yang telah puluhan tahun bangun tidur dan harus mencari kacamata atau lensa kontak, atau mulai kesulitan membaca tulisan kecil karena usia… kemampuan melihat dunia dengan lebih leluasa dapat terasa seperti mendapatkan kembali sebuah kebebasan. ❤️Terima kasih, Ibu Yuli, atas kepercayaan yang begitu besar kepada kami di EyeQu Primaya Hertasning Makassar.Bagi kami di Primaya, ini bukan hanya tentang menghadirkan sebuah teknologi baru.Ini tentang bagaimana kemajuan teknologi dapat diterjemahkan menjadi sesuatu yang benar-benar dirasakan oleh pasien: melihat lebih jelas, menjalani aktivitas dengan lebih nyaman, dan menikmati hidup.Selamat menikmati chapter baru dalam perjalanan penglihatannya 🥰👁️30 years of blurred vision.10 years with glasses.20 years with contact lenses.And today… a new chapter begins.Welcome to a new era of vision.Welcome to PRESBYOND ✨#Presbyond #Lasik #Smile #bebaskacamata #doktermatahendra",2026-09-04T00:34:30.649209,health,2026-09-07T12:46:15.305846
bidancynthia,7620412762782469397,https://www.tiktok.com/@bidancynthia/video/7620412762782469397,False,3987,229,58,198,Hpl Mei kebagian JK apa ni bum? Baby boy/girl? Kalo aku masih surprise pas usg posisi gemoynya tengkurep🤭 #ibuhamil,2026-09-07T11:33:56.208643,not_health,2026-09-07T12:46:19.865333
ikhsanqthii,7662024159127407873,https://www.tiktok.com/@ikhsanqthii/video/7662024159127407873,False,4489,88,76,38,Day-2,2026-09-06T16:31:32.433834,not_health,2026-09-07T12:46:22.036165
bidancynthia,7660392948533579029,https://www.tiktok.com/@bidancynthia/video/7660392948533579029,False,2231,58,36,279,Kerjaanya bayi pipisss terus sampe boros tisu basah #tisubasahbayi,2026-09-07T04:12:44.030419,not_health,2026-09-07T12:46:29.926075
itsdoktermuda,7671901187821554961,https://www.tiktok.com/@itsdoktermuda/video/7671901187821554961,False,269,6,15,35,"Kalo bayi udah dibiasain screen time tanpa aturan apalagi keseringan, lama-lama bisa jadi gampang tantrum 😭 Dikit-dikit ga diturutin, langsung reog karena udah kebiasaan semuanya sesuai kemauan diaa (Kalo kamu dokter, pengen ngonten tapi bingung mulainya, ebook “Mulai Ngonten, Dok!” udah ada di link bioku yaa👌🏻)",2026-09-06T19:58:45.510068,health,2026-09-07T12:46:32.169791
drrichardlee,7594035593504443668,https://www.tiktok.com/@drrichardlee/video/7594035593504443668,False,905,71,22,62,❤️❤️,2026-09-06T12:47:09.379725,not_health,2026-09-07T12:46:34.124188
dokter.harmonospanak,7621322575481802005,https://www.tiktok.com/@dokter.harmonospanak/video/7621322575481802005,False,27,2,Share,3,ga cuma mobil ambek motor thok !,2026-09-03T17:07:11.899262,not_health,2026-09-07T12:46:37.788127
dokter.reni.anak,7605560395117448469,https://www.tiktok.com/@dokter.reni.anak/video/7605560395117448469,False,3,0,1,0,"🦟DBD itu nyata, tiap tahun kasusnya tidak pernah “0” alias selalu ada.❗️Tapi tidak semua orang mampu untuk vaksin DBD krn faktor ekonomi.Tp yg mampu secara ekonomipun, belum sepenuhnya memiliki pemahaman dan kesadaran akan pentingnya vaksin DBD utk mencegah penyakit yg satu ini (penyakit yang bahkan bisa merenggut nyawa org2 terkasih🥹😭)Yuks lindungi keluarga kita dari virus DBD dgn gerakan 3M plus dan vaksinasi 🦟#dbd #cegahdengue #vaksindbd @cegahdbd.id @praktekdokter.renifahriani #dokteranakbandung",2026-09-03T17:55:10.836318,health,2026-09-07T12:46:39.751375
dr.ziee,7654198547910380807,https://www.tiktok.com/@dr.ziee/video/7654198547910380807,False,411,17,23,106,"Kalau kulit kamu gampang jerawatan, bukan berarti kamu harus diet ekstrem atau takut semua makanan ya. Tapi coba mulai dari pilihan yang lebih acne-skin friendly. Misalnya, kalau biasanya minum kopi susu manis tiap hari, coba ganti jadi kopi less sugar, susu low fat, atau plant-based milk yang cocok di kamu. Kalau lagi pengen ngemil, instead of snack tinggi gula, coba pilih greek yogurt plain, buah, kacang secukupnya, atau dark chocolate yang nggak terlalu manis. Untuk karbo, nggak harus stop nasi. Tapi coba kombinasikan dengan protein dan serat, misalnya nasi + ayam/telur/ikan + sayur, supaya gula darahnya nggak spike terlalu tinggi. Dan satu hal yang sering dilupain: minum air cukup. Karena kulit yang dehidrasi bisa lebih gampang terasa kusam dan barrier-nya nggak optimal. Ingat ya, makanan bukan satu-satunya penyebab jerawat. Tapi pilihan kecil yang lebih seimbang bisa bantu kulit kamu lebih stabil. Jadi bukan anti makan enak, tapi belajar pilih yang lebih ramah buat acne-prone skin.",2026-09-05T15:20:45.584431,health,2026-09-07T12:46:44.396095
dokteramiraobgyn,7642343702920219912,https://www.tiktok.com/@dokteramiraobgyn/video/7642343702920219912,False,13.3K,301,1336,2563,keputihan terus menerus dan nyeri saat berhubungan intim!jangan sampai mulut rahimmu seperti ini #kankercervix#skrining#keputihanbanyak#fyp,2026-09-03T23:21:13.608092,health,2026-09-07T12:46:46.461266
dokter.harmonospanak,7611580607289642261,https://www.tiktok.com/@dokter.harmonospanak/video/7611580607289642261,False,102,5,3,7,,2026-09-03T17:33:15.550256,not_health,2026-09-07T12:46:50.512283
roozzaak,7679714657971522836,https://www.tiktok.com/@roozzaak/video/7679714657971522836,False,545,42,14,33,#stitch dengan @LAPAK VIRAL #fyp #fypシ #DokterGemoy #edukasi,2026-09-05T21:04:28.461317,health,2026-09-07T12:46:57.999957
aymanalts,7644017031829884178,https://www.tiktok.com/@aymanalts/video/7644017031829884178,False,12.4K,363,449,167,Abis buat 1 album,2026-09-03T13:19:34.778843,not_health,2026-09-07T12:47:00.511685
aliphildan,7604013149087354119,https://www.tiktok.com/@aliphildan/video/7604013149087354119,False,46.5K,86,1217,526,"makin banyak aja kerjaan gue☺️ makasiih yaa @Arrofi ramadhan @annsekar sudah mempercayakan ke doklip, insyaAllah dia sehat sampe 100 tahun kedepan☺️🙏🏻✨ next patung nikahan 150 m yaa",2026-09-03T09:19:46.090534,health,2026-09-07T12:47:09.626154
roozzaak,7651412727847570709,https://www.tiktok.com/@roozzaak/video/7651412727847570709,False,5793,265,711,888,Membalas @Kedai Telaga Warna #fyp #fypシ #DokterGemoy #edukasi #edukasikesehatan,2026-09-05T21:47:35.801117,health,2026-09-07T12:47:52.796243
giapratamamd,7591077236019662101,https://www.tiktok.com/@giapratamamd/video/7591077236019662101,False,6407,151,211,248,LALAT IJO PARKIR MUNDUR. Podcast Radityadika dan dr. Gia Pratama. part 12.,2026-09-06T15:29:21.046260,health,2026-09-07T12:48:05.344923
roozzaak,7618019433612627220,https://www.tiktok.com/@roozzaak/video/7618019433612627220,False,8,10,2,0,Membalas @ekakusrina #fyp #fypシ #DokterGemoy #vitaminD #vitaminD3,2026-09-06T00:17:14.569363,health,2026-09-07T12:48:10.311367
itsdoktermuda,7596350661348887828,https://www.tiktok.com/@itsdoktermuda/video/7596350661348887828,False,298400,24100,45200,27000,"(Revisi: bukan menarget space epidural, tapi subarachnoid) Spinal anesthesia itu adalah bius setengah badan yang bikin bagian tubuh dari pinggang ke bawah mati rasa sementara, tapi pasien tetap sadar. Dokter menyuntikkan obat bius ke saraf tulang belakang di punggung bawah. Obat ini bikin sinyal rasa sakit dari tubuh bagian bawah nggak nyampe ke otak. Jadi pas operasi, nggak kerasa sakit sama sekali, walaupun kamu masih bisa dengar, ngobrol, dan sadar penuh. Ada yg pernah??",2026-09-06T21:27:20.977962,health,2026-09-07T12:48:12.842272
roozzaak,7615497117267774741,https://www.tiktok.com/@roozzaak/video/7615497117267774741,False,13,0,1,3,Membalas @mamadesti&alesya #fyp #fypシ #DokterGemoy #vitaminD #vitaminD3,2026-09-06T00:30:48.875117,health,2026-09-07T12:48:15.939538
dionharyadi,7602759618917322004,https://www.tiktok.com/@dionharyadi/video/7602759618917322004,False,4186,115,191,360,"Sama juga dengan asap polusi sebenarnya, solusinya apa?Untuk sementara: menghindari sebisa mungkin dan masker. Lalu perkuat tubuhnya dengan gizi yang tepat serta latihan fisik rutin.Kalau buat yang merokok? Cara tercepat menyehatkan paru-parunya adalah dengan BERHENTI.Saya izin stitch ya @wulan_bahtiar",2026-09-03T15:04:51.600466,health,2026-09-07T12:48:25.064947
wishdrboyke,7623367131802897672,https://www.tiktok.com/@wishdrboyke/video/7623367131802897672,False,955,11,88,191,"Hati-hati! Stress berlebih bukan cuma bikin pusing, tapi bisa bikin ""si Joni"" jadi kuncup! 🛑🧠 ​Banyak pria nggak sadar kalau tekanan pikiran adalah musuh utama vitalitas. Stress memicu hormon kortisol yang menghambat aliran darah, akibatnya performa jadi loyo dan kurang maksimal. 📉❌ ​dr. Boyke mengingatkan, mengelola stress adalah kunci agar sirkulasi ke area intim tetap lancar dan performa tetap ""on"". 💪✨ #bebasstres #drboyke #doktertiktok #tipskesehatan",2026-09-07T02:49:52.068046,health,2026-09-07T12:48:30.587875
drkevinmak,7648290096608857352,https://www.tiktok.com/@drkevinmak/video/7648290096608857352,False,142,2,14,48,"Keputihan yang tidak normal bisa bikin nggak nyaman, gatal, mengganggu aktivitas, bahkan membuat sebagian wanita jadi kurang percaya diri. Kalau keputihan berubah warna, berbau menyengat, disertai gatal atau nyeri, jangan dianggap sepele karena bisa menjadi tanda adanya masalah yang perlu diperiksa. Pernah mengalami keputihan yang bikin nggak nyaman? #Keputihan #KesehatanWanita #WanitaSehat #FeminineHealth #IntimateHealth",2026-09-05T18:42:28.637488,health,2026-09-07T12:48:33.464405
itsdoktermuda,7671926492288322817,https://www.tiktok.com/@itsdoktermuda/video/7671926492288322817,False,63,0,5,9,"Share ke yg suka nyepelein gerdd (Kalo kamu dokter, pengen ngonten tapi bingung mulainya, ebook “Mulai Ngonten, Dok!” udah ada di link bioku yaa👌🏻)",2026-09-06T19:55:39.315907,health,2026-09-07T12:48:35.886314
aymanalts,7674597443714977042,https://www.tiktok.com/@aymanalts/video/7674597443714977042,False,3823,41,51,190,UVC ya namanya #CapCut,2026-09-03T10:31:19.402774,health,2026-09-07T12:48:48.680685
aymanalts,7597455485712747794,https://www.tiktok.com/@aymanalts/video/7597455485712747794,False,7411,231,48,178,,2026-09-05T14:10:45.871859,not_health,2026-09-07T12:48:52.923391
bidancynthia,7643035436251729173,https://www.tiktok.com/@bidancynthia/video/7643035436251729173,False,17600,1733,387,658,Dulu sempet parodi in ini sekarang bener relate ngerasain 😭,2026-09-07T05:09:03.847999,not_health,2026-09-07T12:49:03.881810
itsdoktermuda,7676682670729989392,https://www.tiktok.com/@itsdoktermuda/video/7676682670729989392,False,12400,331,1177,695,"Mas yassir ini sudah ga pipis lagi, karena darahnya ga disaring sama ginjal. Buat kita yg masih bisa pipis yuukk bersyukurr yaa (Buat dokter yg mau ngonten bisa klik link bioku yaa)",2026-09-06T19:47:07.847108,health,2026-09-07T12:49:09.013805
drrichardlee,7617329417924119816,https://www.tiktok.com/@drrichardlee/video/7617329417924119816,False,3902,36,243,441,DOWNLOAD 25: DOSA INI DI ANGGAP SEPELE?! PADAHAL SIKSA KUBURNYA SADIS!! Managed by Admin,2026-09-06T11:43:49.272321,not_health,2026-09-07T12:49:11.044441
dokteramiraobgyn,7638666131733040392,https://www.tiktok.com/@dokteramiraobgyn/video/7638666131733040392,False,10.5K,465,602,1316,apakah dirumah anda ada perempuan menopouse yang hidup bersama anda dan tiba2 keluar darah dari jalan lahir#kankercervix#kankerendometrium#postmenopousebleedimg#fyp,2026-09-03T23:23:45.917597,health,2026-09-07T12:49:13.432326
gelarsramdhani,7636005323840425224,https://www.tiktok.com/@gelarsramdhani/video/7636005323840425224,False,112,5,2,6,"Edukasi kesehatan dari petugas kloter KJT 06 untuk jemaah haji Indonesia khususnya kloter KJT 06 Kabupaten Majalengka. Ibadah haji merupakan ibadah fisik, jadi badan yang sehat, tubuh yang kuat, mental yang prima adalah modal utama untuk melaksanakan ibadah haji dengan baik, khusyuk, dan nyaman #haji #ibadahhaji #jemaahhaji #indonesia #petugashaji",2026-09-06T13:47:02.340186,not_health,2026-09-07T12:49:21.330764
dokter_ika,7592463866781551890,https://www.tiktok.com/@dokter_ika/video/7592463866781551890,False,4495,279,167,272,Replying to @nugra Selalu kritis merespon iklan-iklan supaya kamu terhindar dari overclaim dan bahan berbahaya #belajarbersamadrika #edukasidokterika #krimtoksik #hbberbahaya,2026-09-03T23:05:29.590229,health,2026-09-07T12:49:25.201035
wishdrboyke,7615620569865669895,https://www.tiktok.com/@wishdrboyke/video/7615620569865669895,False,772,12,54,86,"Waspada! Area sensitif bisa jadi sarang bakteri kalau cuma dibersihkan pakai tisu. Ternyata penggunaan tisu saja belum cukup untuk menjaga kehigienisan area kewanitaan secara maksimal. Kamu butuh perlindungan ekstra yang praktis dan terpercaya. ​Gunakan Intimate Spray by dr. Boyke untuk memastikan kebersihan dan kesegaran area sensitifmu sepanjang hari. Ringan, aman, dan pastinya higienis. ​Dapatkan produk yang asli melalui keranjang kuning di bawah ini ya! 🛒✨ ​#drboyke #KesehatanWanita #IntimateSpray #SelaluAdaDiTasMu",2026-09-07T02:57:49.527675,health,2026-09-07T12:49:27.928248
giapratamamd,7594350601484438802,https://www.tiktok.com/@giapratamamd/video/7594350601484438802,False,3183,56,89,317,"Banyak orang merasa “usus kotor”, padahal istilah itu keliru. Yang biasanya kamu rasakan sebenarnya tanda fungsi cerna lagi tidak optimal, contohnya BAB tidak lancar, perut kembung, atau terasa berat setelah makan. Kalau kamu pakai cuka apel, posisikan sebagai dukungan untuk pencernaan, bukan “detox”, bukan pembersih usus. Yang dicari itu efek asam asetat yang pada beberapa studi berkaitan dengan dukungan lingkungan bakteri usus dan fungsi metabolisme, sehingga sebagian orang merasa BAB lebih enak dan perut lebih nyaman. Kalau kamu mau coba, pakai cara yang aman. Larutkan dulu, jangan diminum langsung, mulai dari pelan pelan. Kalau ada maag berat, GERD, riwayat tukak lambung, atau gigi sensitif, lebih hati hati. Kalau kamu sedang konsumsi obat rutin, terutama obat diabetes, diskusikan dulu supaya aman. Intinya, dengarkan respon tubuhmu, pencernaan tiap orang beda. Fokus tetap yang utama, makan cukup serat, minum cukup, gerak, dan tidur. #finega #finegacukaapel #cukaapel #cukaapelpremium #pencernaan",2026-09-06T15:23:45.661001,health,2026-09-07T12:49:31.767653
dokter_ika,7639983083319479559,https://www.tiktok.com/@dokter_ika/video/7639983083319479559,False,380,28,7,49,"Siapa yang mengalami? biasanya baru sadar setelah terjadi “ketergantungan toksik”, kulit jadi lebih rewel setelah menggunakan perawatan 😰 #stoppenyalahgunaanSteroid #belajarbersamadrika #edukasidrika #jagakulitmu #drIkaJawab",2026-09-03T20:26:22.697510,health,2026-09-07T12:49:38.689027
ikhsanqthii,7678647164427341072,https://www.tiktok.com/@ikhsanqthii/video/7678647164427341072,False,1369,87,143,83,Replying to @annisa begitu 👍,2026-09-06T15:45:02.383323,health,2026-09-07T12:49:48.040264
bidancynthia,7666022291272420628,https://www.tiktok.com/@bidancynthia/video/7666022291272420628,False,3421,400,34,209,"Jangan takut imunisasi Bunda☺️ ricy after imunisasi nangis” bobo,nangis dikit bobo lagi, rewel dikit wajar karna nyeri bekas suntikan. Teman ricy udah imunisasi blm? Sharing pengalaman setelah imunisasi dong?",2026-09-07T03:55:51.559702,health,2026-09-07T12:49:49.734964
aliphildan,7625524264485113096,https://www.tiktok.com/@aliphildan/video/7625524264485113096,False,9555,58,69,118,sumpa jangan salahin gue san😐☝🏻,2026-09-02T14:22:15.638156,not_health,2026-09-07T12:49:51.866824
tirtacipeng,7658082702930873620,https://www.tiktok.com/@tirtacipeng/video/7658082702930873620,False,5798,107,107,115,Menyambut pagi di hari jumat. Lari lanjut kalistenik.,2026-09-07T00:36:56.046112,not_health,2026-09-07T12:49:54.552099
aliphildan,7612584629958135058,https://www.tiktok.com/@aliphildan/video/7612584629958135058,False,5473,108,108,103,luar biasa semangat ibadahnya jamaah disini😭🤲🏻✨,2026-09-02T15:01:18.192070,not_health,2026-09-07T12:49:57.511039
roozzaak,7601420256191761685,https://www.tiktok.com/@roozzaak/video/7601420256191761685,False,891,88,112,90,Membalas @RANI #fyp #fypシ #DokterGemoy #edukasi #edukasitiktok,2026-09-06T23:02:34.061085,health,2026-09-07T12:49:59.188481
doktermatahendra,7677140151973334280,https://www.tiktok.com/@doktermatahendra/video/7677140151973334280,False,133,44,25,36,"Mata minus tinggi bisa bikin retina lepas? 👁️👓 Ya Fakta. Mata minus tinggi dapat meningkatkan risiko terjadinya ablasi retina atau retina lepas—meskipun bukan berarti setiap orang dengan minus tinggi pasti mengalaminya. Pada miopia tinggi, bola mata biasanya lebih memanjang sehingga retina dapat menjadi lebih tipis dan rentan mengalami robekan. Jika robekan tidak segera ditangani, cairan dapat masuk ke bawah retina dan menyebabkan retina terlepas. Segera periksakan mata jika mengalami: 🔹 Kilatan cahaya seperti lampu berkedip 🔹 Muncul banyak “floaters” atau bintik-bintik hitam secara tiba-tiba 🔹 Bayangan seperti tirai menutup sebagian penglihatan 🔹 Penurunan penglihatan mendadak 🔹 Sebagian area pandangan menjadi gelap Ingat, Ablasi retina merupakan kondisi darurat. Penanganan yang cepat dapat membantu mencegah kerusakan penglihatan yang lebih berat. Bagi pemilik mata minus tinggi, pemeriksaan retina secara berkala penting dilakukan, terutama jika terdapat keluhan atau riwayat keluarga dengan masalah retina. Kesimpulan: mata minus tinggi bukan penyebab pasti retina lepas, tetapi merupakan salah satu faktor risikonya. Jangan abaikan perubahan pada penglihatan Anda. Konsultasikan kesehatan mata ke dokter mata terdekat #myopia #ablatioretina #sarafmatalepas #edukasimata #doktermatahendra Apakah anda menyadari bahwa rata2 yang kena masalah saraf mata, Adalah pasien dengan myopia?",2026-09-04T00:37:12.250893,health,2026-09-07T12:53:37.785527
tirtacipeng,7621398739583880469,https://www.tiktok.com/@tirtacipeng/video/7621398739583880469,False,7096,77,520,702,"Cowok cowok yang kulitnya mbladus, tonton video ini!",2026-09-07T01:31:51.666772,health,2026-09-07T12:53:48.354326
roozzaak,7651828595115052309,https://www.tiktok.com/@roozzaak/video/7651828595115052309,False,209,17,32,22,Membalas @ayuwidyawati46 #fyp #fypシ #DokterGemoy #kassa #kasalidahbayi,2026-09-05T21:51:54.387913,health,2026-09-07T12:53:52.942733
dokteramiraobgyn,7675619200429346055,https://www.tiktok.com/@dokteramiraobgyn/video/7675619200429346055,False,1161,13,12,45,kisah seorang ibu yang kuat dg kanker payudara dan kanker ovarium,2026-09-03T18:40:10.570688,health,2026-09-07T12:54:09.476978
ikhsanqthii,7663709753767415060,https://www.tiktok.com/@ikhsanqthii/video/7663709753767415060,False,50600,537,17500,7824,Replying to @Zifana inilah alesan kenapa ngucek mata bisa bikin silinder 👍,2026-09-06T16:25:48.884798,health,2026-09-07T12:54:14.303794
drkevinmak,7593991559406816530,https://www.tiktok.com/@drkevinmak/video/7593991559406816530,False,21300,126,1284,6071,"Replying to @saadah Jerawat di dagu itu seringnya bukan soal skincare.” Kalau jerawat munculnya di dagu, rahang, atau sekitar mulut, apalagi makin parah menjelang haid… Seringnya masalahnya dari DALAM. 👉 hormon 👉 pencernaan 👉 gut yang lagi nggak seimbang Usus nggak sehat = inflamasi naik = jerawat gampang muncul. Makanya selain skincare, support dari dalam itu penting. Salah satunya: probiotik untuk bantu keseimbangan usus & hormon ✨ Jerawat bandel di dagu? Jangan cuma ditimpa skincare #jerawat #jerawathormon #jerawatbatu #probiotik",2026-09-06T11:13:23.074398,health,2026-09-07T12:54:17.204978
roozzaak,7641034635115236628,https://www.tiktok.com/@roozzaak/video/7641034635115236628,False,191,40,3,3,Terlebih lagi Apoteker yang belajarnya bertahun-tahun 🥹 #fyp #DokterGemoy #apoteker #farmasi #nakes,2026-09-05T22:30:27.784329,health,2026-09-07T12:54:27.464762
aliphildan,7650005654043757832,https://www.tiktok.com/@aliphildan/video/7650005654043757832,False,15.4K,363,691,236,#jff #fakesituation⚠️,2026-09-02T11:31:07.401120,not_health,2026-09-07T12:54:30.032758
aliphildan,7648588842672475410,https://www.tiktok.com/@aliphildan/video/7648588842672475410,False,3088,59,194,125,"Pernah lagi nyaman2 mau tidur, eh tiba2 kerasa kayak kepleset atau jatuh dari ketinggian, terus badan nyentak dan langsung melek lagi? Fenomena ini namanya hypnic jerk atau sentakan hipnik, dan ini hal yang super normal dialami banyak orang. Jadi pas kita transisi dari kondisi sadar ke tidur, otot-otot mulai rileks total. Nah, ada teori yang bilang otak kita kadang “salah baca” sinyal otot yang mengendur ini sebagai tanda kita lagi jatuh, jadi refleks dia ngirim sinyal buat “nangkep” badan kita, makanya kerasa nyentak plus sensasi jatuh tadi. Pemicunya biasanya kecapekan banget, kurang tidur, stres atau cemas, kebanyakan kafein, atau olahraga berat mepet jam tidur. Solusinya gampang: coba kurangi kopi terutama sore-malam, atur jam tidur biar lebih teratur, kelola stres sebelum rebahan, dan hindari olahraga intens menjelang tidur. Selama nggak sampai ganggu kualitas tidur kamu tiap malam, ini nggak berbahaya sama sekali. Tapi kalau sentakannya sering banget sampai bikin susah tidur, baru deh konsultasi ke dokter ya 🩺✨",2026-09-02T11:33:36.392497,health,2026-09-07T12:54:35.081975
dokter_ika,7629199538196188434,https://www.tiktok.com/@dokter_ika/video/7629199538196188434,False,658,73,19,58,Replying to @Destri Ana32 Pejuang jerawat harus perhatikan faktor ini #acneprone #skincarenonkomedogenik #jagakulitmu #pejuangjerawat,2026-09-03T20:53:43.170187,health,2026-09-07T12:54:36.870765
bidancynthia,7644543477488864532,https://www.tiktok.com/@bidancynthia/video/7644543477488864532,False,4490,101,34,226,"Transisi Dari Hamil sampai gemoy udah meluncuuur, 🥹haai bunda onlen aku lahir tgl 20mei ada yg samaan ga?",2026-09-07T05:04:22.026720,not_health,2026-09-07T12:54:39.211394
dokter.harmonospanak,7638304524288937236,https://www.tiktok.com/@dokter.harmonospanak/video/7638304524288937236,False,47,3,24,19,ACI PUSAT Telp.WA +6285108110003website :https://ayocerdas.com/,2026-09-03T16:36:18.119156,not_health,2026-09-07T12:54:45.651439
dokteramiraobgyn,7592298261206011157,https://www.tiktok.com/@dokteramiraobgyn/video/7592298261206011157,False,9760,389,1723,349,#padahariini 3tahun lalu konten perama umur 23 tahun hamil anak ke 7 #dokterobgynpedalaman#papua#FYP,2026-09-04T00:22:25.780089,not_health,2026-09-07T12:54:52.471506
aliphildan,7599588789459242247,https://www.tiktok.com/@aliphildan/video/7599588789459242247,False,10.1K,331,330,207,perdana bgt jadi bidan kucing✨👍🏻 @Doklip normal & Sume’eh,2026-09-03T09:29:50.262102,not_health,2026-09-07T12:54:55.157835
dokter.harmonospanak,7623025324334386453,https://www.tiktok.com/@dokter.harmonospanak/video/7623025324334386453,False,34,5,3,5,Salah satu latihan otot tungkaiAnda tua tapi lincah,2026-09-03T17:04:13.778090,health,2026-09-07T12:54:58.639019
drkevinmak,7677419574941224200,https://www.tiktok.com/@drkevinmak/video/7677419574941224200,False,2304,63,430,944,"Buat kamu yang punya hipertensi atau kolesterol, jangan asal pilih suplemen! D3K2 bisa jadi salah satu yang perlu kamu pahami dulu sebelum konsumsi. Yuk, cari tahu manfaat dan cara konsumsinya yang tepat. Share ke yang punya hipertensi/kolesterol & komen “D3K2” kalau mau dibahas! #VitaminD3K2 #Hipertensi #Kolesterol #TipsKesehatan #KesehatanJantung",2026-09-05T17:02:56.000938,health,2026-09-07T12:55:00.772799
ikhsanqthii,7655920520289946901,https://www.tiktok.com/@ikhsanqthii/video/7655920520289946901,False,6687,101,132,54,😊,2026-09-06T16:49:30.718710,not_health,2026-09-07T12:55:03.295270
dokter_ika,7676270529707248904,https://www.tiktok.com/@dokter_ika/video/7676270529707248904,False,2748,208,91,163,"Masih ada modus begini? Atau ada juga yang ada pilihin krim malamnya, krim malam BPOM dan krim malam Klinik gitu? 😰 #belajarbersamadrika #Edukasidrika #jagakulitmu",2026-09-03T18:25:16.872445,health,2026-09-07T12:55:27.893486
aymanalts,7626722335860477191,https://www.tiktok.com/@aymanalts/video/7626722335860477191,False,1673,50,116,43,Are you ready for the next boyband?? #SaLiMan,2026-09-03T14:16:50.849338,not_health,2026-09-07T12:55:32.884180
drgfira,7637915935059332359,https://www.tiktok.com/@drgfira/video/7637915935059332359,False,52,16,1,2,"Kala itu cari kerja memang susah. Dalam bayangan, begitu lulus auto mudah cari kerja. Kan Indonesia kekurangan Dokter Gigi, katanya. Ternyata, itu kalo di kabupaten, kalau di kota, semua bersaing dan berlomba-lomba 🥹 Alhamdulillah pernah berada di titik itu, sekarang jadi bisa sangat bersyukur atas pencapaian sekecil apapun. Semangat untuk yang masih berjuang dan merintis 🥹 #dentist #dentistlife",2026-09-05T16:37:24.612013,not_health,2026-09-07T12:55:38.976521
aymanalts,7659053726908288263,https://www.tiktok.com/@aymanalts/video/7659053726908288263,False,5202,72,229,94,#stitch with 7657395416731831570,2026-09-03T12:04:32.047569,health,2026-09-07T12:55:42.196546
aymanalts,7678892133863984391,https://www.tiktok.com/@aymanalts/video/7678892133863984391,False,2379,118,16,25,#stitch with 7675424938970385684,2026-09-03T10:11:08.463512,not_health,2026-09-07T12:56:00.130412
dokter_ika,7601110114854030610,https://www.tiktok.com/@dokter_ika/video/7601110114854030610,False,1840,121,15,111,#belajarbersamadrika #edukasidokterika #stoppenyalahgunaanobatkeras #jagakulitmu,2026-09-03T22:29:32.969671,health,2026-09-07T12:56:09.172041
aymanalts,7666502022132288776,https://www.tiktok.com/@aymanalts/video/7666502022132288776,False,18.6K,191,899,338,#stitch with 7648445891589737735,2026-09-03T11:14:28.797459,not_health,2026-09-07T12:56:18.331241
roozzaak,7634389810832035092,https://www.tiktok.com/@roozzaak/video/7634389810832035092,False,1435,166,53,89,Membalas @꧁༒☬𝓐𝓷𝓸𝓷𝔂𝓶𝓸𝓾𝓼☬༒꧂ #fyp #fypシ #DokterGemoy #edukasi #edukasikesehatan,2026-09-05T22:26:25.720065,health,2026-09-07T12:56:21.539050
ikhsanqthii,7648299375352990992,https://www.tiktok.com/@ikhsanqthii/video/7648299375352990992,False,90400,2227,3208,760,Kasian.,2026-09-06T17:12:14.303164,not_health,2026-09-07T12:56:32.689876
tirtacipeng,7643769966390512917,https://www.tiktok.com/@tirtacipeng/video/7643769966390512917,False,17200,339,757,1252,"Buat yang masih bingung tentang susu, tonton biar pada paham & gak bingung lagi @Greenfields Indonesia #JujurlyPureJujurlyFresh",2026-09-07T01:00:00.094375,health,2026-09-07T12:56:41.071711
dr.deamaulidia,7656811618860322066,https://www.tiktok.com/@dr.deamaulidia/video/7656811618860322066,False,29,0,19,21,"Rekomendasi hotel kids friendly di jakarta @PT SUNTER LAKESIDE HOTEL TBK 🤍 Seru banget nginep disini , semuanya ada dan lengkap , sarapannya bervariatif dan enak banget ! aku mau lagi dan lagi kesini ajak keluarga dan teman teman.. lokasi nya juga deket banget sama event PRJ , jadi bisa sambil jalan-jalan ke PRJ juga.. Lagi ada promo school holiday , jadi kamu wajib banget sih cobain liburan kesini juga.. #sunlakewaterfront #rekomendasihoteljakarta #rekomendasihotel #hotelkidsfriendly #staycationjakarta",2026-09-05T14:36:38.726192,not_health,2026-09-07T12:56:43.230346
dokteramiraobgyn,7615196997955407125,https://www.tiktok.com/@dokteramiraobgyn/video/7615196997955407125,False,152.1K,881,13.4K,46.4K,banyak perempuan sepelekan hal ini padahal dampaknya parah untuk area miss v @Clogent#CLOGENT#UnderwearDetergent#fyp,2026-09-03T23:53:43.099501,health,2026-09-07T12:56:46.158660
drkevinmak,7592563740189428999,https://www.tiktok.com/@drkevinmak/video/7592563740189428999,False,18400,329,1950,6932,"Usia 25 tapi belum pernah minum astaxanthin? Bukan salah kamu—kebanyakan baru mikir antioksidan setelah badan mulai gampang capek, kulit kusam, mata sering lelah, dan recovery makin lama. Padahal di usia 25+ • stres mulai numpuk • tidur sering nggak utuh • screen time tinggi • inflamasi pelan-pelan naik Astaxanthin bukan buat “terlihat tua”, tapi buat nahan kerusakan sebelum keburu numpuk. Karena perawatan terbaik itu dimulai sebelum ada keluhan #Astaxanthin #Usia25 #Antioksidan #HealthyAging #glowfrominside",2026-09-06T11:17:05.564015,health,2026-09-07T12:56:51.554132
wishdrboyke,7636366143229299975,https://www.tiktok.com/@wishdrboyke/video/7636366143229299975,False,264,6,17,45,"3 hal yg membuat kamu dapat nyoba banyak variasi gaya sama pasangan saat usia tua. PENASARAN apa saja tipsnya? Yuk tonton #tipskesehatan dari @drboykediannugraha kali ini hingga tuntas. Kalau suka konten ini, kamu boleh kok share ke orang tersayang agar teredukasi 😁 Atau... kamu ada masalah nyeri sendi? Coba deh WishMove sekarang. Jamin bantu atasi sendi dan tulang yg sedang kamu alami #DrBoyke #edukasikesehatan #nenekgaul #kakeknenek",2026-09-07T02:40:55.179404,health,2026-09-07T12:56:54.805945
bidancynthia,7617755174823644436,https://www.tiktok.com/@bidancynthia/video/7617755174823644436,False,10200,644,154,809,"Hpl mei mana suaranyaaa , bubid kebetulan udeh 30 week ae. nah semangat buat bunda semua apalagi yang baru tm 1 semangat karna memang menjadi ibu itu tidak mudah. Dan untuk suami selalu dampingi setiap kebutuhan istrinya #ibuhamil #TibaTibaTHR",2026-09-07T11:38:02.258155,not_health,2026-09-07T12:56:58.590166
aliphildan,7604816011224812808,https://www.tiktok.com/@aliphildan/video/7604816011224812808,False,1064,27,75,24,day 1 jadi warga jakarta✨😚,2026-09-03T09:18:16.968630,not_health,2026-09-07T12:57:02.120247
ikhsanqthii,7652615074300939521,https://www.tiktok.com/@ikhsanqthii/video/7652615074300939521,False,129000,1005,14600,4322,Hikmah yang bisa diambil: beliin tiket konser 👍👍,2026-09-06T16:59:16.228600,not_health,2026-09-07T12:57:04.097085
drkevinmak,7677974633685077256,https://www.tiktok.com/@drkevinmak/video/7677974633685077256,False,183,8,24,60,Remaja butuh vitamin apa? Salah satu yang penting diperhatikan adalah vitamin D. Vitamin D3 berperan dalam kesehatan tulang dan mendukung proses pertumbuhan. D3K2 juga sering dipilih untuk melengkapi asupan vitamin D dan vitamin K2. Tapi tetap sesuaikan kebutuhan dengan pola makan dan kondisi masing-masing. #VitaminD3 #D3K2 #VitaminRemaja #KesehatanRemaja #PertumbuhanRemaja,2026-09-05T16:59:29.105989,health,2026-09-07T12:57:18.742188
aymanalts,7665189591552412946,https://www.tiktok.com/@aymanalts/video/7665189591552412946,False,7451,229,234,134,,2026-09-03T11:23:30.111049,not_health,2026-09-07T12:57:28.539374
dokter_ika,7673437008861089032,https://www.tiktok.com/@dokter_ika/video/7673437008861089032,False,316,28,2,21,"Kalau sebuah produk dipromosikan dengan before after yang menunjukkan perubahan warna kulit beberapa tingkat lebih putih, tetapi narasinya mengatakan “ini bukan memutihkan, hanya mencerahkan”, kita perlu melihat apa yang sebenarnya diperlihatkan dan dijanjikan, bukan hanya pilihan katanya.. #belajarbersamadrika #Edukasidrika #LoveYourSkin❤️",2026-09-03T19:13:50.616173,health,2026-09-07T12:57:31.918309
doktermatahendra,7619964331454680341,https://www.tiktok.com/@doktermatahendra/video/7619964331454680341,False,37,1,4,3,"LASIK & SMILE Pakai Pisau Bedah? Serem Banget 😨😨... Tapi MITOS! 😁❌🔪Banyak yang masih maju-mundur mau lepas kacamata karena bayangin ada pisau yang mendekat ke mata. Padahal, teknologi bedah refraktif zaman sekarang sudah jauh lebih canggih!Faktanya:• LASIK (Modern): Sekarang mayoritas menggunakan Femtosecond Laser untuk membuat flap, bukan pisau mekanik (microkeratome). Jadi, sudah all-laser.• ReLEX SMILE: Ini bahkan lebih canggih lagi. Tanpa pembuatan flap, hanya menggunakan laser laser dalam hitungan detik. Benar-benar Bladeless (Tanpa Pisau)! 🚫 blade.Jadi, gak perlu horor lagi ya. Prosesnya cepat, minim rasa sakit, dan pemulihannya kilat.No sharp object seperti pisau bedah, jarum atau jahitan 😎#Lasik #SmlilePro #nosharpobject #edukasimata doktermatahendraSiapa nih yang baru tau kalau prosedur ini sudah full pakai laser? Komen di bawah ya!",2026-09-04T01:13:09.226503,health,2026-09-07T12:57:36.469101
tirtacipeng,7662180207578664212,https://www.tiktok.com/@tirtacipeng/video/7662180207578664212,False,12400,129,433,538,Sedikit edukasi soal energy gel @EJ Sport Store,2026-09-07T00:30:10.419519,health,2026-09-07T12:57:40.941558
ikhsanqthii,7669729097387396373,https://www.tiktok.com/@ikhsanqthii/video/7669729097387396373,False,4071,54,57,61,Jalan jalan 😎😎,2026-09-06T16:10:49.002031,not_health,2026-09-07T12:57:43.134045
dokternadiyah,7634564803020754196,https://www.tiktok.com/@dokternadiyah/video/7634564803020754196,False,282,6,27,36,"Kenapa sih banyak perempuan suka minuman manis kekinian? 🤔Karena rasa manis itu bisa ningkatin mood, bikin happy, dan jadi “reward” kecil di tengah aktivitas. Apalagi tampilannya lucu dan estetik auto pengen coba! 😋Tapi sayangnya, minuman manis berlebihan nggak baik buat tubuh mulai dari lonjakan gula, gampang lelah, sampai efek ke kulit dan berat badan.Kabar baiknya, sekarang ada pilihan minuman manis yang lebih sehat tanpa gula tambahan ✨Tetap enak, tetap manis, tapi lebih aman untuk tubuh ✨Jadi, tetap bisa menikmati yang manis tanpa harus khawatir berlebihan 🤍#EdukasiSehat #LessSugar #PerempuanSehat #MinumanSehat #creatorsearchinsights",2026-09-04T02:12:48.746015,health,2026-09-07T12:57:47.538304
roozzaak,7664783195560267029,https://www.tiktok.com/@roozzaak/video/7664783195560267029,False,18,0,1,0,Membalas @Al haddad #fyp #fypシ #DokterGemoy #edukasi #edukasikesehatan,2026-09-05T21:27:28.299224,health,2026-09-07T12:57:50.700604
dokternadiyah,7662017615086275860,https://www.tiktok.com/@dokternadiyah/video/7662017615086275860,False,10.1K,307,904,1069,"Haid Telat, Pasti Hamil? Belum Tentu! 🤔Terlambat haid sering kali langsung dikaitkan dengan kehamilan. Padahal, ada banyak faktor lain yang bisa memengaruhi siklus menstruasi, lho.Beberapa penyebab haid terlambat antara lain:🔹 Stres berlebihan🔹 Perubahan berat badan yang drastis🔹 Kurang tidur atau kelelahan🔹 Olahraga yang terlalu intens🔹 Gangguan hormonal seperti PCOS atau gangguan tiroid🔹 Efek samping obat tertentuJika Anda aktif secara seksual, tentu kehamilan tetap menjadi salah satu kemungkinan yang perlu dipertimbangkan. Namun, bila hasil tes kehamilan negatif dan haid belum juga datang, jangan abaikan kondisi tersebut.Segera periksakan diri ke dokter jika:⚠️ Haid terlambat lebih dari 3 bulan⚠️ Siklus haid sering tidak teratur⚠️ Disertai nyeri hebat atau perdarahan tidak normal⚠️ Sedang merencanakan kehamilan tetapi siklus haid tidak teraturIngat, siklus haid adalah salah satu indikator kesehatan reproduksi perempuan. Kenali perubahan tubuh Anda dan jangan ragu berkonsultasi jika ada yang terasa berbeda. ❤️#haidtelat #kesehatanwanita #siklushaid #edukasikesehatan #creatorsearchinsights",2026-09-04T01:48:32.534128,health,2026-09-07T12:57:52.676687
drkevinmak,7631595770063473927,https://www.tiktok.com/@drkevinmak/video/7631595770063473927,False,547,22,43,125,"Replying to @user6266264743800 Kalau minum magnesium malah bikin sembelit… kemungkinan kamu salah pilih jenisnya. Nggak semua magnesium itu sama. Ada yang justru bikin BAB makin susah, ada yang bantu lebih lancar. Makanya jangan asal beli ya—pilih yang sesuai kebutuhan tubuh kamu. Kamu pernah ngalamin sembelit gara-gara magnesium? #magnesium #rekomendasimagnesium #magnesiumbisglycinate #vitalife",2026-09-05T19:32:12.744204,health,2026-09-07T12:57:55.337844
aymanalts,7676686133547257096,https://www.tiktok.com/@aymanalts/video/7676686133547257096,False,1765,36,21,158,#stitch with 7676442404878109972,2026-09-03T10:21:36.799990,health,2026-09-07T12:57:59.723284
tirtacipeng,7654979963812154644,https://www.tiktok.com/@tirtacipeng/video/7654979963812154644,False,16500,316,539,534,Balance life.,2026-09-07T00:40:10.319809,not_health,2026-09-07T12:58:01.282294
dokter_ika,7664209421798591762,https://www.tiktok.com/@dokter_ika/video/7664209421798591762,False,4067,220,107,271,"Obat ini untuk kasus kelainan kulit berat dan harus wajib dalam pengawasan ketat oleh dokter.. Kalian bayangkan Krim ULTIMATE WHITENING NIGHT CREAM digunakan seluruh wajah, leher untuk perawatan harian 😰😰😰 Jahat banget❗️❗️❗️#belajarbersamadrika #Edukasidrika #stoppenyalahgunaanobatkeras",2026-09-03T19:38:58.255149,health,2026-09-07T12:58:04.243210
drkevinmak,7644101147891911943,https://www.tiktok.com/@drkevinmak/video/7644101147891911943,False,2661,70,279,1197,Replying to @Reski Ummu Salman pastikan kamu konsumsi jenis magnesium yang bener ya! Sayang udah keluar modal malah pilih jenis yang salah ❌ #magnesium #magnesiumglycinate #rekomendasimagnesium #vitalife,2026-09-05T18:55:12.380713,health,2026-09-07T12:58:10.310461
aliphildan,7634051548259077396,https://www.tiktok.com/@aliphildan/video/7634051548259077396,False,2822,47,137,112,siapa mau bantu tante lalip ngelahirin inii eeh???✨,2026-09-02T12:34:58.098434,not_health,2026-09-07T12:58:12.783314
dokter.harmonospanak,7673328070152949012,https://www.tiktok.com/@dokter.harmonospanak/video/7673328070152949012,False,79,3,14,14,Praktek spesialis anak Hub admin :kak Fatimah 0812 . 3024 . 6181kak Wulan 0858 . 1565 . 2806Google Map tulis :Praktek dr.Harmono PD Sp.AAlamat :Jl. Airlangga 33 Apotek Diandra Mojosari Mojokerto#konsultasigratiswalinkbio #dokteranakmojosari,2026-09-03T15:43:36.043539,health,2026-09-07T12:58:19.437824
roozzaak,7655178365640428820,https://www.tiktok.com/@roozzaak/video/7655178365640428820,False,1262,101,59,100,Membalas @MIR🐼 #fyp #fypシ #DokterGemoy #edukasi #edukasikesehatan,2026-09-05T21:43:22.167344,health,2026-09-07T12:58:24.563850
aymanalts,7598508266544565522,https://www.tiktok.com/@aymanalts/video/7598508266544565522,False,1078,36,89,43,#stitch with @Fbryanihp,2026-09-05T14:07:55.187851,health,2026-09-07T12:58:28.430637
ikhsanqthii,7644894664302071061,https://www.tiktok.com/@ikhsanqthii/video/7644894664302071061,False,21200,211,1062,821,Jadi jangan remehin soal microsleep #microsleep #drIkhsan #aromakopi,2026-09-06T17:21:08.966739,health,2026-09-07T12:58:32.456096
roozzaak,7597396697588845832,https://www.tiktok.com/@roozzaak/video/7597396697588845832,False,143,13,0,2,"Dia (kendaraan) juga butuh mandi, sama seperti kita. Sayangnya dia tidak bisa mengeluarkan bau atau aroma kecut kalau tidak dimandikan 🤭 #fyp #fypシ #DokterGemoy #mobil #carwash",2026-09-06T23:24:12.275724,not_health,2026-09-07T12:58:34.987157
ikhsanqthii,7600694364729347348,https://www.tiktok.com/@ikhsanqthii/video/7600694364729347348,False,3437,43,80,152,Jadi begitu ya guys.. Semoga penjelasan dari dr @Gagah Buana Putra MD Sp. 🫀 juga bisa meluruskan 👍 dan anxiety yg berlebihan bisa bikin GERD/gastritis juga ya,2026-09-06T19:10:45.579343,health,2026-09-07T12:58:39.661391
dokter_ika,7600926567363136775,https://www.tiktok.com/@dokter_ika/video/7600926567363136775,False,731,67,16,45,"Ingat negara kita beriklim TROPIS, Salah satu penyebab sulitnya penanganan Melasma atau hiperpigmentasi #belajarbersamadrika #edukasidokterika #stoppenyalahgunaanobatkeras",2026-09-03T22:30:14.327464,health,2026-09-07T12:58:46.669252
dokter_ika,7624173704574143751,https://www.tiktok.com/@dokter_ika/video/7624173704574143751,False,624,41,9,24,Overclaim atau ada bahan berbahayanya??? Hati-hati mengklaim!!! #belajarbersamadrika #edukasidrika #cintaiwarnamu,2026-09-03T21:10:53.971677,health,2026-09-07T12:58:50.224098
dokter.reni.anak,7667477783051914517,https://www.tiktok.com/@dokter.reni.anak/video/7667477783051914517,False,30,2,2,0,Salam dari maba FK UNAIR angk 2026,2026-09-03T17:46:11.488648,not_health,2026-09-07T12:58:51.966234
ikhsanqthii,7665500934675418389,https://www.tiktok.com/@ikhsanqthii/video/7665500934675418389,False,306100,6058,105100,18500,Siapa yang udah pernah kena ambeien? 😅,2026-09-06T16:21:13.510542,health,2026-09-07T12:58:55.461792
doktermatahendra,7595811554596064519,https://www.tiktok.com/@doktermatahendra/video/7595811554596064519,False,198,4,12,13,"Apakah benar jenis kelamin anak Anda menentukan dia lebih mudah kena mata minus? Jawabannya benar, namun penelitian terbaru menunjukkan bahwa gender BUKANLAH faktor utama penyebab mata minus. Ya, Anda tidak salah dengar! Meskipun ada sedikit variasi statistik di beberapa populasi, pengaruhnya sangat minim jika dibandingkan dengan dua ‘biang kerok’ utama yang harus kita waspadai:1. Genetika 🧬: Jika kedua orang tua atau salah satu memiliki mata minus, risiko anak memang lebih tinggi. Ini adalah faktor yang tidak bisa kita ubah.2. Gaya Hidup & Lingkungan 🏞️📱: Nah, ini dia yang PALING PENTING dan BISA kita kendalikan!• Waktu Layar Berlebihan: Terlalu lama menatap gadget, tablet, atau komputer tanpa istirahat memicu ketegangan mata dan miopia.• Kurangnya Aktivitas Outdoor: Cahaya alami dan pandangan jarak jauh di luar ruangan sangat esensial untuk perkembangan mata yang sehat. Tanpanya, risiko miopia meningkat drastis.• Pekerjaan Jarak Dekat Intens: Membaca buku (atau aktivitas visual jarak dekat lainnya) terlalu lama tanpa istirahat juga berkontribusi.Apa yang Bisa Kita Lakukan SEKARANG? Alih-alih fokus pada gender, mari kita lakukan tindakan nyata: ✅ Terapkan Aturan 20-20-20 (Setiap 20 menit menatap layar, istirahatkan mata selama 20 detik dengan melihat objek sejauh 20 kaki/6 meter). ✅ Ajak anak bermain di luar ruangan minimal 2 jam sehari. ✅ Pastikan pencahayaan yang cukup saat membaca atau melakukan aktivitas jarak dekat. ✅ Jadwalkan pemeriksaan mata rutin setiap 6-12 bulan untuk deteksi dini dan penanganan yang tepat. Ini krusial!#mataminus #gender #myopia #edukasimata #doktermatahendraBagaimana dengan anak Anda? Ceritakan di kolom komentar: Kapan terakhir anak Anda periksa mata? Apakah Anda sudah menerapkan tips di atas? Mari diskusi! 👇",2026-09-04T01:32:51.367331,health,2026-09-07T12:58:57.500432
drkevinmak,7599661696671583495,https://www.tiktok.com/@drkevinmak/video/7599661696671583495,False,855,19,29,135,Kalau kamu masih sering keputihan ga sih? Coba spill pengalaman kamu di komen ya ✅ #infokesehatan #keputihan #obatkeputihan #probiotik,2026-09-06T10:54:28.834876,health,2026-09-07T12:59:00.300312
dokter_ika,7645974476789648648,https://www.tiktok.com/@dokter_ika/video/7645974476789648648,False,483,21,6,27,"Saat terbongkar, sibuk mencari simpati. Padahal yang seharusnya mendapat simpati adalah para konsumen yang telah dijadikan objek keuntungan.. Krim Etiket biru HARUS dalam pengawasan ketat dokter ya g meresepkan dan dokternya yang bertanggung jawab dengan keselamatan pasiennya.. Hati-hati juga krim berBPOM dioplos obat keras dengan ciri hasil instan #stoppenyalahgunaanobatkeras #belajarbersamadrika #stopkrimberbahaya",2026-09-03T20:18:36.078075,health,2026-09-07T12:59:03.302970
bidancynthia,7668470940497366293,https://www.tiktok.com/@bidancynthia/video/7668470940497366293,False,4485,95,106,212,Ga kebayang excitednya 😭 alfatihah nenek ricy,2026-09-07T03:48:09.945954,not_health,2026-09-07T12:59:07.997140
bidancynthia,7656848503439674645,https://www.tiktok.com/@bidancynthia/video/7656848503439674645,False,19100,1912,491,669,Ya Allah maaf 😭,2026-09-07T04:24:14.390764,not_health,2026-09-07T12:59:11.640004
ikhsanqthii,7661956792418700565,https://www.tiktok.com/@ikhsanqthii/video/7661956792418700565,False,3106,42,113,197,Gula bukan sembarang gula 😎😎,2026-09-06T16:32:07.730693,health,2026-09-07T12:59:14.865183
drkevinmak,7677425269786873095,https://www.tiktok.com/@drkevinmak/video/7677425269786873095,False,368,24,47,205,"Replying to @Hi, Nad! Kalau kamu masih bingung, Vitamin D 4000 IU + magnesium itu diminumnya kapan dan apakah boleh barengan? Jangan asal ikut dosis orang lain ya. Vitamin itu bukan “semakin banyak semakin bagus” #VitaminD #VitaminD3 #Magnesium #VitaminD4000IU #suplemen",2026-09-05T16:57:48.892286,health,2026-09-07T12:59:16.258039
drkevinmak,7665873729720782098,https://www.tiktok.com/@drkevinmak/video/7665873729720782098,False,24600,412,1814,7205,"Baru minum B complex, kok nafsu makan jadi meningkat? Tenang, hal ini bisa terjadi pada sebagian orang karena vitamin B berperan dalam metabolisme dan produksi energi tubuh. #VitaminBComplex #VitaminB #NafsuMakan #Suplemen #Kesehatan",2026-09-05T17:40:46.364273,health,2026-09-07T12:59:18.802150
doktermatahendra,7648129197747096840,https://www.tiktok.com/@doktermatahendra/video/7648129197747096840,False,758,11,56,166,"Fakta atau Mitos: Begadang bikin minus cepat naik? 🤔🛏️👀 Fakta: - Kurang tidur terkait dengan risiko lebih tinggi perkembangan miopia pada anak menurut beberapa studi — kemungkinan karena gangguan ritme sirkadian dan pengaruh hormon (mis. dopamin) pada pertumbuhan mata. - Begadang sering berasosiasi dengan lebih banyak aktivitas dekat (HP, baca) dan lebih sedikit waktu di luar — dua faktor yang memang meningkatkan risiko kenaikan minus. Mitos: - Begadang sendiri bukan satu‑satunya penyebab. Genetika, durasi aktivitas dekat tanpa istirahat, dan kurangnya paparan cahaya sinar matahari (banyak kegiatan indoor) adalah faktor utama. Tips pencegahan: - Pastikan anak/remaja tidur cukup setiap malam (sesuai usia). - Batasi waktu layar dan terapkan istirahat 20‑20‑20 (setiap 20 menit, lihat jarak 20 kaki/6 m selama 20 detik). - Ajak anak bermain di luar minimal 2 jam/hari bila memungkinkan. - Rutin periksa mata ke dokter mata setahun sekali. Singkatnya: begadang dapat berkontribusi secara tidak langsung terhadap kenaikan minus, tapi bukan satu‑satunya penyebab — perbaiki pola tidur, kurangi layar, dan cek mata secara rutin. ✅ Kalau suka dan merasa postingan ini bermanfaat, jangan lupa buat support dengan like dan share ya 😁👍. Tambahkan akun ig, youtube dan tiktok @doktermatahendra ke favoritmu agar selalu update info dan tips2 kesehatan mata terbaru 🥰. Ada pertanyaan? Silahkan DM atau Cusssss ke kolom komentar 👍 #miopia #begadang #mataminus #edukasimata #doktermatahendra Apa kamu juga sering begadang?",2026-09-04T00:56:10.448563,health,2026-09-07T12:59:22.795329
drkevinmak,7668522361007721736,https://www.tiktok.com/@drkevinmak/video/7668522361007721736,False,9369,240,2522,3402,"Buat kamu yang tiap pagi bersin-bersin karena alergi dingin, plis dengerin sampai habis ya! Bisa jadi ada hal yang selama ini kamu lewatkan. Share ke keluarga atau teman yang juga sering ngalamin! #AlergiDingin #Bersin #Alergi #Kesehatan #DokterKevinMak",2026-09-05T17:29:57.757099,health,2026-09-07T12:59:30.725241
bidancynthia,7654611462949752085,https://www.tiktok.com/@bidancynthia/video/7654611462949752085,False,982,25,11,25,Alhamdulillah punya ibu yang sejalan dengan anaknya gada drama2 ini itu ini itu 😂,2026-09-07T04:30:15.875233,not_health,2026-09-07T12:59:33.637827
drgfira,7651979420063763730,https://www.tiktok.com/@drgfira/video/7651979420063763730,False,270,1,3,13,Hayoo mama tim yang ngebolehin anak masih minum susu atau engga nih kalau sudah sikat gigi? 😌 #fyp,2026-09-05T16:30:42.874212,health,2026-09-07T12:59:40.024189
aliphildan,7674172237871582484,https://www.tiktok.com/@aliphildan/video/7674172237871582484,False,19300,767,4196,557,"#stitch with @sumbarterkini_id Jujurly aku cukup tertarik dengan wacana ambulans udara dan flying doctor yang disampaikan kemarin. Secara medis, konsep ini memang punya potensi besar, terutama untuk daerah yang akses menuju fasilitas kesehatan rujukannya masih membutuhkan waktu berjam-jam. Pada kondisi seperti perdarahan, stroke, trauma berat, sepsis, atau kegawatan ibu dan bayi, waktu bisa sangat menentukan keselamatan pasien. Tapi menurutku, yang paling penting bukan sekadar punya helikopter atau pesawatnya. Yang jauh lebih penting adalah bagaimana sistemnya dibangun: triase, tim medis yang kompeten, stabilisasi pasien, sistem rujukan, rumah sakit penerima, sampai koordinasi 24 jam. Jadi semoga ini bukan hanya soal “dokter terbang”, tapi bagian dari sistem rujukan yang benar-benar terintegrasi. Apresiasi untuk idenya, sambil tetap berharap implementasinya nanti benar-benar berbasis kebutuhan di lapangan dan evidence-based.✨🙏🏻 #jff #fakesituation⚠️",2026-09-06T09:53:22.530725,not_health,2026-09-07T12:59:42.045865
dionharyadi,7615906662590795028,https://www.tiktok.com/@dionharyadi/video/7615906662590795028,False,17.3K,837,1251,669,"1 lele, 2 tempe, 2 tahu, 3 hari?Dari kemaren heboh lele mentah untuk MBG. Saya ngerti maksudnya untuk dimasak di rumah, oke. Tapi kan proses distribusinya harus dipikirkan juga dong 🥲",2026-09-03T14:57:31.879512,health,2026-09-07T12:59:48.921829
roozzaak,7654101910433139989,https://www.tiktok.com/@roozzaak/video/7654101910433139989,False,105,13,9,12,Membalas @Red_valvet09 #fyp #fypシ #DokterGemoy #vitaminD #vitaminD3,2026-09-05T21:46:06.038109,health,2026-09-07T12:59:51.042111
drkevinmak,7642273287233342728,https://www.tiktok.com/@drkevinmak/video/7642273287233342728,False,41600,336,14600,10500,"Double chin kadang bukan cuma soal gemuk 👀 Postur, tidur, kebiasaan nunduk, sampai lifestyle juga bisa ngaruh. Kalau akhir-akhir ini makin keliatan jelas di kamera coba ikutin tips di video ini dulu Share ke temen yang tiap buka kamera depan langsung kaget sendiri #doublechin #tipswajah #selfcare #healthtips #fyp",2026-09-05T18:59:49.053317,health,2026-09-07T12:59:54.466559
drkevinmak,7624168051876891922,https://www.tiktok.com/@drkevinmak/video/7624168051876891922,False,7702,67,945,1536,"Scroll bentar jadi berjam-jam… tau-tau udah jam 2 pagi, mata capek tapi otak masih “lagi seru nih” Hati-hati, ini bukan sekadar kebiasaan—dopamin kamu lagi “dipancing” terus Kalau dibiarkan, bisa ganggu kualitas tidur, hormon, sampai fokus besoknya Kamu tim “1 video lagi” atau udah bisa stop tepat waktu? Tulis di komentar 👇 #scrollmalam #insomnia #tidursehat #dopaminedetox #kebiasaanburuk",2026-09-05T19:55:08.764778,health,2026-09-07T12:59:56.807120
dr.ziee,7635140801764297991,https://www.tiktok.com/@dr.ziee/video/7635140801764297991,False,34200,209,8464,19600,"pilih sepatu anak itu ternyata nggak sesimpel “yang penting lucu”. Ada hal yang lebih penting justru! Karena buat anak, sepatu itu bukan aksesori. Itu bagian dari keseharian mereka yang dipakai lari, loncat, eksplor sana-sini. Jadi yes, boleh gemes sama modelnya. Tapi tetap utamain yang punya kriteria ini ya. Salah satu yang bisa masuk budget banyak moms kayaknya sih @STUVWEAR ya #sepatuanak",2026-09-05T15:34:03.190881,health,2026-09-07T13:00:02.905764
ikhsanqthii,7664562741671202065,https://www.tiktok.com/@ikhsanqthii/video/7664562741671202065,False,57500,838,646,606,Saya siap turun mendengar aspirasi masyarakat 🙏,2026-09-06T16:23:41.335592,not_health,2026-09-07T13:00:06.037995
bidancynthia,7673123229644475669,https://www.tiktok.com/@bidancynthia/video/7673123229644475669,False,129,0,16,5,#asmr,2026-09-07T03:33:06.222181,not_health,2026-09-07T13:00:09.119069
dokteramiraobgyn,7591814936058137877,https://www.tiktok.com/@dokteramiraobgyn/video/7591814936058137877,False,1835,58,226,222,test pack positif jangan lupa usg #dokterobgynpedalaman#papua#fyp,2026-09-04T00:23:06.854058,health,2026-09-07T13:00:13.894178
roozzaak,7615509483376168212,https://www.tiktok.com/@roozzaak/video/7615509483376168212,False,152,22,17,88,Membalas @chen #fyp #fypシ #DokterGemoy #vitaminD #vitaminD3,2026-09-06T00:27:39.227954,health,2026-09-07T13:00:15.852228
bidancynthia,7670414126518127892,https://www.tiktok.com/@bidancynthia/video/7670414126518127892,False,3608,218,30,92,Diajak main siapa ya🤫,2026-09-07T03:43:10.772557,not_health,2026-09-07T13:00:19.468560
roozzaak,7599887523099184404,https://www.tiktok.com/@roozzaak/video/7599887523099184404,False,3406,193,772,1003,Membalas @kepiting 🦀 #fyp #fypシ #DokterGemoy #edukasi #edukasitiktok,2026-09-06T23:04:37.937176,health,2026-09-07T13:00:22.256343
roozzaak,7646345286457036053,https://www.tiktok.com/@roozzaak/video/7646345286457036053,False,1129,134,141,160,Membalas @@DMA #fyp #fypシ #DokterGemoy #edukasi #edukasikesehatan,2026-09-05T21:55:06.056577,health,2026-09-07T13:00:24.171758
roozzaak,7617289696858770709,https://www.tiktok.com/@roozzaak/video/7617289696858770709,False,16,2,3,5,Membalas @MamaHana #fyp #fypシ #DokterGemoy #edukasi #diapercream,2026-09-06T00:21:36.579287,health,2026-09-07T13:00:28.004396
roozzaak,7654001633516424468,https://www.tiktok.com/@roozzaak/video/7654001633516424468,False,177,74,8,13,Membalas @🅶ᴇͫᴍᷝᴏᷤ🆈 #fyp #fypシ #DokterGemoy #edukasi #edukasikesehatan,2026-09-05T21:46:21.035745,health,2026-09-07T13:00:30.103843
giapratamamd,7647511868348615956,https://www.tiktok.com/@giapratamamd/video/7647511868348615956,False,1061,33,14,34,"Sabar adalah kunci, karena hidup jarang sekali memberi hasil secepat keinginan kita. Sabar membuat kita tetap berjalan saat hasil belum terlihat. Sabar membuat kita tetap jernih saat keadaan mendesak. Sabar membuat kita tetap beradab saat ego ingin menang. Sabar membuat kita tetap setia pada proses saat orang lain mulai menyerah. Sukses sering terlihat seperti keberuntungan. Padahal di baliknya ada orang yang berkali-kali menahan diri, memperbaiki niat, mengulang usaha, menelan lelah, lalu tetap melangkah. Yang sabar menang. Yang sabar matang. Yang sabar sampai.",2026-09-06T14:29:50.746330,not_health,2026-09-07T13:00:33.679389
drkevinmak,7631100649756757266,https://www.tiktok.com/@drkevinmak/video/7631100649756757266,False,238,7,32,49,"Cepet capek, susah fokus… banyak yang kira cuma kurang tidur atau kebanyakan kerja 😵‍💫 Padahal bisa jadi: kekurangan vitamin D3 Vitamin D itu bukan cuma buat tulang tapi juga ngaruh ke: energi harian ⚡ fungsi otak & fokus 🧠 mood (biar ga gampang drop) Masalahnya? 👉 banyak orang “ngerasa cukup” dari matahari padahal realitanya… masih kurang Kalau kamu: ✔ gampang capek ✔ brain fog ✔ gampang ngantuk siang hari bisa jadi tubuh kamu lagi “low battery” vitamin D Coba cek deh, kamu ngerasain juga ga? 👇 #vitamind3 #kurangvitamind #capekterus #brainfog #kesehatan",2026-09-05T19:34:15.543223,health,2026-09-07T13:00:41.638128
drkevinmak,7677423468052221202,https://www.tiktok.com/@drkevinmak/video/7677423468052221202,False,337,6,28,87,"Usia 40-an, kok badan mulai kerasa banyak keluhan? Usia memang bertambah, tapi bukan berarti kesehatan harus ikut menurun. Yuk, mulai lebih peduli sama tubuh dari sekarang! Share ke teman yang mulai masuk usia 40-an & komen #Usia40an #SehatDiUsia40 #TipsKesehatan #HidupSehat #Kesehatan",2026-09-05T16:55:34.619067,health,2026-09-07T13:00:45.181265
dokter_ika,7607296640835243271,https://www.tiktok.com/@dokter_ika/video/7607296640835243271,False,242,15,1,7,"Merawat kulit pun demikian. Setiap langkah kecil yang kita lakukan hari ini sedang membentuk kualitas kulit kita esok hari. Bukan sekadar cantik sesaat, tetapi sehat dan terjaga dalam jangka panjang. #belajarbersamadrika #edukasidokterika #jagakulitmu #quoteoftheday",2026-09-03T22:13:04.046300,health,2026-09-07T13:00:47.862944
doktermatahendra,7661594317240175890,https://www.tiktok.com/@doktermatahendra/video/7661594317240175890,False,90,6,13,17,"Penasaran apakah terapi Ortho K bisa menghilangkan minus selamanya? Singkatnya: tidak — tapi ada manfaat besar yang perlu kamu tahu. 👀Dalam 4 poin ini kita akan jelaskan cara kerja Ortho K, durasi efeknya, siapa pasien yang paling menerima manfaatnya, dan kapan harus konsultasi.1. Cara kerja: Ortho K adalah lensa keras khusus yang dikenakan saat tidur untuk mengubah bentuk kornea sementara — hasilnya penglihatan membaik di siang hari tanpa kacamata. 2. Efek tidak permanen: Perubahan kornea bersifat reversibel — jika berhenti pakai lensa, kornea akan kembali ke bentuk semula dan minus akan kembali. Jadi Ortho K tidak “menghilangkan” minus selamanya. 3. Manfaat utama: Ortho K terbukti efektif memperlambat progresi miopia pada anak dan remaja — ini alasan utama para orang tua memilih terapi ini. 4. Siapa pasien yang cocok & perhatian khusus: Cocok untuk anak dengan progresi minus cepat dan untuk pasien dewasa yang ingin bebas kacamata sementara. Namun, Perlu pemeriksaan lengkap, evaluasi kepatuhan memakai lensa di malam hari, dan kontrol rutin karena ada risiko infeksi jika perawatan kebersihan tidak baik.Kalau suka dan merasa postingan ini bermanfaat, jangan lupa buat support dengan like dan share ya 😁👍.Tambahkan akun ig, youtube dan tiktok doktermatahendra ke favoritmu agar selalu update info dan tips2 kesehatan mata terbaru 🥰.Ada pertanyaan?Silahkan DM atau Cusssss ke kolom komentar 👍.#Ortho-K #kontaklensakeras #Myopia #edukasimata #doktermatahendra",2026-09-04T00:48:15.488942,health,2026-09-07T13:00:50.486487
ikhsanqthii,7642359020430347537,https://www.tiktok.com/@ikhsanqthii/video/7642359020430347537,False,285800,714,4853,11700,Demikian sekilas info buat pertolongan pertama terpatuk ular 👍👍 TOLONG DISIMAK!,2026-09-06T17:28:45.867328,health,2026-09-07T13:00:54.832254
dokter.reni.anak,7595417388322049287,https://www.tiktok.com/@dokter.reni.anak/video/7595417388322049287,False,16,10,2,2,"✨Anak anak terutama balita rentan terkena HFMD (Hand and Foot Mouth Disease), bahkan bisa kena lebih dari 1x.✨Pencegahannya gimana? Ajari pake masker, jaga kebersihan tangan, batasi main di playground yg byk anak2, dan vaksinasi HFMD.✨Yg pernah kena HFMD perlu divaksin juga? Ya, PERLU, karena infeksi HFMD sebelumnya tidak memberikan perlindungan dlm jangka waktu yg lama.✨Usia berapa bisa vaksin HFMD? Usia 6 bln sd 3 tahun.#hfmd#fluesingapura",2026-09-03T17:56:40.096760,health,2026-09-07T13:00:57.694547
aymanalts,7660783258849791250,https://www.tiktok.com/@aymanalts/video/7660783258849791250,False,2057,48,57,21,#stitch with 7660298050786643220,2026-09-03T11:46:33.896634,not_health,2026-09-07T13:01:01.229026
aymanalts,7677036195800681746,https://www.tiktok.com/@aymanalts/video/7677036195800681746,False,3277,53,83,29,#duet with 7674816918607367445 #seruseruan,2026-09-03T10:20:03.462126,not_health,2026-09-07T13:01:04.368444
dokter_ika,7646794629630692616,https://www.tiktok.com/@dokter_ika/video/7646794629630692616,False,21.7K,909,870,1013,"HB seperti ini dugaan kuat melakukan penyalahgunaan obat keras seperti Hidroquinon dosis tinggi dan terbanyak gunakan obat Steroid super poten.. Hati-hati guys, selamatkan generasi muda dari kerusakan kulit permanen #stoppenyalahgunaanobatkeras #belajarbersamadrika #edukasidrika #HBobatkeras",2026-09-03T20:17:13.429366,health,2026-09-07T13:01:06.284158
roozzaak,7642281992431734037,https://www.tiktok.com/@roozzaak/video/7642281992431734037,False,23,12,2,7,Membalas @dewycaca966 #fyp #fypシ #DokterGemoy #vitaminD #vitamind3,2026-09-05T22:26:55.257069,health,2026-09-07T13:01:08.723111
ikhsanqthii,7603204834275249429,https://www.tiktok.com/@ikhsanqthii/video/7603204834275249429,False,47500,1379,14800,9857,Intinya kalau anak itu sering pi*isnya gak lancar coba liat bagian preputium (kul*p). Soalnya kadang suka lengket dan jadi sumber infeksi,2026-09-06T19:07:03.970241,health,2026-09-07T13:01:12.172125
drkevinmak,7606298972164033800,https://www.tiktok.com/@drkevinmak/video/7606298972164033800,False,1063,8,31,90,Bekas jerawat nggak harus jadi ‘temen lama’ di muka kamu Pakai moisturizer yang bantu repair skin barrier + samarin noda. Kulit sehat = bekas lebih cepat pudar ✨ Kalau kamu punya banyak bekas jerawat juga ga? Komen dibawah ya! #infokesehatan #moisturizer #bekasjerawat,2026-09-06T10:37:28.975113,health,2026-09-07T13:01:15.091673
dokteramiraobgyn,7604401957565926677,https://www.tiktok.com/@dokteramiraobgyn/video/7604401957565926677,False,8289,522,1072,1211,Akibat tidak pakai kb ya begini #dokterobgynpedalaman#papua#fyp,2026-09-04T00:08:42.177511,health,2026-09-07T13:01:17.900848
drkevinmak,7620114400501976328,https://www.tiktok.com/@drkevinmak/video/7620114400501976328,False,1110,35,169,433,"Replying to @seojoonn_8 Umur 18 masih bisa nambah tinggi ga? Ini pertanyaan yang sering banget muncul 👀 Faktanya, di usia ini peluang masih ada—tapi ga selamanya. Karena pertumbuhan tinggi badan itu ada “window”-nya. Selain faktor genetik, tubuh juga butuh support nutrisi yang cukup, termasuk vitamin D3 + K2 untuk bantu penyerapan kalsium dan kesehatan tulang. Jadi jangan nunggu “telat” baru mulai jaga 🙌 👉 save ini kalau lo lagi concern soal tinggi badan atau share ke temen lo yang lagi fase growth ⸻ #tinggibadan #vitamind3k2 #pertumbuhan #kesehatantulang #suplementinggibadan",2026-09-05T20:05:08.645962,health,2026-09-07T13:01:23.319507
giapratamamd,7621023260838350100,https://www.tiktok.com/@giapratamamd/video/7621023260838350100,False,8169,197,723,406,"Ini adalah sendi pergelangan kaki manusia. Pergelangan kaki mengingatkan kita bahwa hidup butuh keseimbangan. Kadang kita harus jinjit untuk meraih impian, kadang harus berlari menuju tujuan, tapi kadang harus melangkah perlahan agar tidak tersandung harapan. Tiga tulang utama di sini seperti tiga pilar: keberanian, keteguhan, dan kebijaksanaan. dijaga oleh ligamen kepercayaan, agar kita tetap kokoh berdiri saat menghadapi kerasnya dunia. Ingatlah bahwa tidak ada borgol di pergelangan kakimu,tidak ada yang menahanmu, jadi teruslah melangkah teman-teman. ------------------ PR : Sebutkan satu saja nama Ligamen di pergelangan kaki?",2026-09-06T14:52:48.477099,health,2026-09-07T13:01:26.234265
aymanalts,7651257727385128200,https://www.tiktok.com/@aymanalts/video/7651257727385128200,False,1541,34,19,135,Jangan lakukan diskriminasi,2026-09-03T12:45:03.203667,health,2026-09-07T13:01:32.685868
giapratamamd,7671883856487697684,https://www.tiktok.com/@giapratamamd/video/7671883856487697684,False,7697,71,357,349,"Ini adalah mesenterium. Dulu, struktur ini hanya dianggap sebagai lipatan jaringan yang menggantungkan usus. Sekarang, mesenterium sudah diklasifikasikan sebagai sebuah organ tersendiri. Tugasnya berat. Ia menahan usus tetap pada tempatnya, menjadi jalur pembuluh darah, saraf, pembuluh limfe, dan membawa hasil penyerapan makanan dari usus ke seluruh tubuh. Tubuh kita luar biasa. Semakin kita mengenalnya, semakin terasa indah. PR : selain pembuluh darah, apalagi yang ada di dalam mesenterium?",2026-09-06T14:15:14.933432,health,2026-09-07T13:01:38.491264
dokteramiraobgyn,7653429076815777031,https://www.tiktok.com/@dokteramiraobgyn/video/7653429076815777031,False,451,8,13,32,jika sidia mendua waspadalah! kanker cervix mengintai anda para wanita yang bukan satu2 nya #fyp#,2026-09-03T19:05:08.136234,not_health,2026-09-07T13:01:41.783617
ikhsanqthii,7650284559845559573,https://www.tiktok.com/@ikhsanqthii/video/7650284559845559573,False,52400,519,5153,1720,Demikian 🙏,2026-09-06T17:05:56.246405,health,2026-09-07T13:01:46.781942
roozzaak,7671223025034857748,https://www.tiktok.com/@roozzaak/video/7671223025034857748,False,112,5,1,3,Membalas @xxx #fyp #fypシ #DokterGemoy #edukasi #edukasikesehatan,2026-09-05T21:12:36.546569,health,2026-09-07T13:01:50.410565
aliphildan,7644781672860323090,https://www.tiktok.com/@aliphildan/video/7644781672860323090,False,82.7K,565,2848,2170,Gue bener2 ga ngerti kenapa filter tiktok sebenci itu ama gueeeeeekk #jff #fakesituation⚠️,2026-09-02T12:01:40.505193,not_health,2026-09-07T13:01:53.308047
dokteramiraobgyn,7614889697801751829,https://www.tiktok.com/@dokteramiraobgyn/video/7614889697801751829,False,6516,135,612,690,14 tahun menikah begini endingnya #dokterobgynpedalaman#papua#fyp,2026-09-03T23:54:28.372134,health,2026-09-07T13:01:56.142474
giapratamamd,7599144556025711890,https://www.tiktok.com/@giapratamamd/video/7599144556025711890,False,7785,109,618,398,"Ini adalah 2 saluran di dalam leher manusia. Tersedak makanan adalah salah satu penyebab kematian yang sering terjadi. Ini terjadi saat makanan salah jalur, bukannya masuk lambung, malah masuk ke trakea, jalur napas menuju paru paru. Akibatnya, oksigen berhenti masuk. Rasanya seperti tercekik dari dalam. Saat jalan napas tertutup, pita suara ikut tidak berfungsi. Korban sering tidak mampu bicara, tidak mampu teriak minta tolong. Yang terlihat justru refleks khas, tangan spontan memegang leher. Waktunya sangat sempit. Dalam hitungan menit, jika batuk-batuk gagal mengeluarkan potongan makanan itu, wajah mulai membiru, lalu kesadaran menghilang. Dan kalau ini terjadi saat sendirian, bisa sangat membahayakan nyawa. --------------------- PR : tidak ada PR. Renungkan saja ini bisa terjadi kapanpun kepada siapapun. Saatnya melatih lagi keterampilan bersyukur kita untuk kehidupan ini.",2026-09-06T15:19:16.180228,health,2026-09-07T13:01:58.310945
roozzaak,7598034800804416775,https://www.tiktok.com/@roozzaak/video/7598034800804416775,False,4019,369,529,336,Membalas @syasyaaputri #fyp #fypシ #DokterGemoy #edukasi #edukasitiktok,2026-09-06T23:16:06.162378,health,2026-09-07T13:01:59.906274
tirtacipeng,7643696595078368532,https://www.tiktok.com/@tirtacipeng/video/7643696595078368532,False,1600000,15100,362800,58900,"Sekali2 ngajar di kelas 1 sd. Ini kebagian jadwal ngajarin hidup sehat, makan sehat dan olahraga ke temen sekelas anakku di sd al azhar jogja Bonus diajarin cara pushup + squat yg bener",2026-09-07T01:00:32.709723,not_health,2026-09-07T13:02:03.063587
roozzaak,7595977103368080648,https://www.tiktok.com/@roozzaak/video/7595977103368080648,False,3974,163,530,327,Membalas @Dewi #fyp #fypシ #DokterGemoy #edukasi #edukasitiktok,2026-09-06T23:30:52.856279,health,2026-09-07T13:02:04.213910
drkevinmak,7629136826837585160,https://www.tiktok.com/@drkevinmak/video/7629136826837585160,False,166,4,38,31,"Sering ngorok tiap malam? Bisa jadi otot saluran napas kamu kurang relaks — salah satu yang berperan: magnesium. Komen kalau kamu atau pasangan ngalamin, dan share biar gak kamu doang yang keganggu . . . #ngorok #sleepapnea #magnesium #tidursehat #susahtidur",2026-09-05T19:38:20.500964,health,2026-09-07T13:02:08.340508
dr.ziee,7600364324829334792,https://www.tiktok.com/@dr.ziee/video/7600364324829334792,False,8976,138,319,2586,"Kalo kamu salah satu dari orang yang mengalami hal ini, tonton sampe abis. Jerawat yang muncul di tempat yang sama melulu bisa jadi karena hal ini #azelaicacid #jerawat #msglowbeauty #acnezoneazaglow @msglow.beauty",2026-09-05T15:49:44.867811,health,2026-09-07T13:02:10.182660
dokter.harmonospanak,7635485955146714389,https://www.tiktok.com/@dokter.harmonospanak/video/7635485955146714389,False,33,2,9,6,Praktek spesialis anak Hub admin :kak Fatimah 0812 . 3024 . 6181kak Wulan 0858 . 1565 . 2806Google Map tulis :Praktek dr.Harmono PD Sp.A,2026-09-03T16:40:28.230895,not_health,2026-09-07T13:02:12.091773
aymanalts,7646315462753799432,https://www.tiktok.com/@aymanalts/video/7646315462753799432,False,8247,275,234,102,,2026-09-03T13:08:40.615117,not_health,2026-09-07T13:02:18.025438
dokternadiyah,7660181322752658709,https://www.tiktok.com/@dokternadiyah/video/7660181322752658709,False,203,3,16,24,"Tanda Persalinan Sudah Dekat, Apa Saja? 👶✨Menjelang hari persalinan, tubuh ibu biasanya mulai memberikan beberapa tanda bahwa si kecil siap untuk lahir.Beberapa tanda persalinan yang perlu dikenali:✅ Perut terasa turun atau bayi mulai masuk ke panggul✅ Kontraksi semakin teratur, semakin kuat, dan semakin sering✅ Keluar lendir bercampur darah (bloody show) dari jalan lahir✅ Ketuban pecah, baik berupa semburan maupun rembesan cairan terus-menerus✅ Nyeri punggung bawah yang semakin intens dan tidak membaik dengan istirahat✅ Tekanan pada area panggul terasa lebih beratPerlu diingat, tidak semua ibu hamil mengalami tanda yang sama. Namun jika kontraksi sudah teratur, ketuban pecah, atau muncul perdarahan, segera periksakan diri ke fasilitas kesehatan atau dokter kandungan.Jangan menunggu hingga nyeri tidak tertahankan ya, karena penanganan yang tepat dapat membantu proses persalinan berjalan lebih aman bagi ibu dan bayi. ❤️Sudah memasuki trimester akhir? Yuk, siapkan diri dan kenali tanda-tanda persalinan sejak dini.#persalinan #tandapersalinan #ibuhamil #kehamilansehat #creatorsearchinsights",2026-09-04T01:49:05.495983,health,2026-09-07T13:02:20.732622
dr.ziee,7673419551169711378,https://www.tiktok.com/@dr.ziee/video/7673419551169711378,False,517,9,11,63,"Eksperimen ini memang bukan representasi langsung kondisi kulit manusia, tapi bisa jadi gambaran bahwa cleanser yang terlalu “keras” berpotensi mengganggu lapisan pelindung alami kulit. Membersihkan wajah itu penting. Tapi menjaga skin barrier tetap sehat jauh lebih penting. Pilih cleanser yang bisa membersihkan tanpa membuat kulit terasa ketarik, kering, atau perih setelah dipakai. #eksperimenskincare #skinbarriertest #glassbrightcleanser #glowandlovely""",2026-09-05T15:09:27.440225,health,2026-09-07T13:02:23.182758
roozzaak,7634358819610496277,https://www.tiktok.com/@roozzaak/video/7634358819610496277,False,82,15,1,3,Tolong admin @TikTok Indonesia dibenerin lagi sistemnya jangan asal hapus begini 😪 #fyp #fypシ #DokterGemoy #tiktok #tiktokindonesia,2026-09-05T23:00:13.679674,not_health,2026-09-07T13:02:27.028585
tirtacipeng,7671143934063693077,https://www.tiktok.com/@tirtacipeng/video/7671143934063693077,False,5938,60,352,458,"Telapak tangan basah pertanda jantung lemah? Tonton video singkat ini yaaaa, mayan ilmu tipis2",2026-09-07T00:13:56.618763,health,2026-09-07T13:02:34.300308
aymanalts,7592854185784265992,https://www.tiktok.com/@aymanalts/video/7592854185784265992,False,1812,34,43,69,#stitch with @bibainindonesia,2026-09-05T14:15:20.917260,health,2026-09-07T13:02:45.615220
bidancynthia,7671140444222328085,https://www.tiktok.com/@bidancynthia/video/7671140444222328085,False,1039,75,3,21,Tapi malah ngantuk EA #bayi2bulan,2026-09-07T03:38:59.743836,not_health,2026-09-07T13:02:48.921757
dokter.harmonospanak,7617605072423292181,https://www.tiktok.com/@dokter.harmonospanak/video/7617605072423292181,False,24,3,2,4,,2026-09-03T17:19:53.486319,health,2026-09-07T13:02:51.436296
dokter_ika,7593986727543393554,https://www.tiktok.com/@dokter_ika/video/7593986727543393554,False,4737,274,177,298,Krim racikan yang terlihat “ampuh” sebenarnya sedang bekerja MERUSAK bukan memperbaikinya… #belajarbersamadrika #edukasidokterika #krimracikberbahaya #stoppenyalahgunaanobatkeras,2026-09-03T23:02:12.336700,health,2026-09-07T13:02:55.676679
tirtacipeng,7651880938359590165,https://www.tiktok.com/@tirtacipeng/video/7651880938359590165,False,44500,764,5529,8514,Penjelasan superficial (singkat dan sekilas) soal penyakit autoimun.,2026-09-07T00:46:52.795900,health,2026-09-07T13:02:58.370105
aymanalts,7623214408893795602,https://www.tiktok.com/@aymanalts/video/7623214408893795602,False,5664,84,19,79,,2026-09-05T13:08:22.087018,not_health,2026-09-07T13:03:02.481838
dokter_ika,7670812370326883602,https://www.tiktok.com/@dokter_ika/video/7670812370326883602,False,303,44,4,24,"Beberapa motif yang paling sering ditemukan adalah:1. Memberikan hasil yang sangat cepat - Konsumen cenderung puas jika dalam 3–7 hari kulit terlihat lebih putih, jerawat cepat kempes, atau flek memudar. - Efek instan tersebut sulit dicapai hanya dengan kosmetik yang legal dan aman.2. Meningkatkan repeat order - Kortikosteroid dapat membuat kulit tampak halus dan kemerahan berkurang sementara. - Saat dihentikan, sering muncul rebound sehingga konsumen merasa harus membeli lagi.3. Mengalahkan kompetitor - Persaingan skincare sangat ketat. - Produk yang hasilnya lambat sering kalah dibanding produk yang memberikan perubahan drastis.4. Biaya formulasi lebih murah - Mengembangkan kosmetik yang efektif tetapi tetap stabil dan aman membutuhkan riset, bahan baku berkualitas, uji stabilitas, dan uji keamanan. - Menambahkan obat keras bisa menjadi “jalan pintas” untuk menciptakan efek yang terlihat tanpa investasi riset yang memadai.5. Mengejar viral melalui testimoni - Foto before-after yang ekstrem lebih mudah menarik perhatian di media sosial. - Testimoni seperti “3 hari langsung putih” atau “seminggu flek hilang” meningkatkan penjualan.6. Memanfaatkan kurangnya pengetahuan konsumen - Banyak orang belum memahami bahwa kosmetik BPOM tidak boleh mengandung obat keras tanpa izin sebagai obat. - Konsumen sering menganggap adanya nomor BPOM berarti isi produknya pasti aman, padahal nomor tersebut bisa saja disalahgunakan jika produk yang beredar berbeda dari formula yang didaftarkan. Hati-hati guys, lebih kritis lagi #KulitSehatTanpaToksik #belajarbersamadrika #Edukasidrika #stoppenyalahgunaanobatkeras",2026-09-03T19:19:54.309020,health,2026-09-07T13:03:04.541965
aymanalts,7607471748140911880,https://www.tiktok.com/@aymanalts/video/7607471748140911880,False,9102,277,928,761,,2026-09-05T13:51:00.407267,health,2026-09-07T13:03:07.495446
dokter_ika,7594734579613781256,https://www.tiktok.com/@dokter_ika/video/7594734579613781256,False,547,39,7,31,"“Hati-hati membeli atau meracik sendiri krim, lotion, sabun perawatan kulit. Kulit bukan tempat uji coba—salah bahan bisa berujung kerusakan permanen.” #trans7 #belajarbersamadrika #krimracikberbahaya",2026-09-03T23:01:01.062731,health,2026-09-07T13:03:10.091959
drgfira,7642113254675844360,https://www.tiktok.com/@drgfira/video/7642113254675844360,False,82,9,0,0,Gapapa kan? 🥹 #dentist #dentistlife,2026-09-05T16:34:16.948225,not_health,2026-09-07T13:03:15.928292
dokteramiraobgyn,7618809614326402325,https://www.tiktok.com/@dokteramiraobgyn/video/7618809614326402325,False,16.1K,160,1857,2735,hubungan sex sejak pacaran kutil kelamin di usia 22 tahun #dokterobgynpedalaman#papuapride #fyp,2026-09-03T23:51:25.413655,health,2026-09-07T13:03:25.081811
aymanalts,7664863145621490962,https://www.tiktok.com/@aymanalts/video/7664863145621490962,False,384,5,4,22,,2026-09-03T11:25:53.061946,health,2026-09-07T13:03:28.054625
dr.ziee,7598160561125330184,https://www.tiktok.com/@dr.ziee/video/7598160561125330184,False,2073,33,56,303,"Ada tipe wajah yang nggak butuh effort berlebihan buat kelihatan mahal. Bukan karena satu fitur yang paling menonjol, tapi karena semuanya seimbang. Di Suzy, bagian lower face-nya proporsional. Nggak terlalu tajam, nggak berat. Hasilnya: ekspresi wajah terlihat calm, dewasa, dan enak dilihat lama-lama. Makanya gaya rambut bergelombang lembut dan makeup yang rapi tapi nggak tebal justru bekerja lebih baik di wajah seperti ini. Bukan buat “nambah cantik”, tapi buat nggak merusak keseimbangannya. Dalam aesthetic, wajah yang terlihat mahal itu jarang soal “ditambah”. Lebih sering soal tahu kapan harus berhenti. Save kalau kamu baru sadar: kadang yang bikin look kelihatan elegan itu bukan effort ekstra, tapi keputusan buat tetap sederhana 🤍 Next bahas dan bedah kecantikan artis korea siapa lagi ya? #detectZIE #DrZieTalks #FacialBalance #baesuzy",2026-09-05T15:52:17.351731,health,2026-09-07T13:03:30.587419
roozzaak,7651818203475086613,https://www.tiktok.com/@roozzaak/video/7651818203475086613,False,466,45,26,34,#stitch dengan @AMAT MEDAN YG LAGI VIRAL NAIK #fyp #fypシ #DokterGemoy #edukasi,2026-09-05T21:50:56.689460,health,2026-09-07T13:03:35.357654
aymanalts,7660896303785889042,https://www.tiktok.com/@aymanalts/video/7660896303785889042,False,3247,42,60,128,"Dalam memilih skincare, harus diperhatiin ya formulanya, jadi kita bisa tau hasilnya nanti beneran keliatan atau engga@EIEM BEAUTYY #eiembeauty #glowb3",2026-09-03T11:45:43.513238,health,2026-09-07T13:03:37.037762
drkevinmak,7668558263440444680,https://www.tiktok.com/@drkevinmak/video/7668558263440444680,False,144,4,6,10,"Buat yang masih bingung minum vitamin apa buat rambut rontok, boleh coba 3 tips di video ini! #rambutrontok #tipsrambutrontok #vitaminrambut #rambuttipis",2026-09-05T17:32:29.946118,health,2026-09-07T13:03:40.204549
dionharyadi,7666460814026624277,https://www.tiktok.com/@dionharyadi/video/7666460814026624277,False,62.2K,1916,6990,3308,Mie ayam 🙏,2026-09-03T14:37:30.804148,health,2026-09-07T13:03:42.351657
aliphildan,7632933860258434324,https://www.tiktok.com/@aliphildan/video/7632933860258434324,False,3114,70,161,119,kalo setahun ngekos bajunya ga dicuci sebulan(?)✨🦶🏻,2026-09-02T14:06:56.438914,not_health,2026-09-07T13:03:45.732176
ikhsanqthii,7670064389654940944,https://www.tiktok.com/@ikhsanqthii/video/7670064389654940944,False,2108,20,121,87,👍👍,2026-09-06T16:10:06.452435,health,2026-09-07T13:03:54.502647
dokter.harmonospanak,7665925001975057684,https://www.tiktok.com/@dokter.harmonospanak/video/7665925001975057684,False,530,28,96,139,Jl.Airlangga 33 Apotek Diandra Mojosari Kab. Mojokerto cp.kak Fat. 0812 . 3024 . 6181#konsultasigratiswalinkbio,2026-09-03T15:51:19.811382,not_health,2026-09-07T13:03:57.400214
dokternadiyah,7607824969854110996,https://www.tiktok.com/@dokternadiyah/video/7607824969854110996,False,228,22,25,33,Cek! Ini dia tanda bahaya masa nifas! #edukasikesehatan #dokterkandungan #nifas #obgyn,2026-09-04T02:27:53.963916,health,2026-09-07T13:03:59.820360
spesialist.kesehatan,7605090807636299009,https://www.tiktok.com/@spesialist.kesehatan/video/7605090807636299009,False,1548,174,510,390,Cek kesehatan ginjal tanpa bantuan alat… #ginjal #tipssehat #gagalginjal #gagalginjalkronis #spesialistkesehatan,2026-09-06T23:44:15.797205,not_health,2026-09-07T13:04:04.538637
dokter.harmonospanak,7651905153750076693,https://www.tiktok.com/@dokter.harmonospanak/video/7651905153750076693,False,321,12,79,90,Google Map tulis :Fellyta Fruit & Frozen Food,2026-09-03T16:13:09.362706,not_health,2026-09-07T13:04:08.792329
giapratamamd,7590969105407167764,https://www.tiktok.com/@giapratamamd/video/7590969105407167764,False,3754,105,988,690,Tentang Gula Darah dan Pankreas. Podcast Radityadika dan dr. Gia Pratama. part 4.,2026-09-06T15:32:31.426731,health,2026-09-07T13:04:10.534726
aymanalts,7672233926290689287,https://www.tiktok.com/@aymanalts/video/7672233926290689287,False,27.9K,287,819,1728,Shan sampai nyerah,2026-09-03T10:45:08.360114,health,2026-09-07T13:04:14.054515
dokter.harmonospanak,7674150958275890453,https://www.tiktok.com/@dokter.harmonospanak/video/7674150958275890453,False,25,1,5,1,Praktek spesialis anak Hub admin :kak Fatimah 0812 . 3024 . 6181kak Wulan 0858 . 1565 . 2806Google Map tulis :Praktek dr.Harmono PD Sp.AAlamat :Jl. Airlangga 33 Apotek Diandra Mojosari Mojokerto#konsultasigratiswalinkbio,2026-09-03T15:42:41.321351,health,2026-09-07T13:04:16.942553
aliphildan,7654822706994515218,https://www.tiktok.com/@aliphildan/video/7654822706994515218,False,23.6K,398,1817,267,Jalan2 dengan betis rodaku🏃🏻✨ @Ganta 🐮 #fakesituation⚠️ #fakebody,2026-09-02T11:13:38.841254,not_health,2026-09-07T13:04:19.675433
ikhsanqthii,7625509514120301845,https://www.tiktok.com/@ikhsanqthii/video/7625509514120301845,False,38100,443,1052,689,"Replying to @justminee berobatlah, tapi jgn ke gue, krn gue mager 🙏",2026-09-06T18:05:59.095025,not_health,2026-09-07T13:04:24.193634
drkevinmak,7592236753981820168,https://www.tiktok.com/@drkevinmak/video/7592236753981820168,False,8326,261,500,1615,Kalau kamu ada rencana promil tahun ini? Jangan lupa benerin dulu haid nya ✅ #haid #vitamin #vitaminpromil #edukasi #tipspromil,2026-09-06T11:17:21.371288,health,2026-09-07T13:04:26.956976
aymanalts,7633058919320964370,https://www.tiktok.com/@aymanalts/video/7633058919320964370,False,5487,65,588,69,,2026-09-03T13:55:45.574729,not_health,2026-09-07T13:04:32.003985
wishdrboyke,7636233062719720722,https://www.tiktok.com/@wishdrboyke/video/7636233062719720722,False,114,1,3,8,Nikmatnya kursi pijat 🤤 Janglah engkau lupa untuk relaksasi ya sahabat... kalau tubuh mulai terasa mudah linu pada persendian.. yg perlu kamu ingat ialah WishMove. Order WishMove sekarang juga dan rasakan nikmatnya tubuh ringan tanpa rasa linu dan kaku #creatorsearchinsights #drboyke #MasaTuaSehat #relaksasi #bebaskanlangkahberani,2026-09-07T02:41:37.075976,health,2026-09-07T13:04:37.770098
itsdoktermuda,7624828002769341717,https://www.tiktok.com/@itsdoktermuda/video/7624828002769341717,False,2530,24,136,60,Emang mirippp sihh😭😭😭,2026-09-06T20:56:11.853921,not_health,2026-09-07T13:04:39.994485
dokter_ika,7657765561346084114,https://www.tiktok.com/@dokter_ika/video/7657765561346084114,False,4305,284,193,247,"Replying to @Sukahatilah Namanya penjual nakal ya bilangnya aman aja yang penting cuan-cuan…. Hati2 dan lebih kritis membeli produk perawatan kulit, semua ada prosesnya #belajarbersamadrika #edukasidrika #HBabalabal",2026-09-03T20:04:51.286869,health,2026-09-07T13:04:42.381810
aymanalts,7669717125837163783,https://www.tiktok.com/@aymanalts/video/7669717125837163783,False,1025,48,39,24,,2026-09-03T10:55:29.972310,health,2026-09-07T13:04:57.551051
ikhsanqthii,7676113285267197205,https://www.tiktok.com/@ikhsanqthii/video/7676113285267197205,False,3764,55,189,165,Buat yang badannya sering gampang drop 🙏,2026-09-06T15:51:14.302669,health,2026-09-07T13:05:00.403930
dokter_ika,7663273426303356168,https://www.tiktok.com/@dokter_ika/video/7663273426303356168,False,1797,83,20,159,Tetap jaga keseimbangan kulit kamu #belajarbersamadrika #Edukasidrika #purging #SkinBarrier,2026-09-03T19:42:16.035392,health,2026-09-07T13:05:02.241330
dokter_ika,7625811916199398664,https://www.tiktok.com/@dokter_ika/video/7625811916199398664,False,731,76,6,41,"Kalu sudah main di area berbahaya syulit bertobat, camkan ini ya guys 👍🏻 Jaga kulitmu dari penjual nakals #belajarbersamadrika #edukasidrika #krimmerkuncrit",2026-09-03T21:07:05.547535,health,2026-09-07T13:05:03.968717
bidancynthia,7647183365736647957,https://www.tiktok.com/@bidancynthia/video/7647183365736647957,False,2721,614,14,74,"Ade keluarnya cuma beberapa menit, kontraksi nya yang lama 😭",2026-09-07T04:54:08.550768,not_health,2026-09-07T13:05:07.573143
drkevinmak,7601538691395292423,https://www.tiktok.com/@drkevinmak/video/7601538691395292423,False,524,33,44,203,"Kulit kusam pas puasa, mau Lebaran pengen glowing? Masalahnya sering bukan di skincare. Kurang tidur, pola makan berubah, stres → radikal bebas naik 📈 Makanya antioksidan wajib dikonsumsi, apalagi bulan puasa sampai Lebaran biar kulit lebih cerah, sehat, dan nggak keliatan capek ✨ #Antioksidan #GlowingSaatPuasa #KulitGlowing #PuasaSehat #SkinFromWithin",2026-09-06T10:46:37.411805,health,2026-09-07T13:05:09.931765
aymanalts,7672575352924835090,https://www.tiktok.com/@aymanalts/video/7672575352924835090,False,10.6K,170,211,293,,2026-09-03T10:41:53.597528,health,2026-09-07T13:05:12.493928
bidancynthia,7640713092283780372,https://www.tiktok.com/@bidancynthia/video/7640713092283780372,False,459,51,14,61,Bun selama hamil naik Bb brpa kg?,2026-09-07T05:16:12.781220,not_health,2026-09-07T13:05:15.505710
ikhsanqthii,7609860348983643408,https://www.tiktok.com/@ikhsanqthii/video/7609860348983643408,False,24600,370,332,142,TIDAKKK GUE KELEWATAN SAHURR 😭😭😭,2026-09-06T18:49:01.651523,not_health,2026-09-07T13:05:17.756844
dokter.harmonospanak,7660344524278992149,https://www.tiktok.com/@dokter.harmonospanak/video/7660344524278992149,False,285,21,20,32,Praktek spesialis anak Hub admin :kak Fatimah 0812 . 3024 . 6181kak Wulan 0858 . 1565 . 2806Google Map tulis :Praktek dr.Harmono PD Sp.AAlamat :Jl. Airlangga 33 Apotek Diandra Mojosari Mojokerto#konsultasigratiswalinkbio #dokteranakmojosari,2026-09-03T16:02:13.066919,health,2026-09-07T13:05:22.773170
aliphildan,7622156977099066642,https://www.tiktok.com/@aliphildan/video/7622156977099066642,False,3797,58,88,78,"Innalillahi wa innailaihi rojiun, stop konspirasi2 ngawur‼️ plis banget jangan terpengaruh sama omongan2 yg gaada data bukti ilmiahnya😭 sedih banget #vaksin ##antivaksin#campak",2026-09-02T14:30:58.168189,health,2026-09-07T13:05:32.283038
giapratamamd,7634407094799633684,https://www.tiktok.com/@giapratamamd/video/7634407094799633684,False,8149,52,111,500,Tentang Polydeoxyribonucleotide. Untuk teman-teman yang mulai mau merawat kulit wajah.,2026-09-06T14:41:29.962786,health,2026-09-07T13:05:34.820412
aymanalts,7639991744355978504,https://www.tiktok.com/@aymanalts/video/7639991744355978504,False,33.1K,334,1535,981,,2026-09-03T13:32:39.560847,not_health,2026-09-07T13:05:37.727448
roozzaak,7632885569147784469,https://www.tiktok.com/@roozzaak/video/7632885569147784469,False,928,114,2,35,Membalas @mbaq shofia #fyp #fypシ #DokterGemoy #tiktok #tiktokindonesia,2026-09-05T23:04:39.270470,health,2026-09-07T13:05:40.018654
aymanalts,7619219704263068946,https://www.tiktok.com/@aymanalts/video/7619219704263068946,False,1111,12,7,42,#stitch with @Ary A. | Hair & General Health,2026-09-05T13:28:22.157218,health,2026-09-07T13:05:44.411598
dr.ziee,7608477737392573704,https://www.tiktok.com/@dr.ziee/video/7608477737392573704,False,5660,29,57,462,"Kenapa niacinamide 10% di satu orang works banget, tapi di kamu biasa aja? Karena di atas 5%, efeknya bukan jadi ‘dua kali lebih bagus’, tapi lebih ke optimal di concern tertentu. Makanya pilih persentase sesuai kebutuhan, dan perhatiin juga bahan aktif lain yang kamu pake biar skin barrier kamu nggak rusak.",2026-09-05T15:47:48.122232,health,2026-09-07T13:05:46.048148
drkevinmak,7668572882980670728,https://www.tiktok.com/@drkevinmak/video/7668572882980670728,False,105,4,3,13,Kalau kamu biasa bawa vitamin apa saat travelling? #vitamin #rekomendasivitamin #vitaminpemula #dosisvitamin #infokesehatan,2026-09-05T17:31:22.583575,not_health,2026-09-07T13:05:49.178836
ikhsanqthii,7651232478878764309,https://www.tiktok.com/@ikhsanqthii/video/7651232478878764309,False,1726,62,32,43,Kalo klean ke Lampung wajib ke sini menurut gue 👍,2026-09-06T17:02:45.872589,not_health,2026-09-07T13:05:51.640669
drkevinmak,7654840557679807752,https://www.tiktok.com/@drkevinmak/video/7654840557679807752,False,1131,46,252,774,"Masih bingung vitamin D harus diminum bareng magnesium atau nggak? Biar nggak salah paham, jangan lupa share video ini ke keluarga dan teman yang juga rutin minum vitamin D ya! #VitaminD #Magnesium #Kesehatan #EdukasiKesehatan #TipsSehat",2026-09-05T18:14:34.589332,health,2026-09-07T13:05:55.772786
aliphildan,7606649445224140039,https://www.tiktok.com/@aliphildan/video/7606649445224140039,False,5070,69,111,62,#MasyaAllahTabarakallah,2026-09-03T09:12:14.203252,not_health,2026-09-07T13:05:58.550671
drkevinmak,7667871229046426888,https://www.tiktok.com/@drkevinmak/video/7667871229046426888,False,23100,873,20900,4863,"Nah, ayo ngaku… siapa yang sering pakai earphone sampai ketiduran? Plis, stop kebiasaan ini sebelum telingamu yang protes! #Earphone #KesehatanTelinga #HealthTips #DokterKevinMak #Telinga",2026-09-05T17:34:28.833295,health,2026-09-07T13:06:03.146118
roozzaak,7611350430005611797,https://www.tiktok.com/@roozzaak/video/7611350430005611797,False,69,9,7,30,Membalas @fitri mulia #fyp #fypシ #DokterGemoy #edukasi #edukasitiktok,2026-09-06T22:24:19.426450,health,2026-09-07T13:06:05.159896
roozzaak,7596869601070288146,https://www.tiktok.com/@roozzaak/video/7596869601070288146,False,163,20,9,10,Membalas @nyonyadrl432 #fyp #fypシ #DokterGemoy #edukasi #edukasitiktok,2026-09-06T23:25:12.338893,health,2026-09-07T13:06:06.225195
roozzaak,7614462994377870612,https://www.tiktok.com/@roozzaak/video/7614462994377870612,False,31,17,4,5,Membalas @RA_racingteam Zinc Lactate dari @Nutrisi Anak Indonesia adalah salah satu suplementasi yang bisa kalian berikan untuk menunjang agar terhindar dari virus ataupun bakteri #infokesehatan #jagakesehatan #edukasikesehatan #ZincOrganik #ZincTiens,2026-09-06T00:37:37.251898,health,2026-09-07T13:06:06.965472
giapratamamd,7625106533055040789,https://www.tiktok.com/@giapratamamd/video/7625106533055040789,False,172600,725,14000,5186,"Ini adalah separuh Otak Manusia. Otak manusia dewasa rata-rata punya sekitar 86 miliar neuron. Pada anak, jumlah neuronnya tidak beda jauh. Pada awal kehidupan, otak bayi membentuk koneksi baru dengan kecepatan luar biasa, bahkan diperkirakan lebih dari 1 juta koneksi baru tiap detik. Di usia sekitar 2 tahun, seorang anak bisa punya kira-kira dua kali lebih banyak. Otak anak itu otak yang sedang tumbuh liar, cepat, haus makna. Jadi saat balita bertanya terus, jangan buru-buru kesal. Di depan kita sedang berdiri seorang manusia kecil, dengan miliaran neuron dan lautan koneksi yang sedang belajar memahami semesta. Rasa ingin tahu merekalah yang mengingatkan kita untuk kembali takjub, kembali belajar, dan kembali kagum pada dunia. ------------------------------- PR : berapa berat otak balita? #giaceritaanatomi #tentangtubuh #otakbalita Video : IOHA",2026-09-06T14:49:13.388586,health,2026-09-07T13:06:08.530596
bidancynthia,7645283199333043477,https://www.tiktok.com/@bidancynthia/video/7645283199333043477,False,4843,335,32,202,"Alhamdulillah hari ke 3 setelah lahiran smpai skrg ASI mulai banyaaak,sampe harus pumping karna penuh🥹 Buat semua ibu yang lagi berjuang ,kamu kuat ,kamu hebat #ibumenyusui",2026-09-07T05:02:18.745020,not_health,2026-09-07T13:06:12.061468
dokteramiraobgyn,7628261867097459975,https://www.tiktok.com/@dokteramiraobgyn/video/7628261867097459975,False,720,20,9,23,jatuh cinta itu kamu papua dengan segala keindahannya #dokterobgynpedalaman#papua#fyp,2026-09-03T23:38:05.569097,not_health,2026-09-07T13:06:15.439728
aliphildan,7594746154454142215,https://www.tiktok.com/@aliphildan/video/7594746154454142215,False,4648,78,137,131,"pantesan gaji kecil, ternyata pahalanya besar🥹🤲🏻 terima kasih kadam atas penjelasannya @Kadam Sidik ✨🫶🏻",2026-09-03T09:39:52.577063,not_health,2026-09-07T13:06:19.954451
drkevinmak,7673146924781800712,https://www.tiktok.com/@drkevinmak/video/7673146924781800712,False,1787,63,117,671,"Dari 3 ciri ini, kamu udah ada yang relate belum nih? Komen penyebab kamu kira3 yang mana dan Share ke teman atau keluarga yang mungkin ngalamin hal yang sama! #TipsKesehatan #Kesehatan #HealthTips #SehatItuGampang",2026-09-05T17:20:52.038732,health,2026-09-07T13:06:23.244288
drkevinmak,7646364453918838034,https://www.tiktok.com/@drkevinmak/video/7646364453918838034,False,2466,58,465,667,"Usia 25 tahun tapi masih sering tidur mangap? Jangan dianggap sepele. Karena tidur mangap bisa menjadi salah satu tanda kualitas tidur yang kurang baik, dan pada sebagian orang juga ditemukan bersamaan dengan kadar vitamin D yang rendah. Sudah pernah cek vitamin D kamu belum? #vitamind #kurangvitamind #tidurmangap #sleephealth #kesehatan",2026-09-05T18:50:01.042691,health,2026-09-07T13:06:24.553745
wishdrboyke,7670072778351004935,https://www.tiktok.com/@wishdrboyke/video/7670072778351004935,False,410,5,37,57,"Banyak yang Gak Tahu! 'Darah Tinggi' Bisa Bikin Momen Mesra Jadi Ambrul Adul! 😳💥 Pernah merasa performa pasutri tiba-tiba makin loyo atau gak nyaman karena perih? Awas, jangan langsung nyalahin pasangan dulu! Bisa jadi pemicunya adalah Hipertensi alias tekanan darah tinggi. Efeknya Juga Gak Main-Main Buat Pasutri! 🫣 Saat tensi naik, aliran darah ke area anu.. otomatis terganggu. Dampaknya: 👨 Buat Dads: 'Si Terong' gampang Crot duluan sebelum waktunya! 👩 Buat Moms: 'Si Mimiw' jadi gampang gundul pelumas alias kering kerontang, bikin perih pas tancap gas! Jangan Biarkan Tensi Merusak Keharmonisan Rumah Tangga! 🩺✨ Caranya? Share dulu video ini ya sahabat #drboyke #KesehatanWanita #hipertensi #darahtinggi",2026-09-07T02:26:24.066109,health,2026-09-07T13:06:26.062006
ikhsanqthii,7675646419214077204,https://www.tiktok.com/@ikhsanqthii/video/7675646419214077204,False,1118,50,13,28,Replying to @roti.goreng,2026-09-06T15:52:47.659177,health,2026-09-07T13:06:30.833850
dokter_ika,7613977074486824210,https://www.tiktok.com/@dokter_ika/video/7613977074486824210,False,15.3K,560,474,857,Jangan menormalisasi Marketing Overclaim❗️ Apalagi yang mengandung bahan berberbahaya untuk pemutih kulit… Hati2 dengan klaim-klaim yang ga masuk akal ya guys.. TIDAK ADA KULIT SEPUTIH ITU!!! #belajarbersamadrika #edukasidokterika #jagakulitmu #cintaiwarnakulitmu,2026-09-03T21:42:00.104680,health,2026-09-07T13:06:32.817643
itsdoktermuda,7599471362251558164,https://www.tiktok.com/@itsdoktermuda/video/7599471362251558164,False,313700,1457,17200,35800,"Aku sarankan bayi bunda semua utk tummy time sejak dini. Kenapa? 1. Leher jadi cepat kuat Pas bayi tengkurap, dia otomatis berusaha ngangkat kepala. Dari situ otot lehernya kepakai dan terlatih, jadi ga lemes terus. Ini penting banget karena leher kuat itu dasar sebelum bayi bisa duduk, merangkak, sampai jalan. 2. Punggung dan tangan lebih kuat, postur ikut kebentuk Waktu tummy time, bayi belajar menopang badan pakai tangan dan punggung. Ini bikin otot bahu, lengan, dan punggungnya berkembang seimbang, jadi postur tubuhnya ke depan lebih tegap dan ga gampang bungkuk. 3. Bantu cegah kepala peyang Kepala bayi masih lunak. Kalau kebanyakan telentang, bagian belakang kepala bisa kepress di satu titik. Tummy time ngurangin tekanan itu, jadi bentuk kepala lebih rata dan simetris. 4. Bikin bayi lebih siap ke tahap gerak berikutnya Tummy time itu fondasi motorik. Dari sini bayi jadi lebih siap buat tengkurap balik, merangkak, sampai duduk, karena otot-otot intinya udah siap duluan. Usia berapa bayikk kalian udah mulai tummy time??",2026-09-06T21:22:58.979402,health,2026-09-07T13:06:34.810581
giapratamamd,7677598415680720148,https://www.tiktok.com/@giapratamamd/video/7677598415680720148,False,14600,251,844,1407,Podcast Pulang Praktik. Episode pulang praktik hari ini saya kedatangan sohibku @doktermedok Teman-teman banyak sekali edukasi dari beliau yg bisa langsung dipraktikkan. Selamat menonton.,2026-09-06T14:10:50.825900,health,2026-09-07T13:06:42.908630
gelarsramdhani,7590592735845879048,https://www.tiktok.com/@gelarsramdhani/video/7590592735845879048,False,148,14,13,5,"Terima kasih semuanya, panjang umur kebaikan #majalengka #aceh",2026-09-06T14:03:34.358669,not_health,2026-09-07T13:06:45.317087
itsdoktermuda,7612526580723715349,https://www.tiktok.com/@itsdoktermuda/video/7612526580723715349,False,11400,571,757,718,Punya ceritaa apa kalian saat jadi penunggu di rumah sakit? Jaga kesehatan yaaa,2026-09-06T21:07:24.944755,not_health,2026-09-07T13:08:55.884730
drkevinmak,7674950357100809479,https://www.tiktok.com/@drkevinmak/video/7674950357100809479,False,848,22,80,243,"Replying to @rinastley kalau kamu pernah ngerasain efek samping ga pas minum magnesium? Coba cerita di komen ya 🫡 Btw magnesium yang aman buat gerd dan masalah lambung, udh sy cantumin di keranjang ya ✅ #magnesium #rekomendasimagnesium #tipskesehatan #magnesiumpemula #gerd",2026-09-05T17:12:28.327960,health,2026-09-07T13:08:58.721438
drkevinmak,7600727329047956754,https://www.tiktok.com/@drkevinmak/video/7600727329047956754,False,1550,105,93,421,Replying to @momo kalau kamu udah rutin makan makanan ini buat keputihan belom? #keputihan #rekomendasiprobiotik #viralditiktok🔥 #obatkeputihan #makanan,2026-09-06T10:49:44.207326,health,2026-09-07T13:09:01.793269
aliphildan,7599543540674284808,https://www.tiktok.com/@aliphildan/video/7599543540674284808,False,44.3K,612,1733,977,"dikasih penjelasan panjang bingung, dikasih intinya aja malah nyerang 🤡 ✨ mohon izin defib dok🙏🏻",2026-09-03T09:30:40.958876,health,2026-09-07T13:09:07.122365
giapratamamd,7664120517019929877,https://www.tiktok.com/@giapratamamd/video/7664120517019929877,False,146100,1559,29300,20400,"Jadi Lahir sebagai laki-laki atau perempuan bermula dari satu pertemuan 2 sel yg membawa pesan masing2 namun menentukan seluruh perjalanan hidup. Dan dari sini kita belajar satu hal penting. Kurang tepat jika ada suami menyalahkan istri ketika bayi yg lahir tidak sesuai yg dia inginkan. Seorang ibu sudah membawa, menjaga, memberi makan, dan mempertaruhkan tubuhnya selama sembilan bulan. Laki-laki atau perempuan, keduanya tetap amanah. Keduanya datang membawa masa depan. Keduanya berhak disambut dengan cinta yang sama besar.",2026-09-06T14:18:44.025641,health,2026-09-07T13:09:09.050581
drkevinmak,7659988994003881234,https://www.tiktok.com/@drkevinmak/video/7659988994003881234,False,25700,256,9800,8744,"Kalau perut buncitmu sampai “ngintip” duluan pas sembunyi di balik tembok… Saatnya mulai ubah kebiasaan! Ikuti tips di video ini dan lakukan secara konsisten. Kalau menurutmu bermanfaat, jangan lupa share ke teman yang lagi berjuang mengecilkan perut ya! #perutbuncit #lemakperut #dietsehat #turunberatbadan #fatloss",2026-09-05T18:01:15.853264,health,2026-09-07T13:09:11.381764
roozzaak,7617311021363088660,https://www.tiktok.com/@roozzaak/video/7617311021363088660,False,72,11,2,6,Membalas @Imas setianingrum #fyp #fypシ #DokterGemoy #edukasi #edukasikesehatan,2026-09-05T23:56:58.245306,health,2026-09-07T13:09:14.367083
drkevinmak,7677145461676985608,https://www.tiktok.com/@drkevinmak/video/7677145461676985608,False,1001,21,66,358,"Rambut rontok nggak selalu karena kurang vitamin! Ini beberapa penyebab rambut rontok yang perlu kamu tahu—dan kalau memang karena kekurangan nutrisi, vitamin bisa membantu. #RambutRontok #HairLoss #VitaminRambut #RambutSehat #tipskesehatan",2026-09-05T17:07:23.941735,health,2026-09-07T13:09:16.805490
doktermatahendra,7596677087725931783,https://www.tiktok.com/@doktermatahendra/video/7596677087725931783,False,94,3,15,14,"Si Buta yang Datang Diam-Diam, Riwayat diabetes, gula darah terkontrol, tapi mata kok tiba-tiba buram? Hati-hati, ada “musuh dalam selimut” bernama Retinopati Diabetik yang siap merenggut penglihatanmu! 😱Teman-teman penderita diabetes, kami tahu kalian sudah sangat disiplin menjaga gula darah. Itu bagus sekali! Tapi ada satu hal lagi yang sering terlewatkan dan fatal akibatnya: cek kesehatan retina mata secara rutin.Retinopati Diabetik itu ibarat rayap yang menggerogoti rumah. Di awal, nggak ada tanda-tanda. Kita nggak merasa sakit, penglihatan pun masih jelas. Tapi di dalam mata, pembuluh darah kecil di retina (layar penangkap gambar mata) perlahan rusak akibat gula darah tinggi.Lalu kenapa ini BAHAYA BESAR? Karena saat penglihatan mulai kabur, muncul bintik hitam, atau bahkan pandangan tertutup, itu artinya kerusakan sudah sangat parah. Bisa jadi sudah terjadi pendarahan hebat, jaringan parut, atau bahkan retina sudah tertarik lepas. Di fase ini, penglihatan yang hilang seringkali tidak bisa kembali normal sepenuhnya, bahkan setelah tindakan operasi sekalipun.Siapa yang berisiko? SEMUA penderita diabetes, tidak peduli usia atau berapa lama kamu didiagnosis diabetes. Semakin lama kamu punya diabetes, semakin tinggi risikonya.Apa yang harus dilakukan?1. Jaga Gula Darah: Ini fundamental.2. PENTING: Periksa Mata RUTIN! Setidaknya setahun sekali, lakukan pemeriksaan saraf mata dengan pelebaran pupil. Ini satu-satunya cara dokter mata bisa melihat kondisi retina yang sebenarnya dan mendeteksi kerusakan di tahap awal, saat belum ada gejala dan masih bisa diobati dengan efektif.Jangan sampai nyesel di kemudian hari karena komplikasi yang sebenarnya bisa dicegah.Punya diabetes? Langsung jadwalkan kontrol matamu. Sudah periksa mata rutin? Ceritain pengalamanmu di kolom komentar, yuk! Jangan lupa share video ini ke grup keluarga atau teman yang punya diabetes. Mari saling mengingatkan untuk menjaga penglihatan dari “musuh diam-diam” ini. 👇#retinopatidiabetik #diabetes #edukasimata #cegahkebutaan #doktermatahendra",2026-09-04T01:32:04.766740,health,2026-09-07T13:09:18.709755
aymanalts,7594395242355232007,https://www.tiktok.com/@aymanalts/video/7594395242355232007,False,90600,1939,16300,1779,,2026-09-05T14:13:02.707988,health,2026-09-07T13:09:24.681469
aymanalts,7647736225763314952,https://www.tiktok.com/@aymanalts/video/7647736225763314952,False,763,25,94,23,#stitch with 7646348757482736914,2026-09-03T13:02:15.996576,health,2026-09-07T13:09:32.127715
roozzaak,7637328883246845204,https://www.tiktok.com/@roozzaak/video/7637328883246845204,False,152,25,18,39,Membalas @Chii🍀 #fyp #fypシ #DokterGemoy #channamix #kapsulikangabus,2026-09-05T22:46:34.549069,health,2026-09-07T13:09:34.876235
dokter_ika,7599243604707577106,https://www.tiktok.com/@dokter_ika/video/7599243604707577106,False,613,37,2,36,Menjadi dewasa berarti belajar merawat diri dengan lebih bijak ❤️ #quoteoftheday #TheNewYoung,2026-09-03T22:37:02.592605,not_health,2026-09-07T13:09:37.840538
dokter_ika,7627802056455146770,https://www.tiktok.com/@dokter_ika/video/7627802056455146770,False,1094,57,19,51,Ngajakin buat ikutan putih ???? #belajarbersamadrika #edukasidrika #cintaiwarnamu,2026-09-03T20:58:09.188755,not_health,2026-09-07T13:09:41.323044
doktermatahendra,7671874474974694664,https://www.tiktok.com/@doktermatahendra/video/7671874474974694664,False,301,61,72,86,"Usia baru 30 tahun, tapi mata sudah terasa sangat kering. Normal nggak sih? 👀Jawabannya: sangat sering terjadi, tetapi jangan dianggap sepele.Mata kering tidak hanya dialami oleh orang lanjut usia. Saat ini, banyak orang usia muda yang mengalami keluhan mata kering, terutama karena pola hidup dan lingkungan.Beberapa penyebab yang sering ditemukan antara lain:💻 Terlalu lama menatap layar komputer atau ponsel sehingga frekuensi berkedip berkurang.❄️ Paparan AC atau kipas angin dalam waktu lama.😴 Kurang tidur atau begadang👁️ Penggunaan lensa kontak.💊 Efek samping obat tertentu.🦠 Penyakit autoimun seperti Sindrom Sjögren, yang dapat menyebabkan produksi air mata berkurang.Gejala mata kering bisa berupa:✅ Mata terasa perih, sepet, atau seperti berpasir.✅ Mata mudah lelah.✅ Penglihatan sesaat menjadi buram lalu membaik setelah berkedip.✅ Mata berair berlebihan sebagai respons terhadap iritasi.Jangan menunggu hingga keluhan semakin berat. Mata kering yang tidak ditangani dapat mengganggu aktivitas sehari-hari dan pada kondisi tertentu dapat merusak permukaan kornea.Jika keluhan berlangsung terus-menerus atau semakin mengganggu, sebaiknya periksakan diri ke dokter mata agar penyebabnya dapat diketahui dan mendapatkan terapi yang sesuai.💬 Pernah mengalami mata kering? Apa penyebab yang paling sering Anda rasakan? Tulis di kolom komentar ya!#matakering #dryeye #gadget #edukasimata #doktermatahendra",2026-09-04T00:40:00.781167,health,2026-09-07T13:09:43.590068
doktermatahendra,7624079527257558290,https://www.tiktok.com/@doktermatahendra/video/7624079527257558290,False,414,11,21,67,"Mengapa pakai obat tetes mata malah terasa perih? 👁️💧Banyak pasien bingung dan khawatir,“Dok, kenapa setiap tetes obat mata kok terasa perih ya? Apakah obatnya berbahaya?”Jawabannya: TidakRasa perih saat menggunakan obat tetes mata adalah hal yang cukup sering terjadi, karena:🔹 **pH obat berbeda dengan air mata**Obat tetes memiliki kandungan zat kimia tertentu sehingga saat masuk ke mata bisa menimbulkan sensasi perih sementara.🔹 **mata sedang iritasi atau kering**Mata yang meradang atau kering lebih sensitif, sehingga obat terasa lebih perih.🔹 **ada bahan pengawet dalam obat**Beberapa obat tetes mengandung pengawet yang dapat menimbulkan sensasi tidak nyaman sesaat.🔹 **reaksi awal sebelum obat bekerja**Pada beberapa kondisi, perih ringan adalah respons awal sebelum obat mulai bekerja.Kapan harus waspada? ⚠️Jika setelah tetes mata muncul:* nyeri hebat* mata merah bertambah* penglihatan kabur* bengkak atau gatal berlebihan segera periksa ke dokter mata.Normalnya, perih hanya berlangsung beberapa detik hingga menit.Jadi, jangan langsung panik ya 😊Yang penting gunakan obat sesuai anjuran dokter dan jangan sembarang membeli obat tetes mata.Kalau suka dan merasa postingan ini bermanfaat, jangan lupa buat support dengan like dan share ya 🥰🙏#obattetesmata #tetesmata #mataperih #edukasimata #doktermatahendraApa kamu pernah merasakan mata perih setelah menggunakan obat tetes mata juga?",2026-09-04T01:10:50.344379,health,2026-09-07T13:09:45.304183
drkevinmak,7596231024904834322,https://www.tiktok.com/@drkevinmak/video/7596231024904834322,False,906,64,160,281,"Vitamin D3 membantu penyerapan kalsium untuk tulang dan gigi yang kuat. Vitamin K2 membantu mengarahkan kalsium ke tulang, bukan ke pembuluh darah. Penting untuk tumbuh kembang dan daya tahan tubuh anak, terutama yang jarang kena sinar matahari. Gunakan sesuai dosis usia dan konsultasikan bila perlu. #VitaminAnak #D3K2 #tumbuhkembanganak",2026-09-06T11:05:13.642463,health,2026-09-07T13:09:47.432381
dokter_ika,7614401468350663944,https://www.tiktok.com/@dokter_ika/video/7614401468350663944,False,145,13,5,7,#journeyoflife #belajarbersamadrika #edukasidokterika #jagakulitmu #skincarebersamaDricha,2026-09-03T21:39:37.315118,not_health,2026-09-07T13:09:50.018275
aliphildan,7590731716629744903,https://www.tiktok.com/@aliphildan/video/7590731716629744903,False,7892,123,135,272,"Secara ilmiah, air wudhu tidak mengandung zat aktif untuk mengatasi jerawat, flek, penuaan, atau masalah kulit lainnya. Air wudhu bukan terapi medis dan tidak bisa menggantikan skincare seperti facial wash, pelembap, atau sunscreen.Fungsi medis air wudhu adalah membersihkan wajah secara rutin, membantu menghilangkan debu, keringat, dan minyak, sehingga kulit terasa lebih segar dan bersih.Dalam Islam, wudhu adalah ibadah untuk menyucikan diri, bukan pengobatan. Namun ketenangan batin dari ibadah bisa mengurangi stres, dan stres memang berpengaruh pada kesehatan kulit.",2026-09-03T09:48:04.745589,health,2026-09-07T13:10:06.542176
dokter.harmonospanak,7619318198957329684,https://www.tiktok.com/@dokter.harmonospanak/video/7619318198957329684,False,849,16,123,183,,2026-09-03T17:12:39.069338,health,2026-09-07T13:10:09.576834
doktermatahendra,7627785045922630920,https://www.tiktok.com/@doktermatahendra/video/7627785045922630920,False,152,13,31,31,"Setelah Operasi Katarak, Mengapa Floaters Kadang Jadi Lebih Jelas? Apakah Berbahaya?Beberapa pasien bingung dan bertanya, Dok, setelah operasi katarak, kenapa bayangan seperti benang atau bintik hitam (floaters) di mataya jadi lebih terlihat?Tenang, kondisi ini cukup sering terjadi.🔍 Mengapa floaters terlihat lebih jelas setelah operasi katarak?1️⃣ Lensa mata sudah jernihSetelah katarak diangkat, cahaya masuk lebih terang sehingga floaters yang sebelumnya tertutup kekeruhan katarak menjadi lebih terlihat.2️⃣ Struktur dalam mata lebih terlihatMedia mata yang lebih bening membuat bayangan di vitreous (gel mata) tampak lebih kontras.3️⃣ Perubahan vitreous karena usiaSebagian besar pasien katarak memang sudah mengalami proses penuaan vitreous yang menyebabkan floaters.⚠️ Apakah berbahaya?Sebagian besar floaters tidak berbahaya dan tidak memerlukan tindakan khusus.Namun segera periksa jika muncul:🔴 Floaters tiba-tiba sangat banyak🔴 Sensasi Kilatan cahaya seperti petir🔴 Seperti tirai menutup penglihatan🔴 Penglihatan mendadak buramKarena kondisi tersebut bisa mengarah ke robekan retina atau ablasio retina yang perlu penanganan cepat.✨ Jadi, floaters setelah operasi katarak biasanya bukan karena operasinya gagal, tetapi karena mata sudah lebih jernih sehingga bayangan menjadi terlihat.📌 Operasi katarak membuat penglihatan lebih jelas, termasuk melihat floaters yang sebelumnya tersembunyi.#operasikatarak #floaters #kesehatanmata #edukasimata #doktermatahendraApakah anda pernah mendengar hal yang sama juga?",2026-09-04T01:07:21.974467,health,2026-09-07T13:10:12.223910
tirtacipeng,7677460126520970516,https://www.tiktok.com/@tirtacipeng/video/7677460126520970516,False,7512,390,267,494,Rutinitas latian bapak2 35 tahun. Gerakannya basic2 aja dan itu2 aja. yg penting konsisten.,2026-09-06T23:57:32.835131,not_health,2026-09-07T13:10:15.191958
roozzaak,7627393332267765013,https://www.tiktok.com/@roozzaak/video/7627393332267765013,False,25,6,1,3,Membalas @mee #fyp #fypシ #DokterGemoy #vitaminD #vitaminD3,2026-09-05T23:30:34.868814,health,2026-09-07T13:10:18.196207
dokter_ika,7599084305226272018,https://www.tiktok.com/@dokter_ika/video/7599084305226272018,False,1281,98,28,65,Masuk terus dalam lingkaran syetan.. Kapan mau sehatnya kalau fungsi alami kulit selalu ditekan? Ini adalah salah satu modus nakals penyalahgunaan obat keras dan penyalahgunaan nomor notifikasi BPOM #KetergantunganSteroid #belajarbersamadrika #edukasidokterika #StopsalahgunakanOBATSTEROID #stoppenyalahgunaanobatkeras,2026-09-03T22:38:18.144551,health,2026-09-07T13:10:20.598989
roozzaak,7599272308649348359,https://www.tiktok.com/@roozzaak/video/7599272308649348359,False,866,30,620,269,Membalas @iita✨ #fyp #fypシ #DokterGemoy #edukasi #edukasitiktok,2026-09-06T23:11:51.496266,health,2026-09-07T13:10:22.938259
bidancynthia,7648975228206337300,https://www.tiktok.com/@bidancynthia/video/7648975228206337300,False,18200,773,302,425,"Bayi 19Hari quuu, teman begadang tiap malem🫩 , yang lagi di fase ini juga sehat” yaa#newbornbaby",2026-09-07T04:48:59.243513,not_health,2026-09-07T13:10:27.088602
drrichardlee,7618213779058265362,https://www.tiktok.com/@drrichardlee/video/7618213779058265362,False,2446,57,66,183,DOWNLOAD 27: ISLAM CUMA SATU?! KENAPA BANYAK ALIRAN?! MANA YANG HARUS DI IKUTI?! Managed by Admin,2026-09-06T11:42:02.941633,not_health,2026-09-07T13:10:30.391906
roozzaak,7660737704828701973,https://www.tiktok.com/@roozzaak/video/7660737704828701973,False,52,7,6,5,Membalas @Toko Athakha #fyp #fypシ #DokterGemoy #dha #nordic,2026-09-05T21:36:15.021810,health,2026-09-07T13:10:33.997752
roozzaak,7618750211602533652,https://www.tiktok.com/@roozzaak/video/7618750211602533652,False,5,0,1,4,Membalas @tika oktafiana #fyp #fypシ #DokterGemoy #vitaminD #vitamind3,2026-09-06T00:12:10.589701,health,2026-09-07T13:10:35.601306
roozzaak,7625826753960873237,https://www.tiktok.com/@roozzaak/video/7625826753960873237,False,27,2,1,7,Membalas @Febbi Sianiparr Pudan #fyp #fypシ #DokterGemoy #vitaminD #vitaminD3,2026-09-05T23:35:32.206458,health,2026-09-07T13:10:36.179625
dokter.harmonospanak,7625467242297265428,https://www.tiktok.com/@dokter.harmonospanak/video/7625467242297265428,False,614,59,79,31,Membalas @amndashfira,2026-09-03T16:59:54.408690,not_health,2026-09-07T13:10:40.431465
gelarsramdhani,7663693779324374279,https://www.tiktok.com/@gelarsramdhani/video/7663693779324374279,False,43,3,3,1,Membalas @majakuning sakit gigi bisa menyebabkan migrain sakit kepala?,2026-09-06T13:10:37.086102,health,2026-09-07T13:10:43.356567
gelarsramdhani,7663656599818341639,https://www.tiktok.com/@gelarsramdhani/video/7663656599818341639,False,51,2,3,8,Skill Lab Tatalaksana Sinkop Mahasiswa Fakultas Kedokteran Gigi Universitas Muhammadiyah Semarang (Bagian 4),2026-09-06T13:10:58.989483,not_health,2026-09-07T13:10:50.722699
roozzaak,7601330037119323412,https://www.tiktok.com/@roozzaak/video/7601330037119323412,False,2432,293,275,173,Membalas @Shinta #fyp #fypシ #DokterGemoy #edukasi #edukasitiktok,2026-09-06T23:03:40.636573,health,2026-09-07T13:10:53.914892
tirtacipeng,7673783229266234645,https://www.tiktok.com/@tirtacipeng/video/7673783229266234645,False,6491,67,308,451,#onthisday,2026-09-07T00:06:07.811654,health,2026-09-07T13:11:04.960497
dokternadiyah,7591913994948988181,https://www.tiktok.com/@dokternadiyah/video/7591913994948988181,False,683,65,83,102,"Usia bertambah, masa menopause rentan ini itu 🥲 #habarlic #habatussauda #edukasikesehatan #tipssehat #menopause",2026-09-05T14:24:53.482883,health,2026-09-07T13:11:08.873134
dionharyadi,7652166515881446677,https://www.tiktok.com/@dionharyadi/video/7652166515881446677,False,354,1,8,22,Bukan mau sombong tapi negara saya udah berdiri 80 tahun 🙏,2026-09-03T14:41:06.439091,not_health,2026-09-07T13:11:21.284349
dokter_ika,7658147280922414344,https://www.tiktok.com/@dokter_ika/video/7658147280922414344,False,17.6K,743,964,992,"#duet with @🪭👛🧚mami Boru kalit 🧚👛🪭 #Stitch Semangat pulihkan kembali ya ibu, gunakan produk yang nyaman di kulit 👍🏻 #Korbankrimberbahaya #belajarbersamadrika #edukasidrika",2026-09-03T20:02:46.087159,health,2026-09-07T13:11:23.098201
roozzaak,7663307510069103892,https://www.tiktok.com/@roozzaak/video/7663307510069103892,False,28,3,2,5,Membalas @firna｡.｡:∞♡*♥ #fyp #fypシ #DokterGemoy #vitaminD #vitaminD3,2026-09-05T21:30:34.607097,health,2026-09-07T13:11:25.820419
tirtacipeng,7671553651021761813,https://www.tiktok.com/@tirtacipeng/video/7671553651021761813,False,696,49,31,78,Tonton video ini buat kalian yang rambutnya rusak. Joooss bonvie @Bonvie Haircare,2026-09-07T00:11:40.455792,health,2026-09-07T13:11:29.284046
gelarsramdhani,7637864622468500743,https://www.tiktok.com/@gelarsramdhani/video/7637864622468500743,False,111,6,6,1,Kesehatan dan Kenyamanan Jemaah Haji adalah Tanggung Jawab Kami Petugas Haji Indonesia #haji #jemaahhaji #petugashaji,2026-09-06T13:41:44.526764,not_health,2026-09-07T13:11:31.905784
dokternadiyah,7609709890843462932,https://www.tiktok.com/@dokternadiyah/video/7609709890843462932,False,1752,45,169,653,"Replying to @Dr. dr. Nadiyah, Sp.OG Lebih baik mencegah sebelum parah 🙌🏻Semangat sehat ✨#edukasikesehatan #kesehatanwanita #kista #tips #perempuansehat",2026-09-04T02:25:58.930047,health,2026-09-07T13:11:33.383449
dr.ziee,7679279638023130375,https://www.tiktok.com/@dr.ziee/video/7679279638023130375,False,681,10,37,305,"Contekan singkat buat yang punya masalah-masalah diatas ini. Stretchmark, callus, ketiak gelap, dll Jangan cuma asal ikutin tips yang ada di sosmed tapi pertimbangkan juga evidence basednya secara ilmiah 🫶🏻",2026-09-05T15:01:23.477750,health,2026-09-07T13:11:35.181945
aymanalts,7596186717464546578,https://www.tiktok.com/@aymanalts/video/7596186717464546578,False,2430,87,127,46,#stitch with @Lutviatunsukses,2026-09-05T14:11:57.828459,health,2026-09-07T13:11:37.730877
aymanalts,7609994734051872008,https://www.tiktok.com/@aymanalts/video/7609994734051872008,False,8047,100,254,1621,Replying to @Zaki Ramadhan dengerin nih buat yg ga ngerti skincare sama sekali,2026-09-05T13:46:05.002824,health,2026-09-07T13:11:41.855289
roozzaak,7632120113466199316,https://www.tiktok.com/@roozzaak/video/7632120113466199316,False,78,2,7,15,Membalas @. #fyp #fypシ #DokterGemoy #calmingcream #calmingbabycream,2026-09-05T23:11:43.255723,health,2026-09-07T13:11:44.110053
bidancynthia,7637404825486937365,https://www.tiktok.com/@bidancynthia/video/7637404825486937365,False,3708,148,34,140,Bumil on the move 🚶‍♀️ 🤰 bayi: ‘pelan dikit buu’ 😂 38 week #ibuhamil #hamil,2026-09-07T05:27:05.501983,not_health,2026-09-07T13:11:46.293470
dokternadiyah,7597082484777569543,https://www.tiktok.com/@dokternadiyah/video/7597082484777569543,False,516,27,23,112,"Yang mageran dengan prentelan skincare, boleh coba ini ya 🙌🏻#skincare #womancare #etalagen",2026-09-04T03:05:16.048413,health,2026-09-07T13:11:48.408340
aymanalts,7600385948559428882,https://www.tiktok.com/@aymanalts/video/7600385948559428882,False,6712,12,65,248,"Susu tinggi kalsium itu baik untuk mendukung kesehatan tulang, tidak hanya untuk anak2, tapi untuk orang dewasa juga. selain itu, susu yang bebas residu antibiotik juga jadi salah satu pertimbangan dalam memilih susu yang kita minum yaa",2026-09-05T14:06:20.732409,health,2026-09-07T13:11:51.111105
aymanalts,7677452074447162632,https://www.tiktok.com/@aymanalts/video/7677452074447162632,False,62K,948,5739,2639,,2026-09-03T10:18:27.925039,health,2026-09-07T13:11:57.296719
dr.ziee,7677510087975488775,https://www.tiktok.com/@dr.ziee/video/7677510087975488775,False,409,28,46,124,"Kalau lotion cuma bikin lembap 2–3 jam, kadang masalahnya bukan karena kurang lembap, tapi skin barrier yang belum optimal sehingga hidrasi lebih gampang hilang. Makanya selain cari yang melembapkan, perhatikan juga apakah formulanya membantu support skin barrier. Salah satu contoh yg banyak ditanyain itu Vaseline Pro Derma, dy ada Hyaluronic Acid + Pro-Ceramide Complex, fragrance free, dan suitable for sensitive skin. Ingat ya, kulit lembap bukan cuma soal menambah hidrasi, tapi juga gimana kulit bisa mempertahankannya. #vaselineprodermaid #dermatologistverified @Vaseline Indonesia @Vaseline Pro Derma ID",2026-09-05T15:04:06.822734,health,2026-09-07T13:12:00.757953
drkevinmak,7627467585155517714,https://www.tiktok.com/@drkevinmak/video/7627467585155517714,False,129,12,15,20,"Capek + overthinking itu bukan cuma di pikiran… tapi bisa ganggu hormon & kesehatan wanita juga Mulai dari gampang lemes, mood swing, sampai masalah pencernaan Salah satu yang sering dilupain: jaga gut health Probiotik bisa bantu dari “dalam” Kamu lagi ngerasain juga? Cerita di komen ya 👇 #kesehatanwanita #overthinking #probiotik #guthealth #hormon",2026-09-05T19:45:58.922767,health,2026-09-07T13:12:08.865530
drkevinmak,7626260623319469319,https://www.tiktok.com/@drkevinmak/video/7626260623319469319,False,9086,101,694,1672,"“Mata udah ngantuk… tapi pikiran nggak berhenti Badan capek, tapi otak masih ‘on’. Kadang bukan overthinking—tapi tubuh belum tenang. Magnesium bisa bantu relax saraf, biar lebih gampang tidur Kamu juga gini? Komen ‘OVERTHINKING’ 👇” #tidur #magnesium #overthinking #insomnia #tipssehat",2026-09-05T19:51:05.459978,health,2026-09-07T13:12:12.798888
dr.ziee,7601024859497385234,https://www.tiktok.com/@dr.ziee/video/7601024859497385234,False,2632,10,394,366,"Mungkin kamu nggak pernah kepikiran kalo hal sesimpel ini itu habit buruk yang bikin sakit. Tips aku biar makanan-makanan kamu aman dan awet walaupun disimpen, searching dulu optimalnya simpen di mana, di suhu berapa. Karena setiap jenis makanan itu treatmentnya beda.",2026-09-05T15:49:22.995880,health,2026-09-07T13:12:17.717975
aymanalts,7633683112114834696,https://www.tiktok.com/@aymanalts/video/7633683112114834696,False,549,3,44,68,Shift Jaga kali ini membahas apakah lari bikin cepat tua?,2026-09-03T13:54:20.156574,health,2026-09-07T13:12:19.988639
bidancynthia,7676447239820037397,https://www.tiktok.com/@bidancynthia/video/7676447239820037397,False,3436,257,48,105,Teman ricy udah lewatin fase apa aja? #bayi3bulan,2026-09-07T03:22:23.658167,not_health,2026-09-07T13:12:21.618562
aymanalts,7661552275625757959,https://www.tiktok.com/@aymanalts/video/7661552275625757959,False,2552,32,6,36,#stitch with 7659795297815645453,2026-09-03T11:43:31.392779,health,2026-09-07T13:12:24.521375
dokteramiraobgyn,7616022924125916437,https://www.tiktok.com/@dokteramiraobgyn/video/7616022924125916437,False,18.5K,1702,858,2563,lepas kb suntik haid langsung memanjang normal gak sih?#fyp#,2026-09-03T23:53:05.834385,health,2026-09-07T13:12:26.227557
bidancynthia,7661126425537301781,https://www.tiktok.com/@bidancynthia/video/7661126425537301781,False,4068,105,319,370,"Di cek pembukaan sama dr obgyn detik” mau lahiran ,Menurutku cek pembukaan ga sakit kalo rileks dan ga kaku, klo bunda onlen gimana?",2026-09-07T04:10:46.196410,not_health,2026-09-07T13:12:32.632540
bidancynthia,7660743967104863508,https://www.tiktok.com/@bidancynthia/video/7660743967104863508,False,9266,243,107,377,"Makasih Mama udah bantuin dari Lahiran sampe Ricy mau 2bln, jauh” datang dari Garut - Sumbawa 🫶🏻semoga sehat” panjang Umur Nenek Ricy 🤲",2026-09-07T04:12:22.159968,not_health,2026-09-07T13:12:35.200531
bidancynthia,7619492739633368341,https://www.tiktok.com/@bidancynthia/video/7619492739633368341,False,4163,42,61,218,Selamat Lebaran Teman online Semua Minalaidzin Walfaidzin Mohon maaf Lahir Batin 😇🙏 #lebaran2026,2026-09-07T11:34:40.851436,not_health,2026-09-07T13:12:37.635649
roozzaak,7658084679702088980,https://www.tiktok.com/@roozzaak/video/7658084679702088980,False,2577,160,959,287,Membalas @Mersyhanda Tidak boleh kalau kata orang orang jadul bu 🤣 #fyp #fypシ #DokterGemoy #edukasi #edukasikesehatan,2026-09-05T21:40:29.758559,health,2026-09-07T13:12:39.329995
roozzaak,7595979504066022663,https://www.tiktok.com/@roozzaak/video/7595979504066022663,False,5239,280,680,653,Membalas @upikupik3818 #fyp #fypシ #DokterGemoy #edukasi #edukasitiktok,2026-09-06T23:28:44.217743,health,2026-09-07T13:12:40.201292
roozzaak,7633231686901468437,https://www.tiktok.com/@roozzaak/video/7633231686901468437,False,3304,409,265,256,Membalas @binor #fyp #fypシ #DokterGemoy #edukasi #edukasikesehatan,2026-09-05T22:31:51.728919,health,2026-09-07T13:12:41.045078
aymanalts,7660056043833019655,https://www.tiktok.com/@aymanalts/video/7660056043833019655,False,40.3K,657,1484,786,#stitch with 7659703239478136082,2026-09-03T11:57:18.319702,health,2026-09-07T13:12:44.577579
aliphildan,7631539994821233940,https://www.tiktok.com/@aliphildan/video/7631539994821233940,False,11K,92,112,153,yang mau tanya seputar imunisasi boleh komen yaa insyaAllah doklip jawab🫶🏻🤗✨,2026-09-02T14:09:32.097650,health,2026-09-07T13:12:47.459682
dr.deamaulidia,7613973890154433800,https://www.tiktok.com/@dr.deamaulidia/video/7613973890154433800,False,10,2,1,1,"Botol terlihat bersih tapi masih keruh atau bau? Itu bukan sekadar noda.” Residu lemak & protein dari ASI/sufor bisa menempel dan jadi tempat bakteri. Ingat: ✔️ Cuci segera ✔️ Pakai sikat lembut ✔️ Pilih pembersih food grade & cek ingredients Kalau tetap keruh, sebaiknya ganti. Safety bayi dimulai dari botolnya 🤍",2026-09-05T14:45:38.776670,health,2026-09-07T13:12:50.327125
roozzaak,7652560956760788245,https://www.tiktok.com/@roozzaak/video/7652560956760788245,False,240,29,38,66,Membalas @novitasinaga😊 #fyp #fypシ #DokterGemoy #vitaminD #vitaminD3,2026-09-05T21:48:01.542883,health,2026-09-07T13:12:51.499211
aliphildan,7592229653633338632,https://www.tiktok.com/@aliphildan/video/7592229653633338632,False,28.8K,106,527,645,"yaahh kurang lebih tanggapan doklip sama kyk mereka berdua, tonton aja video merekaaa @Ayman Alatas @Ikhsanqthii, MD *ga pake helm soalnya kurang, cm ke ujung gang kok🙏🏻",2026-09-03T09:45:18.258492,health,2026-09-07T13:13:00.929268
aliphildan,7617466753878166792,https://www.tiktok.com/@aliphildan/video/7617466753878166792,False,4236,67,307,127,"sekian tips dari saya cc @Ikhsanqthii, MD @Ayman Alatas",2026-09-02T14:45:24.449933,not_health,2026-09-07T13:13:03.805477
dokteramiraobgyn,7617784394413067540,https://www.tiktok.com/@dokteramiraobgyn/video/7617784394413067540,False,23.6K,379,1101,6254,"Banyak perempuan ngalamin ini… tapi sering dianggap “normal”. 👀. Gatal, keputihan agak bau, atau nggak nyaman saat haid sebenarnya bisa terjadi karena perubahan pH di area kewanitaan.Makanya penting banget jaga kebersihan area intim dengan produk yang bantu jaga pH seimbang.Kalau kamu punya keluhan lebih dari 3 hari, jangan ragu konsultasi ke dokter ya. Sekarang aku mau tahu deh:Keluhan apa sih yang paling sering kamu rasakan tapi sering juga kamu abaikan?👇#MewCareRoutine #BetadineForHer #MEWCareMATTERS",2026-09-03T23:51:58.006974,health,2026-09-07T13:13:06.530373
dokter.harmonospanak,7677014114903821588,https://www.tiktok.com/@dokter.harmonospanak/video/7677014114903821588,False,81,2,19,20,Praktek spesialis anak Hub admin :kak Fatimah 0812 . 3024 . 6181kak Wulan 0858 . 1565 . 2806Google Map tulis :Praktek dr.Harmono PD Sp.AAlamat :praktek pagi - sore - malamJl. Airlangga 33 Apotek Diandra Mojosari Mojokerto#konsultasigratiswalinkbio,2026-09-03T15:38:39.148366,health,2026-09-07T13:13:09.369223
drkevinmak,7604135631337360658,https://www.tiktok.com/@drkevinmak/video/7604135631337360658,False,274,55,39,86,Replying to @Nanaa kalau kamu udah pernah minum kolagen newlab? Coba spill hasilnya ya ✅ #infokesehatan #newlab #kolagen #rekomendasikolagen #sacetylglutathione,2026-09-06T10:40:41.083580,health,2026-09-07T13:13:12.218021
tirtacipeng,7645490071952575765,https://www.tiktok.com/@tirtacipeng/video/7645490071952575765,False,37400,285,1920,1424,Siapa disini yang abis lari suka langsung nongkrong tanpa bersih-bersih dulu? @Betadine Shop #WaktunyaBakteriCaw #ResetClean #SocialReady,2026-09-07T00:57:44.806170,health,2026-09-07T13:13:15.681653
roozzaak,7625852069760617749,https://www.tiktok.com/@roozzaak/video/7625852069760617749,False,245,25,4,14,Membalas @ara all fierra #fyp #fypシ #DokterGemoy #edukasi #edukasikesehatan,2026-09-05T22:51:56.722812,health,2026-09-07T13:13:22.099368
ikhsanqthii,7637528984271457556,https://www.tiktok.com/@ikhsanqthii/video/7637528984271457556,False,89600,296,4002,3746,Monggo bisa baca langsung informesyen di akunnya dokter tercinta kita @Ayman Alatas 🫶🙏,2026-09-06T17:41:22.638493,health,2026-09-07T13:13:27.163451
aymanalts,7655266755031436552,https://www.tiktok.com/@aymanalts/video/7655266755031436552,False,15.1K,108,220,129,#stitch with 7654890182142872853,2026-09-03T12:22:16.895145,not_health,2026-09-07T13:13:29.601572
drgfira,7623828020091948296,https://www.tiktok.com/@drgfira/video/7623828020091948296,False,93,22,3,25,"Namanya white spot ya, dan menandakan di bagian tersebut sangat rapuh 🥹 jadi butuh perawatan dan perlindungan khusus.. #drgfira #dentist #dentistlife #doktergigimalang #dentalwellness",2026-09-05T16:40:59.330604,health,2026-09-07T13:13:31.239080
dokter.harmonospanak,7618722700579589396,https://www.tiktok.com/@dokter.harmonospanak/video/7618722700579589396,False,43,10,1,6,,2026-09-03T17:14:33.576011,health,2026-09-07T13:13:36.231703
drkevinmak,7667223576428186898,https://www.tiktok.com/@drkevinmak/video/7667223576428186898,False,1254,15,145,415,"Please jangan abaikan gejala2 ini ya! Buanyak banget yang ujung2 nya kecolongan, kalau kamu paling sering ngalamin yang mana? #kortisol #detox #suplemen #edukasi #viralditiktok🔥",2026-09-05T17:36:21.216348,health,2026-09-07T13:13:38.792207
dr.ziee,7666037061480238343,https://www.tiktok.com/@dr.ziee/video/7666037061480238343,False,1015,3,17,87,"Campuran sabun + pasta gigi + baking soda memang bisa membuat air flush lebih berbusa dan sedikit lebih wangi. Tapi perlu dibedakan antara: ✔️ terlihat bersih ✔️ benar-benar bersih secara higienis. Pasta gigi bukan disinfektan, dan warna birunya bukan tanda toilet jadi bebas kuman. Kalau memang ingin membersihkan toilet secara efektif, tetap gunakan produk toilet cleaner yang memang diformulasikan untuk mengangkat kerak, membunuh mikroorganisme tertentu, dan menjaga kebersihan toilet.",2026-09-05T15:13:25.043887,health,2026-09-07T13:13:41.135234
tirtacipeng,7611725792824888597,https://www.tiktok.com/@tirtacipeng/video/7611725792824888597,False,2167,584,76,215,Serba serbi garam @Garam Artisan & Rempah Lokal,2026-09-07T01:44:11.568082,not_health,2026-09-07T13:13:44.888563
tirtacipeng,7672341220055649557,https://www.tiktok.com/@tirtacipeng/video/7672341220055649557,False,3078,33,170,144,Kenapa ada kasur harganya muahal banget?,2026-09-07T00:10:02.603025,health,2026-09-07T13:13:57.718345
gelarsramdhani,7643209098141420818,https://www.tiktok.com/@gelarsramdhani/video/7643209098141420818,False,144,13,7,10,Membantu memperbaiki koper jemaah haji Indonesia asal Majalengka yang rusak #haji #jemaahhaji #petugashaji,2026-09-06T13:36:03.583292,not_health,2026-09-07T13:14:00.180539
dokter.harmonospanak,7616534044385348884,https://www.tiktok.com/@dokter.harmonospanak/video/7616534044385348884,False,149,13,11,16,,2026-09-03T17:22:23.538448,not_health,2026-09-07T13:14:03.619845
dokternadiyah,7645331217235397908,https://www.tiktok.com/@dokternadiyah/video/7645331217235397908,False,394,4,147,63,"Hubungan suami istri saat haid masih sering jadi pertanyaan 🤔Sebenarnya, hal ini bukan cuma soal nyaman atau tidak, tapi juga perlu memperhatikan kebersihan dan kesehatan reproduksi.Saat menstruasi, area kewanitaan lebih sensitif sehingga risiko iritasi atau infeksi bisa meningkat jika tidak menjaga kebersihan dengan baik. Selain itu, sebagian orang juga bisa merasa lebih nyeri atau tidak nyaman selama haid.Kalau tetap memilih melakukannya, pastikan:✨ Menjaga kebersihan sebelum & sesudah✨ Mengutamakan kenyamanan kedua pihak✨ Menggunakan perlindungan bila diperlukan✨ Stop jika muncul nyeri atau keluhanYang paling penting: komunikasi dan saling menghargai kenyamanan pasangan 💙#edukasikesehatan #kesehatanreproduksi #menstruasi #creatorsearchinsights",2026-09-04T02:01:59.007126,health,2026-09-07T13:14:08.522686
wishdrboyke,7616246841360911634,https://www.tiktok.com/@wishdrboyke/video/7616246841360911634,False,3585,44,339,1055,"Cuma butuh 3 detik untuk proteksi area kewanitaan seharian! ​Gak perlu ribet, cukup semprot Wish Intimate Spray Manjakani 60ml dari dr. Boyke. ​Solusi praktis jaga kebersihan, cegah bau, dan tetap segar meski jadwal sedang padat-padatnya. ​Wajib banget #SelaluAdaDiTasMu untuk perlindungan instan kapan pun dan di mana pun. ​Klik keranjang kuning sekarang! Stok makin menipis, amankan milikmu sebelum kehabisan. ​#drboyke #IntimateSpray #KesehatanWanita #SelaluAdaDiTasMu",2026-09-07T02:56:20.024126,health,2026-09-07T13:14:10.439944
ikhsanqthii,7672402134188428564,https://www.tiktok.com/@ikhsanqthii/video/7672402134188428564,False,71500,673,500,966,@Chillda,2026-09-06T16:05:10.625440,not_health,2026-09-07T13:14:13.119531
bidancynthia,7679730707845156116,https://www.tiktok.com/@bidancynthia/video/7679730707845156116,False,1069,121,2,28,"Membalas @AzzuraAurellia Kalau belum tengkurap Stimulasi kak, Ini juga belum tengkurap sepenuhnya. Tp sabar kok ga akan lama ka",2026-09-07T03:10:16.476714,health,2026-09-07T13:14:16.614369
gelarsramdhani,7663276620135927048,https://www.tiktok.com/@gelarsramdhani/video/7663276620135927048,False,54,5,0,1,"Barakallahu fii umrik selamat ulang tahun untuk sahabat saya Kang Ghibran Maulana Suherman, S.M",2026-09-06T13:11:13.680300,not_health,2026-09-07T13:14:18.888691
dokternadiyah,7651253213965913365,https://www.tiktok.com/@dokternadiyah/video/7651253213965913365,False,12.8K,123,1336,9753,"Replying to @erta Ingin area miss V dan lipatan tampak lebih cerah? Yuk! Kenali dulu penyebabnya!Warna kulit yang lebih gelap di area selangkangan, ketiak, atau lipatan tubuh sebenarnya normal. Kondisi ini bisa dipengaruhi oleh gesekan, perubahan hormon, kehamilan, berat badan berlebih, hingga penggunaan produk yang kurang sesuai.Tips membantu mencerahkan area lipatan:✔️ Jaga kebersihan dan kelembapan kulit✔️ Gunakan pakaian yang nyaman dan tidak terlalu ketat✔️ Hindari menggaruk atau menggosok terlalu keras✔️ Pilih skincare khusus area sensitif yang aman dan terujiPerawatan yang tepat dan konsisten dapat membantu merawat kulit agar tampak lebih cerah, halus, dan sehat. 💖Sudah mulai rutin merawat area lipatan dan miss V belum?#perawatankewanitaan #missvcare #areasensitif #creatorsearchinsights",2026-09-04T02:04:25.547752,health,2026-09-07T13:14:20.802871
bidancynthia,7659501376438881556,https://www.tiktok.com/@bidancynthia/video/7659501376438881556,False,7117,66,33,176,🫶🏻🫶🏻,2026-09-07T04:15:03.720911,not_health,2026-09-07T13:14:23.134359
ikhsanqthii,7664986424256597268,https://www.tiktok.com/@ikhsanqthii/video/7664986424256597268,False,93300,670,13500,9939,"Dan kalau malam hari mau main hp, boleh coba nyalain night modenya… biar sinar birunya berkurang 👍👍",2026-09-06T16:22:11.682460,health,2026-09-07T13:14:26.730618
dokter_ika,7597238013902556424,https://www.tiktok.com/@dokter_ika/video/7597238013902556424,False,688,70,10,37,"Masuk tahun ke 7 saya mengedukasi krim2 berbahaya, bukan perkara persaingan bisnis, tapi krim yang dijual merugikan kesehatan kulit dan tubuh penggunanya… Untuk Para korban segera selamatkan kulit kalian ❤️#belajarbersamadrika #edukasidokterika #stoppenyalahgunaanobatkeras #nokrimmerkuncrit #reputasibrandsangatpenting",2026-09-03T22:51:55.447084,health,2026-09-07T13:14:29.208752
roozzaak,7677021883363085589,https://www.tiktok.com/@roozzaak/video/7677021883363085589,False,23,1,4,0,Membalas @lalapoh #fyp #fypシ #DokterGemoy #vitaminD #vitaminD3,2026-09-05T21:07:27.967255,health,2026-09-07T13:14:31.117173
dokteramiraobgyn,7603356511447895316,https://www.tiktok.com/@dokteramiraobgyn/video/7603356511447895316,False,2255,157,542,606,ayo segera pap smear sebelum kanker cervix menyerang #dokterobgynpedalaman#papua#fyp,2026-09-04T00:11:53.640136,health,2026-09-07T13:14:34.514327
aliphildan,7639678457814764808,https://www.tiktok.com/@aliphildan/video/7639678457814764808,False,14K,599,1026,117,siap mengaum @Acid 🔮,2026-09-02T12:19:29.269976,not_health,2026-09-07T13:14:38.274768
dokteramiraobgyn,7672375694835338514,https://www.tiktok.com/@dokteramiraobgyn/video/7672375694835338514,False,368,11,5,23,Tuhan akan memberi segalanya sesuai kelayakan HambaNYA! belajar jadi manusia yang ber Husnuzon pada manusia lainnya #fyp,2026-09-03T18:42:50.576494,not_health,2026-09-07T13:14:41.024318
ikhsanqthii,7664566116483747089,https://www.tiktok.com/@ikhsanqthii/video/7664566116483747089,False,23500,253,762,781,#stitch with @kakgektik demikian sekilas ingfo 👍,2026-09-06T16:23:01.822876,health,2026-09-07T13:14:48.524047
dokter_ika,7661130437334502664,https://www.tiktok.com/@dokter_ika/video/7661130437334502664,False,8530,221,171,598,"Sayangnya, visual seperti itu dapat membentuk persepsi bahwa kulit putih adalah bukti kolagen bekerja. Padahal, kulit yang sehat tidak diukur dari seberapa putih warnanya, melainkan dari fungsi skin barrier yang baik, tekstur yang terjaga, dan kondisi kulit yang sehat.So Guys, Jangan biarkan strategi marketing lebih kuat daripada ilmu pengetahuan.Karena kulit sehat bukan harus jadi lebih putih. Kulit sehat adalah kulit yang dirawat dengan cara yang benar. #belajarbersamadrika #edukasidrika #Suplemenkolagen #cintaiwarnakulitmu #jagakulitmu",2026-09-03T19:55:11.387590,health,2026-09-07T13:14:51.735462
dokter.harmonospanak,7626535848154123541,https://www.tiktok.com/@dokter.harmonospanak/video/7626535848154123541,False,97,9,19,10,"konsultasi peyakit anak gratisgabung grup WA...link di profil bio saya. Hari SENIN , RABU , JUM'AT jam 09.00 - 12.00. Saat grup dibuka utk konsultasi olehb admin.",2026-09-03T16:57:40.614116,not_health,2026-09-07T13:14:53.719295
bidancynthia,7662537321182432532,https://www.tiktok.com/@bidancynthia/video/7662537321182432532,False,2109,116,32,51,Kerasa bgt Bayi udah 2 bulan aja 🥰,2026-09-07T04:05:58.498800,not_health,2026-09-07T13:14:59.753065
aliphildan,7638904762225691922,https://www.tiktok.com/@aliphildan/video/7638904762225691922,False,3889,95,233,60,pentingnya kita cari yg sefrekuensi🤗✨,2026-09-02T12:21:59.239155,not_health,2026-09-07T13:15:06.702399
doktermatahendra,7610367373228477704,https://www.tiktok.com/@doktermatahendra/video/7610367373228477704,False,210,6,2,31,"Sudah LASIK/SMILE tapi Masih Silau? Jangan panik — ini sering terjadi, tapi ada ada perbedaan antara normal vs tanda masalah. Simak perbedaannya:Kenapa kadang terjadi silau setelah LASIK/SMILE:• Adaptasi kornea pasca ablasi → permukaan kornea belum sembuh sempurna, proses penyembuhan biomekanik kornea masih terus terjadi.• Mata kering pasca operasi → silau.• Pupil besar di malam hari → cahaya masuk ke area perifer yang belum sempurna.• Residual refraksi atau irregular astigmatism → kebutuhan enhancement di masa depan.Apa yang bisa kita lakukan sekarang: • Tetes air mata buatan rutin sesuai resep — prioritas pertama.• Jangan mengucek mata; gunakan kacamata hitam di malam hari bila perlu.• Istirahat menggunakan layer gadget berlebih & hindari menyetir malam bila silau berat.• Datang ke kontrol pasca op sesuai jadwal — banyak keluhan membaik sendiri dalam 1-3 bulan setelah biomekanik kornea semakin sempurna.Kapan harus kembali ke dokter SEGERA: • Nyeri pada mata, penurunan penglihatan mendadak, mata merah atau bercak putih pada kornea.• Jika silau berat tidak membaik setelah 3 bulan Secara umum, silau pasca LASIK atau SMILE sering normal dan membaik secara otomatis, tapi pemantauan dan perawatan (terutama untuk mata kering) sangat penting. Jangan menunggu kalau ada gejala serius ya.Kalau suka dan merasa postingan ini bermanfaat, jangan lupa buat support dengan like dan share 😁👍.Tambahkan akun ig, youtube dan tiktok @doktermatahendra ke favoritmu agar selalu update info dan tips2 kesehatan mata terbaru 🥰.Ada pertanyaan?Silahkan DM atau Cusssss ke kolom komentar 👍.#LASIK #SMILE #SilauMata #edukasimata #doktermatahendra",2026-09-04T01:21:42.377928,health,2026-09-07T13:15:07.923511
gelarsramdhani,7672263903442685202,https://www.tiktok.com/@gelarsramdhani/video/7672263903442685202,False,30,7,0,1,Membalas @alexzhandria_22tambalan gigi permanen apakah perlu diganti?,2026-09-06T13:07:45.861259,health,2026-09-07T13:15:10.636965
tirtacipeng,7591729993034632469,https://www.tiktok.com/@tirtacipeng/video/7591729993034632469,False,37300,291,1679,4484,Setelah rajin olahraga malah muncul jerawat punggung? Monggo tonton sampe abis! @Barber Daily,2026-09-07T02:14:51.153369,health,2026-09-07T13:15:12.573366
dokteramiraobgyn,7662400267199139079,https://www.tiktok.com/@dokteramiraobgyn/video/7662400267199139079,False,58.1K,2131,26.2K,16.6K,mau hamil tapi jarangan hubungan suami istri #pengenhamil#kokgitu#rutincoitus#fyp,2026-09-03T18:52:11.200504,health,2026-09-07T13:15:14.805102
drkevinmak,7673149526911307026,https://www.tiktok.com/@drkevinmak/video/7673149526911307026,False,457,34,14,132,"Rambut rontok? Jangan asal pilih vitamin ya! Cari tahu dulu penyebabnya, baru pilih vitaminnya. Share ke temen / keluarga kamu yang rambutnya lagi banyak rontok! #RambutRontok #VitaminRambut #HairHealth #TipsKesehatan",2026-09-05T17:20:15.150614,health,2026-09-07T13:15:16.929805
roozzaak,7615495880208059668,https://www.tiktok.com/@roozzaak/video/7615495880208059668,False,895,83,167,169,Membalas @oreo pink #fyp #fypシ #DokterGemoy #edukasi #campak,2026-09-06T00:31:18.659524,health,2026-09-07T13:15:19.068819
itsdoktermuda,7614918874865208597,https://www.tiktok.com/@itsdoktermuda/video/7614918874865208597,False,300700,4216,68400,14700,"Tapi aku masih percaya: berhenti rokok itu bisa. Banyak perokok akhirnya berhenti bukan karena sekadar “niat doang” Tapi karena ada titik balik dalam hidupnya yang bikin sadar. Kadang karena hal baik, kadang juga karena hal buruk. Aku sendiri memang nggak pernah merokok. Jadi mungkin gak valid kalau aku kasih tips berhenti rokok Tapi dari pengalaman melihat banyak pasien, aku belajar satu hal: Berhenti rokok itu nggak pernah cuma soal satu faktor. Bukan cuma soal niat. Bukan cuma soal lingkungan. Biasanya dua-duanya harus jalan bareng Dari dalam diri ada niat yang sungguh-sungguh, dan dari luar ada lingkungan yang mendukung. Kalau dua hal itu ketemu, pelan-pelan… yang tadinya terasa mustahil, bisa jadi kenyataan Ada yg lagi berjuang berhenti rokokk?? Semangaattt yaa",2026-09-06T21:05:07.866189,health,2026-09-07T13:15:22.066022
dokter.harmonospanak,7618510444709367060,https://www.tiktok.com/@dokter.harmonospanak/video/7618510444709367060,False,160,13,34,21,,2026-09-03T17:15:07.044297,health,2026-09-07T13:15:26.482257
roozzaak,7638457333923810580,https://www.tiktok.com/@roozzaak/video/7638457333923810580,False,79,14,1,1,Sehat sehat untuk nakes dimanapun berada. Semoga apa yang kita lakukan semuanya bisa menjadi ladang pahala. Kalian semua hebat !!! #fyp #fypシ #DokterGemoy #edukasi #edukasikesehatan,2026-09-05T22:39:36.732295,,
aymanalts,7625948104398802183,https://www.tiktok.com/@aymanalts/video/7625948104398802183,False,1167,19,9,29,#stitch with 7625421992526662919,2026-09-03T14:19:51.426064,,
roozzaak,7651413070471793941,https://www.tiktok.com/@roozzaak/video/7651413070471793941,False,1921,138,853,561,Membalas @💚 #fyp #fypシ #DokterGemoy #edukasi #edukasikesehatan,2026-09-05T21:47:21.825845,,
aymanalts,7657549092935109906,https://www.tiktok.com/@aymanalts/video/7657549092935109906,False,78.3K,412,5655,1782,Lomba DC Jaga Irama akan ada hadiah buat 3 Orang Pemenang,2026-09-03T12:11:13.170152,,
roozzaak,7625851834401377557,https://www.tiktok.com/@roozzaak/video/7625851834401377557,False,1834,135,254,179,#stitch dengan @juan eliezer #fyp #fypシ #DokterGemoy #edukasi,2026-09-05T23:32:30.977214,,
dokter_ika,7627084860410137864,https://www.tiktok.com/@dokter_ika/video/7627084860410137864,False,476,45,6,35,"Banyak kasus yang saya temui, flek justru muncul karena:kulit sering iritasi, peradangan kulit, skincare terlalu “keras” sampai barrier rusak atau perubahan hormonJadi walaupun kamu jarang keluar rumah, kalau kulit lagi sensitif… pigmentasi tetap bisa muncul.Makanya yang paling penting bukan cuma menghindari matahari, tapi juga:- Jaga skin barrier tetap sehat dan kuat - Pilih bahan aktif yang tepat dan aman Kalau kulit dijaga dengan benar, risiko hiperpigmentasi juga bisa lebih terkontrol.Jangan asal pakai skincare, kenali dulu kondisi kulit kamu #belajarbersamadrika #edukasidrika #pejuangkulitsehat #pejuangflekwajah",2026-09-03T21:02:47.199880,,
jamilatussadiyah,7596190101231783189,https://www.tiktok.com/@jamilatussadiyah/video/7596190101231783189,False,145,1,35,30,Kelas breastfeeding and newborn care @bumilpamil.id,2026-09-06T21:59:54.894106,,
drkevinmak,7592092873735032072,https://www.tiktok.com/@drkevinmak/video/7592092873735032072,False,148,28,10,54,Hayo udah berapa resep MPASI yang udah kamu ikutin? 🥶 #infokesehatan #mpasi #dokter #probiotik #proem1,2026-09-06T11:17:39.559264,,
dionharyadi,7673488948282297620,https://www.tiktok.com/@dionharyadi/video/7673488948282297620,False,3284,191,232,292,Usus buntu siapanya pikiran buntu?,2026-09-03T14:35:57.423326,,
aymanalts,7666387052602182919,https://www.tiktok.com/@aymanalts/video/7666387052602182919,False,2329,79,27,29,#stitch with 7665686886597266706,2026-09-03T11:16:32.478444,,
ikhsanqthii,7673759077301767444,https://www.tiktok.com/@ikhsanqthii/video/7673759077301767444,False,26700,253,232,415,Yang satu motoriknya jelek banget @Ayman Alatas yang satu motoriknya terlalu over @Doklip✨ | Alip Hildan 🫠🫠🫠,2026-09-06T16:01:48.327954,,
drkevinmak,7634387289027661074,https://www.tiktok.com/@drkevinmak/video/7634387289027661074,False,1252,32,62,276,"Sering ngerasa gelisah atau cemas pas ketemu banyak orang? Bisa jadi tubuh lagi “tegang” terus tanpa sadar Salah satu yang sering ke-skip: magnesium Magnesium bantu relaksasi saraf dan otot, jadi kalau kurang, tubuh lebih gampang tegang dan anxious Tapi bukan berarti semua gelisah pasti karena itu ya—tetap lihat dari overall kondisi juga #magnesium #cemas #gelisah #anxiety #kesehatanmental",2026-09-05T19:22:23.447822,,
dokter.harmonospanak,7608316955086310676,https://www.tiktok.com/@dokter.harmonospanak/video/7608316955086310676,False,467,35,155,29,,2026-09-03T17:39:12.127397,,
dokter_ika,7678333070948257042,https://www.tiktok.com/@dokter_ika/video/7678333070948257042,False,8356,341,188,408,Aturan penggunaan HB?? Kok diatur-atur? emang ada bahan apa? #belajarbersamadrika #Edukasidrika #StopHBberbahaya #jagakulitmu,2026-09-03T18:15:54.148051,,
dokter_ika,7648282184788299015,https://www.tiktok.com/@dokter_ika/video/7648282184788299015,False,36.7K,865,1552,2902,"Replying to @nurhidayahBanyak orang mengira warna kulit tubuh hanya ditentukan oleh genetik. Padahal pada banyak kasus, perbedaan warna antara area tubuh yang satu dengan yang lain lebih banyak ditentukan oleh tingkat aktivasi melanosit akibat UV, inflamasi, panas, dan gesekan yang berlangsung bertahun-tahun. Jaga kulitmu tenang, terlindungi dan nyaman, meminimalisasi melanosit bereaksi berlebihan 👍🏻 #belajarbersamadrika #edukasidrika #drIkaJawab #pahamikerjakulit",2026-09-03T20:13:58.800396,,
drkevinmak,7668333249504251154,https://www.tiktok.com/@drkevinmak/video/7668333249504251154,False,12400,362,1463,2970,Kalau kamu sering keram saat tidur ga? Coba komen dan jangan lupa tambahkan magnesium rutin untuk mencegah keram! #infokesehatan #magnesium #keram #rekomendasimagnesium #ototkaku,2026-09-05T17:33:41.648592,,
aymanalts,7680219303685180679,https://www.tiktok.com/@aymanalts/video/7680219303685180679,False,1156,93,129,22,#stitch with 7679821666767392020,2026-09-03T10:02:52.784451,,
bidancynthia,7622986660753460500,https://www.tiktok.com/@bidancynthia/video/7622986660753460500,False,3272,164,37,197,"Karna kepala udah posisi bawah semoga gemoy konsisten posisinya ,bumil tm3 yuk bantu gemoy cepat turun kenpanggul #ibuhamil #trimester3",2026-09-07T11:27:44.482456,,
drkevinmak,7606910525091368210,https://www.tiktok.com/@drkevinmak/video/7606910525091368210,False,438,11,53,62,"Replying to @Derry Kalau GERD kamu nggak sembuh-sembuh, mungkin yang kurang itu probiotik. Banyak orang fokus nurunin asam lambung. Minum obat tiap kali perih. Tapi lupa satu hal penting: keseimbangan bakteri baik di usus. Padahal saluran cerna itu satu sistem. Kalau mikrobiota usus nggak seimbang → peradangan gampang muncul → lambung jadi lebih sensitif. Makanya selain atur makan & pola hidup, jangan lupa bantu dari dalam dengan probiotik yang tepat! Inget 1x sehari ya rutin setelah makan siang #rekomendasiprobiotik #probiotik #proem1 #maag #gerd",2026-09-06T10:35:58.607584,,
itsdoktermuda,7623724003777219861,https://www.tiktok.com/@itsdoktermuda/video/7623724003777219861,False,628,12,49,112,Yg lagi punya si kecil ada pengalaman jugaa?😊 @proem1indonesia #PROEM1Indonesia,2026-09-06T20:58:48.829777,,
roozzaak,7625585341549858069,https://www.tiktok.com/@roozzaak/video/7625585341549858069,False,10600,659,1690,1323,Membalas @Mama Ryu👶 #fyp #fypシ #DokterGemoy #edukasi #edukasikesehatan,2026-09-05T22:56:28.688347,,
aymanalts,7629015007891590407,https://www.tiktok.com/@aymanalts/video/7629015007891590407,False,8214,74,118,101,Jangan sampe kalian makin memperparah kulitnya anak kalian sendiri karena salah rawatnya!#bodylotionbayi#skincareanak,2026-09-03T14:08:32.021009,,
aymanalts,7627020088838737160,https://www.tiktok.com/@aymanalts/video/7627020088838737160,False,1800,30,23,39,#stitch with 7610024972345707796,2026-09-03T14:15:30.381161,,
drkevinmak,7659978009771822344,https://www.tiktok.com/@drkevinmak/video/7659978009771822344,False,2039,15,84,384,"Nggak semua buah itu sama, apalagi kalau lagi diet. Masih pakai susu kental manis? Saatnya lebih cermat memilih. Share ke teman yang lagi diet dan tulis pendapatmu di kolom komentar. #DietSehat #TurunBeratBadan #Obesitas #Buah #SusuKentalManis",2026-09-05T18:04:17.936674,,
giapratamamd,7635868140823514388,https://www.tiktok.com/@giapratamamd/video/7635868140823514388,False,78700,893,11100,4469,"Ini adalah bagian dalam lambung. Kerjanya luar biasa: menampung makanan, mengaduk, mencampur dengan asam lambung, lalu mengirimkannya perlahan ke usus. Tapi lambung juga punya batas sabar. Untuk para wanita pencinta, sayangi lambungmu, jangan sering-sering makan seblak. Untuk laki-laki fans king MU, hati-hati juga terlalu begah. Kita sedang kenyang kemenangan. ------------------- PR : berapa volume lambung normal?",2026-09-06T14:38:32.704836,,
aymanalts,7673139922190093586,https://www.tiktok.com/@aymanalts/video/7673139922190093586,False,3347,63,27,28,,2026-09-03T10:39:29.120520,,
tirtacipeng,7644111837977513237,https://www.tiktok.com/@tirtacipeng/video/7644111837977513237,False,31700,259,1312,1280,Martabax,2026-09-07T00:59:38.989126,,
wishdrboyke,7642315729684942088,https://www.tiktok.com/@wishdrboyke/video/7642315729684942088,False,347,4,8,22,"Hey pria, apakah kamu tahu Andropause? 😵 Kali ini Dr. Boyke jelasin apa sih andropause, kapan dan apa penyebabnya... Yuk cegah masalah kesehatan pada pria ini dan... kamu wajib tonton serta bagikan agar kamu lebih teredukasi soal kesehatan #tiktokgogempar #drboyke #andropause #kesehatanpria #fypage",2026-09-07T02:37:56.917273,,
doktermatahendra,7648670357812956424,https://www.tiktok.com/@doktermatahendra/video/7648670357812956424,False,15,1,1,4,"It is a great honor for our institution @EyeQu LASIK & Eye Center to welcome and serve our very first international patient 😍. Mrs. Pennina from Austria came to us seeking freedom from glasses.After a thorough consultation and comprehensive examination, she was found to be an ideal candidate for the SMILE Pro procedure. Given her active lifestyle and love for outdoor activities, SMILE Pro was the perfect choice for her visual needs.The procedure went smoothly and comfortably. By the very next day, she was already enjoying clear vision, free from glasses, and without any post-operative discomfort.What made the experience even more memorable was the appreciation expressed by her husband, Mr. Stefan from Italy. To our surprise, he spoke Indonesian fluently—we were truly amazed! 😅We are sincerely grateful for the trust they placed in our team. The opportunity to care for patients from different parts of the world motivates us to continuously improve our services and maintain the highest standards of patient care.We hope our institution will continue to earn the trust of more patients, both from Indonesia and abroad. 🥰🙏#SMILEPro #ZEISS #FreedomFromGlasses #InternationalPatient #doktermatahendra",2026-09-04T00:54:42.300092,,
dokter_ika,7596898485010517266,https://www.tiktok.com/@dokter_ika/video/7596898485010517266,False,541,36,Share,13,#belajarbersamadrika #edukasidokterika #stoppenyalahgunaanobatkeras #reputasibrandsangatpenting #publicwarningbpom,2026-09-03T22:53:02.167327,,
aliphildan,7597342389660912904,https://www.tiktok.com/@aliphildan/video/7597342389660912904,False,581.5K,10.4K,145K,32.9K,udah yaaa cukupp✋🏻😊,2026-09-03T09:33:00.853836,,
doktermatahendra,7611188579032665351,https://www.tiktok.com/@doktermatahendra/video/7611188579032665351,False,241,4,11,48,"Fakta atau Mitos: Makan Wortel Bisa Hilangkan Minus? Hayo siapa yang pernah jadi korbannya 😅.Mitos lama: makan wortel → hilang minus. Faktanya: wortel memang baik untuk mata, tapi tidak mengobati miopia. Berikut penjelasan singkat dan apa yang benar benar efektif untuk pencegahan/progresi minus.Kenapa wortel membantu mata (fakta):• Mengandung beta karoten → prekursor vitamin A → penting untuk kesehatan retina dan penglihatan malam.• Bagus sebagai bagian diet seimbang untuk mendukung kesehatan mata secara umum.Kenapa wortel bukan solusi untuk minus (mitos):• Minus disebabkan oleh kelengkungan kornea, panjang bola mata dan faktor genetik — bukan kekurangan vitamin A.• Tidak ada bukti wortel atau suplemen vitamin A mengurangi refraksi atau “mengembalikan” minus.Intervensi yang benar untuk miopia:• Pencegahan: lebih banyak waktu di luar untuk anak (minimal 2 jam/hari menurut banyak studi).• Kontrol progresi: atropine dosis rendah, orthokeratology (lens malam), lensa soft khusus atau spectacle designs — semua harus lewat rekomendasi dan pemantauan dokter mata.• Kebiasaan harian: batasi durasi kerja dekat, pakai aturan 20 20 20, perhatikan ergonomi layar.Tips praktis hari ini:• Tambahkan wortel dan sayur hijau di piring — untuk kesehatan retina.• Ajak anak main luar setiap hari, batasi waktu layar atau screen time yang berturut turut.• Cek mata rutin tiap 6–12 bulan; cepat konsultasi kalau minus bertambah cepat.#mitosmata #miopia #wortel #20-20-20 #doktermatahendraApakah anda juga sering dipaksa makan wortel karena minus? Yuk ceritakan di kolom komentar korban mitos ini 😂",2026-09-04T01:21:26.704442,,
dokter.harmonospanak,7617997577346206997,https://www.tiktok.com/@dokter.harmonospanak/video/7617997577346206997,False,40,0,1,6,,2026-09-03T17:17:53.055632,,
tirtacipeng,7636396183501507860,https://www.tiktok.com/@tirtacipeng/video/7636396183501507860,False,5416,316,193,136,Lari santai di Edinburgh pake @Gumi Sport,2026-09-07T01:09:43.631338,,
itsdoktermuda,7600663536158788884,https://www.tiktok.com/@itsdoktermuda/video/7600663536158788884,False,182,27,17,13,"Makan sembarangan, minum es, lupa cuci tangan ujung-ujungnya bolak-balik WC 🚽 Diare sering datang saat liburan dan bikin badan lemes Yuk lebih waspada, jaga kebersihan, dan siap sedia solusi biar liburan tetap nyaman 😉 #Diatabs #LiburanTanpaDrama #DiareAwareness #JagaUsus #TravelSafe",2026-09-06T21:21:34.661134,,
ikhsanqthii,7620408411909295380,https://www.tiktok.com/@ikhsanqthii/video/7620408411909295380,False,140000,268,1353,1834,Maaf kalo mengecewakan ya pack 🙏,2026-09-06T18:16:40.800087,,
dokter_ika,7598021499685031176,https://www.tiktok.com/@dokter_ika/video/7598021499685031176,False,16.4K,691,168,785,Replying to @alfatih Siapa yang masih ketergantungan krim perawatan? eh ternyata ada kandungan yg buat adiksi / ketagihan #belajarbersamadrika #edukasidokterika #stoppenyalahgunaanobatkeras #StopsalahgunakanOBATSTEROID #publicwarningbpom,2026-09-03T22:44:31.494940,,
drkevinmak,7618391669913783570,https://www.tiktok.com/@drkevinmak/video/7618391669913783570,False,6671,56,1016,1125,"Sakit haid sering dianggap “lebay” Padahal buat banyak wanita, nyerinya bisa bener-bener mengganggu aktivitas Salah satu yang sering terlewat: kekurangan Vitamin D Padahal Vitamin D bantu modulasi inflamasi & bisa bantu meredakan nyeri haid Bukan berarti harus ditahan ya—tapi bisa mulai di-support dari dalam l Kamu tipe yang tiap haid selalu nyeri atau santai aja? Share di komentar 👇 #sakithaid #vitamind #kesehatanwanita #nyerihaid #tipsdokter",2026-09-05T20:11:06.926858,,
gelarsramdhani,7635556738690845960,https://www.tiktok.com/@gelarsramdhani/video/7635556738690845960,False,116,11,0,5,"Tips kesehatan untuk jemaah haji dalam menghadapi cuaca panas di Saudi Arabia, tetap semangat, mohon doakan para tamu Allah agar tetap sehat, kuat, dan sabar menjalani ibadah haji #haji #petugashaji #majalengka",2026-09-06T13:48:09.983398,,
dokter_ika,7667788864706202887,https://www.tiktok.com/@dokter_ika/video/7667788864706202887,False,3260,230,56,128,Ganti kemasan untuk menutupi kesalahan dulu??? Terus yang dulu bagaimana korbannya? dulu isinya Merkuri ataupun penyalahgunaan obat keras dalam kemasan berijin edar BPOM 😰 Sekarang isinya masih sama? #belajarbersamadrika #Edukasidrika #LoveYourSkin❤️ #publicwarningBPOM,2026-09-03T19:28:02.710917,,
dokteramiraobgyn,7611955889376988436,https://www.tiktok.com/@dokteramiraobgyn/video/7611955889376988436,False,7045,616,797,1318,komunikasi sebelum pernikahan tentang mau punya anak atau tidak itu sangat penting#dokterobgynpedalaman#papua#fyp,2026-09-03T23:59:01.977606,,
bidancynthia,7671612809091796245,https://www.tiktok.com/@bidancynthia/video/7671612809091796245,False,8624,366,135,469,"Bayi otw 3bulan ,Teman Ricy lagi difase apa ni? #bayi2bulan #perkembanganbayi",2026-09-07T03:37:56.317544,,
aymanalts,7668233839747140882,https://www.tiktok.com/@aymanalts/video/7668233839747140882,False,6360,603,187,94,,2026-09-03T11:03:06.004800,,
aymanalts,7629648311812738312,https://www.tiktok.com/@aymanalts/video/7629648311812738312,False,40.9K,106,221,402,"Replying to @Ikhsanqthii, MD",2026-09-03T14:06:04.341624,,
ikhsanqthii,7639537631130438929,https://www.tiktok.com/@ikhsanqthii/video/7639537631130438929,False,79500,492,558,877,Kerja dimana nih enaknya? 🥸🥸,2026-09-06T17:36:45.858662,,
aliphildan,7645968707826486536,https://www.tiktok.com/@aliphildan/video/7645968707826486536,False,13K,119,874,431,"Kalau penyakit mata bisa sembuh pakai lintah, dokter mata udah buka peternakan lintah dari dulu🫪 #fakesituation⚠️",2026-09-02T11:59:04.064122,,
doktermatahendra,7592616715201154322,https://www.tiktok.com/@doktermatahendra/video/7592616715201154322,False,141,3,45,21,"Masih percaya bintitan itu gara-gara suka ngintip orang mandi? 😂🙈 Mari kita luruskan faktanya secara medis. Bintitan, atau bahasa kedokterannya Hordeolum, itu mirip seperti jerawat. Penyebabnya bukan perilaku ""nakal"", tapi karena bakteri (biasanya Staphylococcus) dan kotoran yang menyumbat kelenjar minyak di akar bulu mata. Jadi, seberapa bahaya sih? ✅ Kabar baiknya: Sebagian besar bintitan itu self-limiting. Artinya bisa sembuh sendiri dalam 1-2 minggu dengan sistem imun tubuh. ⚠️ TAPI, ANDA HARUS WASPADA JIKA: 1. Benjolan Mengeras: Awalnya sakit, lama-lama tidak sakit tapi benjolan jadi keras kayak batu. Ini namanya Kalazion. Kalau sudah begini, biasanya butuh tindakan insisi (operasi kecil) oleh dokter mata. 2. Menyebar: Bengkak meluas sampai satu kelopak mata menutup, atau mata jadi merah sekali. 3. Kambuhan: Sembuh satu, tumbuh lagi yang baru. Ini bisa jadi alarm tubuh kalau Anda punya penyakit lain yang tidak dikoreksi, seperti gula darah tinggi (Diabetes), atau lingkungan yang kotor 🔥 Tips P3K dari Dokter Hendra: Jangan dipencet! Cukup kompres air hangat (bukan panas) selama 10-15 menit, ulangi 3-4 kali sehari. Panas membantu sumbatan minyak mencair dan keluar secara alami. Opsi terbaik? Ke dokter mata terdekat untuk dilakukan pemeriksaan langsung, akan diberikan obat dan salep mata untuk mempercepat hilangnya infeksi. Siapa yang pernah bintitan sampai berminggu-minggu nggak sembuh? Atau ada yang malah ""dioperasi"" gara-gara bintitan? Jangan lupa save postingan ini buat jaga-jaga, dan share ke teman yang sering kucek-kucek mata! #bintitan #hordeolum #matabengkak #mitoskesehatan #doktermatahendra 👇 Ceritain pengalaman ""mata bengkak"" kalian di kolom komentar ya!",2026-09-04T01:36:06.877592,,
bidancynthia,7673749203071290645,https://www.tiktok.com/@bidancynthia/video/7673749203071290645,False,110,5,2,14,Buku bayi kontras,2026-09-07T03:30:47.995338,,
aymanalts,7592256919205596434,https://www.tiktok.com/@aymanalts/video/7592256919205596434,False,34500,294,224,534,"#stitch with @Ikhsanqthii, MD",2026-09-05T14:15:51.302814,,
drkevinmak,7597427585961807122,https://www.tiktok.com/@drkevinmak/video/7597427585961807122,False,13700,172,747,3045,Bantu keluhan keputihan kamu dengan rutin probiotik 1-2 hari sekali ya! Jangan diantepin karena pasti bakal bikin masalah yang lebih besar di kemudian hari! #keputihan #newlab #probiotik #rekomendasiprobiotik #obatkeputihan,2026-09-06T11:00:54.913522,,
dr.deamaulidia,7613740320240438536,https://www.tiktok.com/@dr.deamaulidia/video/7613740320240438536,False,8,0,3,5,"Ide THR unik untuk anak-anak? 🎁✨ Bukan cuma amplop… tapi pengalaman yang bikin mereka lompat kegirangan! Tahun ini aku pilih kasih voucher bermain di TamTem Edutainment. Dan serius… ini tipe hadiah yang langsung dipakai hari itu juga, bukan disimpan di laci 😆 TamTem itu bukan sekadar playground biasa. Di sini anak-anak bisa main SEKALIGUS belajar. Konsepnya edutainment, jadi setiap wahana dirancang untuk stimulasi motorik, sosial, dan eksplorasi imajinasi mereka. Cocok banget buat mama yang nggak mau anak cuma “lari-lari”, tapi juga dapat pengalaman yang bermakna. Kalau kamu lagi cari ide buat anak sendiri atau keponakan, ini bisa jadi momen bonding yang beda. Ajak mereka ke TamTem dan lihat sendiri gimana excited-nya mereka eksplor tiap sudut wahana ✨ Lokasinya di : @Tamtem.edutainment #TamTem #TamtemEdutainment #PlaygroundTangerang #PlacetogoTangerang #JakartaHits",2026-09-05T14:46:01.244484,,
roozzaak,7608177084719975700,https://www.tiktok.com/@roozzaak/video/7608177084719975700,False,737,38,221,97,Membalas @yuliszahra #fyp #fypシ #DokterGemoy #edukasi #edukasitiktok,2026-09-06T00:32:16.088198,,
dokteramiraobgyn,7667191641320525074,https://www.tiktok.com/@dokteramiraobgyn/video/7667191641320525074,False,1600,18,70,95,sulitnya operasi pasien obesitas #perempuanobesitas#kankerrahim#fypppp,2026-09-03T18:48:34.204902,,
aliphildan,7675205323426221332,https://www.tiktok.com/@aliphildan/video/7675205323426221332,False,7144,72,45,90,Barang antik nih berkelas✨🤙🏻,2026-09-02T10:25:26.479816,,
itsdoktermuda,7601111913388477717,https://www.tiktok.com/@itsdoktermuda/video/7601111913388477717,False,3643,104,1369,516,"Menurut panduan dokter reumatologi, sayur kayak kangkung, bayam, brokoli, sama asparagus itu nggak terbukti bikin asam urat naik. Yang perlu digarisbawahi adalah asma urat paling gampang naik justru karena makanan tinggi purin dari hewan, terutama jeroan, kebanyakan daging merah, kuah kaldu yang kental, sama beberapa jenis seafood. Purin dari sayur beda ceritanya sama purin dari daging. Di tubuh kita, purin sayur itu nggak diproses se-“jahat” purin hewani. Jadi larangan “asam urat nggak boleh makan sayur hijau” itu sebenernya mitos lama yang keburu dipercaya turun-temurun Mulai sekarang jangan salah lagi ya okee",2026-09-06T21:21:03.346607,,
ikhsanqthii,7591886633075526933,https://www.tiktok.com/@ikhsanqthii/video/7591886633075526933,False,103100,929,3045,3582,"Yah… jangn pernah nyepelein sekolah dan kuliah. AI ada iya memang, tapi sekolah tetep harus. Apalagi tingkat pendidikan di Indonesia masih rendah.",2026-09-06T19:34:38.867453,,
itsdoktermuda,7612935938452229396,https://www.tiktok.com/@itsdoktermuda/video/7612935938452229396,False,3040,16,200,1016,"Sebagai orang yang hampir tiap hari olahraga, aku belajar satu hal: konsistensi itu bukan cuma soal latihan, tapi juga soal cepat tanggap sama kondisi badan. Buat aku kuncinya bukan sok kuat, tapi cepat tanggap. dengan LANGKAH CEPAT minum Neozep Forte efektif meredakan bersin-bersin, hidung tersumbat, dan hidung meler. Ayo percepat pemulihanmu! Begitu gejala awal muncul, aku langsung ambil langkah cepat biar gak ganggu aktivitas dan performa. Tidak perlu khawatir, Neozep Forte siap membantumu agar Flu tidak makin parah. Karena badan sehat = bisa tetap aktif.",2026-09-06T21:06:33.226256,,
dr.ziee,7591808948450233608,https://www.tiktok.com/@dr.ziee/video/7591808948450233608,False,2121,24,107,217,"Part 10| Hal yang lagi rame dimana-mana. Apa pandangan gen milenial ketika gen z bertanya ini? Yuk #JOEindiskuZIE dikolom komentar, menurut kamu apa plus minusnya “living together” alias kumpul kebo?",2026-09-05T15:58:10.591808,,
roozzaak,7614775004412218644,https://www.tiktok.com/@roozzaak/video/7614775004412218644,False,29,4,2,5,Membalas @Ifah Nurhalimah #fyp #fypシ #DokterGemoy #vitaminD #vitaminD3,2026-09-06T00:35:40.188726,,
roozzaak,7647726693704027413,https://www.tiktok.com/@roozzaak/video/7647726693704027413,False,29,1,2,2,Membalas @Re•yna.NL #fyp #fypシ #DokterGemoy #vitaminD #vitaminD3,2026-09-05T22:02:01.961188,,
aliphildan,7621023162494405895,https://www.tiktok.com/@aliphildan/video/7621023162494405895,False,48.8K,252,385,565,6 tahun sekolah ngapain ajee 😒,2026-09-02T14:34:06.698666,,
dokter.harmonospanak,7648492904964721940,https://www.tiktok.com/@dokter.harmonospanak/video/7648492904964721940,False,129,18,20,14,Praktek spesialis anak Hub admin :kak Fatimah 0812 . 3024 . 6181kak Wulan 0858 . 1565 . 2806Google Map tulis :Praktek dr.Harmono PD Sp.AAlamat :Jl. Airlangga 33 Apotek Diandra Mojosari Mojokerto,2026-09-03T16:19:34.191645,,
dokter_ika,7601433491808455954,https://www.tiktok.com/@dokter_ika/video/7601433491808455954,False,1035,62,11,30,"Begini kira-kira kondisnya, betul para korban krim penyalahgunaan obat keras? #stoppenyalahgunaanobatkeras #belajarbersamadrika #edukasidokterika",2026-09-03T22:27:39.556517,,
itsdoktermuda,7607414321005514004,https://www.tiktok.com/@itsdoktermuda/video/7607414321005514004,False,3845,36,5044,1236,"Keselek : biasanya masih bisa batuk, suara masih keluar, napas masih ada. Ini tubuh lagi berusaha ngeluarin sendiri Kesedak : ini bahaya. Tanda-tandanya mimik tiba-tiba panik, batuk tapi nggak ada suara, nangis tapi nggak bunyi, napas susah, bibir bisa mulai kebiruan, atau kalau anaknya udah agak gede refleks megang leher. Artinya makanan nyumbat jalan napas. Kalau sudah tanda kesedak, jangan cuma nunggu. Lakuin back blow (tepukan punggung) kaya di video Jangan ragu atau takut mukul, ini bukan nyakitin, tapi nyelametin napasnya. Intinya, kalau anak masih bisa batuk dan bersuara → awasi. Kalau nggak bisa suara dan napas terhambat → langsung back blow. Tenang, tapi gerak cepat. Karena di kondisi kesedak, detik itu berharga banget",2026-09-06T21:13:22.035073,,
gelarsramdhani,7634948514191002888,https://www.tiktok.com/@gelarsramdhani/video/7634948514191002888,False,87,3,13,5,"Kesehatan gigi dan mulut merupakan bagian penting yang tidak terpisahkan dari kesehatan secara umum, terutama dalam mendukung kelancaran pelaksanaan ibadah haji. Permasalahan pada rongga mulut dapat berdampak langsung pada kekhusyukan dan kenyamanan jemaah dalam beribadah. Selama kurang lebih 5 hari bertugas sebagai petugas haji di Madinah, saya telah menemui cukup banyak jemaah dengan berbagai keluhan terkait gigi dan mulut. Hal ini menjadi catatan penting bagi kita semua. Kesehatan gigi dan mulut jemaah haji harus dipersiapkan dengan serius, sama seperti persiapan kesehatan umum lainnya, dan sebaiknya dilakukan sejak jauh hari sebelum keberangkatan. Ini adalah tanggung jawab bersama agar jemaah dapat menjalankan ibadah dengan lebih nyaman, aman, dan khusyuk. #haji #petugashaji #doktergigi #jemaahhaji",2026-09-06T13:50:07.871668,,
ikhsanqthii,7613742843504495892,https://www.tiktok.com/@ikhsanqthii/video/7613742843504495892,False,7406,170,51,88,Kalian yang ngekos oke kan guyss?,2026-09-06T18:37:13.389044,,
tirtacipeng,7646031294882942229,https://www.tiktok.com/@tirtacipeng/video/7646031294882942229,False,20500,348,3636,1454,"Hari ini adalah Hari Tanpa Tembakau Sedunia, semoga jadi momentum untuk mulai mengurangi dan berhenti merokok Kalau belum bisa berenti ngerokok, paling ga kalian tuh jadi perokok juga harus tau diri. Jangan ngerokok di sembarang tempat, kasian org yg ga ngerokok bisa jadi perokok pasif #SehatTanpaRokok #SobatStopSebat #RelaHidup #NRT #HariTanpaTembakauSedunia",2026-09-07T00:56:38.570246,,
dionharyadi,7680134017307512085,https://www.tiktok.com/@dionharyadi/video/7680134017307512085,False,397,13,8,33,Obesitas bukan sekadar masalah porsi makan. Kadang masalahnya adalah rasa kenyang yang tidak pernah benar-benar datang.Pelajari lebih lanjut di NovoCare.id.@NovoNordisk,2026-09-03T14:30:21.085730,,
dokter_ika,7675958774246558983,https://www.tiktok.com/@dokter_ika/video/7675958774246558983,False,2057,316,64,143,Lebih pakai logika aja ya kalau ada iklan seperti ini #belajarbersamadrika #Edukasidrika #jagakulitmu,2026-09-03T18:25:59.437462,,
roozzaak,7613618111371087124,https://www.tiktok.com/@roozzaak/video/7613618111371087124,False,29,3,1,4,Membalas @Kina🐍 #fyp #fypシ #DokterGemoy #vitaminD #vitaminD3,2026-09-06T22:12:31.180637,,
roozzaak,7626904997007035669,https://www.tiktok.com/@roozzaak/video/7626904997007035669,False,18,11,4,4,Membalas @Nisa🦋 #fyp #fypシ #DokterGemoy #vitaminD #vitaminD3,2026-09-05T23:32:54.739230,,
ikhsanqthii,7598567526729108757,https://www.tiktok.com/@ikhsanqthii/video/7598567526729108757,False,319100,4043,27000,53900,Bahkan kemarin sempet ngobrol sama psikolog kalo magnesium itu emang bantu “manage” stress 👍,2026-09-06T19:16:29.458723,,
aliphildan,7624456464861515016,https://www.tiktok.com/@aliphildan/video/7624456464861515016,False,3578,243,396,60,Replying to @Ariiiik🐻 maap kemaren lupa pake skin🙏🏻,2026-09-02T14:26:25.735393,,
aymanalts,7609346212608691463,https://www.tiktok.com/@aymanalts/video/7609346212608691463,False,37500,258,3189,2682,,2026-09-05T13:47:42.183907,,
dokteramiraobgyn,7653788617902443794,https://www.tiktok.com/@dokteramiraobgyn/video/7653788617902443794,False,601,13,80,112,gmana kondisi cervix anda wahai perempuan #waspada#kankercervix#fyp#fyp#fyppp,2026-09-03T19:01:41.197671,,
dokter_ika,7615254949240491271,https://www.tiktok.com/@dokter_ika/video/7615254949240491271,False,2044,149,57,163,Para pejuang jerawat.. Semangat 🤗💪 #acnefighter #pejuangjerawat #belajarbersamadrika #edukasidokterika #stoppenyalahgunaanobatkeras,2026-09-03T21:37:26.342565,,
drrichardlee,7674614159316864277,https://www.tiktok.com/@drrichardlee/video/7674614159316864277,False,5349,130,56,259,"Nahan rindu demi Anniversary Athena ke-13. Jujur deg-degan karena biasanya suami yang live, tapi demi pasien dan tim kita, aku siap turun langsung. Bantuin ramaikan ya, teman-teman! 🥰✨ Dukung aku ya : Selasa, Tgl 18 Jam 08.00 Pagi di TikTok Shop & Shopee Live",2026-09-06T11:27:48.212875,,
bidancynthia,7645915886968212757,https://www.tiktok.com/@bidancynthia/video/7645915886968212757,False,2878,70,15,96,🫠🫠,2026-09-07T05:00:27.768976,,
dokter.harmonospanak,7613270073251319060,https://www.tiktok.com/@dokter.harmonospanak/video/7613270073251319060,False,126,9,14,20,,2026-09-03T17:30:14.419220,,
aymanalts,7597391768945970450,https://www.tiktok.com/@aymanalts/video/7597391768945970450,False,1113,27,22,25,#stitch with @KUBERA | kumpulan berita viral,2026-09-05T14:11:41.328503,,
roozzaak,7669608732212382996,https://www.tiktok.com/@roozzaak/video/7669608732212382996,False,234,42,3,16,#stitch dengan @mom&dedek khanza #fyp #fypシ #DokterGemoy #edukasi,2026-09-05T21:16:13.314771,,
roozzaak,7623967145273068821,https://www.tiktok.com/@roozzaak/video/7623967145273068821,False,9,8,0,2,Membalas @Nurmayanti #fyp #fypシ #DokterGemoy #vitaminD #vitaminD3,2026-09-05T23:45:10.346905,,
dokter.harmonospanak,7649418156854889748,https://www.tiktok.com/@dokter.harmonospanak/video/7649418156854889748,False,172,20,108,47,Praktek spesialis anak Hub admin :kak Fatimah 0812 . 3024 . 6181kak Wulan 0858 . 1565 . 2806Google Map tulis :Praktek dr.Harmono PD Sp.AAlamat :Jl. Airlangga 33 Apotek Diandra Mojosari Mojokerto,2026-09-03T16:18:30.321098,,
dokter_ika,7592089187277376786,https://www.tiktok.com/@dokter_ika/video/7592089187277376786,False,22.2K,1451,3472,1988,Atau kalian pernah tenukan ada yang lengket krimnya dengan merk yang sama? #belajarbersamadrika #edukasidokterika,2026-09-03T23:06:04.511019,,
ikhsanqthii,7665983224971054357,https://www.tiktok.com/@ikhsanqthii/video/7665983224971054357,False,582,21,21,18,Hospital Play-Play Eps.05 | Pusing karena kebanyakan kerja 🙏,2026-09-06T16:20:25.783342,,
giapratamamd,7655214845423308053,https://www.tiktok.com/@giapratamamd/video/7655214845423308053,False,4912,127,32,133,Shaf Pertama,2026-09-06T14:24:53.245285,,
ikhsanqthii,7650698552657579265,https://www.tiktok.com/@ikhsanqthii/video/7650698552657579265,False,18400,64,604,339,#stitch with @igoryoman heran gue dikit2 tekdown 😡,2026-09-06T17:05:18.792908,,
gelarsramdhani,7654432840393772296,https://www.tiktok.com/@gelarsramdhani/video/7654432840393772296,False,174,20,13,14,Membalas @azyakhira Bagaimana cara merapikan gigi? #doktergigi #gigi,2026-09-06T13:23:59.514386,,
bidancynthia,7626992738797653268,https://www.tiktok.com/@bidancynthia/video/7626992738797653268,False,1024,15,33,270,Gasabar ketemu gemooy🥰 pengen pakein baju yg lucu” #bajurajutbayi #jumpsuitrajut,2026-09-07T06:05:18.466025,,
drkevinmak,7628262920190741767,https://www.tiktok.com/@drkevinmak/video/7628262920190741767,False,112,6,22,25,"Luka kecil sering diremehkan, padahal kalau dibiarkan bisa jadi luka besar dan lama sembuh. Jangan tunggu makin parah—bersihkan, lindungi, dan bantu proses penyembuhan dengan salep luka yang tepat. #lukakecil #perawatanluka #tipskesehatan #Hansaplast #HansaplastSalepLuka",2026-09-05T19:40:58.125663,,
bidancynthia,7648242451341266197,https://www.tiktok.com/@bidancynthia/video/7648242451341266197,False,1429,116,25,187,"Lahir normal dijahit ga bun? Bubid Jahitan grade 3 perineum after lahir normal ,wow bgt rasanya tpi skrg udh mulai kering #channamix",2026-09-07T04:50:56.772770,,
aliphildan,7652361220913302791,https://www.tiktok.com/@aliphildan/video/7652361220913302791,False,37K,432,548,447,Ntah apaa….,2026-09-02T11:19:26.069641,,
wishdrboyke,7680052205617024274,https://www.tiktok.com/@wishdrboyke/video/7680052205617024274,False,84,0,7,6,"Minder karena ukuran dada ""setipis kertas""? Stop gak pede, ini faktanya! 📐✨ ​Besar kecilnya ukuran payudara itu murni faktor genetik dan hormon, bukan penentu kecantikan atau fungsi medisnya. ​Daripada minder, fokus rawat kelembapan dan kekencangan kulitnya pakai Wish Darade Lotion by dr. Boyke! 🩺❤️ ​📢 FOLLOW untuk tips wanita lainnya & KLIK LINK DI BIO buat dapatkan Wish Darade! 📲🛒 ​#drboyke #WishDarade #KesehatanWanita #PercayaDiri",2026-09-07T02:21:15.601374,,
dionharyadi,7615561248171625748,https://www.tiktok.com/@dionharyadi/video/7615561248171625748,False,674,13,58,49,Ayo Mas2/Bapak2 cuci mukanya gimana? Udah rutin belum? Jangan males ya.#Kahffacewash #Kahf #BenerBareng,2026-09-03T15:17:43.772131,,
jamilatussadiyah,7607801725809872148,https://www.tiktok.com/@jamilatussadiyah/video/7607801725809872148,False,25700,199,2572,10100,"Teknik mengedan efektif🥰 Mengedan sesuai dengan refleks alami, nafas perut dan rilekskan otot dasar panggul Dan sbnrnya kalo kontraksinya bagus bgt bisa hanya dengan nafas",2026-09-06T21:57:09.365100,,
dokter.harmonospanak,7633436565968112916,https://www.tiktok.com/@dokter.harmonospanak/video/7633436565968112916,False,195,20,60,25,Gabung grup WA...link di profil biokonsultasi gratis. Praktek spesialis anak Hub admin :kak Fatimah 0812 . 3024 . 6181kak Wulan 0858 . 1565 . 2806Google Map tulis :Praktek dr.Harmono PD Sp.A,2026-09-03T16:43:54.963901,,
aliphildan,7620650947034893586,https://www.tiktok.com/@aliphildan/video/7620650947034893586,False,2260,72,92,64,"with Terus kenapa ada yang jadi lesung pipi pas dikasih cabe?Karena kebetulan! bukan karena cabenya! Anaknya memang udah punya potensi lesung pipi, cuma belum kelihatan. Seiring waktu, baru muncul.",2026-09-02T14:36:06.246214,,
drkevinmak,7594733232348843282,https://www.tiktok.com/@drkevinmak/video/7594733232348843282,False,61500,786,4928,10700,"Kalau kamu sering keputihan tiap hari ga sih? Coba komen pengalaman kamu dibawah, jangan lupa follow juga untuk kerja probiotik! #infokesehatan #keputihan #probiotik #obatkeputihan",2026-09-06T11:12:10.076128,,
aliphildan,7667491760213544212,https://www.tiktok.com/@aliphildan/video/7667491760213544212,False,14.4K,229,722,225,"Tau gak kenapa dar*h bisa naik ke selang infus? 🩸💉Salah satu penyebabnya adalah posisi kantong infus berada lebih rendah dari pembuluh darah atau aliran infus berhenti sementara. Akibatnya, tekanan di dalam pembuluh darah bisa mendorong darah masuk kembali ke selang infus (blood backflow). Kondisi ini juga lebih mudah terjadi jika tangan yang dipasang infus terlalu sering digerakkan atau posisi infus berubah.Kalau ini terjadi, jangan panik atau mencoba membetulkan infus sendiri. Pastikan kantong infus tetap berada lebih tinggi dari lengan, kurangi gerakan pada tangan yang dipasang infus, lalu segera beri tahu perawat atau tenaga kesehatan agar aliran infus dapat diperiksa dan dikembalikan dengan aman. @Acid 🔮 #fakesituation⚠️",2026-09-02T10:48:29.795922,,
bidancynthia,7653340443383647508,https://www.tiktok.com/@bidancynthia/video/7653340443383647508,False,5887,201,158,716,Akhirnya nemu yang wort it dipake buat bayiku🥹 #Gentlybaby #calmingcream,2026-09-07T04:34:58.064350,,
bidancynthia,7678934414578994453,https://www.tiktok.com/@bidancynthia/video/7678934414578994453,False,122,1,0,11,"Bu bid setuju bgt sama dokter Indra Tarigan , soalnya perkara sabun gaboleh disepelein bun apalagi kalo buat bayi #sabunbayi #sabunmoell #rekomendasidokter #newborn #kulitsensitif",2026-09-07T03:13:10.728020,,
drkevinmak,7638534392360553746,https://www.tiktok.com/@drkevinmak/video/7638534392360553746,False,11400,214,1353,4250,"Blind ranking vitamin buat bantu kualitas tidur, menurut kamu mana yang paling worth it? Coba komen ranking versi kamu ya! Dan komen juga vitamin/suplemen apa lagi yang mau di-blind rank berikutnya #blindranking #magnesium #kualitastidur #susahtidur #vitamin",2026-09-05T19:11:11.208011,,
bidancynthia,7655276388475260181,https://www.tiktok.com/@bidancynthia/video/7655276388475260181,False,1799,20,124,540,"Semua yang selalu bubid ajarkan ke pasien,bubid terapkan juga ke anak Bubid 💕☺️ #persalinan #newborn #sabunbayi #rekomendasibidan #moellskincarebaby",2026-09-07T04:28:13.392864,,
drkevinmak,7639660460534517000,https://www.tiktok.com/@drkevinmak/video/7639660460534517000,False,689,6,64,138,Kalau kamu termasuk yang leher nya kaku ga sih? Coba magnesium 1-2 jam sebelom tidur ya ✅ #infokesehatan #magnesium #salahbantal #leherkaku,2026-09-05T19:08:28.429186,,
dokter_ika,7613337804944313608,https://www.tiktok.com/@dokter_ika/video/7613337804944313608,False,2162,57,52,135,Jadi jangan percaya iklan2 pemutih ya guys #belajarbersamadrika #edukasidokterika #jagakulitmu #cintaiwarnakulitmu,2026-09-03T21:43:46.589129,,
ikhsanqthii,7646056387713289493,https://www.tiktok.com/@ikhsanqthii/video/7646056387713289493,False,7673,62,69,177,#stitch with @Sertiana Siburian bawa ke faskes ya 👍,2026-09-06T17:18:36.229073,,
tirtacipeng,7661568375943974165,https://www.tiktok.com/@tirtacipeng/video/7661568375943974165,False,23700,306,621,511,Stress release Low cortisol Endorphin seeker,2026-09-07T00:30:47.484653,,
dokter_ika,7664952470509980935,https://www.tiktok.com/@dokter_ika/video/7664952470509980935,False,931,59,9,40,Bisnis Perawatan kulit bukan buat eksperimen atau main obat-obatan atau dokter-dokteran #belajarbersamadrika #Edukasidrika #PublicWarningBPOM #KosmetikIlegal,2026-09-03T19:36:25.759538,,
aliphildan,7609417831460965650,https://www.tiktok.com/@aliphildan/video/7609417831460965650,False,40K,77,227,676,pertemanan ini sukanya yg dadak2an!!!!😒 #ymma,2026-09-02T15:15:46.127169,,
bidancynthia,7679509318261181717,https://www.tiktok.com/@bidancynthia/video/7679509318261181717,False,674,14,6,26,Mama papa sangat ingin memberikan hak mu nak termasuk dpt 2 ini.,2026-09-07T03:11:04.767858,,
drkevinmak,7642527056118451464,https://www.tiktok.com/@drkevinmak/video/7642527056118451464,False,485,21,25,107,Hp aku dimana ya Hp kok tdi di tas ga ada ya? Buat kamu yang sering ngomong gini ke temen pasangan atau diri sendiri Udah saatnya rutin konsumsi vitamin b kompleks 👍 #vitamin #vitaminbkompleks #kesemutan #saraf,2026-09-05T18:59:25.999873,,
bidancynthia,7663925552562162964,https://www.tiktok.com/@bidancynthia/video/7663925552562162964,False,4964,216,20,121,"Sehat , selalu mama 🥹 gada kata lagi selain Terimakasih banyak 🥹💕. Skrg aku udah banyak belajar gimana cara untuk menjadi ibu untuk anak aku, bahkan yang terkadang tak kenal waktu, #ibu",2026-09-07T04:02:29.480755,,
doktermatahendra,7611544467203525906,https://www.tiktok.com/@doktermatahendra/video/7611544467203525906,False,120,2,15,23,"Sering Main Gadget? Jangan Abaikan Golden Rule 20 20 20 👀 Kerja depan layar berjam jam atau menggunakan hp dalam waktu lama, membuat mata lelah, kering, dan penglihatan dapat menjadi kabur — tapi solusinya sederhana: aturan/rule 20 20 20. Baca sampai akhir karena kita akan sertakan trik supaya teman2 bener bener konsisten.Apa itu RULE 20 20 20?• Setiap 20 menit, pandang ke objek sejauh ~6 meter (20 kaki) selama 20 detik. Sambil itu, berkedip berkali kali.Kenapa ini penting?• Mengendurkan otot fokus (akomodasi) yang tegang akibat near work berlebihan.• Meningkatkan blinking → melindungi permukaan mata dari kekeringan.• Mengurangi gejala mata lelah: kabur, silau, sakit kepala.Trik agar konsisten (dapat langsung diterapkan sekarang): 1. Pasang alarm 20 menit di ponsel/PC atau pakai extension browser. 2. Saat jeda, pandang jauh 20 detik + berkedip 5–8x. 3. Gabungkan dengan ritual2 kecil untuk peregangan: ambil air minum, berdiri sebentar, atau tarik napas panjang. 4. Atur jarak ergonomi layar: 50–70 cm dari mata, sedikit lebih rendah dari garis pandang. 5. Pakai tetes penyegar mata bila mata kering kronis (konsultasikan dokter dulu).Kapan ke dokter?• Jika keluhan menetap meski sudah rutin menerapkan 20 20 20 (mata merah terus, penglihatan turun mendadak, atau nyeri).• Jika Anda bekerja lama di layar tiap hari — cek permukaan mata & cari solusi: tear film treatment, office environment changes, atau rujukan ke spesialis mata jika diperlukan.Ringkasan cepat: 20 20 20 = proteksi mata paling gampang yang bisa kita mulai hari ini. Jadikan itu kebiasaan, bukan opsi 👍Kalau suka dan merasa postingan ini bermanfaat, jangan lupa buat support dengan like dan share ya 😁👍.Tambahkan akun ig, youtube dan tiktok @doktermatahendra ke favoritmu agar selalu update info dan tips2 kesehatan mata terbaru 🥰.Ada pertanyaan?Silahkan DM atau Cusssss ke kolom komentar 👍.#RULE20-20-20 #mataLelah #digitaleyehealth #edukasimata #doktermatahendraAnda sudah pernah dengar rules 20-20-20 ini?",2026-09-04T01:20:38.857836,,
dokter_ika,7592629513629076754,https://www.tiktok.com/@dokter_ika/video/7592629513629076754,False,13K,560,148,841,Jaga skin barrier kamu #belajarbersamadrika #edukasidokterika #jagakulitmu #totoljerawat,2026-09-03T23:04:59.301895,,
aliphildan,7671933875718802708,https://www.tiktok.com/@aliphildan/video/7671933875718802708,False,7675,290,188,91,Replying to @Doklip normal & Sume’eh aku tetep makan sehatt yaaach✨,2026-09-02T10:35:15.347363,,
bidancynthia,7629372644738993429,https://www.tiktok.com/@bidancynthia/video/7629372644738993429,False,610,5,23,123,"Luka jahitan melahirkan normal , simak sampai habis ya , #ibuhamil #lahirannorma",2026-09-07T05:55:03.350954,,
dokternadiyah,7647917475501264149,https://www.tiktok.com/@dokternadiyah/video/7647917475501264149,False,1005,23,51,291,"Siklus Haid Nggak Teratur? Pahami Cara Kerja Hormonmu! 🔍Banyak wanita menganggap remeh haid yang datangnya suka telat. Padahal, siklus haid adalah ""indikator"" kesehatan tubuh kita. Ketika hormon tidak seimbang, tubuh sedang mengirim sinyal bahwa ada yang salah di dalam. Kunci utama siklus haid yang teratur ada pada keseimbangan hormon Estrogen (yang mematangkan sel telur) dan Progesteron (yang menyiapkan rahim). Gimana cara menjaga pola hormon tetap stabil? Nutrisi Tepat: Perbanyak konsumsi makanan utuh (real food) dan kurangi makanan yang memicu peradangan.Bergerak Aktif: Olahraga ringan secara rutin bantu melancarkan sirkulasi darah.Detoks Alami: Bantu tubuh membuang racun dan meredakan peradangan menggunakan ramuan herbal kaya antioksidan.Selain memperbaiki pola makan, kamu juga bisa merutinkan konsumsi Teh hangat, kombinasi jahe, kunyit, dan rimpang pilihan di dalamnya bekerja sebagai agen anti-inflamasi alami yang menenangkan otot rahim dan merangsang peluruhan darah haid secara alami. Haid jadi lebih lancar, badan pun terasa lebih ringan!Sudahkah kamu minum yang hangat hari ini?#tehrimpang #hormon #siklushaid #wanitasehat #creatorsearchinsights",2026-09-04T02:07:49.946531,,
drkevinmak,7660549801230011666,https://www.tiktok.com/@drkevinmak/video/7660549801230011666,False,743,35,142,374,"Jangan salah lagi pilih magnesium! Sesuaikan dengan kebutuhan tubuhmu agar manfaatnya lebih optimal. Share ke keluarga atau teman yang masih bingung memilih magnesium, lalu tulis pertanyaanmu di kolom komentar. #Magnesium #Suplemen #Kesehatan #EdukasiKesehatan #TipsKesehatan",2026-09-05T18:03:52.993431,,
bidancynthia,7654535710732537109,https://www.tiktok.com/@bidancynthia/video/7654535710732537109,False,613,6,21,118,Bumil busui Jangan asal beli yang viral ya pastiin yang aman dipake,2026-09-07T04:31:50.770677,,
jamilatussadiyah,7647875152566406408,https://www.tiktok.com/@jamilatussadiyah/video/7647875152566406408,False,13100,142,12000,3556,Tips untuk puting flat Saat menyusui,2026-09-06T21:45:31.653331,,
giapratamamd,7654795428893920533,https://www.tiktok.com/@giapratamamd/video/7654795428893920533,False,6373,199,72,153,Seminar Nasional Univ.PGRI Adi Buana Surabaya,2026-09-06T14:25:42.724243,,
itsdoktermuda,7641056930395360532,https://www.tiktok.com/@itsdoktermuda/video/7641056930395360532,False,4312,113,1170,674,Pernah ketemu dokter di daerah kalian yg keilmuan jago dan ketrampilan komunikasi juga baik??,2026-09-06T20:40:21.882184,,
dokter.harmonospanak,7668526743669509396,https://www.tiktok.com/@dokter.harmonospanak/video/7668526743669509396,False,84,5,12,11,Praktek spesialis anak Hub admin :kak Fatimah 0812 . 3024 . 6181kak Wulan 0858 . 1565 . 2806Google Map tulis :Praktek dr.Harmono PD Sp.AAlamat :Jl. Airlangga 33 Apotek Diandra Mojosari Mojokerto#konsultasigratiswalinkbio #dokteranakmojosari,2026-09-03T15:48:48.923144,,
tirtacipeng,7628035045122460948,https://www.tiktok.com/@tirtacipeng/video/7628035045122460948,False,220500,1686,9841,4839,Hiburanku pas stress,2026-09-07T01:21:29.795944,,
tirtacipeng,7620741712553512212,https://www.tiktok.com/@tirtacipeng/video/7620741712553512212,False,1468,62,60,44,Serba serbi arus balik bareng @SehatAQUA #TemanAdemRamadan,2026-09-07T01:32:58.990762,,
drkevinmak,7614398662130601224,https://www.tiktok.com/@drkevinmak/video/7614398662130601224,False,444,3,5,27,"Banyak orang baru sadar setelah orang tuanya mulai sering bilang lutut sakit atau pinggang pegal. Padahal sendi juga butuh nutrisi. Salah satu yang sering direkomendasikan adalah vitamin untuk lutut dan pinggang orang tua seperti glucosamine, chondroitin, dan collagen untuk bantu menjaga kesehatan sendi. Jangan tunggu sampai mereka kesakitan baru peduli. Kadang yang mereka butuhkan cuma kita yang lebih perhatian sama kesehatannya. Orang tua kamu sering ngeluh lutut atau pinggang sakit juga? Coba cerita di komentar. #vitaminuntuklutut #vitaminuntukpinggang #sendiorangtua #kesehatansendi #tipskesehatan",2026-09-05T20:18:33.591894,,
bidancynthia,7660104748388912405,https://www.tiktok.com/@bidancynthia/video/7660104748388912405,False,8589,444,43,221,"Kerasa bgt udah mau 2 bulan aja ni Ricy ,alhamdulillah udah ga begadang lagi",2026-09-07T04:14:11.599002,,
itsdoktermuda,7605505554378689812,https://www.tiktok.com/@itsdoktermuda/video/7605505554378689812,False,24400,159,698,1483,"Psikolog & psikiater itu hebat justru karena mereka nggak mungkin bisa kerja sebaik itu kalau dirinya belum selesai sama dirinya sendiri Bayangin tiap hari denger cerita trauma, konflik keluarga, depresi, pikiran bunuh diri kalau emosinya sendiri masih berisik, gampang ke-trigger, atau belum kenal luka pribadinya, responnya pasti bias tanpa sadar Di profesi ini, alat kerjanya bukan cuma ilmu atau obat tapi kestabilan diri orangnyaaa Ada yg pernah periksa ke psikolog atau psikiater? ig: sofinaa.t",2026-09-06T21:16:04.490733,,
roozzaak,7608175036612054293,https://www.tiktok.com/@roozzaak/video/7608175036612054293,False,81,11,13,5,Membalas @Leogirlsss❤️ #fyp #fypシ #DokterGemoy #edukasi #edukasitiktok,2026-09-06T00:44:07.394474,,
bidancynthia,7674940469532478740,https://www.tiktok.com/@bidancynthia/video/7674940469532478740,False,5430,357,340,127,"Bayi ini 3hari lagi udah 3 bulan ,selesei cuti melahirkan dan ikut kegiatan lagii, kerjasamanya ya naaaak🥹 #babyboy",2026-09-07T03:25:29.950037,,
dionharyadi,7592504664873291028,https://www.tiktok.com/@dionharyadi/video/7592504664873291028,False,320.6K,4473,109.5K,28.4K,"Saya izin stitch ya @folkpku Turut berduka cita untuk almarhumah. Terima kasih juga untuk videonya yang berusaha untuk membuat orang lain lebih aware tentang bahayanya perokok pasif.Walaupun mungkin asosiasi ke kanker thymus tidak kuat, TAPI jelas hubungannya ke jenis kanker lain itu kuat dan jelas.",2026-09-03T15:25:53.963686,,
wishdrboyke,7669690824354974984,https://www.tiktok.com/@wishdrboyke/video/7669690824354974984,False,3216,128,118,388,"Ciri-ciri menopause mulai terasa padahal umur masih di bawah 40-an? Jangan diabaikan! 🩺⚠️ ​Banyak wanita yang mengira perubahan tubuh dan siklus haid yang mendadak cuma akibat stres biasa. ​Padahal, penting banget untuk melakukan pemeriksaan sejak dini untuk memastikan apakah itu gejala menopause normal atau justru menopause dini. ​Penasaran apa saja tanda-tandanya dan langkah pemeriksaan yang tepat? Yuk, tonton penjelasan lengkap dr. Boyke di video ini! ✨ ​📢 FOLLOW untuk informasi kesehatan wanita lainnya, dan SHARE video ini ke orang terdekatmu agar makin paham! 🙌 ​#drboyke #KesehatanWanita #MenopauseDini",2026-09-07T02:26:56.770346,,
dionharyadi,7627790759470599444,https://www.tiktok.com/@dionharyadi/video/7627790759470599444,False,192.3K,4046,42.8K,24.2K,"Saya izin remix ya @fitwithcipa Kok bisa diabetes bikin koma? Nah ini saya coba jelasin, semoga cukup sederhana ya penjelasannya. Atau belum?Next bahas apa lagi ya? Seru juga bahas begini ☺️",2026-09-03T14:51:27.237373,,
ikhsanqthii,7677002948806724865,https://www.tiktok.com/@ikhsanqthii/video/7677002948806724865,False,117700,2378,35600,6958,Obat cacing 👍 jgn lupa,2026-09-06T15:48:59.013416,,
aymanalts,7675388762720980242,https://www.tiktok.com/@aymanalts/video/7675388762720980242,False,4729,57,44,34,#stitch with 7660836255466294535,2026-09-03T10:27:53.577202,,
ikhsanqthii,7591110475409083668,https://www.tiktok.com/@ikhsanqthii/video/7591110475409083668,False,3325,46,103,55,"#stitch with @News flash pedia intinya… rabies itu menular, jadi… kalo ini beneran biar jadi pelajaran bua temen temen2 di luar sana kalo anjing yg uda kena rabies itu jgn di konsumsi 😀👍",2026-09-06T19:38:05.186563,,
aymanalts,7601464858688720135,https://www.tiktok.com/@aymanalts/video/7601464858688720135,False,1326,28,10,21,#stitch with @Pantau diet daddy,2026-09-05T14:03:46.461696,,
dokter_ika,7598723678221667592,https://www.tiktok.com/@dokter_ika/video/7598723678221667592,False,168,30,4,8,Replying to @Raina karim Saat sudah kenal kulitmu akan lebih mudah merawatnya kan? 🤗❤️ Semangat jaga kulitnyaa #belajarbersamadrika #edukasidokterika #loveyoursel #jagakulitmu,2026-09-03T22:39:53.207727,,
giapratamamd,7626355491878210836,https://www.tiktok.com/@giapratamamd/video/7626355491878210836,False,88600,755,3300,10500,"Tubuh kita punya sistem detoks sendiri, utamanya melalui hati dan ginjal. Hanya sebagian kecil lewat keringat. Jadi keringat itu sebenarnya cuma bagian dari mekanisme pendinginan tubuh, bukan jalur pembuangan racun. Ibarat yang ‘menyaring dan membuang’ itu organ dalam, bukan kulit di ketiak. #antiperspirant #antiperpsirantkorea #ownskin #ultimateantiperspirant #ketiak",2026-09-06T14:47:53.113336,,
aymanalts,7641798130383555858,https://www.tiktok.com/@aymanalts/video/7641798130383555858,False,2158,189,16,25,"Pentingnya kompetensi dalam memberikan edukasi. Karena tanpa dasar keilmuan, informasi yang disampaikan bisa jadi missleading dan berbahaya.Simak lanjutannya bareng Dok @Ikhsanqthii, MD yaa#shiftjaga",2026-09-03T13:25:37.731482,,
dr.ziee,7663440162407468296,https://www.tiktok.com/@dr.ziee/video/7663440162407468296,False,171,7,3,40,"#stitch with @Dr. Meenal | Dermatologist Azelaic acid itu salah satu ingredient yang menarik secara medis: bantu jerawat, kemerahan, dan bekas pascainflamasi.",2026-09-05T15:15:29.219935,,
dr.ziee,7660826391507766546,https://www.tiktok.com/@dr.ziee/video/7660826391507766546,False,2068,45,31,128,"Kalau mau tinted lip balm, lebih aman pakai produk yang memang dibuat untuk bibir. Atau kalau bibir lagi kering banget, pakai petroleum jelly polos aja, tanpa dicampur eyeshadow, parfum, atau pewarna random.",2026-09-05T15:17:38.933495,,
ikhsanqthii,7591393457260956948,https://www.tiktok.com/@ikhsanqthii/video/7591393457260956948,False,20700,568,443,457,Benerin biji mata lo @ netizen STOP NGETAG GUE 🫵,2026-09-06T19:37:13.097551,,
roozzaak,7637412115157929237,https://www.tiktok.com/@roozzaak/video/7637412115157929237,False,29,9,0,3,Membalas @ms cindy #fyp #fypシ #DokterGemoy #kapsulikangabus #edukasi,2026-09-05T22:45:04.117349,,
ikhsanqthii,7604014226063068437,https://www.tiktok.com/@ikhsanqthii/video/7604014226063068437,False,23200,80,597,1235,Ini infooo penting bgttt jgn lupa disebarinnn guyss 👍👍👍 karena ternyata ini termasuk kasus GAWAT DARURAT,2026-09-06T19:03:19.428956,,
gelarsramdhani,7633324956398537991,https://www.tiktok.com/@gelarsramdhani/video/7633324956398537991,False,7285,169,272,445,"Komunikasi efektif adalah komunikasi dua arah yang saling mengerti dan memahami. Agar benar-benar dipahami, informasi harus disampaikan dengan bahasa yang dimengerti. Sebagian besar jemaah haji Indonesia adalah lansia, bahkan banyak yang baru pertama kali naik pesawat. Karena itu, pendekatan dengan bahasa Sunda atau bahasa daerah lainnya terbukti lebih efektif berdasarkan pengalaman di lapangan. Penyampaian jadi lebih mudah dipahami, lebih dekat, dan lebih menyentuh sisi pemahaman jemaah. Petugas Haji Kloter KJT 06 Majalengka Jawa Barat #petugashaji #haji #ibadahhaji",2026-09-06T13:57:03.714214,,
aymanalts,7600726915275640072,https://www.tiktok.com/@aymanalts/video/7600726915275640072,False,1866,29,48,67,#stitch with @detik.com,2026-09-05T14:05:23.335396,,
aliphildan,7674965027702689045,https://www.tiktok.com/@aliphildan/video/7674965027702689045,False,83K,181,2075,1675,Pada ikutan lomba apa gaisss hari ini?✨🇮🇩,2026-09-02T10:26:05.447757,,
dionharyadi,7678219410523639061,https://www.tiktok.com/@dionharyadi/video/7678219410523639061,False,3909,262,119,162,He he heProblem negara lain begini ya ternyata hmmmm,2026-09-03T14:32:53.882273,,
dr.deamaulidia,7609319201244728584,https://www.tiktok.com/@dr.deamaulidia/video/7609319201244728584,False,13,2,9,10,Playground tanpa batas waktu yang bersih luas dan mainannya banyak banget di @FRUITCITY Indonesia CBD Ciledug HTM nya 35k aja #playgroundanak #playgroundbintaro #playgroundmurah #playgroundtangsel #rayapenuhrasa,2026-09-05T14:48:15.079007,,
bidancynthia,7661043757923470612,https://www.tiktok.com/@bidancynthia/video/7661043757923470612,False,2743,139,13,82,"Lahir berat 2,8 skrg udah makin berat aja klo digendong 🫶🏻ricy bentar lgi imunisasi DPT1 yeeee🧑‍🩰",2026-09-07T04:11:32.273377,,
dokter.harmonospanak,7639141570658176277,https://www.tiktok.com/@dokter.harmonospanak/video/7639141570658176277,False,7187,318,6079,3148,Alamat praktekJl. Airlangga 33Apotek Diandra Mojosari Mojokerto Hub admin :kak Fatimah 0812 . 3024 . 6181kak Wulan 0858 . 1565 . 2806Google Map tulis :Praktek dr.Harmono PD Sp.A,2026-09-03T16:34:35.854628,,
drrichardlee,7601513592269163797,https://www.tiktok.com/@drrichardlee/video/7601513592269163797,False,27100,625,229,1126,Dapet hadiah terus dr ust khalid.. ini sajadah ke 2.. #latepost,2026-09-06T12:39:07.503183,,
itsdoktermuda,7641828688455060757,https://www.tiktok.com/@itsdoktermuda/video/7641828688455060757,False,6643,45,1270,1263,Ada yg udah bisa rutin berjemurr? Udah rutin berapa lamaa?? #Blackmores #BioD #VitDCepatDiserapEfekMaksimal,2026-09-06T20:39:25.186334,,
ikhsanqthii,7618169787897711873,https://www.tiktok.com/@ikhsanqthii/video/7618169787897711873,False,62900,281,1426,4377,Dan hati-hati2 biasanya serangan jantung mulai banyak pas lebaran 🫠🫠🫠,2026-09-06T18:23:57.778201,,
aliphildan,7610302140799651079,https://www.tiktok.com/@aliphildan/video/7610302140799651079,False,2325,35,72,30,kureng apa lagiii gueeeee!?!?!??? #doklip,2026-09-02T15:11:26.996554,,
itsdoktermuda,7658453716814564628,https://www.tiktok.com/@itsdoktermuda/video/7658453716814564628,False,100,3,4,21,Manusia di level berapapun hidupnya pasti selalu cepat senang dan cepat susahh Jangan lupa bersyukur yaa,2026-09-06T20:17:20.819979,,
aliphildan,7633644206245907730,https://www.tiktok.com/@aliphildan/video/7633644206245907730,False,8176,121,285,147,vaksin F3 nya jangan lupa yaa pawrents💉😉,2026-09-02T12:36:26.090086,,
drkevinmak,7666849220871130386,https://www.tiktok.com/@drkevinmak/video/7666849220871130386,False,2335,48,237,504,Kalau kamu ada tanda2 yang mana nih? Coba komen dibawah ya 🫡 #infokesehatan #vitaminb12 #kesemutan #tipskesehatan #sariawan,2026-09-05T17:42:30.515655,,
drrichardlee,7678539435155131669,https://www.tiktok.com/@drrichardlee/video/7678539435155131669,False,101700,2340,1228,5488,"Semoga semua masalah ini segera berakhir dengan kebaikan, masih dalam rangka anniversarry @klinik_kecantikan_athena bulan ini kita, live terakhir di hari jumat tanggal 28, mulai dari jam 8 pagi di tiktok dan shopee",2026-09-06T11:26:17.337813,,
dokter_ika,7653467320077061383,https://www.tiktok.com/@dokter_ika/video/7653467320077061383,False,5842,82,81,340,Chapel in the house ❤️ #ThankyouGOD,2026-09-03T20:09:21.352097,,
dokter_ika,7662351642477612306,https://www.tiktok.com/@dokter_ika/video/7662351642477612306,False,1149,124,10,49,Peringatan penjual krim berbahaya #belajarbersamadrika #Edukasidrika #krimberbahaya #stoppenyalahgunaanobatkeras #jagakulitmu,2026-09-03T19:50:14.721529,,
ikhsanqthii,7655632067161607425,https://www.tiktok.com/@ikhsanqthii/video/7655632067161607425,False,20800,98,148,231,Replying to @callmen002 klarifikesyen 🙏🙏🙏,2026-09-06T16:50:43.715549,,
roozzaak,7619120564237602068,https://www.tiktok.com/@roozzaak/video/7619120564237602068,False,188,11,139,57,"Membalas @iniakuuu Gejala batuk pilek pada anak bisa diredakan dengan memberikan essential oil seperti cessa dan atau transpulmin. Berikan pada anak setelah mandi pagi, sore, atau saat hendak tidur #fyp #fypシ #DokterGemoy #cessa #transpulminbaby",2026-09-06T00:08:05.717362,,
roozzaak,7607982697381776660,https://www.tiktok.com/@roozzaak/video/7607982697381776660,False,222,24,12,34,Membalas @syut #fyp #fypシ #DokterGemoy #vitaminD #vitaminD3,2026-09-06T22:49:03.080233,,
ikhsanqthii,7624157641656241429,https://www.tiktok.com/@ikhsanqthii/video/7624157641656241429,False,43300,337,925,3923,Aku doain semoga kalian semua yg udah nonton video ini bisa segera diundang ke tanah suci ya… aamiinnn,2026-09-06T18:08:59.018100,,
tirtacipeng,7659638255645773076,https://www.tiktok.com/@tirtacipeng/video/7659638255645773076,False,24300,314,1032,497,Recovery run 2 hari pasca marathon di sydney,2026-09-07T00:33:39.851502,,
dokter_ika,7633680819118214418,https://www.tiktok.com/@dokter_ika/video/7633680819118214418,False,9105,471,550,870,Krim yang bikin putih dalam 3 hari itu bukan keajaiban. Itu bahaya yang belum kamu lihat #DrIkaJawab #MerkuncritBahaya #AwasKrimMerkuri #belajarbersamadrika #edukasidrika,2026-09-03T20:40:28.564283,,
roozzaak,7664787447137570069,https://www.tiktok.com/@roozzaak/video/7664787447137570069,False,809,93,62,79,Membalas @Desy Pradita #fyp #fypシ #DokterGemoy #edukasi #edukasikesehatan,2026-09-05T21:23:36.284063,,
dokter_ika,7609835455009377554,https://www.tiktok.com/@dokter_ika/video/7609835455009377554,False,3553,185,81,276,Setelah semuanya dijalankan dengan ikhlas dan saat ini sudah lebih tenang dan nyaman sama kulitnya dan tentu saja bayak menginspirasi dan semangat buat pejuang lainnya 🤗❤️❤️❤️ Terima kasih buat kesabaran dan tekad untuk pulih @IntanAL | acne fighter Begitu hebatnya kulit kita jika dirawat dengan tepat 🤩 #belajarbersamadrika #edukasidokterika #Cantikversimu #skincareanbersamadricha,2026-09-03T22:04:37.046190,,
dr.ziee,7618144227205123349,https://www.tiktok.com/@dr.ziee/video/7618144227205123349,False,12300,31,376,1166,"Satu “misteri” yang dialamin sama banyak cewek Indonesia, tapi sebenernya ini bisa diatasin dan caranya juga simple asal kamu tahu fakta ini! #rambut #kerastaseid #kerastasegenesis @Kérastase Indonesia",2026-09-05T15:39:33.706975,,
aymanalts,7628900859975355655,https://www.tiktok.com/@aymanalts/video/7628900859975355655,False,33K,63,384,1441,Jangan sampe kalian makin memperparah kulitnya anak kalian sendiri karena salah rawatnya!#bodylotionbayi#skincareanak,2026-09-03T14:09:08.542749,,
ikhsanqthii,7659937882123128085,https://www.tiktok.com/@ikhsanqthii/video/7659937882123128085,False,184100,911,11200,15400,"Demikian sekilas ingfo 👍👍 Btw boleh liat penjelasan dr@dr.Danar Wicaksono,MSc.,SpDVE yg lebih lengkapnya yaa",2026-09-06T16:37:20.050963,,
roozzaak,7595976284191165714,https://www.tiktok.com/@roozzaak/video/7595976284191165714,False,3207,242,347,276,Membalas @WiNnie #fyp #fypシ #DokterGemoy #edukasi #edukasitiktok,2026-09-06T23:31:26.498755,,
tirtacipeng,7639350529004490005,https://www.tiktok.com/@tirtacipeng/video/7639350529004490005,False,47600,276,1817,3084,Serba serbi boyoken,2026-09-07T01:04:03.783043,,
roozzaak,7604058100903021844,https://www.tiktok.com/@roozzaak/video/7604058100903021844,False,263,14,107,50,Membalas @anjely #fyp #fypシ #DokterGemoy #edukasi #edukasitiktok,2026-09-06T22:56:41.732055,,
tirtacipeng,7598372397242174727,https://www.tiktok.com/@tirtacipeng/video/7598372397242174727,False,11600,380,775,802,Buat temen2 usia 40 tahun ke atas yang skrng rutin olahraga. Tonton ya,2026-09-07T01:59:26.200836,,
drkevinmak,7598010669388123410,https://www.tiktok.com/@drkevinmak/video/7598010669388123410,False,160,11,10,21,"Aku sering jemuran, masih perlu vitamin D nggak?” Jawabannya: bisa iya, bisa nggak. Karena vitamin D dari matahari dipengaruhi banyak faktor: – jam jemur – durasi – warna kulit – sunscreen – aktivitas harian Jadi walaupun sering jemuran, belum tentu kadarnya cukup. Kalau mau pasti → cek lab. Kalau belum → boleh maintenance dose yang aman. Siap 👍 #VitaminD #EdukasiKesehatan #DokterMenjawab #TipsSehat #ceklab",2026-09-06T10:59:36.944874,,
aymanalts,7675758019015216391,https://www.tiktok.com/@aymanalts/video/7675758019015216391,False,36.9K,595,3317,608,#stitch with 7675334268968652053 rekomendasi aku,2026-09-03T10:26:03.990947,,
aymanalts,7654979916387093778,https://www.tiktok.com/@aymanalts/video/7654979916387093778,False,19.8K,239,210,409,Replying to @Gek Widyaa🌝💫,2026-09-03T12:23:11.561947,,
ikhsanqthii,7605260625496788244,https://www.tiktok.com/@ikhsanqthii/video/7605260625496788244,False,112500,1059,4631,4494,Jadi begitulah info setelah saya telaah… kayaknya varietas yg biasa dibuat makan “edamame”juga sama deh kyk varietas yg dipake buat tempe/tahu 🤔🤔,2026-09-06T19:01:04.171019,,
bidancynthia,7659260968676953365,https://www.tiktok.com/@bidancynthia/video/7659260968676953365,False,2449,50,68,271,Membalas @Tikaaaaa 🐬 hpl Juni juli udah pada meluncur belum?,2026-09-07T04:16:05.003221,,
ikhsanqthii,7670111157025705237,https://www.tiktok.com/@ikhsanqthii/video/7670111157025705237,False,39600,471,973,1028,Siapa yang baru tau kluwek ada racunnye?,2026-09-06T16:09:34.507352,,
drrichardlee,7600563813993221396,https://www.tiktok.com/@drrichardlee/video/7600563813993221396,False,1896,82,178,121,"Penting nya untuk mencari data valid dulu, Jika tidak benar maka jatuhnya framing dan dapat menghancurkan hidup org lain.. Dari kasus bapak ini kita belajar, yg teriak2 paling kenceng blm tentu benar.. yg diam bukan artinya salah. Klo ada reseki untuk bertemu saya mau kasi rezeki untuk bapak nya.. @donnyra segera cari ya.. ❤️",2026-09-06T12:39:59.700336,,
doktermatahendra,7634896492053941522,https://www.tiktok.com/@doktermatahendra/video/7634896492053941522,False,379,2,7,62,"Terima kasih atas kepercayaan dok @ghaisanihumairah dan dok @doktersanifparu ke tim kami di @eyequ.id Primaya Hertasning Makassar 🥰Minus dan silinder yang sudah belasan tahun mengganggu, akhirnya dapat dihilangkan dengan teknologi terbaru #Zeiss dari JermanSelamat dok, selamat menikmati mata barunya, selamat menikmati indahnya dunia dengan #Bebaskacamata 🥰👍🙏#SmilePro #Bebaskacamata #doktermatahendra",2026-09-04T01:03:33.636425,,
drkevinmak,7634384461907479816,https://www.tiktok.com/@drkevinmak/video/7634384461907479816,False,5119,166,974,1597,"Sering anxiety? Bukan karena kamu “terlalu mikir”… tapi karena terlalu lama diam Semakin dipikirin, biasanya makin muter di kepala Coba ubah: mulai gerak • Jalan sebentar • Rapihin sesuatu kecil • Kerjain hal simpel dulu Gerakan kecil bisa bantu “break” loop overthinking di otak Nggak harus langsung tenang, tapi setidaknya kamu nggak stuck di pikiran sendiri #anxiety #overthinking #mentalhealthtips #gerakdulu #manajemenstress",2026-09-05T19:23:33.433907,,
dokteramiraobgyn,7619547669207207188,https://www.tiktok.com/@dokteramiraobgyn/video/7619547669207207188,False,632,24,5,13,"Ibuku yang selalu berlinangan airmata ketika mendoakan anak2nya, Hatinya rapuh bukan karna ia lemah tapi karna ia akan kalah jika anaknya salah melangkah. Ia hidup bukan untuk dirinya tapi Demi bermunajat pada sang Pencipta demi buah hatinya. #ibukupahlawanku#fyp",2026-09-03T23:49:48.250160,,
dokter.harmonospanak,7616211717369908500,https://www.tiktok.com/@dokter.harmonospanak/video/7616211717369908500,False,63,2,12,7,,2026-09-03T17:23:22.281868,,
aymanalts,7612971963455147282,https://www.tiktok.com/@aymanalts/video/7612971963455147282,False,6153,285,194,197,#stitch with @phoni,2026-09-05T13:40:37.802841,,
spesialist.kesehatan,7680173413859675393,https://www.tiktok.com/@spesialist.kesehatan/video/7680173413859675393,False,40,0,8,6,Seberapa penting medical check-up buat kamu? Yuk simak sampai akhir #spesialistkesehatan #tipskesehatan #edukasikesehatan #sehatgamahal #Ralieclass,2026-09-06T23:39:40.003380,,
roozzaak,7625830887032229140,https://www.tiktok.com/@roozzaak/video/7625830887032229140,False,20,2,0,1,Membalas @Nita kucing #fyp #fypシ #DokterGemoy #vitaminD #vitaminD3,2026-09-05T23:35:03.964335,,
aymanalts,7658134089626635527,https://www.tiktok.com/@aymanalts/video/7658134089626635527,False,2179,32,29,27,"In this situation udah banyak banget macemnya, coba deh komen kalian ada yang ngerti ga ini inovasi dari brand mana#Sunlotionanak #Bodylotionspf",2026-09-03T12:08:31.163916,,
bidancynthia,7627904716554423573,https://www.tiktok.com/@bidancynthia/video/7627904716554423573,False,1574,21,38,473,diapers bayi atau underpad ? #bayi,2026-09-07T06:01:33.721657,,
dokter.harmonospanak,7655904479480401173,https://www.tiktok.com/@dokter.harmonospanak/video/7655904479480401173,False,398,24,165,150,Praktek spesialis anak Hub admin :kak Fatimah 0812 . 3024 . 6181kak Wulan 0858 . 1565 . 2806Google Map tulis :Praktek dr.Harmono PD Sp.AAlamat :Jl. Airlangga 33 Apotek Diandra Mojosari Mojokerto#konsultasigratiswalinkbio #dokteranakmojosari,2026-09-03T16:07:25.955940,,
roozzaak,7617305669217193236,https://www.tiktok.com/@roozzaak/video/7617305669217193236,False,55,12,10,15,"Membalas @𝐡𝐚𝐥𝐥𝐨, 𝐢𝐧𝐢 𝐫𝐚𝐢𝐢 #fyp #fypシ #DokterGemoy #vitaminD #vitaminD3",2026-09-06T00:20:39.420681,,
dokter_ika,7613234409197604104,https://www.tiktok.com/@dokter_ika/video/7613234409197604104,False,163,8,6,3,Gembira banget ya 🤩🥳 Terima kasih guys 🤗🤗 @Verra | Brand Strategy 360 @Nur tya | Pejuangkulitsehat @Philipskwok,2026-09-03T21:44:07.054231,,
dokter_ika,7593228286386326802,https://www.tiktok.com/@dokter_ika/video/7593228286386326802,False,35K,1435,2626,2217,PUTAH PUTIH DI SKIP AJA SAY #belajarbersamadrika #edukasidokterika #hbberbahaya,2026-09-03T23:03:54.821475,,
dr.deamaulidia,7667912191030480146,https://www.tiktok.com/@dr.deamaulidia/video/7667912191030480146,False,24,2,0,0,"Terakhir kali main 15 tahun yang lalu, seru juga ya ternyata main drum lagi #drum #fukaimori #inuyasha #drummer #tutorialdrum",2026-09-05T14:34:36.943175,,
aymanalts,7648666691685076231,https://www.tiktok.com/@aymanalts/video/7648666691685076231,False,4668,103,57,63,#stitch with 7648635354550996244,2026-09-03T12:56:15.235617,,
dokter.harmonospanak,7614334197758561556,https://www.tiktok.com/@dokter.harmonospanak/video/7614334197758561556,False,161,19,38,11,,2026-09-03T17:26:43.935052,,
dokter.harmonospanak,7610703641179098389,https://www.tiktok.com/@dokter.harmonospanak/video/7610703641179098389,False,1762,123,273,325,,2026-09-03T17:35:14.157236,,
drkevinmak,7679456920855497992,https://www.tiktok.com/@drkevinmak/video/7679456920855497992,False,116,4,4,33,3 poin penting supaya kamu nggak sia-sia minum probiotik Share ke teman yang rutin minum probiotik dan komen kalau mau bahas cara pilih probiotik yang tepat. #Probiotik #GutHealth #KesehatanPencernaan #Suplemen #TipsKesehatan,2026-09-05T16:54:27.853208,,
dokter_ika,7622116919310552327,https://www.tiktok.com/@dokter_ika/video/7622116919310552327,False,37.1K,2001,810,2297,Kalau sudah nakals sulit bertobat!!! #belajarbersamadrika #edukasidrika #jagakulitmu #stoptoksikkrim #saveyourskin,2026-09-03T21:16:37.365885,,
dr.ziee,7657059479732636935,https://www.tiktok.com/@dr.ziee/video/7657059479732636935,False,9078,346,574,2285,"Banyak banget yang tag aku di video Abel kemarin, jadi aku coba jelasin ya 🤍 izin stitch ya bel 🙏🏻 Salah satu hal yang sering dikaitkan dengan diaper rash itu bukan cuma popoknya, tapi juga iritasi berulang di area kulit bayi. Misalnya dari gesekan saat membersihkan, kondisi kulit yang lembap, atau penggunaan tissue basah dengan kandungan yang terlalu harsh untuk kulit bayi yang masih sensitif. Makanya menurutku, penting banget pilih baby wipes yang lembut, minim iritasi, dan nyaman dipakai berkali-kali jika memang dibutuhkan. Boleh juga cari yg mengandung bahan untuk kesehatan kulit kayak Saccharide Isomerate atau Pentavitin. Karena buat bayi, yang “kelihatannya sepele” bisa banget berpengaruh ke skin barrier mereka. #tissuebasah #DiaperRash #KulitBayi #DrZie #babywipes",2026-09-05T15:19:33.521286,,
bidancynthia,7638781921513721109,https://www.tiktok.com/@bidancynthia/video/7638781921513721109,False,9308,262,31,175,🥹 Garut - Sumbawa,2026-09-07T05:22:31.063644,,
ikhsanqthii,7592554454361148689,https://www.tiktok.com/@ikhsanqthii/video/7592554454361148689,False,2027,141,30,23,Replying to @Dewicans MAAFKAN AKU 🙏🙏🙏🙃🙃 krn bau tau harga jualnya ternyata mahalzzz 🙏🙏🙏🙃,2026-09-06T19:32:15.734453,,
wishdrboyke,7678151955847384328,https://www.tiktok.com/@wishdrboyke/video/7678151955847384328,False,164,1,27,21,"""Seru di Awal, Hancur di Akhir!"" Ini Risiko Tersembunyi Seks Bebas Menurut dr. Boyke! 🫣💥 Banyak yang mikir efek buruk seks bebas itu cuma seputar penyakit menular aja... Padahal ada bahaya laten lain yang dampaknya jangka panjang dan sering banget kejadian! 🚨 Ternyata dr. Boyke membocorkan satu risiko besar yang jarang disadari orang-orang! Efeknya Baru Kerasa Pas Sudah Menikah! 😱⚠️ Kebiasaan berganti pasangan atau mencoba hal impulsif sebelum menikah bisa bikin: ✨ Sensasi keintiman jadi cepat terasa hambar & membosankan. ✨ Standar kepuasan jadi berlebihan dan tidak realistis. ✨ Keharmonisan & ikatan emosional sama pasangan resmi malah terganggu! Momen yang harusnya hangat dan sakral, malah terasa biasa aja gara-gara rasa jenuh yang menumpuk. Jaga Kualitas Hubungan & Keharmonisan Pasutri! 🩺✨ Hubungan yang awet dan bahagia itu dibangun dari kesetiaan, komunikasi yang sehat, dan komitmen bersama. Imbangi juga kesehatan tubuh & organ reproduksi kamu bareng Wish dr. Boyke & Co. agar keharmonisan rumah tangga tetap terjaga setiap hari! ❤️ Menurut kamu, faktor apa nih yang paling penting buat menjaga rasa ""cinta"" sama pasangan biar gak gampang bosan? Yuk, tulis pendapat kamu di kolom komentar! 👇💬 #DRBoyke #EdukasiPasutri #TipsHarmonis",2026-09-07T02:23:40.338246,,
itsdoktermuda,7673017899501620496,https://www.tiktok.com/@itsdoktermuda/video/7673017899501620496,False,224,6,22,17,"Coba kamu tiruin ketawanya, rasain ada yg buka nutup di tenggorokann (Kalo kamu dokter, pengen ngonten tapi bingung mulainya, ebook “Mulai Ngonten, Dok!” udah ada di link bioku yaa👌🏻)",2026-09-06T19:55:01.055640,,
tirtacipeng,7611444437159349525,https://www.tiktok.com/@tirtacipeng/video/7611444437159349525,False,5532,171,126,204,Waktu yang tepat untuk latihan ketika bulan puasa adalah sesuai dengan tubuh kalian masing-masing. Adaptasi adalah kunci! Jooosss AQUA!! @SehatAQUA #TemanAdemRamadan,2026-09-07T01:44:47.366317,,
aymanalts,7620463708942322952,https://www.tiktok.com/@aymanalts/video/7620463708942322952,False,19200,115,136,175,,2026-09-05T13:24:24.919844,,
roozzaak,7634360371234508052,https://www.tiktok.com/@roozzaak/video/7634360371234508052,False,21,2,0,2,Membalas @Zena💫 #fyp #fypシ #DokterGemoy #vitaminD #vitaminD3,2026-09-05T22:59:42.759412,,
dr.deamaulidia,7634930306893630728,https://www.tiktok.com/@dr.deamaulidia/video/7634930306893630728,False,8,1,3,0,Pet Festival di ICE BSD pekan ini smpai hari minggu tanggal 3 Mei 2026 #petfestindonesia #petfestival #pameranhewan #icebsd,2026-09-05T14:42:15.566841,,
ikhsanqthii,7646320970860465429,https://www.tiktok.com/@ikhsanqthii/video/7646320970860465429,False,36100,724,1806,712,Food Vlogger 😎😎,2026-09-06T17:18:20.650905,,
ikhsanqthii,7676502319248297237,https://www.tiktok.com/@ikhsanqthii/video/7676502319248297237,False,1751,27,57,115,"jadi begitulah penyebab ""stress eating"".... jangan lupa dikelola stress nya",2026-09-06T15:49:48.891811,,
ikhsanqthii,7622728890800262421,https://www.tiktok.com/@ikhsanqthii/video/7622728890800262421,False,10900,187,1260,102,"Kalian boleh menghina idol kami, tapi jangan kami 💜🫶 Ucap netizen tiktok, bukan gueeee 🙏",2026-09-06T18:12:22.624367,,
wishdrboyke,7668531161731239176,https://www.tiktok.com/@wishdrboyke/video/7668531161731239176,False,547,6,143,96,"Si mungil pengen performanya tetap mantap dan stamina makin prima? Terbongkar, ini dia rahasia tersembunyi dari dr. Boyke! ⚡️🔥 ​Banyak pria fokusnya cuma ke ukuran, padahal kunci bikin pasangan makin sayang itu ada di kualitas stamina dan kepekaan tekniknya! ​Selain kontrol dan variasi posisi yang pas, dr. Boyke punya rahasia khusus yang wajib kamu tahu biar aliran darah tetap lancar dan performa selalu maksimal. ​Penasaran apa saja rahasia medisnya yang bikin kepercayaan diri makin meroket? Yuk, tonton videonya sampai habis! 🩺✨ ​📢 FOLLOW akun ini untuk rahasia performa pria dan pasutri lainnya, lalu SHARE video ini ke sirkelmu biar makin percaya diri! 🙌 ​#drboyke #KesehatanPria #TipsPria #EdukasiPasutri #HubunganSuamiIstri",2026-09-07T02:28:16.087785,,
dokter_ika,7639551132125236498,https://www.tiktok.com/@dokter_ika/video/7639551132125236498,False,818,31,7,53,#belajarbersamadrika #edukasidrika #jagakulitmu #drIkaJawab,2026-09-03T20:26:42.883453,,
roozzaak,7608174639042284821,https://www.tiktok.com/@roozzaak/video/7608174639042284821,False,514,44,7,23,Membalas @keong racun🐌 #fyp #fypシ #DokterGemoy #edukasi #edukasitiktok,2026-09-06T00:43:19.246371,,
wishdrboyke,7615525168688958738,https://www.tiktok.com/@wishdrboyke/video/7615525168688958738,False,1204,1,97,121,Masih ragu soal hal ini? Pahami faktanya langsung di video untuk kesehatan yang lebih baik. Share info ini ke temanmu ya! 👥 #InfoKesehatan #drboyke #kesehatanpria,2026-09-07T02:58:20.961421,,
ikhsanqthii,7608596282789186837,https://www.tiktok.com/@ikhsanqthii/video/7608596282789186837,False,157300,1120,7400,4468,😒😒😒😌,2026-09-06T18:52:17.779389,,
itsdoktermuda,7649372692705119508,https://www.tiktok.com/@itsdoktermuda/video/7649372692705119508,False,40,1,2,3,Mata uchiha sasukeee? vid: oliviapassya,2026-09-06T20:30:37.165962,,
wishdrboyke,7660320937140587794,https://www.tiktok.com/@wishdrboyke/video/7660320937140587794,False,1978,20,131,158,"​Dr. Boyke membagikan 3 fondasi penting yang wajib dijaga bareng pasangan: 1.​ Rendahkan egonya. Gak perlu selalu menang dalam setiap perdebatan. 🧠 2. ​Saling hormat. Hargai perbedaan pendapat dan privasi masing-masing. 🤝 3. ​Lindungi. Jadilah tempat teraman untuk pasangan pulang dan bercerita. 🛡️ ​Rumah tangga yang harmonis itu dirawat bersama, bukan jalan sendiri-sendiri. ✨ ​KOPI PAGI ☕️ ​🌾 “Keharmonisan rumah tangga tidak tumbuh dengan sendirinya, melainkan dirawat lewat tiga hal: rendahkan egomu, saling menghormati, dan saling melindungi. Ketika tiga fondasi ini kokoh, badai apa pun tidak akan mampu meruntuhkan pernikahanmu.” 🌾 ​#drboyke #drboykequote #kopipagi #tipsharmonis #pernikahanlanggeng",2026-09-07T02:31:11.744675,,
roozzaak,7616184783646821652,https://www.tiktok.com/@roozzaak/video/7616184783646821652,False,92,31,10,28,Membalas @NolasAR #fyp #fypシ #DokterGemoy #vitaminD #vitaminD3,2026-09-06T00:23:54.325549,,
tirtacipeng,7593608940236115207,https://www.tiktok.com/@tirtacipeng/video/7593608940236115207,False,9395,32,92,332,"Fans liverpool tapi kerja di basecamp lawan, salut @Diskopantera",2026-09-07T02:10:27.510279,,
ikhsanqthii,7674227101460860180,https://www.tiktok.com/@ikhsanqthii/video/7674227101460860180,False,12800,198,773,776,Sebuah ilmu yang bermanfaat dari @Ayman Alatas,2026-09-06T15:57:31.599843,,
dokternadiyah,7671964994971389204,https://www.tiktok.com/@dokternadiyah/video/7671964994971389204,False,71,2,6,28,"Area sensitif sering bermasalah? Bisa jadi cara merawatnya perlu diperhatikan 💗Area kewanitaan punya keseimbangan alami yang perlu dijaga. Beberapa kebiasaan sederhana yang bisa dilakukan:✨ 1. Bersihkan dengan tepatCukup bersihkan bagian luar dengan air dan, bila diperlukan, gunakan feminine wash dengan pH yang sesuai. Hindari penggunaan berlebihan.🩷 2. Jaga pakaian dalamGunakan celana dalam yang bersih, kering, dan nyaman. Pilih detergen khusus pakaian dalam yang lembut dan bilas hingga bersih.🌸 3. Hindari kelembapan berlebihSegera ganti pakaian dalam jika sudah lembap atau berkeringat.💗 4. Kenali kondisi area kewanitaanJika muncul gatal, bau tidak sedap, nyeri, atau keputihan yang berubah, jangan abaikan dan jangan asal menggunakan obat.Merawat area sensitif bukan berarti harus berlebihan. Yang penting tepat, lembut, dan konsisten.🌷#kesehatanwanita #areakewanitaan #edukasikesehatan #wanitasehat #creatorsearchinsights",2026-09-04T01:53:03.477159,,
bidancynthia,7667056607619976468,https://www.tiktok.com/@bidancynthia/video/7667056607619976468,False,1926,15,274,125,Sepakat,2026-09-07T03:51:13.704859,,
drkevinmak,7654841115836763400,https://www.tiktok.com/@drkevinmak/video/7654841115836763400,False,3791,227,604,979,"Busui atau habis melahirkan kok rambut rontok banget? Tenang, kondisi ini cukup sering terjadi. Yuk pahami penyebabnya dan apa yang bisa dilakukan seperti di video ini. Share ke teman, istri, atau keluarga yang sedang mengalaminya, dan tulis pengalaman kalian di kolom komentar ya! #rambutrontok #busui #postpartum #ibumenyusui #kesehatanwanita",2026-09-05T18:13:40.833182,,
dokter_ika,7622210353832758535,https://www.tiktok.com/@dokter_ika/video/7622210353832758535,False,543,63,7,34,"Bukan semua yang cepat itu baik,bukan semua yang putih itu sehat.Ada harga yang tak terlihat,dibayar pelan… tanpa disadari cepat.Kulit bukan kertas yang bisa diganti,bukan pula topeng yang abadi.Merawat butuh sabar dan hati,bukan jalan pintas yang melukai diri.Jadi sebelum tergoda hasil sesaat,coba tanya diri dengan jujur dan kuatlebih memilih cantik yang rapuh,atau sehat yang tumbuh?#puisimerkuncrit #belajarbersamadrika #edukasidrika #jagakulitmu",2026-09-03T21:16:14.100037,,
itsdoktermuda,7661201026078346517,https://www.tiktok.com/@itsdoktermuda/video/7661201026078346517,False,69,0,11,7,Bisa kerja keras + tidur masih bener = priviledge gede banget jaman skrg,2026-09-06T20:15:09.537342,,
drkevinmak,7668520978540006663,https://www.tiktok.com/@drkevinmak/video/7668520978540006663,False,863,28,121,299,"Buat kamu yang sering nyeri kepala sampai terasa ketarik begini, jangan diabaikan ya. Plis tonton sampai habis, bisa jadi penyebabnya bukan yang kamu kira. Share ke teman atau keluarga yang sering ngalamin! #NyeriKepala #SakitKepala #Migrain #Kesehatan #DokterKevinMak",2026-09-05T17:32:51.091770,,
drkevinmak,7651949462063041810,https://www.tiktok.com/@drkevinmak/video/7651949462063041810,False,498,16,60,119,Kalau kamu seminggu berapa kali keram pas tidur nih? #magnesium #rekomendasimagnesium #magnesiumglycinate #keram,2026-09-05T18:32:10.194155,,
aymanalts,7678582860739005704,https://www.tiktok.com/@aymanalts/video/7678582860739005704,False,3431,103,68,54,Replying to @𝓬𝓾𝓾𝓹𝓳𝓪𝔃,2026-09-03T10:12:34.742644,,
giapratamamd,7642245966879362325,https://www.tiktok.com/@giapratamamd/video/7642245966879362325,False,300700,3761,3142,3956,"Setelah penerbangan panjang lalu langsung Umroh wajib, banyak jamaah mulai merasakan nyeri otot, lemas karena kurang tidur, dan daya tahan tubuh yang menurun. tugas saya memeriksa jamaah satu per satu. Mendengar keluhan mereka. Melihat tanda kelelahan, dehidrasi, batuk, demam, nyeri, atau keluhan kecil yang perlu dijaga sebelum menjadi masalah besar. Karena puncak haji masih menanti. Arafah, Muzdalifah, dan Mina membutuhkan tubuh yang siap, kaki yang kuat, napas yang lapang, dan hati yang tenang. Semoga Allah menjaga setiap jamaah. Menguatkan tubuhnya. Melapangkan ibadahnya. Dan memulangkan mereka ke Tanah Air dalam keadaan sehat, selamat, dan mabrur. NB : Pakai Gamis ternyata nyaman. -Posted By Team-",2026-09-06T14:33:20.710630,,
dokter_ika,7606273300230130951,https://www.tiktok.com/@dokter_ika/video/7606273300230130951,False,435,34,11,24,"Replying to @zansshann✨💤 Yang udah pada pinter semaga kasih tau orang-orang terdekat ya, jauh-jauh dari penjual nakals #belajarbersamadrika #edukasidokterika #jagakulitmu #stoppenyalahgunaanobatkeras",2026-09-03T22:15:35.032814,,
tirtacipeng,7597372665162190098,https://www.tiktok.com/@tirtacipeng/video/7597372665162190098,False,43600,514,3171,1188,El kecu! Siapa el kecu di tongkronganmu? Kalo di tempat saya itu @den_den,2026-09-07T02:01:45.393399,,
roozzaak,7648116350593862932,https://www.tiktok.com/@roozzaak/video/7648116350593862932,False,60,8,4,9,Membalas @TuamaPasan19 #fyp #fypシ #DokterGemoy #vitaminD #vitaminD3,2026-09-05T22:00:34.615834,,
gelarsramdhani,7649040376002645256,https://www.tiktok.com/@gelarsramdhani/video/7649040376002645256,False,215,12,20,11,"Pak Haji Wawan seorang sopir truk asal Kertajati Majalengka, dipanggil Allah Ta'ala untuk menunaikan ibadah haji #majalengka #haji #jemaahhaji #petugashaji",2026-09-06T13:28:51.109108,,
dokternadiyah,7673145781590723860,https://www.tiktok.com/@dokternadiyah/video/7673145781590723860,False,64,7,3,25,"Memilih produk untuk area sensitif nggak boleh asal wangi atau sekadar ikut tren. 🌷Sebelum membeli, perhatikan:✨ Kandungan pilih yang sesuai kebutuhan dan hindari bahan yang berpotensi membuat iritasi.✨ pH pastikan sesuai dengan area dan tujuan penggunaannya.✨ Klaim produk jangan mudah tergiur janji yang berlebihan.✨ Kebutuhan pribadi produk yang cocok untuk orang lain belum tentu cocok untuk kita.Yang terpenting, area sensitif sebenarnya punya mekanisme alami untuk menjaga keseimbangannya. Jadi, semakin sederhana dan tepat penggunaannya, semakin baik. 💗Kalau muncul gatal, perih, bau yang berubah, atau keluhan menetap, jangan hanya mengandalkan produk sebaiknya konsultasikan dengan dokter.#edukasikesehatan #kesehatanperempuan #creatorsearchinsights #beautyfavorites",2026-09-04T01:44:27.669598,,
bidancynthia,7650542928376368405,https://www.tiktok.com/@bidancynthia/video/7650542928376368405,False,3379,47,14,101,Ini pas ade waktunya mandi pagi yaaa,2026-09-07T04:43:28.123824,,
itsdoktermuda,7608984472767302932,https://www.tiktok.com/@itsdoktermuda/video/7608984472767302932,False,4157,33,551,744,"Buat semua ibu yang tubuhnya pernah dibuka demi lahirnya sebuah kehidupan, Kita mungkin gak akan pernah bisa paham sebesar apa pengorbanan itu Tapi satu hal yang pasti, kami sayang Ibu. 🤍 Dan terima kasih ya, udah mencintai kami bahkan jauh sebelum kami terlahir di dunia inii❤️",2026-09-06T21:11:53.346442,,
dokter_ika,7614788077671746823,https://www.tiktok.com/@dokter_ika/video/7614788077671746823,False,25.2K,385,320,765,Replying to @Dini sari Ini hal yang menyusahkan para MUA!!! Hati-hati produk perawatan kulit Ilegal mengandung obat keras #belajarbersamadrika #edukasidokterika #jagakulitmu #jagaskinbarrier #stoppenyalahgunaanobatkeras,2026-09-03T21:39:12.557019,,
ikhsanqthii,7672744339658788117,https://www.tiktok.com/@ikhsanqthii/video/7672744339658788117,False,19100,234,188,682,Pas jadi dokter paling gak ada bentuknya 🙏,2026-09-06T16:03:23.367783,,
gelarsramdhani,7635618975199628551,https://www.tiktok.com/@gelarsramdhani/video/7635618975199628551,False,4457,125,56,190,Tugas utama menjadi petugas haji Indonesia adalah melayani tamu Allah (jemaah haji) sekaligus mengharumkan nama bangsa dan negara Indonesia di mata dunia #indonesia #haji #petugashaji #majalengka,2026-09-06T13:05:12.643553,,
dokteramiraobgyn,7591386662496701717,https://www.tiktok.com/@dokteramiraobgyn/video/7591386662496701717,False,16.3K,396,3189,3330,pesan untuk suami yang tidak setia dengan pasangan dan istri yang diselingkuhi #dokterobgynpedalaman#papua#fyp,2026-09-04T00:24:41.744099,,
drrichardlee,7655290786564590868,https://www.tiktok.com/@drrichardlee/video/7655290786564590868,False,38100,724,1779,1953,"Tak bs berkata2, cm di indonesia beli bukan dplatform resmi bisa jadi pidana.. org yg beli barang palsu, yg kena pemilik merk asli..",2026-09-06T11:37:22.691560,,
dr.ziee,7615927942819941640,https://www.tiktok.com/@dr.ziee/video/7615927942819941640,False,3869,16,64,232,"Siapa baru tahu kalo tubuh punya “prioritas” kaya gini? Apalagi pas puasa tubuh kita rawan ngalamin perubahan. Makanya perlu diperhatiin apa yang kamu konsumsi pas sahur dan buka karena selain buat rambut juga kan harus maksimalin energi sepanjang hari. Kalo masalah rambut, bisa dibantu lah ya, nutrisiin dari luar kaya pake haircare begini.",2026-09-05T15:42:55.033429,,
tirtacipeng,7613248769391332628,https://www.tiktok.com/@tirtacipeng/video/7613248769391332628,False,2673,1084,57,107,"Siapa yg kalo nyuci ga kering trs bau penguukk? Pastikan deterjen kalian ada Indoor Drying Technology, biar pakaian fresh ga penguukk baunya kalau jemur indoor. Kalo saya jelas pake Deterjen Sayang Hijab!",2026-09-07T01:42:02.640709,,
giapratamamd,7618063652817538325,https://www.tiktok.com/@giapratamamd/video/7618063652817538325,False,34400,423,4382,1955,"Ini adalah Ginjal Manusia. Ginjal bekerja setiap detik menjaga darah tetap bersih. Air, garam, sisa metabolisme, semua dipilah lalu dibuang melalui urin. Tubuh memberi ruang untuk melepas. Menahan terlalu lama membuat saluran kemih tertekan, risiko batu dan infeksi meningkat. Hidup juga begitu. Mumpung masih Bulan suci Ramadhan. Mari kita lepaskan yang perlu dilepas. Maafkan yang perlu dimaafkan. ---------------------------------- PR : berapa panjang Ureter? #giaceritaanatomi #tentangtubuh #ginjal",2026-09-06T14:55:54.791297,,
doktermatahendra,7669311896641670418,https://www.tiktok.com/@doktermatahendra/video/7669311896641670418,False,227,8,36,29,"Dulu sering dimarahi orang tua: ""Jangan baca di tempat gelap, nanti minus nambah!""Fakta atau mitos? 👀#membaca #tempatgelap #minus #edukasimata #doktermatahendra",2026-09-04T00:43:33.691529,,
dokter_ika,7664890198320336136,https://www.tiktok.com/@dokter_ika/video/7664890198320336136,False,12.1K,567,657,1611,"Kulit sehat dibangun dengan ilmu, bukan dengan coba-coba. Jangan mudah percaya pada racikan viral yang menjanjikan hasil instan tanpa dasar keamanan dan bukti ilmiah. Sayangi kulitmu #belajarbersamadrika #Edukasidrika #hbracikberbahaya",2026-09-03T19:36:56.170297,,
ikhsanqthii,7602098051376745749,https://www.tiktok.com/@ikhsanqthii/video/7602098051376745749,False,278800,1828,13600,17900,Jadi demikian sekilas info 🙏,2026-09-06T19:09:08.966658,,
roozzaak,7624868038810160405,https://www.tiktok.com/@roozzaak/video/7624868038810160405,False,815,47,99,167,Membalas @rarisanz #fyp #fypシ #DokterGemoy #edukasi #edukasikesehatan,2026-09-05T23:03:33.764277,,
roozzaak,7599272355805859080,https://www.tiktok.com/@roozzaak/video/7599272355805859080,False,149,10,24,27,Membalas @Yanti Ariefardhan #fyp #fypシ #DokterGemoy #edukasi #edukasitiktok,2026-09-06T23:11:13.903015,,
dokter_ika,7619895561096940807,https://www.tiktok.com/@dokter_ika/video/7619895561096940807,False,514,28,20,48,Hati-hati dengan Klaim tidak masuk akal maupun yang berlebihan Sumber: @BPOM RI #belajarbersamadrika #edukasidokterika #publicwarningbpom,2026-09-03T21:24:10.824151,,
dokternadiyah,7664620707447557397,https://www.tiktok.com/@dokternadiyah/video/7664620707447557397,False,4248,84,136,350,Kapan ya gerakan sikecil mulai terasa saat di dalam perut?#pregnant #bumilhappy #edukasibumil #creatorsearchinsights,2026-09-04T01:47:47.958896,,
dokternadiyah,7619324769254657300,https://www.tiktok.com/@dokternadiyah/video/7619324769254657300,False,23.4K,381,1421,9903,Ini normal atau penyak!t ?#edukasikesehatan #phselftest #hanqi #wanitasehat #areasensitif,2026-09-04T02:37:19.730157,,
dokter_ika,7673739997056404754,https://www.tiktok.com/@dokter_ika/video/7673739997056404754,False,735,45,9,45,Replying to @anumm Pesan saya jaga skin barrier kulit kamu bukan hanya wajah tapi juga kulit seluruh tubuh 👍🏻 #belajarbersamadrika #Edukasidrika #LoveYourSkin❤️ #jagakulitmu,2026-09-03T19:12:01.237558,,
bidancynthia,7644626646670118165,https://www.tiktok.com/@bidancynthia/video/7644626646670118165,False,4259,137,13,88,"Bbj ddebay bubid 2.895 dan itu sama pas usg , ☺️ karna sbelum ke rs sempet usg dulu",2026-09-07T05:04:04.657734,,
itsdoktermuda,7595228641030704404,https://www.tiktok.com/@itsdoktermuda/video/7595228641030704404,False,335,2,10,20,"Banyak orang masih kemakan stigma HIV. Padahal HIV nggak nular lewat sentuhan fisik kayak salaman, pelukan, atau duduk bareng. Keringat, air mata, sama air liur juga aman, bukan jalur penularan. Makan bareng, pakai alat makan yang sama, toilet umum, kolam renang, bahkan tinggal serumah pun nggak bikin ketularan. Yang juga sering dilupain, nggak semua HIV asalnya dari hubungan seksual. Ada yang ketularan karena jarum suntik yang nggak steril, transfusi darah (saat pengecekan ga ketat), dan penularan dari ibu ke bayi waktu hamil, lahiran, atau nyusu. Sekarang di masyarakat kita yg lebih rame justru bukan pencegahan HIV nya tapi stigmanya",2026-09-06T21:29:00.644907,,
drkevinmak,7663649855826431240,https://www.tiktok.com/@drkevinmak/video/7663649855826431240,False,1781,33,161,465,"Sering lupa dan susah fokus? Bisa jadi tubuhmu sedang kekurangan vitamin dan mineral tertentu, seperti vitamin D, B12, atau magnesium. Cari tahu vitamin apa yang tubuhmu butuhkan lewat link di bio #Pelupa #BrainFog #VitaminD #VitaminB12 #Magnesium",2026-09-05T17:56:21.390910,,
doktergigitantri,7665536254238346516,https://www.tiktok.com/@doktergigitantri/video/7665536254238346516,False,7,0,1,3,"Loose teeth aren’t always because of cavities.Sometimes it’s the tartar that’s been there for way too looongggThe longer you wait, the more bone support you lose.#KarangGigi #ScalingGigi #GigiGoyang #DokterGigiCilacap #dentalcleaning",2026-09-04T00:29:33.828897,,
drkevinmak,7614384577645268242,https://www.tiktok.com/@drkevinmak/video/7614384577645268242,False,2223,120,124,554,Kalau kamu udah rutin minum magnesium jenis apa nih? Coba komen dong ✅ #magnesium #overthinking #insomnia #viralditiktok🔥 #begadang,2026-09-05T20:18:54.374269,,
roozzaak,7615504600119905556,https://www.tiktok.com/@roozzaak/video/7615504600119905556,False,324,25,9,19,#stitch dengan @Hilya22 #fyp #fypシ #DokterGemoy #edukasi,2026-09-06T00:28:43.513142,,
bidancynthia,7669848057235836180,https://www.tiktok.com/@bidancynthia/video/7669848057235836180,False,519,8,4,66,Paket baju piyama 3 pcs,2026-09-07T03:44:40.788472,,
bidancynthia,7635457612242341141,https://www.tiktok.com/@bidancynthia/video/7635457612242341141,False,2680,205,27,78,"Kontraksi masih belum intens, Jalan jongkok dlm kondisi perut kenceng” nyeri misvi rasanyaaa ah mantaap 🥵#ibuhamil #hplmei2026",2026-09-07T05:35:20.909318,,
tirtacipeng,7627125250324647189,https://www.tiktok.com/@tirtacipeng/video/7627125250324647189,False,30600,543,1472,2370,Mengenai reaksi alergi. Masih bersama dengan tirta klimis.,2026-09-07T01:23:21.840829,,
roozzaak,7650770358563392789,https://www.tiktok.com/@roozzaak/video/7650770358563392789,False,163,20,11,9,#CapCut Fighter Milenial Sini Kumpul 🤣🥹🔥,2026-09-05T21:54:18.669243,,
tirtacipeng,7678524985136254229,https://www.tiktok.com/@tirtacipeng/video/7678524985136254229,False,44900,483,3233,4068,Sinusitis,2026-09-06T23:54:54.537957,,
ikhsanqthii,7654802390788394260,https://www.tiktok.com/@ikhsanqthii/video/7654802390788394260,False,3317,66,63,49,Tulang punggung harus kuatt 💪💪💪,2026-09-06T16:54:23.320595,,
drrichardlee,7613324129676152084,https://www.tiktok.com/@drrichardlee/video/7613324129676152084,False,3822,49,87,363,"DOWNLOAD 14: KALAU UDAH TAKDIR, BUAT APA DOA?! DRL KENA ULTI GARA-GARA INI?!",2026-09-06T11:50:50.410015,,
jamilatussadiyah,7672279718997036295,https://www.tiktok.com/@jamilatussadiyah/video/7672279718997036295,False,5920,46,760,5004,Prenatal yoga @bumilpamil.id ❤️🫶🏻,2026-09-06T21:44:06.019046,,
roozzaak,7674840439702195476,https://www.tiktok.com/@roozzaak/video/7674840439702195476,False,247,47,13,16,#stitch dengan @rikkarcello📸 #fyp #fypシ #DokterGemoy #edukasi,2026-09-05T21:09:51.807025,,
bidancynthia,7632662508909726997,https://www.tiktok.com/@bidancynthia/video/7632662508909726997,False,2101,131,18,69,"Konsultasi kehamilan di 36 week, Deg2an banget #ibuhamil #lahiran #hamil",2026-09-07T05:43:29.059024,,
roozzaak,7622251444946750741,https://www.tiktok.com/@roozzaak/video/7622251444946750741,False,25,2,0,2,Membalas @Choirul #fyp #fypシ #DokterGemoy #vitaminD #vitaminD3,2026-09-05T23:54:44.778084,,
ikhsanqthii,7658280604445936916,https://www.tiktok.com/@ikhsanqthii/video/7658280604445936916,False,13700,89,529,1435,"Kulit belang tuh sebenernya resopon perlindungan kulit dari sinar UV. Biar warna kulit lebih merata, jangan lupa jaga skin barrier, pakai sunscreen tiap 3 jam. Salah satunya bisa dari FFY ini.",2026-09-06T16:42:46.710205,,
aymanalts,7634442832123612424,https://www.tiktok.com/@aymanalts/video/7634442832123612424,False,4990,291,94,76,,2026-09-03T13:49:58.684383,,
dokter_ika,7593581563896499464,https://www.tiktok.com/@dokter_ika/video/7593581563896499464,False,2360,175,104,153,DAMPAK MERKURI PADA KESEHAAN KULIT DAN TUBUH PENGGUNANYA NYATA!!!! #belajarbersamadrika #edukasidokterika #krimtoksik #hbberbahaya,2026-09-03T23:03:18.597899,,
giapratamamd,7591013738296249621,https://www.tiktok.com/@giapratamamd/video/7591013738296249621,False,22000,252,1648,2371,Tentang Tekanan Darah Tinggi. Podcast Radityadika dan dr. Gia Pratama. part 8.,2026-09-06T15:31:19.991613,,
dionharyadi,7611097324890131733,https://www.tiktok.com/@dionharyadi/video/7611097324890131733,False,50.2K,883,3358,4578,Siapa yang tetap minum kopi selama bulan puasa?Kalo kamu minumnya di jam berapa aja?#SemangatFarmingPahala,2026-09-03T15:00:43.339770,,
drkevinmak,7659814244342369543,https://www.tiktok.com/@drkevinmak/video/7659814244342369543,False,132100,1284,12800,45300,"Buat kamu yang lagi struggling sama rambut rontok, coba ikuti tips di video ini ya! Kalau menurutmu bermanfaat, jangan lupa share ke teman atau keluarga yang juga lagi mengalami rambut rontok. #rambutrontok #hairfall #hairhealth #kesehatanrambut #vitaminrambut",2026-09-05T18:09:31.924940,,
aliphildan,7616668101781818632,https://www.tiktok.com/@aliphildan/video/7616668101781818632,False,9979,47,47,112,alhamdulillah masyaAllah🤗,2026-09-02T14:48:18.783643,,
roozzaak,7612866950485560597,https://www.tiktok.com/@roozzaak/video/7612866950485560597,False,47,10,7,11,Membalas @Nila Faulis Nasa #fyp #fypシ #DokterGemoy #vitaminD #vitaminD3,2026-09-06T22:18:41.060423,,
dokter.harmonospanak,7614118590333160725,https://www.tiktok.com/@dokter.harmonospanak/video/7614118590333160725,False,75,6,1,3,,2026-09-03T17:27:15.303013,,
drrichardlee,7602583490911079701,https://www.tiktok.com/@drrichardlee/video/7602583490911079701,False,28900,759,293,1129,"Pempek + ketupat buat pak ust, syukuran dalam islam boleh gak si?? #latepost",2026-09-06T12:37:44.366121,,
tirtacipeng,7674975122414931220,https://www.tiktok.com/@tirtacipeng/video/7674975122414931220,False,3265,80,51,41,Harapan kami untuk bangsa ini.,2026-09-07T00:02:38.757248,,
tirtacipeng,7664480080206318868,https://www.tiktok.com/@tirtacipeng/video/7664480080206318868,False,11100,183,187,157,"Review pertandingan semalam, kebetulan saya siaran di @SEPIK BOLA | IG: @sepik.bola",2026-09-07T00:27:21.553185,,
jamilatussadiyah,7624850088442989832,https://www.tiktok.com/@jamilatussadiyah/video/7624850088442989832,False,513,2,105,396,Cara merawat tali pusat supaya ga infeksi❤️🫶🏻,2026-09-06T21:48:58.910921,,
bidancynthia,7660211650267647252,https://www.tiktok.com/@bidancynthia/video/7660211650267647252,False,412,7,12,41,Setrika baju bayi newborn #newborn,2026-09-07T04:13:50.961613,,
ikhsanqthii,7666312422914903316,https://www.tiktok.com/@ikhsanqthii/video/7666312422914903316,False,31600,173,249,329,Belajar yg rajin biar dapet duit 👍,2026-09-06T16:19:57.116565,,
aymanalts,7666683165167078664,https://www.tiktok.com/@aymanalts/video/7666683165167078664,False,3037,31,112,603,Tips milih sunscreen #skincare #tipsandtricks,2026-09-03T11:13:45.203627,,
roozzaak,7632920798059171093,https://www.tiktok.com/@roozzaak/video/7632920798059171093,False,62,2,4,8,Membalas @Gian zolla #fyp #fypシ #DokterGemoy #vitaminD #vitaminD3,2026-09-05T23:05:42.301427,,
dokter_ika,7612139695534918919,https://www.tiktok.com/@dokter_ika/video/7612139695534918919,False,23K,1389,3632,1941,"Replying to @Halim OlshopKalteng Ini mengandung obat keras, di Indonesia, kandungan ini tidak boleh ada pada produk OTC produk yang dijual bebas… Beresiko untuk kesehatan kulit jika digunakan dalam waktu lama dan kecenderungan ada “efek lepas obat” ( Hidroquinon) #belajarbersamadrika #edukasidokterika #stoppenyalahgunaanobatkeras",2026-09-03T21:52:57.458256,,
ikhsanqthii,7651876939061316884,https://www.tiktok.com/@ikhsanqthii/video/7651876939061316884,False,65200,298,3131,4117,Demikian sekilas ingfoo 👍👍,2026-09-06T17:01:31.659970,,
roozzaak,7610383573094305045,https://www.tiktok.com/@roozzaak/video/7610383573094305045,False,71,24,1,2,Membalas @Dewi Hasanah Saepudi #fyp #fypシ #DokterGemoy #edukasi #edukasitiktok,2026-09-05T23:59:50.307615,,
giapratamamd,7593650567835094290,https://www.tiktok.com/@giapratamamd/video/7593650567835094290,False,7759,186,197,723,"PENGLIHATAN BARU. Saya mau berbagi penglihatan, agar harapan di rumah rumah kembali menyala. Saya mau ikut bantu orang tua kita melihat lagi dengan nyaman, membaca lagi tanpa lelah, melangkah lagi tanpa ragu. Kalau teman-teman punya orang tua atau kerabat yang sedang berjuang dengan katarak, simpan ini, kirim ke keluargamu, lalu ikutkan programnya. Saya akan Operasi Katarak GRATIS bareng @mayapadaeyecentreTeknis ikut: • Follow @mayapadaeyecentre & @giapratamamd • Bikin Reels, ceritakan kisah orang tua atau kerabatmu yang membutuhkan operasi katarak • Tag @mayapadaeyecentre & @giapratamamd • Pastikan akun Instagram kamu tidak di private • Periode pendaftaran dan upload sampai 31 Januari 2026 Syarat medis pasien: • Sudah terdiagnosis katarak mature dan ada penurunan penglihatan yang signifikan • Tekanan darah terkontrol (di bawah 160/100) • Gula darah terkontrol (puasa di bawah 180 mg/dl, 2 jam postprandial di bawah 250 mg/dl) • Tidak ada infeksi mata aktif • Tidak ada penyakit sistemik akut berat (riwayat stroke atau serangan jantung dalam 6 bulan terakhir) • Tidak ada kontraindikasi anestesi lokal • Tidak menderita asma berat • Tidak ada gangguan pembekuan darah berat • Bersedia mengikuti aturan pasca operasi Catatan: • Jika terpilih, akan dilakukan screening terlebih dahulu • Keputusan penyelenggara bersifat final dan tidak dapat diganggu gugat Tag anaknya, tag cucunya, tag keluarganya. Biar yang sayang orang tuanya, ikut bantu orang tuanya kembali melihat jelas. Syarat medis pasien: • Sudah terdiagnosis katarak mature dan ada penurunan penglihatan yang signifikan • Tekanan darah terkontrol (di bawah 160/100) • Gula darah terkontrol (puasa di bawah 180 mg/dl, 2 jam postprandial di bawah 250 mg/dl) • Tidak ada infeksi mata aktif • Tidak ada penyakit sistemik akut berat (riwayat stroke atau serangan jantung dalam 6 bulan terakhir) • Tidak ada kontraindikasi anestesi lokal • Tidak menderita asma berat • Tidak ada gangguan pembekuan darah berat • Bersedia mengikuti aturan pasca operasi Catatan: • Jika terpilih, akan dilakukan screening terlebih dahulu • Keputusan penyelenggara bersifat final dan tidak dapat diganggu gugat Tag anaknya, tag cucunya, tag keluarganya. Biar yang sayang orang tuanya, ikut bantu orang tuanya kembali melihat jelas.",2026-09-06T15:24:46.200977,,
drkevinmak,7637907353232264456,https://www.tiktok.com/@drkevinmak/video/7637907353232264456,False,6206,122,1043,813,"Kebanyakan minum manis ternyata bisa bikin keputihan makin gampang muncul Soalnya gula berlebih bisa ganggu keseimbangan bakteri baik di tubuh, termasuk area kewanitaan. Makanya selain jaga makan & gula harian, jangan lupa jaga bakteri baik juga ya Siapa yang masih sering minum manis tiap hari? #keputihan #probiotik #kesehatanwanita #guthealth #minumanmanis ”",2026-09-05T19:13:57.063736,,
roozzaak,7679709947545914644,https://www.tiktok.com/@roozzaak/video/7679709947545914644,False,137,10,8,8,Membalas @♋chici🦀🌊 #fyp #fypシ #DokterGemoy #edukasi #edukasikesehatan,2026-09-05T21:05:28.031758,,
tirtacipeng,7673517908093308181,https://www.tiktok.com/@tirtacipeng/video/7673517908093308181,False,583600,6439,57500,68900,Buat kalian yg hobi bandingin diri sendiri dengan orang lain,2026-09-07T00:06:59.573061,,
dokter.harmonospanak,7645692845566872852,https://www.tiktok.com/@dokter.harmonospanak/video/7645692845566872852,False,87,4,11,8,Praktek spesialis anak Hub admin :kak Fatimah 0812 . 3024 . 6181kak Wulan 0858 . 1565 . 2806Google Map tulis :Praktek dr.Harmono PD Sp.AAlamat:Jl. Airlangga 33 Mojosari Mojokerto #tiktokgogempar,2026-09-03T16:25:12.284812,,
dokternadiyah,7605607854380190996,https://www.tiktok.com/@dokternadiyah/video/7605607854380190996,False,456,19,41,174,Replying to @Titik Nurita159 Part 2tips cegah stretch mark 🙌🏻#edukasikesehatan #stretchmarks #ciaraindonesia,2026-09-04T02:51:43.715515,,
ikhsanqthii,7600419699536465172,https://www.tiktok.com/@ikhsanqthii/video/7600419699536465172,False,4906,26,251,514,Ada baiknya jgn lupa tuntaskan traumanya ya guys 🙏🙏,2026-09-06T19:11:22.816674,,
dr.deamaulidia,7638251084321983762,https://www.tiktok.com/@dr.deamaulidia/video/7638251084321983762,False,23,3,1,5,"Bayi nyusu lama bukan selalu berarti ASI-nya kurang, Bun 🤍 Kadang bayi memang sedang mencari nyaman… tapi kadang juga ada tanda ASI belum masuk optimal. Masalahnya, dua kondisi ini sering terlihat mirip — padahal penanganannya berbeda. Makanya penting banget dievaluasi langsung, supaya ibu nggak terus overthinking dan menyalahkan diri sendiri 🫶🏻 #dokterlaktasi #konselorlaktasi #ibumenyusui #newbornbaby #ASIeksklusif",2026-09-05T14:39:22.454213,,
ikhsanqthii,7677470682103713045,https://www.tiktok.com/@ikhsanqthii/video/7677470682103713045,False,3466,62,537,365,"BUKAN DARAH MANIS! INI PRURIGO, bisa muncul karena reaksi kulit yang sensitif sama gigitan serangga. Makanya, gak capek-capek selalu ngingetin buat KUATIN SKIN BARRIER-NYA! Rutin 2x sehari pake lotion yang ada bahan aktif Colloidal Oatmeal dan Ceramides. InsyaAllah kulitnya makin lembap dan barriernya makin kuat. Karena udah ada studinya, kandungan Colloidal Oatmeal bisa meningkatkan hidrasi kulit selama 24 jam paska aplikasi. Sehat-sehat deh ya semuanya!!",2026-09-06T15:48:25.700886,,
jamilatussadiyah,7607000257259523349,https://www.tiktok.com/@jamilatussadiyah/video/7607000257259523349,False,153,1,16,41,Posisi janin optimal membantu persalinan lancar☺️🙏🏻,2026-09-06T21:58:39.193170,,
dokter_ika,7605616750788480263,https://www.tiktok.com/@dokter_ika/video/7605616750788480263,False,18.9K,672,752,2126,Replying to @MiuChan #belajarbersamadrika #edukasidokterika #jagakulitmu,2026-09-03T22:17:57.673050,,
aliphildan,7614183138838744327,https://www.tiktok.com/@aliphildan/video/7614183138838744327,False,2883,60,48,61,Jangan ragu periksa ke faskes terdekat yaa kalau udh curiga🥺,2026-09-02T14:56:19.228326,,
ikhsanqthii,7606937808762146068,https://www.tiktok.com/@ikhsanqthii/video/7606937808762146068,False,6951,184,2304,138,No comment guys 🙏🫠,2026-09-06T18:57:37.300022,,
drrichardlee,7598201292447599893,https://www.tiktok.com/@drrichardlee/video/7598201292447599893,False,1092,143,34,54,Kalian suka versi cantik tp tetep terlihat natural atau cantik aneh??,2026-09-06T12:43:17.978758,,
bidancynthia,7643375909205986581,https://www.tiktok.com/@bidancynthia/video/7643375909205986581,False,12000,426,21,234,"Masya Allah ,🥹",2026-09-07T05:07:40.263109,,
roozzaak,7638554704858893588,https://www.tiktok.com/@roozzaak/video/7638554704858893588,False,67,4,27,15,Membalas @yun93 #fyp #fypシ #DokterGemoy #edukasi #edukasikesehatan,2026-09-05T22:22:21.937468,,
ikhsanqthii,7644003826986454293,https://www.tiktok.com/@ikhsanqthii/video/7644003826986454293,False,209700,1356,17500,27900,Tolong dipelajari karena kita gak tau kapan ini akan dipakaii 👍👍👍,2026-09-06T17:23:07.839931,,
roozzaak,7617677204171787540,https://www.tiktok.com/@roozzaak/video/7617677204171787540,False,22,2,1,2,"Membalas @Adamsolehstore Vitamin D penting untun menunjang tumbuh kembang khususnya tinggi badan. Jadi jangan lupa cukupi kebutuhannya. Anak usia 12 tahun butuh 600iu setiap harinya Kalau tablet kunyah berikan 1,5 tablet per hari Kalau gummy berikan 1 pcs per hari #fyp #fypシ #DokterGemoy #vitaminD #vitaminD3",2026-09-06T00:19:15.367029,,
ikhsanqthii,7649617178324454677,https://www.tiktok.com/@ikhsanqthii/video/7649617178324454677,False,112300,837,12100,16600,Demikian sekilas ingfo 👍👍,2026-09-06T17:07:48.125553,,
gelarsramdhani,7652319072784272647,https://www.tiktok.com/@gelarsramdhani/video/7652319072784272647,False,377,2,14,23,"Bagaimana cara menjadi dokter gigi? Dalam video ini saya menjelaskan jalur pendidikan yang perlu ditempuh oleh lulusan SMA untuk menjadi dokter gigi di Indonesia Lulusan SMA dapat mendaftar ke Perguruan Tinggi Negeri (PTN) maupun Perguruan Tinggi Swasta (PTS) yang memiliki Program Studi atau Fakultas Kedokteran Gigi (FKG) Sebagai dosen di Fakultas Kedokteran Gigi Universitas Muhammadiyah Semarang, saya berharap informasi ini dapat membantu adik-adik yang bercita-cita menjadi dokter gigi memahami langkah-langkah pendidikan yang perlu dipersiapkan sejak dini. #DokterGigi #KedokteranGigi #FakultasKedokteranGigi #CaraMenjadiDokterGigi #KuliahKedokteranGigi",2026-09-06T13:27:28.585677,,
aymanalts,7650101815366667528,https://www.tiktok.com/@aymanalts/video/7650101815366667528,False,2201,45,8,29,,2026-09-03T12:50:22.979753,,
ikhsanqthii,7636023515254181136,https://www.tiktok.com/@ikhsanqthii/video/7636023515254181136,False,400700,3999,8225,6609,Selamat menonton podcast paling menegangkan seumur hidupku.. bersama dr @Tirtaaaaaa dan dr @dr. Gia Pratama Makasih yaa bang @radityadika walaupun deg2annya sih ada banget yak 😭,2026-09-06T17:43:35.293532,,
ikhsanqthii,7666743705662999825,https://www.tiktok.com/@ikhsanqthii/video/7666743705662999825,False,39900,515,5371,1458,Replying to @Szaey demikian sekilas ingfo,2026-09-06T16:18:55.797516,,
roozzaak,7637699285785611540,https://www.tiktok.com/@roozzaak/video/7637699285785611540,False,35,5,3,5,Membalas @Oceano🌊 #fyp #fypシ #DokterGemoy #vitaminD #vitaminD3,2026-09-05T22:44:03.220809,,
dr.ziee,7611111355743030536,https://www.tiktok.com/@dr.ziee/video/7611111355743030536,False,4934,65,284,505,"Ini tips yang gampang banget dilakuin dan nggak susah juga dicari, tapi nggak banyak orang Indonesia yang ngelakuin. Cuma saran dari aku hindarin yang rasa-rasa karena dia gula tambahannya banyak banget, better yang cuma susu aja karena gulanya laktosa aja. Share dong tips kamu biar kuat puasa supaya bisa berbagi ke teman lainnya yang puasa. #puasa #RasakanKemurniannya",2026-09-05T15:45:37.133507,,
drkevinmak,7626039347975884039,https://www.tiktok.com/@drkevinmak/video/7626039347975884039,False,26500,424,6342,19900,"Sering cepet capek, gampang flu, atau rambut mulai rontok? Banyak orang langsung minum vitamin… tapi nggak tau dosis vitamin D yang tepat. Padahal, vitamin D itu bukan cuma soal minum, tapi juga: • Dosisnya cukup atau nggak • Bentuknya (D3 lebih optimal) • Dan konsistensi konsumsi Banyak yang minum vitamin D tiap hari… tapi dosisnya terlalu rendah, jadi efeknya nggak terasa. Kalau kamu ngerasa: ✔ gampang sakit ✔ badan gampang drop ✔ kurang fit terus Bisa jadi kamu bukan kurang vitamin… tapi salah pilih vitamin D. Mulai sekarang, jangan asal beli. Pahami dulu cara pilih dan dosis vitamin D yang sesuai kebutuhan tubuh kamu. #Vitam#VitaminDs#DosisVitaminDP#CaraPilihVitamina#GampangSakitKesehatan",2026-09-05T19:52:03.306266,,
aliphildan,7643075217866132757,https://www.tiktok.com/@aliphildan/video/7643075217866132757,False,1546,19,36,32,Semaleman gabisa berenti ketawa wkwkwk HBD YA SUFF!! @Bang ucup ✨👨🏽‍🦲,2026-09-02T12:08:02.519309,,
aliphildan,7635250631560695047,https://www.tiktok.com/@aliphildan/video/7635250631560695047,False,1.5M,14.8K,325K,45.3K,SAAHHH!! pasangan kuaci kita 🌻✨ @Arrofi ramadhan @annsekar🌻,2026-09-02T12:31:53.760295,,
ikhsanqthii,7662528970956770581,https://www.tiktok.com/@ikhsanqthii/video/7662528970956770581,False,3808,47,23,62,Mabuhay~~,2026-09-06T16:29:50.270685,,
itsdoktermuda,7652180882186308884,https://www.tiktok.com/@itsdoktermuda/video/7652180882186308884,False,35,11,2,2,Kok bisa percaya gula psir keluar dari puser?😭😭,2026-09-06T20:24:24.194000,,
dokter.harmonospanak,7641637911921806612,https://www.tiktok.com/@dokter.harmonospanak/video/7641637911921806612,False,213,6,20,17,Praktek spesialis anak Hub admin :kak Fatimah 0812 . 3024 . 6181kak Wulan 0858 . 1565 . 2806Google Map tulis :Praktek dr.Harmono PD Sp.AAlamat :Jl. Airlangga 33 Apotek Diandra Mojosari Mojokerto,2026-09-03T16:30:53.844866,,
aymanalts,7593897496926260498,https://www.tiktok.com/@aymanalts/video/7593897496926260498,False,4089,61,86,27,#stitch with @Kandang Santai,2026-09-05T14:13:40.843641,,
aliphildan,7636614424458956040,https://www.tiktok.com/@aliphildan/video/7636614424458956040,False,73.4K,1290,4398,2891,maaf ya belum bisaa turun nemuin dulu😭🙏🏻✨,2026-09-02T12:30:26.812622,,
tirtacipeng,7665742083717614869,https://www.tiktok.com/@tirtacipeng/video/7665742083717614869,False,13300,202,230,252,"Hari ini tidak lari pagi, karena kerjaan dari pagi padat banget. Pulang kerja, otak capek, kita lampiaskan di GBK saja. Biar pas sampe rumah sudah damai. Stress release. Dopamin booster. “Runners high” Apapun masalahku, sampe rumah harus tersenyum✊",2026-09-07T00:24:39.335583,,
dokter_ika,7668309512197098760,https://www.tiktok.com/@dokter_ika/video/7668309512197098760,False,8831,456,70,563,#belajarbersamadrika #Edukasidrika #publicwarningBPOM #stoppenyalahgunaanobatkeras #StopMerkuri,2026-09-03T19:27:02.648495,,
drkevinmak,7602790409185561874,https://www.tiktok.com/@drkevinmak/video/7602790409185561874,False,1691,90,138,484,"Nggak sering jemuran tapi berharap Vitamin D cukup? Realitanya… banyak yang defisit tanpa sadar. Kerja indoor, sunscreen tiap hari, jarang kena matahari → Vitamin D susah kebentuk. Padahal Vitamin D penting buat: ☀️ imun ☀️ energi ☀️ tulang & mood Bukan soal males jemur, tapi tubuh tetap butuh solusinya. #vitamind #rekomendasivitamind #vitamind4000 #infokesehatan",2026-09-06T10:44:05.205703,,
ikhsanqthii,7620789490285579541,https://www.tiktok.com/@ikhsanqthii/video/7620789490285579541,False,43600,268,1356,1546,Semoga kalian bisa ngerasain suatu hari nanti. Rekomen dan seru buat dicobaaa 👍👍,2026-09-06T18:15:51.150558,,
dokternadiyah,7609006418871536917,https://www.tiktok.com/@dokternadiyah/video/7609006418871536917,False,3065,68,654,793,Tiatii yaa !Makanan/minuman ini punya resiko timbul kista 😰#edukasikesehatan #kesehatanwanita #perempuansehat #kistaovarium,2026-09-04T02:26:38.582067,,
dokter_ika,7631052177062071559,https://www.tiktok.com/@dokter_ika/video/7631052177062071559,False,2638,85,102,252,"Siapapun yang melakukan, selama judulnya injeksi putih, suntik putih, infus whitening belum ada jaminan keamanan jangka panjangnya.. Hati-hati, jaga tubuhmu dengan memberikan asupan yang sewajarnya #edukasidrika #belajarbersamadrika #NoInjeksiPutih❌",2026-09-03T20:47:09.228093,,
dr.ziee,7656425512948010247,https://www.tiktok.com/@dr.ziee/video/7656425512948010247,False,13500,75,506,1531,Menurutku inovasi Sunlotion dari moell ini jadi solusi yang practical untuk keseharian anak karena body lotion berSPF ini lebih lightweight dan nyaman dipakai #sunlotionanak #sunscreenanak #sunscreenbadan #bodylotionspf #moell,2026-09-05T15:19:59.663747,,
gelarsramdhani,7635769087850745095,https://www.tiktok.com/@gelarsramdhani/video/7635769087850745095,False,164,18,19,9,Olahraga Pagi Menjaga Kebugaran Jemaah Haji Kloter KJT 06 #petugashaji #haji #jemaahhaji,2026-09-06T13:47:47.182999,,
dokternadiyah,7630100171631676692,https://www.tiktok.com/@dokternadiyah/video/7630100171631676692,False,126,5,11,63,"Replying to @MamaTheo Bumil tetap boleh pakai perawatan rambut, tapi pastikan pilih protein rambut yang bebas bahan keras (seperti formaldehyde & ammonia), supaya aman untuk ibu & bayi 🤍Ingat, yang kita pakai di tubuh juga bisa berpengaruh ke si kecil ya!#haircare #bumilcare #RambutSehat #momtobe #edukasibumil",2026-09-04T02:15:31.085311,,
roozzaak,7597487109288578311,https://www.tiktok.com/@roozzaak/video/7597487109288578311,False,1142,95,457,183,Membalas @gina azriyadh #fyp #fypシ #DokterGemoy #edukasi #edukasitiktok,2026-09-06T23:22:01.343368,,
drkevinmak,7659989614307970311,https://www.tiktok.com/@drkevinmak/video/7659989614307970311,False,354,9,20,72,"buat kamu yang haid nya deras dan menggumpal, please rutin vitamin ini! Btw yang mau nonton full nya ada di YT saya dr. kevin Mak ya 👍 #vitamin #haid #haidmenggumpal #endometriosis #kanker",2026-09-05T18:00:10.994824,,
aymanalts,7620279635191926024,https://www.tiktok.com/@aymanalts/video/7620279635191926024,False,28600,220,474,981,,2026-09-05T13:25:15.789514,,
aymanalts,7652597205039074578,https://www.tiktok.com/@aymanalts/video/7652597205039074578,False,13.5K,154,286,278,#stitch with 7651573814400191752,2026-09-03T12:38:21.688991,,
drkevinmak,7665867335445564680,https://www.tiktok.com/@drkevinmak/video/7665867335445564680,False,1282,33,92,382,"Sering blank atau gampang lupa blank atau gampang lupa? Yuk, jangan lupa penuhi kebutuhan vitamin B Complex setiap hari. #vitaminbcomplex #pelupa #fokus #kesehatanotak #healthtips",2026-09-05T17:46:59.120516,,
drrichardlee,7615226955666951432,https://www.tiktok.com/@drrichardlee/video/7615226955666951432,False,9098,94,131,437,DOWNLOAD 19: ISLAM MENOLAK SENI DAN TEKNOLOGI?! USTADZ GAK DENGER MUSIK?! Managed by Admin,2026-09-06T11:47:38.829890,,
aymanalts,7675674630610259208,https://www.tiktok.com/@aymanalts/video/7675674630610259208,False,1833,68,43,19,#stitch with 7675334268968652053 rekomendasi aku,2026-09-03T10:26:44.877999,,
bidancynthia,7647859541316554005,https://www.tiktok.com/@bidancynthia/video/7647859541316554005,False,6934,280,27,184,"Baru ditaruh kasur, eh nangis Lagi🥹 newborn lagi nyamannya digendong",2026-09-07T04:52:31.331692,,
drkevinmak,7623655541780385032,https://www.tiktok.com/@drkevinmak/video/7623655541780385032,False,59,0,6,5,Pantesan kan badan pegel tiap hari? Mending hindarin 5 hal ini deh! #infokesehatan #badanpegel #kurangminum #dehidrasi #bungkuk,2026-09-05T19:57:08.121231,,
itsdoktermuda,7652199553822723348,https://www.tiktok.com/@itsdoktermuda/video/7652199553822723348,False,73,0,4,2,"Support suami adalah kunci Baby blues bukan cuma soal hormon, tapi juga soal beban yang tiba-tiba berubah total. Kurang tidur, capek, nyusuin, pemulihan setelah melahirkan, semuanya numpuk jadi satu. Makanya suami yang hadir, bantu pekerjaan rumah, gendong bayi, atau sekadar apresiasi istri bisa ngasih efek yang jauh lebih besar dari yang banyak orang kira.",2026-09-06T20:22:41.333039,,
bidancynthia,7641086475458612500,https://www.tiktok.com/@bidancynthia/video/7641086475458612500,False,6146,296,137,547,"Mendekati HPL gerakan gemoy udah ga terlalu aktif , ada yg sama ga sih bun? cuma menggeliat aja, tpi kadang jadi ovt, untung punya doppler dirumah jd bisa langsung cek #doppler #alatdetakjantungjanin",2026-09-07T05:15:00.940323,,
aymanalts,7609598754357792018,https://www.tiktok.com/@aymanalts/video/7609598754357792018,False,6402,72,36,94,"#stitch with @dr.arfiani.forensik jadi aku, Kak Arfi dan @dr. Aditya tuh sudah bersahabat lama banget",2026-09-05T13:47:10.013141,,
itsdoktermuda,7604885706208447764,https://www.tiktok.com/@itsdoktermuda/video/7604885706208447764,False,6860,30,251,256,"Secara medis kondisi kayak gini memang ada, termasuk kasus langka, dan perbaikannya sering nggak mudah karena kelainannya sudah dari dalam kandungan. Normalnya siku bayi bisa lurus–tekuk bebas. Tapi di dunia medis, nggak semua bayi lahir dengan kondisi sesempurna itu. Cukup banyak juga bayi yang lahir dengan gangguan sendi, otot, organ, atau kondisi lain yang butuh penanganan panjang. Makanya kadang kita baru sadar… punya bayi yang lahir sehat tanpa kekurangan apa pun itu bukan hal sepele, tapi anugerah besar bgtt Buat orang tua yang anaknya sehat, jaga baik-baik, rawat, dan syukuri karena di luar sana banyak keluarga yang harus berjuang ekstra sejak hari pertama kelahiran Sehat terusss yaa",2026-09-06T21:17:24.475757,,
aliphildan,7613482907113360648,https://www.tiktok.com/@aliphildan/video/7613482907113360648,False,2876,44,40,56,izin ikutin trend🤲🏻🙏🏻,2026-09-02T14:57:42.262680,,
dionharyadi,7614110541904334100,https://www.tiktok.com/@dionharyadi/video/7614110541904334100,False,183,5,15,24,"Minum manis boleh aja, asalkan..Tahu kebutuhanmu dan tahu kegunaan minumannya. Sekarang lagi demen @Sunpride Official Store Juice ini karena rasanya enak banget dan nyegerin 👌",2026-09-03T14:58:47.753609,,
aliphildan,7636984785692298514,https://www.tiktok.com/@aliphildan/video/7636984785692298514,False,3723,175,99,67,kemana plis tinggal sehari lagiiikk ✨,2026-09-02T12:25:44.055319,,
drkevinmak,7628221405292776722,https://www.tiktok.com/@drkevinmak/video/7628221405292776722,False,5008,33,168,1105,Kalau kamu punya tanda2 ini ga? Semoga rejeki taun ini lancar selalu dan berlimpah ya aminn!! #infokesehatan #money #vitamin #dokter,2026-09-05T19:41:45.107923,,
dokternadiyah,7613062343395757333,https://www.tiktok.com/@dokternadiyah/video/7613062343395757333,False,2909,65,497,626,Demam seperti apa yang mengharuskan bumil periksa ke dokter ? #edukasikesehatan #bumildemam #tipsbumil #bumilsehat,2026-09-04T02:24:19.604689,,
dokter.harmonospanak,7640273279244143892,https://www.tiktok.com/@dokter.harmonospanak/video/7640273279244143892,False,24,0,3,5,Alamat ustad Imam Syofiidusun Pasinan Krajan RT 38 RW 10Desa Sekargadung kec. Punggingkab. Mojokerto telp.WA 0853.3533.0276,2026-09-03T16:32:57.566668,,
ikhsanqthii,7665348170565553424,https://www.tiktok.com/@ikhsanqthii/video/7665348170565553424,False,17600,249,507,1225,"Yang gak terlihat tuh belum tentu gak terjadi yaa guysss!! Di mulut, bakteri tetap aktif 24/7. Makanya perawatan mulut bukan cuma soal bersih dan wangi, tapi juga menjaga keseimbangan microbiome mulut. #pastagigimicrobiome #pastagigiprobiotik #Pepsodent #PepsodentProCare #PerlindunganMulut247",2026-09-06T16:21:42.426932,,
dokter_ika,7671475438341983506,https://www.tiktok.com/@dokter_ika/video/7671475438341983506,False,493,45,8,18,"Ada satu bentuk mencintai diri sendiri yang kadang tidak banyak orang lihat…Memilih untuk berjuang.Berjuang meninggalkan sesuatuyang pernah membuat kulitnya terluka.Berjuang melewati hari-harisaat kulitnya belum seperti yang diharapkan.Berjuang untuk sabar…ketika pulih ternyata tidak bisa instan.Hampir 8 bulan,beliau memilih untuk tetap percaya pada proses.Bukan demi menjadi lebih putih.Bukan demi menjadi sempurna.Tapi karena beliau sadar…dirinya terlalu berhargauntuk tidak dirawat dengan baik.Hari ini, kulit yang kembali sehatbukan hanya sebuah hasil.Beliau adalah bukti dari keberanian,kesabaran, dan rasa sayang kepada diri sendiri.Dan tanpa Mama Nay sadari,perjalanannya telah membuat banyak orang percaya…bahwa kulit bisa pulih.Bahwa selalu ada jalan untuk kembali.Untuk setiap orang yang hari inimasih berjuang memulihkan kulitnya,semoga kisah ini membuatmu percaya.Jangan menyerah pada dirimu sendiri 🤗DRICHA proudly presentsDRICHA INSPIRING STAR Because sometimes,the most inspiring transformationis choosing to love yourself again ❤️🤗 #KulitSehatTanpaToksik #Dricha #DRICHASkinJourneyInspiration #LifetimeDRICHABestie",2026-09-03T19:18:23.607029,,
ikhsanqthii,7622935631018118420,https://www.tiktok.com/@ikhsanqthii/video/7622935631018118420,False,30600,244,1549,3928,"BACA!! Tips dari aku yang udah umroh tapi alhamdulillah dikasih sehat sampai pulang: 1. Kebanyakan yg sakit orang tua. Jadi usahain abis umroh langsung ISTIRAHAT DULU!! Jangan paksain ngelakuin semua sunnah( insyaAllah pahala sholat di hotel tetep 100.00x). Nnti kalo udah gak terlalu capek baru ke masjid 2. BAWA VITAMIN PLEASEEE sama obat kumur dan obat2an pribadi (terutama obat warung aja deh gpp kayak paracetamol, obat batuk, diare, sembelit, asem lambung) 3. PAKE MASKERRRRE!!! Ini wajib kudu musti apalagi kalo tawaf sunnah, atau sholat di masjidil haram. Kenapa? Karena banyak yang batuk (kebanyakan kena pneumoni pas pulang), dan bakteri yg nyebabin meningitis (radang selaput otak) itu bisa menetap di hidung orang2 jadi resiko nularnya juga tinggi, apalagi kita deket2an. Apalagii obat disini mahall mahall 😭😭😭 sama kalo sakit kan gaenak ibadahnya.",2026-09-06T18:11:51.573687,,
aliphildan,7672605593873566997,https://www.tiktok.com/@aliphildan/video/7672605593873566997,False,51.8K,258,640,784,Semoga kamu juga sama yaa✨ coba tag teman2 kamu yg beginii🥺❤️ @Lulu 🤎 @Bang ucup @Acid 🔮 @Kang Rizz Kan @stevengunardilasut @fadildcky 🤏 @Wildan Wijaksono,2026-09-02T10:32:22.004002,,
tirtacipeng,7620322110224829717,https://www.tiktok.com/@tirtacipeng/video/7620322110224829717,False,16400,174,421,717,Per lontong an,2026-09-07T01:34:02.031923,,
dokteramiraobgyn,7639648699857014034,https://www.tiktok.com/@dokteramiraobgyn/video/7639648699857014034,False,719,49,89,108,siapa para bu da yang belum pernah vaksin hpv #dokterkandunganbatulicin#vaksinhpv#fyp @dokter_kandungan.batulicin,2026-09-03T23:23:12.254663,,
ikhsanqthii,7617238224552889620,https://www.tiktok.com/@ikhsanqthii/video/7617238224552889620,False,544500,3760,132200,11500,Mindset menurut gue,2026-09-06T18:26:26.338517,,
ikhsanqthii,7674823033097374996,https://www.tiktok.com/@ikhsanqthii/video/7674823033097374996,False,40200,517,2627,275,😭😭😭,2026-09-06T15:55:49.419980,,
ikhsanqthii,7592254864105803024,https://www.tiktok.com/@ikhsanqthii/video/7592254864105803024,False,10300,416,942,241,#stitch with @ayualthas MENURUT GUE ITU TOOOI MUCHH YA IBUU 🫵🫵🫵😡😡😡,2026-09-06T19:33:34.004419,,
dokter_ika,7630338992289975560,https://www.tiktok.com/@dokter_ika/video/7630338992289975560,False,489,37,3,20,Kulit mengelupas apalagi kemerahan dan perih (iritasi) harus evaluasi dan segera perbaiki dengan penggunaan moisturizer yang gentle buat kulit #belajarbersamadrika #edukasidrika #jagakulitmu,2026-09-03T20:49:45.839881,,
giapratamamd,7613974686149430548,https://www.tiktok.com/@giapratamamd/video/7613974686149430548,False,1159,42,15,74,"Cintaku ada di tasbihmu, Cintamu ada di tasbihku, Sampai akhirnya kita bersatu. ------------------------ Semangat untuk teman-teman yang sedang mencari jodoh, sungguh jalur jodoh tidak ada yang tau. Saya dapat nomer telfon istriku dari seorang bapak yang saya sembuhkan bisulnya. Saya dapat jodoh gara-gara bisul.",2026-09-06T15:06:01.909998,,
dokter_ika,7601350126132677896,https://www.tiktok.com/@dokter_ika/video/7601350126132677896,False,174,15,4,14,Kadang kesabaran butuh kepastian kan? #belajarbersamadrika #edukasidokterika,2026-09-03T22:28:45.850148,,
ikhsanqthii,7593571923716492561,https://www.tiktok.com/@ikhsanqthii/video/7593571923716492561,False,11700,160,311,158,Bawaanya mesti prduktif mulu… capek 😪,2026-09-06T19:29:29.263893,,
drkevinmak,7605242157749783826,https://www.tiktok.com/@drkevinmak/video/7605242157749783826,False,1899,3,26,121,"Kulit berminyak tuh sering salah pilih moisturizer. Takut lengket, takut berat, takut makin kilang 😅 Kalau kamu tim oily skin, coba rasain sensasi mochi texture yang: ✨ ringan ✨ cepat meresap ✨ hasilnya dry touch, bukan greasy Ini tipe moisturizer mochi untuk kulit berminyak yang nyaman dipakai pagi–malam, bahkan sebelum makeup. Kulit tetap lembap, tapi nggak bikin kilap berlebih 🙌 #SekenyalMochi #GarnierDryTouchCream #Skin #MoisturizerMochi #KulitBerminyak @Garnier Indonesia",2026-09-06T10:39:37.247013,,
drkevinmak,7668521223537691922,https://www.tiktok.com/@drkevinmak/video/7668521223537691922,False,372,24,37,76,"Kaum jompo, plis… Bukan kopi solusinya kalau kamu sering migrain. Jangan cuma diakalin pakai kafein terus, cari tahu dulu penyebabnya sebelum makin sering kambuh. Tag teman yang tiap migrain langsung cari kopi! #Migrain #SakitKepala #Kesehatan #DokterKevinMak #HealthyLifestyle",2026-09-05T17:32:06.650511,,
aymanalts,7629211703665904904,https://www.tiktok.com/@aymanalts/video/7629211703665904904,False,4602,137,302,78,#stitch with 7628932964294085908,2026-09-03T14:07:39.645984,,
itsdoktermuda,7603015346471111956,https://www.tiktok.com/@itsdoktermuda/video/7603015346471111956,False,18900,193,269,1183,Ada yg sering kaya gitu nggak? Jangan disepelein yaa #kesemutan #kebas #cepetanatasikesemutan #vitaminb #neurobionforte,2026-09-06T21:18:47.165590,,
tirtacipeng,7677580098886765844,https://www.tiktok.com/@tirtacipeng/video/7677580098886765844,False,8602,253,193,209,🙏🙏🙏🙏,2026-09-06T23:56:42.126606,,
dokter_ika,7609110719124081928,https://www.tiktok.com/@dokter_ika/video/7609110719124081928,False,5750,234,145,878,"Replying to @Adindafikri🦋 Kenyataan pahit, Tapi ini Faktanya… #belajarbersamadrika #jagakulitmu #edukasidokterika #stoppenyalahgunaansteroid",2026-09-03T22:08:31.635347,,
dokter.harmonospanak,7651030317410618644,https://www.tiktok.com/@dokter.harmonospanak/video/7651030317410618644,False,33,1,2,5,Praktek spesialis anak Hub admin :kak Fatimah 0812 . 3024 . 6181kak Wulan 0858 . 1565 . 2806Google Map tulis :Praktek dr.Harmono PD Sp.AAlamat :Jl. Airlangga 33 Apotek Diandra Mojosari Mojokerto#ramah lingkungan,2026-09-03T16:15:43.199868,,
dionharyadi,7602522240537627925,https://www.tiktok.com/@dionharyadi/video/7602522240537627925,False,849,5,69,129,Susu adalah salah satu sumber protein favorit saya. Tapi jangan sampe salah milih jenis susu ya!#TropicanaSlimDiabtxMilk,2026-09-03T15:21:32.962282,,
roozzaak,7617307053068995860,https://www.tiktok.com/@roozzaak/video/7617307053068995860,False,553,46,163,138,Membalas @Ika Septia #fyp #fypシ #DokterGemoy #vitaminD #vitaminD3,2026-09-06T00:20:01.510437,,
ikhsanqthii,7610978814306356500,https://www.tiktok.com/@ikhsanqthii/video/7610978814306356500,False,17400,269,365,313,#stitch with @Jihan Baiq demikian sekilas ingfo 🙏 maap gangguannye banyak dalam mengedukasi kali ini,2026-09-06T18:44:35.216821,,
dr.deamaulidia,7590545609573092615,https://www.tiktok.com/@dr.deamaulidia/video/7590545609573092615,False,10,0,1,2,Liburan sekolah kemana lagi ya ? yuk ke AEON BSD,2026-09-05T14:54:19.454847,,
giapratamamd,7624379548678802708,https://www.tiktok.com/@giapratamamd/video/7624379548678802708,False,13400,262,496,664,"Air putih punya peran besar untuk menjaga kesehatan ginjal. Cukup minum membantu ginjal bekerja lebih optimal dalam menyaring sisa metabolisme dan menjaga keseimbangan cairan tubuh. Tapi ada satu hal yang sering luput, tidak semua air minum punya kualitas yang sama. Pilih air minum yang benar-benar murni, terasa ringan, dan nyaman diminum setiap hari, supaya tubuh terhidrasi dengan baik tanpa beban yang tidak perlu. Jaga ginjalmu dari hal yang sederhana. Mulai dari air yang kamu minum setiap hari.",2026-09-06T14:50:04.246561,,
drkevinmak,7640789328888745234,https://www.tiktok.com/@drkevinmak/video/7640789328888745234,False,494,15,40,67,"Buat kamu yang tiap hari belom mulai kerja aja udah capek, ati2 kecolongan dan kekurangan vitamin D! Udah ga keitung berapa orang yang membaik fisik nya setelah rutin vitamin D! #vitamin #vitamind3 #cepetcapek #rekomendasivitamin",2026-09-05T19:04:51.119497,,
itsdoktermuda,7599100387315944725,https://www.tiktok.com/@itsdoktermuda/video/7599100387315944725,False,430,7,27,41,"Ini disebut Cleidocranial dysplasia. Yaitu kelainan genetik yang bikin tulang terutama kepala dan bahu berkembang tidak sempurna, tapi penderitanya tetap bisa hidup normal. Disebabkan oleh mutasi gen yang mengganggu proses pembentukan tulang saat masih janin Ini bukan penyakit yang perlu ditakuti, tapi kondisi langka yang mungkin temen2 perlu tau ajaa👌",2026-09-06T21:23:27.749728,,
ikhsanqthii,7623410859490200853,https://www.tiktok.com/@ikhsanqthii/video/7623410859490200853,False,11100,95,1421,1445,"Yang penting itu bukan cepat, tapi bisa konsisten. Mulai dari hal sederhana kayak cukupin serat & jaga pencernaan dulu",2026-09-06T18:11:03.801544,,
aymanalts,7630434970196036882,https://www.tiktok.com/@aymanalts/video/7630434970196036882,False,12.4K,115,52,230,#stitch with 7628874616282352914,2026-09-03T14:03:52.319887,,
roozzaak,7598032844371332359,https://www.tiktok.com/@roozzaak/video/7598032844371332359,False,877,33,349,191,Membalas @loopy #fyp #fypシ #DokterGemoy #edukasi #edukasitiktok,2026-09-06T23:19:25.693679,,
dokternadiyah,7654236273602792725,https://www.tiktok.com/@dokternadiyah/video/7654236273602792725,False,1417,57,86,386,"[Waspada keput!han pada Bumil]Banyak Bumil mengira semua keput!han saat hamil adalah hal yang normal. Padahal, meski peningkatan keput!han memang sering terjadi akibat perubahan hormon, jumlah yang terlalu berlebihan tetap perlu diwaspadai.Jika keput!han sampai membuat celana dalam cepat basah, keluar terus-menerus dalam jumlah banyak, atau terasa seperti cairan yang mengalir, sebaiknya jangan hanya dianggap sebagai keput!han biasa.Terlebih jika disertai:⚠️ Bau tidak sedap⚠️ Warna kuning, hijau, atau keabu-abuan⚠️ Gatal dan perih pada area kewanitaan⚠️ Nyeri saat BAK⚠️ Cairan sangat encer yang dicurigai sebagai rembesan air ketubanKeput!han berlebih bisa disebabkan oleh infeksi, iritasi, atau kondisi lain yang memerlukan pemeriksaan lebih lanjut. Semakin cepat diketahui penyebabnya, semakin baik untuk kesehatan Bumil dan janin.Jadi, jangan hanya fokus pada warna dan bau. Jumlah keput!han yang tiba-tiba jauh lebih banyak dari biasanya juga merupakan tanda yang perlu diperhatikan.Karena saat hamil, lebih baik memeriksakan sesuatu yang ternyata normal daripada terlambat menyadari adanya masalah. 💕🤱#edukasibumil #keputihansaathamil #kehamilansehat #creatorsearchinsights",2026-09-04T01:59:41.049941,,
aliphildan,7661888877879233812,https://www.tiktok.com/@aliphildan/video/7661888877879233812,False,35K,658,6250,658,"#bismillahchan💜 Kenapa lokasi tempat penyuntikkan itu beda-beda, ada yang di tangan, di paha, bahkan di bokong? 🗿⬇️Karena setiap jenis suntikan punya tujuan dan cara kerja yang berbeda. Ada obat atau vaksin yang memang harus masuk ke lapisan kulit (intradermal), ada yang disuntik ke jaringan lemak (subkutan), ada yang harus langsung ke otot (intramuskular), dan ada juga yang masuk ke pembuluh darah (intravena). Nah, setiap lapisan tubuh punya lokasi terbaik agar obat terserap dengan optimal, lebih nyaman, dan risiko cedera pada saraf atau pembuluh darah lebih kecil. Makanya tenaga kesehatan nggak asal pilih tempat suntik, semuanya disesuaikan dengan jenis obat, usia, kondisi pasien, serta tujuan terapinya. Cc @dictionarei",2026-09-02T11:00:03.699746,,
bidancynthia,7645917289585364245,https://www.tiktok.com/@bidancynthia/video/7645917289585364245,False,9132,122,273,1785,Gasabar gemoy bisa duduk 😋 #sofadudukbayi,2026-09-07T04:59:54.539487,,
bidancynthia,7650837009174416661,https://www.tiktok.com/@bidancynthia/video/7650837009174416661,False,1308,53,8,27,Malaikat kecil mama papa. Ga kerasa udah 3 minggu sama mama papa 🫶🏻🥹,2026-09-07T04:42:47.542192,,
roozzaak,7651411886168116500,https://www.tiktok.com/@roozzaak/video/7651411886168116500,False,1243,105,439,187,Membalas @Bu Imah || Guru BK Career👩‍🎓 #fyp #fypシ #DokterGemoy #edukasi #edukasikesehatan,2026-09-05T21:52:48.199723,,
aymanalts,7645150146233224455,https://www.tiktok.com/@aymanalts/video/7645150146233224455,False,13.2K,137,185,242,#stitch with 7644781672860323090,2026-09-03T13:14:41.662100,,
dokter.harmonospanak,7640665197446696213,https://www.tiktok.com/@dokter.harmonospanak/video/7640665197446696213,False,78,4,7,10,Praktek spesialis anak Hub admin :kak Fatimah 0812 . 3024 . 6181kak Wulan 0858 . 1565 . 2806Google Map tulis :Praktek dr.Harmono PD Sp.AAlamat:Jl. Airlangga 33 Apotek Diandra Mojosari Mojokerto,2026-09-03T16:32:27.010794,,
aliphildan,7607355585444482324,https://www.tiktok.com/@aliphildan/video/7607355585444482324,False,18.7K,272,589,246,"Kalo ada cowo kyk gini beneran, mau diapain enaknya? :)",2026-09-03T09:09:43.347753,,
ikhsanqthii,7663837453156896021,https://www.tiktok.com/@ikhsanqthii/video/7663837453156896021,False,51000,396,1978,865,Jujur setiap keluar kota pasti ngeker tempat makan apa yg ada pns-nya. Gatau knp pasti valid itu enak dan worth the price 😭😭😅,2026-09-06T16:25:24.892059,,
drkevinmak,7634094779818593554,https://www.tiktok.com/@drkevinmak/video/7634094779818593554,False,370,17,55,107,"Replying to @mahesa Udah capek seharian, tapi pas mau tidur otak masih ‘meeting’? 😵‍💫 Bisa jadi bukan cuma overthinking—tubuh kamu lagi kekurangan support untuk rileks Vitamin D & magnesium berperan bantu regulasi mood, saraf, dan kualitas tidur Kalau ini nggak optimal… tidur pun jadi susah.” #v#vitaminDm#magnesiumt#tidurnyenyaki#insomniaoverthinking",2026-09-05T19:26:30.324771,,
drgfira,7634883664827993352,https://www.tiktok.com/@drgfira/video/7634883664827993352,False,84,6,1,4,"Meskipun sempet merasa salah jurusan, tapi ternyata aku bisa menyelesaikannya 🥹 #dentist #dentistlife",2026-09-05T16:40:00.964316,,
drkevinmak,7601426603155000594,https://www.tiktok.com/@drkevinmak/video/7601426603155000594,False,253,16,25,37,"Muka kusam pas puasa? Sering disangka salah skincare… padahal masalahnya dari dalam. Skincare penting, tapi nutrisi & hidrasi itu pondasi. #KulitKusam #PuasaSehat #KulitSehat #SkincareRoutine #EdukasiKesehatan",2026-09-06T10:47:29.564899,,
doktermatahendra,7605784602812206354,https://www.tiktok.com/@doktermatahendra/video/7605784602812206354,False,414,8,22,28,"Pisang enak & gampang didapatkan di Indonesia—tapi apakah dia bermanfaat buat mata? Jawabannya: Iya—apalagi saat dimakan dengan pintar. 🍌👀Kenapa pisang berguna:• Kaya kalium → bantu jaga tekanan darah tetap stabil. Pembuluh yang sehat = suplai darah ke retina lebih aman. • Ada vitamin A, C & B6 → dukung perbaikan jaringan dan imunitas lokal. • Mengandung antioksidan→ bantu lawan radikal bebas • Energi cepat + karbo kompleks → baik sebagai camilan sebelum aktivitas yang butuh konsentrasi mata (studi, kerja depan layar).Praktik harian cara makan pisang yang “ramah mata”• Camilan pintar (kombinasikan makronutrien): Pisang + yogurt plain + segenggam kenari. Protein + lemak sehat bantu penyerapan nutrisi dan stabilkan gula darah. • Pagi cepat: Oat + potongan pisang + chia seed + sedikit madu — sumber serat, lutein dari tambahan bayam smoothie bisa ditambahkan. • Hindari: pisang + saus/olahan tinggi gula secara berlebihan tiap hari (frekuensi masih penting).Secara umum:• Pisang: camilan praktis yang mendukung kesehatan umum & mata lewat kalium, vitamin, dan antioksidan.Namun bukan pengganti nutrisi spesifik untuk mata — jadikan bagian dari pola makan beragam dan seimbang.#pisang #camilansehat #kesehatanmata #nutrisimata #doktermatahendraKamu suka makan pisang juga? Diolah dengan cara apa, share dikolom komentar ya 👍",2026-09-04T01:25:23.885317,,
aymanalts,7666720997784947976,https://www.tiktok.com/@aymanalts/video/7666720997784947976,False,7323,129,183,205,,2026-09-03T11:11:52.723022,,
dokteramiraobgyn,7646036502346026247,https://www.tiktok.com/@dokteramiraobgyn/video/7646036502346026247,False,5321,113,739,1074,suami gak ada spermanya azoospermia gimana tuh #inginhamil#spermaazoospermia#fyp,2026-09-03T23:18:17.008804,,
tirtacipeng,7655527397743168789,https://www.tiktok.com/@tirtacipeng/video/7655527397743168789,False,5099,198,46,150,Pagi tadi sebelum kerja. Jumat berkah.,2026-09-07T00:39:33.234737,,
roozzaak,7606941789517565204,https://www.tiktok.com/@roozzaak/video/7606941789517565204,False,350,111,3,10,Absen sampe kota mana 👀 #fyp #fypシ #DokterGemoy #edukasi #edukasitiktok,2026-09-06T22:54:11.277096,,
dokteramiraobgyn,7653727686728125704,https://www.tiktok.com/@dokteramiraobgyn/video/7653727686728125704,False,4007,33,238,550,solusi untuk para wanita #janganmaujadiyangkedua#ketiga#fyp,2026-09-03T19:02:45.119608,,
ikhsanqthii,7631742886987484436,https://www.tiktok.com/@ikhsanqthii/video/7631742886987484436,False,142500,664,7637,6681,Siapa yang suka kayak gini 🤨🤨🤨🧐🧐🧐,2026-09-06T17:53:23.628899,,
dokter_ika,7663446562667777298,https://www.tiktok.com/@dokter_ika/video/7663446562667777298,False,21.3K,771,521,2191,Replying to @A. ekspektasinya apa dengan HB dosting? #hbdosting #belajarbersamadrika #Edukasidrika,2026-09-03T19:40:40.946705,,
aliphildan,7634871191760538901,https://www.tiktok.com/@aliphildan/video/7634871191760538901,False,873,27,144,36,pokoknyaa gueee dokter teramah se-Indonesia Raya!!!!✨ #CeraVeID #ClearYourSkinLikeADerm #JuaranyaCeramides #CeraVePartner #partnership,2026-09-02T12:33:19.454237,,
dokteramiraobgyn,7671982810739002642,https://www.tiktok.com/@dokteramiraobgyn/video/7671982810739002642,False,2627,46,211,384,jangan smpai ibu anda begini sudah menopuse gemuk hipertensi diabetes #janganjangan#kankerendometrium#fyp,2026-09-03T18:43:06.827682,,
roozzaak,7622980503465004309,https://www.tiktok.com/@roozzaak/video/7622980503465004309,False,15,8,1,0,Membalas @Novha Iffha #fyp #fypシ #DokterGemoy #vitaminD #vitaminD3,2026-09-05T23:51:33.802058,,
dokternadiyah,7680211472030453012,https://www.tiktok.com/@dokternadiyah/video/7680211472030453012,False,85,0,2,7,"Kenapa Kulit Masih Kusam Padahal Sudah Pakai Skincare?Merawat wajah dengan toner, serum, dan pelembap saja tidak cukup jika kebiasaan di dalam tubuhmu diabaikan.Skincare hanya merawat lapisan luar kulit. Sementara itu, sel kulit baru dibentuk dari nutrisi yang kamu konsumsi sehari-hariKALON ASTAGULTA#perempuancantik#creatorsearchinsights #skincarevideos",2026-09-04T01:41:56.025532,,
dokter_ika,7677525089323076872,https://www.tiktok.com/@dokter_ika/video/7677525089323076872,False,18.9K,1262,265,2314,Replying to @Devi Lestari #belajarbersamadrika #Edukasidrika #sunscreentips,2026-09-03T18:18:53.594394,,
dionharyadi,7629686929738583317,https://www.tiktok.com/@dionharyadi/video/7629686929738583317,False,538.4K,12K,51.2K,38.3K,Siapa yang suka ketindihan?,2026-09-03T14:49:51.129954,,
itsdoktermuda,7668301591694380305,https://www.tiktok.com/@itsdoktermuda/video/7668301591694380305,False,123,2,5,10,Pernah liat dislokasii?,2026-09-06T20:05:35.340310,,
itsdoktermuda,7610743102503980308,https://www.tiktok.com/@itsdoktermuda/video/7610743102503980308,False,180,17,27,58,Kalo kalian cukur bulu “bawah” gimana caranya??? #hairremoval #milkrecipe,2026-09-06T21:10:04.761786,,
drrichardlee,7613727670551022869,https://www.tiktok.com/@drrichardlee/video/7613727670551022869,False,1758,34,26,122,DOWNLOAD 15: DEMO ITU DOSA?! GOLONGAN INI DIHARAMKAN CIUM BAU SURGA?!,2026-09-06T11:50:15.542017,,
itsdoktermuda,7669293676580850960,https://www.tiktok.com/@itsdoktermuda/video/7669293676580850960,False,1446,54,156,209,"Yg bahaya bkn olahraga, tapi olahraga yg dipaksakan dan ga disesuaikan sm kondisi tubuh kitaa",2026-09-06T20:02:52.527632,,
drkevinmak,7626040422623628562,https://www.tiktok.com/@drkevinmak/video/7626040422623628562,False,498,28,69,101,"Replying to @YSS🌼 Sejak rutin magnesium, tidurnya jadi lebih nyenyak Nggak kebangun-bangun, bangun juga lebih fresh Ada yang ngerasain juga? #magnesium #tidurnyenyak #sleepquality #insomnia #susahTidur",2026-09-05T19:51:29.492654,,
bidancynthia,7623365774656146709,https://www.tiktok.com/@bidancynthia/video/7623365774656146709,False,3886,239,65,284,"Periksa kehamilan dan Cek Lab di Puskesmas ,udah TM3 periksa ya 2 minggu sekali, bumil” jgn lupa periksa dan cek lab juga ya #ibuhamil #trimester3",2026-09-07T11:26:51.811190,,
drkevinmak,7677972703801822482,https://www.tiktok.com/@drkevinmak/video/7677972703801822482,False,337,14,22,91,"Buat kamu yang nggak mau ribet cari Vitamin D3 dan K2 terpisah, bisa pilih D3K2 dalam satu produk. Lebih praktis, jadi nggak perlu minum dua suplemen berbeda. Share ke teman atau keluarga yang masih bingung pilih Vitamin D3 dan K2. #VitaminD3 #D3K2 #VitaminK2 #Suplemen #KesehatanTulang",2026-09-05T16:59:59.665407,,
itsdoktermuda,7676089730915634433,https://www.tiktok.com/@itsdoktermuda/video/7676089730915634433,False,68,0,10,3,Sebat lagiii sebat lagii Vid: jr_dian21 (Buat dokter yg mau ngonten bisa klik link bioku yaa),2026-09-06T19:50:14.820197,,
dokter_ika,7678701513778203912,https://www.tiktok.com/@dokter_ika/video/7678701513778203912,False,629,43,8,26,#DrichaBestie❤️,2026-09-03T18:15:21.729387,,
roozzaak,7608948619474963733,https://www.tiktok.com/@roozzaak/video/7608948619474963733,False,42,1,1,3,#stitch dengan @detik.com #fyp #fypシ #DokterGemoy #edukasi,2026-09-06T22:44:34.633699,,
tirtacipeng,7674856090084887828,https://www.tiktok.com/@tirtacipeng/video/7674856090084887828,False,2669,152,47,35,Lari 17.08 km lanjut pull day.,2026-09-07T00:03:08.732559,,
roozzaak,7598035558216060168,https://www.tiktok.com/@roozzaak/video/7598035558216060168,False,4088,169,733,516,Membalas @..... #fyp #fypシ #DokterGemoy #edukasi #edukasitiktok,2026-09-06T23:15:29.640888,,
gelarsramdhani,7638852306091560199,https://www.tiktok.com/@gelarsramdhani/video/7638852306091560199,False,102,10,3,3,"Ibadah haji adalah ibadah fisik. Dibutuhkan tubuh yang sehat dan kuat agar ibadah berjalan optimal. Saat sakit, ibadah bisa menjadi terganggu. Karena itu, kesehatan gigi dan mulut juga perlu dijaga. Sakit gigi, gusi bengkak, atau masalah mulut lainnya dapat mengurangi kenyamanan dalam beribadah. Jika ada keluhan pada gigi dan mulut, segera konsultasi dan periksa ke dokter gigi. Sehat tubuhnya, nyaman ibadahnya. #haji #doktergigi #jemaahhaji #petugashaji",2026-09-06T13:40:37.827077,,
dokter.harmonospanak,7607636308533497108,https://www.tiktok.com/@dokter.harmonospanak/video/7607636308533497108,False,542,81,60,30,,2026-09-03T17:40:14.858303,,
ikhsanqthii,7646663360209079573,https://www.tiktok.com/@ikhsanqthii/video/7646663360209079573,False,102900,269,2770,3415,Kalo gue sih selalu patokannya di bahan sama cuttingan 👍👍,2026-09-06T17:17:10.835334,,
giapratamamd,7617305877875330325,https://www.tiktok.com/@giapratamamd/video/7617305877875330325,False,3130,126,32,91,"Teman-teman, ada satu cara pandang sederhana tentang persepsi. Barangkali setelah mendengarnya, kita jadi melihat banyak hal dalam hidup dengan cara yang sedikit berbeda. Saya merasa, realitas sering kali bergerak mengikuti cara kita memaknai apa yang terjadi, bukan semata-mata dari peristiwanya. Sering ketika kita melihat hidup, rasanya seperti sedang kehujanan. Semua terasa berat. Seolah-olah datang karena alasan yang menyulitkan. Padahal hujan yang sama juga menumbuhkan bunga. Menumbuhkan tanaman. Menumbuhkan pohon. Banyak kehidupan justru bertumbuh karena hujan. kita melihat hujan hanya sebagai cuaca yang membuat langkah terasa malas. Kita berkata dalam hati, “Aduh hujan lagi.” Hujan juga bisa kita anggap sebagai masa bertumbuh. Masa ketika tanah sedang menyerap air. Masa ketika sesuatu sedang disiapkan untuk tumbuh. Saat kita melihatnya berbeda. Udara terasa lebih segar. Tanaman terlihat lebih hidup. Langit terasa lebih cerah. Jadi kalau boleh berbagi, mungkin hidup juga seperti itu. Seluruh fase getir di hidup saya dulu ternyata sekarang saya sadari itu fase yang menumbuhkan. Yang sering membentuk pengalaman kita bukan hanya apa yang terjadi, melainkan bagaimana kita memilih memaknainya. Oleh karena itu, atas apapun, kadar cinta saya bisa berbeda-beda tapi tetap saya tidak bisa membenci apapun dan siapapun.",2026-09-06T14:57:16.061667,,
drkevinmak,7600394128345615624,https://www.tiktok.com/@drkevinmak/video/7600394128345615624,False,1502,96,59,291,Replying to @Thy kalau kamu masih sering keputihan tiap hari ga? Komen ya ✅ #infokesehatan #viralditiktok🔥 #keputihan #probiotik #rekomendasiprobiotik,2026-09-06T10:50:19.431749,,
gelarsramdhani,7636883288845552904,https://www.tiktok.com/@gelarsramdhani/video/7636883288845552904,False,205,5,11,9,Jemaah Haji Kloter KJT 06 Majalengka Jawa Barat Telah Tiba di Mekkah #haji #mekkah #madinah #jemaahhaji #petugashaji,2026-09-06T13:43:57.188454,,
drkevinmak,7595544808161053970,https://www.tiktok.com/@drkevinmak/video/7595544808161053970,False,24000,421,1626,8681,Kalau kamu tim astaxanhin atau glutathione? Atau jangan2 udah dua2 nya nih? #infokesehatan #astaxanthin #glutathione #suplemen #vitaminkulit,2026-09-06T11:09:29.494263,,
aymanalts,7595031448818601223,https://www.tiktok.com/@aymanalts/video/7595031448818601223,False,5418,66,41,66,,2026-09-05T12:16:49.090842,,
drkevinmak,7664387335143886087,https://www.tiktok.com/@drkevinmak/video/7664387335143886087,False,272,5,33,50,"Sering lupa, apalagi kalau sudah jadi ibu? Bisa jadi bukan cuma karena sibuk, tapi tubuhmu sedang kekurangan nutrisi tertentu. Tag atau share ke ibu, istri, atau temanmu yang sering bilang, “Aduh, lupa lagi!” #Pelupa #MomBrain #BrainFog #VitaminD #VitaminB12",2026-09-05T17:54:07.235806,,
roozzaak,7652546341649845524,https://www.tiktok.com/@roozzaak/video/7652546341649845524,False,55,5,8,8,Membalas @M Zidan Al Malik #fyp #fypシ #DokterGemoy #edukasi #probiotik,2026-09-05T21:48:17.229582,,
tirtacipeng,7624791252923469076,https://www.tiktok.com/@tirtacipeng/video/7624791252923469076,False,99600,1133,5650,2115,Brifieng kucing part sekian.,2026-09-07T01:27:14.810834,,
ikhsanqthii,7629383768851205396,https://www.tiktok.com/@ikhsanqthii/video/7629383768851205396,False,16000,130,414,429,Demikian sekilas info 👍,2026-09-06T17:59:13.220378,,
dokter_ika,7611747064594140434,https://www.tiktok.com/@dokter_ika/video/7611747064594140434,False,14.8K,907,743,876,Replying to @Cintaku🦋 Merkuri itu RACUN!!! #jagakulitmu #belajarbersamadrika #edukasidokterika #merkuncrit,2026-09-03T21:54:22.124632,,
aliphildan,7662337718470397192,https://www.tiktok.com/@aliphildan/video/7662337718470397192,False,1346,25,28,108,Jalan-jalan naik kudaMending simak pideo guee daa! #fakesituation⚠️,2026-09-02T10:59:24.538507,,
dokteramiraobgyn,7661617036409277704,https://www.tiktok.com/@dokteramiraobgyn/video/7661617036409277704,False,53.5K,634,4699,1843,umur masi muda banget sudah hamil tinggal bareng sama pacarnya #janganditiruyaadekadek#fyp,2026-09-03T18:54:20.697650,,
drkevinmak,7677417682106420487,https://www.tiktok.com/@drkevinmak/video/7677417682106420487,False,3779,76,918,789,"Jangan tunggu liver bermasalah baru mulai peduli! Jaga dari sekarang dengan pola makan sehat, rutin olahraga, dan hindari kebiasaan yang bisa membebani liver. #KesehatanLiver #LiverSehat #HidupSehat #TipsKesehatan #Dokter",2026-09-05T17:05:45.198673,,
dionharyadi,7636665111297494293,https://www.tiktok.com/@dionharyadi/video/7636665111297494293,False,359.9K,5063,106.1K,31.1K,Saya coba jelasin sedikit kenapa perutnya bisa membesar ya.Salah satunya penyebabnya karena kista ini ya.Saya izin stitch ya @Siti Zahro,2026-09-03T14:46:48.753967,,
dokter_ika,7624779137760202002,https://www.tiktok.com/@dokter_ika/video/7624779137760202002,False,7987,658,110,519,"Replying to @🫀babypro⁰⁵🫀 Pelaku-pelaku ini melakukan berbagai cara termasuk memanipulasi kemasan berijin BPOM krimnya dioplos demi kelanjutan usahanya, ataupun melakukan overklaim dengan hasil instan.. Perhatikan cirinya #belajarbersamadrika #edukasidrika #moduspenjualnakals #overclaimproduct #stoppenyalahgunaanobatkeras",2026-09-03T18:11:05.928423,,
bidancynthia,7631990085055008021,https://www.tiktok.com/@bidancynthia/video/7631990085055008021,False,1494,46,54,64,Laper gatau waktu,2026-09-07T05:45:57.864578,,
dokter.harmonospanak,7624282816443960597,https://www.tiktok.com/@dokter.harmonospanak/video/7624282816443960597,False,67,7,3,7,dr.Harmono PD Sp.A buka konsultasi gratis di grup WA...link di profil bio saya,2026-09-03T17:01:42.805531,,
dokternadiyah,7590964030274112789,https://www.tiktok.com/@dokternadiyah/video/7590964030274112789,False,50,1,4,9,Info teman diet 🙌🏻 #stevia #pemanisalami #tipssehat,2026-09-05T14:25:18.528337,,
itsdoktermuda,7590964693498481940,https://www.tiktok.com/@itsdoktermuda/video/7590964693498481940,False,2284,123,307,628,Kalo kalian tim yang dibarengi K2 apa ndak?😊 #VitDCepatDiserapEfekMaksimal,2026-09-06T21:34:58.792484,,
dr.ziee,7674140945390079239,https://www.tiktok.com/@dr.ziee/video/7674140945390079239,False,1076,37,25,70,"Coba ngetes pengetahuan beberapa orang soal plak gigi. Ternyata masih banyak yang ketuker antara plak, sisa makanan, dan karang gigi. Dari sini jadi seru ngobrolin oral microbiome, karena ternyata banyak yang nggak tau kalau gak semua bakteri di mulut itu jahat. Dan pentingnya menjaga keseimbangan bakteri baik dan jahat di dalam mulut kita. Btw, kamu tadi jawab apa? #karanggigi #PastaGigiMicrobiome #PepsodentProCare #PepsodentMicrobiomeLab",2026-09-05T15:08:05.453366,,
drkevinmak,7654812627742313746,https://www.tiktok.com/@drkevinmak/video/7654812627742313746,False,1450,49,107,530,"Buat kamu yang termasuk generasi sandwich, jangan lupa jaga kesehatan diri sendiri juga. Vitamin yang tepat bisa membantu mendukung energi dan menjaga tubuh tetap fit di tengah banyaknya tanggung jawab. Tag atau share ke teman sesama generasi sandwich, dan komen “sandwich” kalau kamu relate! #generasisandwich #vitamin #kesehatan #healthtips #wellness",2026-09-05T18:25:40.370119,,
dokteramiraobgyn,7660908575945985287,https://www.tiktok.com/@dokteramiraobgyn/video/7660908575945985287,False,368,15,1,12,Ohh gini ya rasanya jadi orangtua #kerjakerjakerja#sekolahhlagi#fyp,2026-09-03T18:54:46.729736,,
ikhsanqthii,7680151185113763092,https://www.tiktok.com/@ikhsanqthii/video/7680151185113763092,False,942,37,124,43,Hospital Play-Play Eps. 05 | Kucek Mata Bikin Silinder??,2026-09-06T15:40:07.552157,,
dokter_ika,7665716931210661138,https://www.tiktok.com/@dokter_ika/video/7665716931210661138,False,1701,132,16,100,Replying to @Deoll Semangat rawat kulitnya #LoveYourSkin❤️ #belajarbersamadrika #Edukasidrika,2026-09-03T19:32:28.948757,,
drrichardlee,7618082074196675858,https://www.tiktok.com/@drrichardlee/video/7618082074196675858,False,2245,77,26,130,"Menjelang berakhirnya Ramadhan, kami mengucapkan terima kasih kepada penonton setia Download yang senantiasa mau belajar dan mencari ilmu dari setiap tayanganan episodenya. Jangan lupa saksian Download setiap hari jam 17.00 Managed by Admin",2026-09-06T11:42:54.021467,,
aymanalts,7647357385807252743,https://www.tiktok.com/@aymanalts/video/7647357385807252743,False,13K,76,132,223,#stitch with 7646582562466385172,2026-09-03T13:04:57.953690,,
farhanzubedi,7607442834995678484,https://www.tiktok.com/@farhanzubedi/video/7607442834995678484,False,14000,26,192,436,,2026-09-06T12:58:50.881549,,
tirtacipeng,7676326727013977365,https://www.tiktok.com/@tirtacipeng/video/7676326727013977365,False,24900,208,232,701,Sebagai pengguna id buzz 1 tahun dan udah otw 10rebu km. Intinye: jos jus vw indonesia,2026-09-07T00:00:49.772485,,
aymanalts,7667153868240719112,https://www.tiktok.com/@aymanalts/video/7667153868240719112,False,12.6K,363,984,93,,2026-09-03T11:08:57.436058,,
dokternadiyah,7624125119123737877,https://www.tiktok.com/@dokternadiyah/video/7624125119123737877,False,40,4,1,8,#GRWM Update seperintilan simpel perempuan buat tampil cantik 😉#perempuan #cantik #happy #eyeshadow,2026-09-04T02:32:38.645218,,
aymanalts,7639973307445464338,https://www.tiktok.com/@aymanalts/video/7639973307445464338,False,36.6K,221,889,818,#stitch with 7625232405900578066,2026-09-03T13:32:59.030222,,
drkevinmak,7652257918779198738,https://www.tiktok.com/@drkevinmak/video/7652257918779198738,False,224,6,48,131,"Kalian yang baru lari bentar tapi udah sering cedera? 🏃‍♂️ Selain latihan dan recovery yang tepat, jangan lupa perhatikan kebutuhan nutrisi untuk otot dan tulang, termasuk Magnesium Glycerophosphate, Vitamin D3, dan K2. #Runner #CederaLari #Magnesium #VitaminD3 #VitaminK2",2026-09-05T18:30:33.946905,,
dokteramiraobgyn,7671293282466401543,https://www.tiktok.com/@dokteramiraobgyn/video/7671293282466401543,False,22.5K,179,3130,1925,remaja yang sudah hubungan intim layaknya suami istri harus hati2 yaa #GentlyFeminineWash #pHBalance @gentlycare.id,2026-09-03T18:44:22.898465,,
dokter.reni.anak,7649743059323735317,https://www.tiktok.com/@dokter.reni.anak/video/7649743059323735317,False,23,12,1,0,"Bayi nangis berjam-jam dan sulit ditenangkan bisa jadi tanda KOLIK BAYI.Salah satu penyebab kolik adalah bakteri baik di usus bayi yang belum seimbang.Banyak penelitain menunjukkan bahwa probiotik L. reuteri bisa mengurangi tangisan bayi secara bermakna.So, parents jika bayi nangis berlebih, segera konsultasikan ke dokter utk mendapatkan diagnosis dan penanganan yang tepat✨#DukungPencernaanSehat #ExpertinDigestion #Lreuterii",2026-09-03T17:46:32.373241,,
drkevinmak,7675634497290816786,https://www.tiktok.com/@drkevinmak/video/7675634497290816786,False,45500,199,4449,13000,"Buat kamu yang sering lari, jangan cuma fokus latihan dan makan. Pastikan kebutuhan magnesium juga tercukupi untuk mendukung fungsi otot dan saraf. Share ke teman yang hobi lari. #Magnesium #Pelari #RunningTips #Suplemen #KesehatanOtot",2026-09-05T17:10:49.304076,,
aymanalts,7669745734186536199,https://www.tiktok.com/@aymanalts/video/7669745734186536199,False,2473,112,73,44,#stitch with 7668618564869606674,2026-09-03T10:54:53.013107,,
roozzaak,7674411896811867412,https://www.tiktok.com/@roozzaak/video/7674411896811867412,False,627,105,42,47,#stitch dengan @Reyshaka Lipiyan Abizar #fyp #fypシ #DokterGemoy #edukasi,2026-09-05T21:10:31.712649,,
aliphildan,7671188878472236309,https://www.tiktok.com/@aliphildan/video/7671188878472236309,False,35.3K,830,756,530,"Yg nanya doklip dokter apa, aku dokter spesial yaah✨🤸🏻‍♂️",2026-09-02T10:40:31.136726,,
giapratamamd,7661090184003407124,https://www.tiktok.com/@giapratamamd/video/7661090184003407124,False,26700,397,3062,392,"Rasanya penuh syukur. Bagi saya, ini lebih dari kolaborasi dengan sebuah brand. Ini adalah pertemuan antara nilai, ilmu, dan misi. Kahf punya semangat yang dekat dengan apa yang selama ini saya bawa, yaitu membantu pria Indonesia merawat diri dengan cara yang lebih sederhana, lebih cerdas, dan lebih bertanggung jawab. Mitos bahwa skincare hanya untuk perempuan. Ini harus berhenti. Kulit pria juga terkena matahari, polusi, debu, keringat, minyak, dan penuaan. Jadi merawat kulit adalah urusan kesehatan, kebersihan, dan rasa hormat pada diri sendiri.",2026-09-06T14:20:34.085070,,
aymanalts,7669803055637859602,https://www.tiktok.com/@aymanalts/video/7669803055637859602,False,5230,320,91,224,,2026-09-03T10:53:39.852360,,
aymanalts,7637056260113845522,https://www.tiktok.com/@aymanalts/video/7637056260113845522,False,83.3K,814,11.3K,4824,#stitch with 7636455806224944391,2026-09-03T13:40:19.179911,,
dokter_ika,7617730577336257800,https://www.tiktok.com/@dokter_ika/video/7617730577336257800,False,5571,330,77,373,"PERCAYA??? Tidak ada bahan yang bisa mengubah warna kulit asli kamu, suplemen antioksidan membantu memelihara kesehaan sel tubuh 👍🏻 Mau lebih terang pakai filter atau dekoratif, sesimpel itu! #belajarbersamadrika #edukasidokterika #putahputih",2026-09-03T21:31:17.106790,,
tirtacipeng,7610875899600325908,https://www.tiktok.com/@tirtacipeng/video/7610875899600325908,False,5894,72,206,790,"Celana compression 2in1 anti blister dari @Whittaker Official mereka juga baru launching tshirt runningnya, langsung cek keranjang kuning jos jis!",2026-09-07T01:45:42.870036,,
drkevinmak,7668524029321514247,https://www.tiktok.com/@drkevinmak/video/7668524029321514247,False,2627,195,1432,509,"Stop kebiasaan gigit atau nyemil es! Ini bukan kebiasaan yang bagus dan bisa jadi tanda ada sesuatu yang perlu kamu perhatikan. Tonton sampai habis, lalu share ke teman yang hobi makan es! #GigitEs #MakanEs #Kesehatan #TipsSehat #kurangdarah",2026-09-05T17:30:43.005338,,
aymanalts,7667530387144330514,https://www.tiktok.com/@aymanalts/video/7667530387144330514,False,16.6K,112,94,230,,2026-09-03T11:06:31.585424,,
