username,video_id,video_url,post_date_wib,needs_comment_scrape
aliphildan,7473297908259966263,https://www.tiktok.com/@aliphildan/video/7473297908259966263,2025-02-20 07:52:42,False
aliphildan,7430764222197370119,https://www.tiktok.com/@aliphildan/video/7430764222197370119,2024-10-28 17:00:16,False
aliphildan,7515283615119428870,https://www.tiktok.com/@aliphildan/video/7515283615119428870,2025-06-13 11:18:41,False
aliphildan,7680442923028172052,https://www.tiktok.com/@aliphildan/video/7680442923028172052,2026-09-01 13:01:09,False
aliphildan,7679728731778206997,https://www.tiktok.com/@aliphildan/video/7679728731778206997,2026-08-30 14:49:43,True
aliphildan,7678200418438008084,https://www.tiktok.com/@aliphildan/video/7678200418438008084,2026-08-26 11:59:05,True
aliphildan,7677802473821588757,https://www.tiktok.com/@aliphildan/video/7677802473821588757,2026-08-25 10:14:51,True
aliphildan,7677470306906623253,https://www.tiktok.com/@aliphildan/video/7677470306906623253,2026-08-24 12:45:53,True
aliphildan,7677436344884333845,https://www.tiktok.com/@aliphildan/video/7677436344884333845,2026-08-24 10:34:05,True
aliphildan,7676806814570204434,https://www.tiktok.com/@aliphildan/video/7676806814570204434,2026-08-22 17:51:11,True
aliphildan,7675980613203135764,https://www.tiktok.com/@aliphildan/video/7675980613203135764,2026-08-20 12:25:06,True
aliphildan,7675730369848560917,https://www.tiktok.com/@aliphildan/video/7675730369848560917,2026-08-19 20:14:02,True
aliphildan,7675697444163816725,https://www.tiktok.com/@aliphildan/video/7675697444163816725,2026-08-19 18:06:16,True
aliphildan,7675582550017887495,https://www.tiktok.com/@aliphildan/video/7675582550017887495,2026-08-19 10:40:25,True
aliphildan,7675309472029396244,https://www.tiktok.com/@aliphildan/video/7675309472029396244,2026-08-18 17:00:44,True
aliphildan,7675205323426221332,https://www.tiktok.com/@aliphildan/video/7675205323426221332,2026-08-18 10:16:35,True
aliphildan,7674965027702689045,https://www.tiktok.com/@aliphildan/video/7674965027702689045,2026-08-17 18:44:07,True
aliphildan,7674836724253461767,https://www.tiktok.com/@aliphildan/video/7674836724253461767,2026-08-17 10:26:14,True
aliphildan,7674172237871582484,https://www.tiktok.com/@aliphildan/video/7674172237871582484,2026-08-15 15:27:41,True
aliphildan,7673844128022678802,https://www.tiktok.com/@aliphildan/video/7673844128022678802,2026-08-14 18:14:27,True
aliphildan,7673455697190751509,https://www.tiktok.com/@aliphildan/video/7673455697190751509,2026-08-13 17:07:09,True
aliphildan,7673435929775852821,https://www.tiktok.com/@aliphildan/video/7673435929775852821,2026-08-13 15:50:26,True
aliphildan,7673001068409801991,https://www.tiktok.com/@aliphildan/video/7673001068409801991,2026-08-12 11:42:57,True
aliphildan,7672605593873566997,https://www.tiktok.com/@aliphildan/video/7672605593873566997,2026-08-11 10:08:18,True
aliphildan,7672665162947628296,https://www.tiktok.com/@aliphildan/video/7672665162947628296,2026-08-11 13:59:28,True
aliphildan,7671966915002256661,https://www.tiktok.com/@aliphildan/video/7671966915002256661,2026-08-09 16:49:54,True
aliphildan,7671933875718802708,https://www.tiktok.com/@aliphildan/video/7671933875718802708,2026-08-09 14:41:42,True
aliphildan,7671628603536280853,https://www.tiktok.com/@aliphildan/video/7671628603536280853,2026-08-08 18:57:05,True
aliphildan,7671547068837629191,https://www.tiktok.com/@aliphildan/video/7671547068837629191,2026-08-08 13:40:41,True
aliphildan,7671279598339951880,https://www.tiktok.com/@aliphildan/video/7671279598339951880,2026-08-07 20:22:46,True
aliphildan,7671230842370297095,https://www.tiktok.com/@aliphildan/video/7671230842370297095,2026-08-07 17:13:34,True
aliphildan,7671188878472236309,https://www.tiktok.com/@aliphildan/video/7671188878472236309,2026-08-07 14:30:44,True
aliphildan,7670806333935029525,https://www.tiktok.com/@aliphildan/video/7670806333935029525,2026-08-06 13:46:16,True
aliphildan,7670297317257284885,https://www.tiktok.com/@aliphildan/video/7670297317257284885,2026-08-05 04:51:01,True
aliphildan,7670153357557828884,https://www.tiktok.com/@aliphildan/video/7670153357557828884,2026-08-04 19:32:23,True
aliphildan,7669768875986259220,https://www.tiktok.com/@aliphildan/video/7669768875986259220,2026-08-03 18:40:24,True
aliphildan,7669402907011288340,https://www.tiktok.com/@aliphildan/video/7669402907011288340,2026-08-02 19:00:15,True
aliphildan,7669283279371062548,https://www.tiktok.com/@aliphildan/video/7669283279371062548,2026-08-02 11:16:02,True
aliphildan,7668942030248103175,https://www.tiktok.com/@aliphildan/video/7668942030248103175,2026-08-01 13:11:49,True
aliphildan,7668644343787457813,https://www.tiktok.com/@aliphildan/video/7668644343787457813,2026-07-31 17:56:38,True
aliphildan,7668636628147146005,https://www.tiktok.com/@aliphildan/video/7668636628147146005,2026-07-31 17:26:42,True
aliphildan,7667811802696273159,https://www.tiktok.com/@aliphildan/video/7667811802696273159,2026-07-29 12:05:57,True
aliphildan,7667491760213544212,https://www.tiktok.com/@aliphildan/video/7667491760213544212,2026-07-28 15:24:01,True
aliphildan,7667157395117804808,https://www.tiktok.com/@aliphildan/video/7667157395117804808,2026-07-27 17:46:31,True
aliphildan,7666433970896145685,https://www.tiktok.com/@aliphildan/video/7666433970896145685,2026-07-25 18:59:15,True
aliphildan,7666357658835766549,https://www.tiktok.com/@aliphildan/video/7666357658835766549,2026-07-25 14:03:08,True
aliphildan,7666003648035458322,https://www.tiktok.com/@aliphildan/video/7666003648035458322,2026-07-24 15:09:23,True
aliphildan,7665314659154627858,https://www.tiktok.com/@aliphildan/video/7665314659154627858,2026-07-22 18:35:45,True
aliphildan,7665301282860600596,https://www.tiktok.com/@aliphildan/video/7665301282860600596,2026-07-22 17:43:51,True
aliphildan,7665249719517596946,https://www.tiktok.com/@aliphildan/video/7665249719517596946,2026-07-22 14:23:45,True
aliphildan,7664807741004778773,https://www.tiktok.com/@aliphildan/video/7664807741004778773,2026-07-21 09:48:39,True
aliphildan,7664448121975377173,https://www.tiktok.com/@aliphildan/video/7664448121975377173,2026-07-20 10:33:09,True
aliphildan,7663015670455553301,https://www.tiktok.com/@aliphildan/video/7663015670455553301,2026-07-16 13:54:30,True
aliphildan,7662664255979736341,https://www.tiktok.com/@aliphildan/video/7662664255979736341,2026-07-15 15:10:50,True
aliphildan,7662337718470397192,https://www.tiktok.com/@aliphildan/video/7662337718470397192,2026-07-14 18:03:42,True
aliphildan,7661888877879233812,https://www.tiktok.com/@aliphildan/video/7661888877879233812,2026-07-13 13:01:59,True
aliphildan,7661550340117974292,https://www.tiktok.com/@aliphildan/video/7661550340117974292,2026-07-12 15:08:17,True
aliphildan,7660771877576559880,https://www.tiktok.com/@aliphildan/video/7660771877576559880,2026-07-10 12:47:27,True
aliphildan,7660496285643967752,https://www.tiktok.com/@aliphildan/video/7660496285643967752,2026-07-09 18:58:00,True
aliphildan,7659275599483129109,https://www.tiktok.com/@aliphildan/video/7659275599483129109,2026-07-06 12:01:07,True
aliphildan,7658976505694915847,https://www.tiktok.com/@aliphildan/video/7658976505694915847,2026-07-05 16:40:29,True
aliphildan,7658607554125188372,https://www.tiktok.com/@aliphildan/video/7658607554125188372,2026-07-04 16:48:46,True
aliphildan,7658526325904330004,https://www.tiktok.com/@aliphildan/video/7658526325904330004,2026-07-04 11:33:33,True
aliphildan,7658206115599109394,https://www.tiktok.com/@aliphildan/video/7658206115599109394,2026-07-03 14:50:59,True
aliphildan,7657149144775101716,https://www.tiktok.com/@aliphildan/video/7657149144775101716,2026-06-30 18:29:23,True
aliphildan,7657108489713618183,https://www.tiktok.com/@aliphildan/video/7657108489713618183,2026-06-30 15:51:38,True
aliphildan,7656726016391433490,https://www.tiktok.com/@aliphildan/video/7656726016391433490,2026-06-29 15:07:26,True
aliphildan,7656705634603355413,https://www.tiktok.com/@aliphildan/video/7656705634603355413,2026-06-29 13:48:21,True
aliphildan,7656655161527389448,https://www.tiktok.com/@aliphildan/video/7656655161527389448,2026-06-29 10:32:29,True
aliphildan,7655583525629938952,https://www.tiktok.com/@aliphildan/video/7655583525629938952,2026-06-26 13:13:59,True
aliphildan,7655300592847441170,https://www.tiktok.com/@aliphildan/video/7655300592847441170,2026-06-25 18:56:04,True
aliphildan,7654822706994515218,https://www.tiktok.com/@aliphildan/video/7654822706994515218,2026-06-24 12:01:37,True
aliphildan,7654078761075232018,https://www.tiktok.com/@aliphildan/video/7654078761075232018,2026-06-22 11:54:44,True
aliphildan,7653741400764239112,https://www.tiktok.com/@aliphildan/video/7653741400764239112,2026-06-21 14:05:36,True
aliphildan,7653444758949465352,https://www.tiktok.com/@aliphildan/video/7653444758949465352,2026-06-20 18:54:29,True
aliphildan,7653426353068379410,https://www.tiktok.com/@aliphildan/video/7653426353068379410,2026-06-20 17:43:03,True
aliphildan,7652954792536411400,https://www.tiktok.com/@aliphildan/video/7652954792536411400,2026-06-19 11:13:10,True
aliphildan,7652620700343078162,https://www.tiktok.com/@aliphildan/video/7652620700343078162,2026-06-18 13:36:43,True
aliphildan,7652361220913302791,https://www.tiktok.com/@aliphildan/video/7652361220913302791,2026-06-17 20:49:48,True
aliphildan,7651922418042260754,https://www.tiktok.com/@aliphildan/video/7651922418042260754,2026-06-16 16:27:01,True
aliphildan,7651606260910984466,https://www.tiktok.com/@aliphildan/video/7651606260910984466,2026-06-15 20:00:10,True
aliphildan,7651578554400001288,https://www.tiktok.com/@aliphildan/video/7651578554400001288,2026-06-15 18:12:39,True
aliphildan,7651494968938253575,https://www.tiktok.com/@aliphildan/video/7651494968938253575,2026-06-15 12:48:18,True
aliphildan,7651073167703690514,https://www.tiktok.com/@aliphildan/video/7651073167703690514,2026-06-14 09:31:30,True
aliphildan,7650791807726701842,https://www.tiktok.com/@aliphildan/video/7650791807726701842,2026-06-13 15:19:41,True
aliphildan,7650005654043757832,https://www.tiktok.com/@aliphildan/video/7650005654043757832,2026-06-11 12:29:00,True
aliphildan,7649691916245749010,https://www.tiktok.com/@aliphildan/video/7649691916245749010,2026-06-10 16:11:32,True
aliphildan,7649332397162761492,https://www.tiktok.com/@aliphildan/video/7649332397162761492,2026-06-09 16:56:25,True
aliphildan,7648588842672475410,https://www.tiktok.com/@aliphildan/video/7648588842672475410,2026-06-07 16:51:03,True
aliphildan,7648193046672116999,https://www.tiktok.com/@aliphildan/video/7648193046672116999,2026-06-06 15:15:09,True
aliphildan,7647420152585129234,https://www.tiktok.com/@aliphildan/video/7647420152585129234,2026-06-04 13:15:56,True
aliphildan,7646750028559633682,https://www.tiktok.com/@aliphildan/video/7646750028559633682,2026-06-02 17:55:31,True
aliphildan,7646664533297122578,https://www.tiktok.com/@aliphildan/video/7646664533297122578,2026-06-02 12:23:45,True
aliphildan,7646390545450798354,https://www.tiktok.com/@aliphildan/video/7646390545450798354,2026-06-01 18:40:32,True
aliphildan,7646380984123788562,https://www.tiktok.com/@aliphildan/video/7646380984123788562,2026-06-01 18:03:26,True
aliphildan,7645968707826486536,https://www.tiktok.com/@aliphildan/video/7645968707826486536,2026-05-31 15:23:35,True
aliphildan,7645955678342860039,https://www.tiktok.com/@aliphildan/video/7645955678342860039,2026-05-31 14:33:01,True
aliphildan,7644781672860323090,https://www.tiktok.com/@aliphildan/video/7644781672860323090,2026-05-28 10:37:17,True
aliphildan,7644510411127082260,https://www.tiktok.com/@aliphildan/video/7644510411127082260,2026-05-27 17:04:39,True
aliphildan,7644352946485923090,https://www.tiktok.com/@aliphildan/video/7644352946485923090,2026-05-27 06:53:36,True
aliphildan,7644154748634991892,https://www.tiktok.com/@aliphildan/video/7644154748634991892,2026-05-26 18:04:30,True
aliphildan,7644041835148561672,https://www.tiktok.com/@aliphildan/video/7644041835148561672,2026-05-26 10:46:20,True
aliphildan,7643681153379159304,https://www.tiktok.com/@aliphildan/video/7643681153379159304,2026-05-25 11:26:42,True
aliphildan,7643431952799862024,https://www.tiktok.com/@aliphildan/video/7643431952799862024,2026-05-24 19:19:41,True
aliphildan,7643296201089092882,https://www.tiktok.com/@aliphildan/video/7643296201089092882,2026-05-24 10:32:54,True
aliphildan,7643075217866132757,https://www.tiktok.com/@aliphildan/video/7643075217866132757,2026-05-23 20:15:22,True
aliphildan,7642656822624652552,https://www.tiktok.com/@aliphildan/video/7642656822624652552,2026-05-22 17:11:47,True
aliphildan,7642569659761429778,https://www.tiktok.com/@aliphildan/video/7642569659761429778,2026-05-22 11:33:33,True
aliphildan,7642174819114568967,https://www.tiktok.com/@aliphildan/video/7642174819114568967,2026-05-21 10:01:22,True
aliphildan,7641892291929443602,https://www.tiktok.com/@aliphildan/video/7641892291929443602,2026-05-20 15:45:01,True
aliphildan,7641555795603295508,https://www.tiktok.com/@aliphildan/video/7641555795603295508,2026-05-19 17:59:14,True
aliphildan,7641124589086559509,https://www.tiktok.com/@aliphildan/video/7641124589086559509,2026-05-18 14:05:56,True
aliphildan,7639976697432935688,https://www.tiktok.com/@aliphildan/video/7639976697432935688,2026-05-15 11:51:31,True
aliphildan,7639691398081449223,https://www.tiktok.com/@aliphildan/video/7639691398081449223,2026-05-14 17:24:25,True
aliphildan,7639678457814764808,https://www.tiktok.com/@aliphildan/video/7639678457814764808,2026-05-14 16:34:12,True
aliphildan,7639306882795998471,https://www.tiktok.com/@aliphildan/video/7639306882795998471,2026-05-13 16:32:18,True
aliphildan,7639236650786114834,https://www.tiktok.com/@aliphildan/video/7639236650786114834,2026-05-13 11:59:46,True
aliphildan,7638904762225691922,https://www.tiktok.com/@aliphildan/video/7638904762225691922,2026-05-12 14:31:52,True
aliphildan,7638095393640795400,https://www.tiktok.com/@aliphildan/video/7638095393640795400,2026-05-10 10:11:06,True
aliphildan,7637844802171702546,https://www.tiktok.com/@aliphildan/video/7637844802171702546,2026-05-09 17:58:41,True
aliphildan,7637407894274624775,https://www.tiktok.com/@aliphildan/video/7637407894274624775,2026-05-08 13:43:15,True
aliphildan,7637071004874984711,https://www.tiktok.com/@aliphildan/video/7637071004874984711,2026-05-07 15:55:57,True
aliphildan,7636984785692298514,https://www.tiktok.com/@aliphildan/video/7636984785692298514,2026-05-07 10:21:23,True
aliphildan,7636676256074976519,https://www.tiktok.com/@aliphildan/video/7636676256074976519,2026-05-06 14:24:08,True
aliphildan,7636614424458956040,https://www.tiktok.com/@aliphildan/video/7636614424458956040,2026-05-06 10:24:11,True
aliphildan,7636275285083704597,https://www.tiktok.com/@aliphildan/video/7636275285083704597,2026-05-05 12:28:09,True
aliphildan,7635250631560695047,https://www.tiktok.com/@aliphildan/video/7635250631560695047,2026-05-02 18:11:59,True
aliphildan,7635135230948461832,https://www.tiktok.com/@aliphildan/video/7635135230948461832,2026-05-02 10:44:10,True
aliphildan,7634871191760538901,https://www.tiktok.com/@aliphildan/video/7634871191760538901,2026-05-01 17:39:33,True
aliphildan,7634851463222594834,https://www.tiktok.com/@aliphildan/video/7634851463222594834,2026-05-01 16:23:00,True
aliphildan,7634051548259077396,https://www.tiktok.com/@aliphildan/video/7634051548259077396,2026-04-29 12:38:55,True
aliphildan,7633644206245907730,https://www.tiktok.com/@aliphildan/video/7633644206245907730,2026-04-28 10:18:13,True
aliphildan,7633267833064967442,https://www.tiktok.com/@aliphildan/video/7633267833064967442,2026-04-27 09:57:42,True
aliphildan,7632933860258434324,https://www.tiktok.com/@aliphildan/video/7632933860258434324,2026-04-26 12:21:43,True
aliphildan,7632654162307730708,https://www.tiktok.com/@aliphildan/video/7632654162307730708,2026-04-25 18:16:21,True
aliphildan,7632167002886507783,https://www.tiktok.com/@aliphildan/video/7632167002886507783,2026-04-24 10:45:55,True
aliphildan,7631808655679180050,https://www.tiktok.com/@aliphildan/video/7631808655679180050,2026-04-23 11:35:21,True
aliphildan,7631539994821233940,https://www.tiktok.com/@aliphildan/video/7631539994821233940,2026-04-22 18:12:49,True
aliphildan,7631171265897794837,https://www.tiktok.com/@aliphildan/video/7631171265897794837,2026-04-21 18:21:57,True
aliphildan,7630732234315648276,https://www.tiktok.com/@aliphildan/video/7630732234315648276,2026-04-20 13:58:17,True
aliphildan,7630311915301899527,https://www.tiktok.com/@aliphildan/video/7630311915301899527,2026-04-19 10:47:14,True
aliphildan,7630282827279469845,https://www.tiktok.com/@aliphildan/video/7630282827279469845,2026-04-19 08:54:21,True
aliphildan,7630041880343989525,https://www.tiktok.com/@aliphildan/video/7630041880343989525,2026-04-18 17:19:22,True
aliphildan,7630022465946717461,https://www.tiktok.com/@aliphildan/video/7630022465946717461,2026-04-18 16:04:01,True
aliphildan,7629534648263036168,https://www.tiktok.com/@aliphildan/video/7629534648263036168,2026-04-17 08:31:02,True
aliphildan,7628900509759409426,https://www.tiktok.com/@aliphildan/video/7628900509759409426,2026-04-15 15:30:16,True
aliphildan,7628830323702271240,https://www.tiktok.com/@aliphildan/video/7628830323702271240,2026-04-15 10:57:54,True
aliphildan,7628492681550826759,https://www.tiktok.com/@aliphildan/video/7628492681550826759,2026-04-14 13:07:41,True
aliphildan,7627020041778728210,https://www.tiktok.com/@aliphildan/video/7627020041778728210,2026-04-10 13:53:05,True
aliphildan,7626959760868297991,https://www.tiktok.com/@aliphildan/video/7626959760868297991,2026-04-10 09:59:10,True
aliphildan,7626350535213419783,https://www.tiktok.com/@aliphildan/video/7626350535213419783,2026-04-08 18:35:03,True
aliphildan,7625956338773937428,https://www.tiktok.com/@aliphildan/video/7625956338773937428,2026-04-07 17:05:22,True
aliphildan,7625524264485113096,https://www.tiktok.com/@aliphildan/video/7625524264485113096,2026-04-06 13:08:42,True
aliphildan,7625243842559741191,https://www.tiktok.com/@aliphildan/video/7625243842559741191,2026-04-05 19:00:31,True
aliphildan,7625166535962774791,https://www.tiktok.com/@aliphildan/video/7625166535962774791,2026-04-05 14:00:32,True
aliphildan,7624821057152765202,https://www.tiktok.com/@aliphildan/video/7624821057152765202,2026-04-04 15:39:54,True
aliphildan,7624456464861515016,https://www.tiktok.com/@aliphildan/video/7624456464861515016,2026-04-03 16:05:06,True
aliphildan,7624062441546190098,https://www.tiktok.com/@aliphildan/video/7624062441546190098,2026-04-02 14:36:05,True
aliphildan,7623688211918834951,https://www.tiktok.com/@aliphildan/video/7623688211918834951,2026-04-01 14:23:53,True
aliphildan,7623651396650421512,https://www.tiktok.com/@aliphildan/video/7623651396650421512,2026-04-01 12:01:01,True
aliphildan,7623361669514775815,https://www.tiktok.com/@aliphildan/video/7623361669514775815,2026-03-31 17:16:44,True
aliphildan,7622156977099066642,https://www.tiktok.com/@aliphildan/video/7622156977099066642,2026-03-28 11:21:55,True
aliphildan,7622118967821323538,https://www.tiktok.com/@aliphildan/video/7622118967821323538,2026-03-28 08:54:25,True
aliphildan,7621465975266757909,https://www.tiktok.com/@aliphildan/video/7621465975266757909,2026-03-26 14:40:28,True
aliphildan,7621107499453664530,https://www.tiktok.com/@aliphildan/video/7621107499453664530,2026-03-25 15:29:24,True
aliphildan,7621023162494405895,https://www.tiktok.com/@aliphildan/video/7621023162494405895,2026-03-25 10:02:08,True
aliphildan,7620758702747913480,https://www.tiktok.com/@aliphildan/video/7620758702747913480,2026-03-24 16:55:53,True
aliphildan,7620650947034893586,https://www.tiktok.com/@aliphildan/video/7620650947034893586,2026-03-24 09:57:45,True
aliphildan,7620057660292910343,https://www.tiktok.com/@aliphildan/video/7620057660292910343,2026-03-22 19:35:29,True
aliphildan,7619681630445358357,https://www.tiktok.com/@aliphildan/video/7619681630445358357,2026-03-21 19:16:18,True
aliphildan,7619648586678062354,https://www.tiktok.com/@aliphildan/video/7619648586678062354,2026-03-21 17:08:04,True
aliphildan,7619310026586443029,https://www.tiktok.com/@aliphildan/video/7619310026586443029,2026-03-20 19:14:17,True
aliphildan,7619239337552514322,https://www.tiktok.com/@aliphildan/video/7619239337552514322,2026-03-20 14:39:59,True
aliphildan,7618579928325344520,https://www.tiktok.com/@aliphildan/video/7618579928325344520,2026-03-18 20:01:08,True
aliphildan,7618149354502769927,https://www.tiktok.com/@aliphildan/video/7618149354502769927,2026-03-17 16:10:17,True
aliphildan,7617838989302680852,https://www.tiktok.com/@aliphildan/video/7617838989302680852,2026-03-16 20:05:55,True
aliphildan,7617759669074922760,https://www.tiktok.com/@aliphildan/video/7617759669074922760,2026-03-16 14:58:06,True
aliphildan,7617466753878166792,https://www.tiktok.com/@aliphildan/video/7617466753878166792,2026-03-15 20:01:27,True
aliphildan,7617236936473808136,https://www.tiktok.com/@aliphildan/video/7617236936473808136,2026-03-15 05:09:38,True
aliphildan,7617095007454907656,https://www.tiktok.com/@aliphildan/video/7617095007454907656,2026-03-14 19:58:53,True
aliphildan,7616855270202821895,https://www.tiktok.com/@aliphildan/video/7616855270202821895,2026-03-14 04:28:35,True
aliphildan,7616668101781818632,https://www.tiktok.com/@aliphildan/video/7616668101781818632,2026-03-13 16:22:16,True
aliphildan,7616482309969169684,https://www.tiktok.com/@aliphildan/video/7616482309969169684,2026-03-13 04:21:18,True
aliphildan,7616529711950236949,https://www.tiktok.com/@aliphildan/video/7616529711950236949,2026-03-13 07:25:15,True
aliphildan,7616470174119628040,https://www.tiktok.com/@aliphildan/video/7616470174119628040,2026-03-13 03:34:13,True
aliphildan,7616075416993893639,https://www.tiktok.com/@aliphildan/video/7616075416993893639,2026-03-12 02:02:21,True
aliphildan,7615360498552704276,https://www.tiktok.com/@aliphildan/video/7615360498552704276,2026-03-10 03:48:06,True
aliphildan,7615191025769876744,https://www.tiktok.com/@aliphildan/video/7615191025769876744,2026-03-09 16:50:28,True
aliphildan,7614760057829412117,https://www.tiktok.com/@aliphildan/video/7614760057829412117,2026-03-08 12:58:05,True
aliphildan,7614353260807277842,https://www.tiktok.com/@aliphildan/video/7614353260807277842,2026-03-07 10:39:30,True
aliphildan,7614183138838744327,https://www.tiktok.com/@aliphildan/video/7614183138838744327,2026-03-06 23:39:21,True
aliphildan,7613871513434983688,https://www.tiktok.com/@aliphildan/video/7613871513434983688,2026-03-06 03:30:05,True
aliphildan,7613482907113360648,https://www.tiktok.com/@aliphildan/video/7613482907113360648,2026-03-05 02:22:05,True
aliphildan,7613226597604183314,https://www.tiktok.com/@aliphildan/video/7613226597604183314,2026-03-04 09:47:29,True
aliphildan,7613010604676189447,https://www.tiktok.com/@aliphildan/video/7613010604676189447,2026-03-03 19:49:19,True
aliphildan,7612653556952255762,https://www.tiktok.com/@aliphildan/video/7612653556952255762,2026-03-02 20:43:47,True
aliphildan,7612584629958135058,https://www.tiktok.com/@aliphildan/video/7612584629958135058,2026-03-02 16:16:19,True
aliphildan,7612392465542155538,https://www.tiktok.com/@aliphildan/video/7612392465542155538,2026-03-02 03:50:37,True
aliphildan,7612245845919960328,https://www.tiktok.com/@aliphildan/video/7612245845919960328,2026-03-01 18:21:39,True
aliphildan,7612067241030405384,https://www.tiktok.com/@aliphildan/video/7612067241030405384,2026-03-01 06:48:35,True
aliphildan,7611870275210169621,https://www.tiktok.com/@aliphildan/video/7611870275210169621,2026-02-28 18:04:15,True
aliphildan,7611510454040415508,https://www.tiktok.com/@aliphildan/video/7611510454040415508,2026-02-27 18:47:58,True
aliphildan,7611364442357452039,https://www.tiktok.com/@aliphildan/video/7611364442357452039,2026-02-27 09:21:22,True
aliphildan,7611272807615335701,https://www.tiktok.com/@aliphildan/video/7611272807615335701,2026-02-27 03:25:46,True
aliphildan,7611140947694406933,https://www.tiktok.com/@aliphildan/video/7611140947694406933,2026-02-26 18:54:05,True
aliphildan,7611081847069494549,https://www.tiktok.com/@aliphildan/video/7611081847069494549,2026-02-26 15:04:45,True
aliphildan,7610897855192059143,https://www.tiktok.com/@aliphildan/video/7610897855192059143,2026-02-26 03:10:46,True
aliphildan,7610432418503232775,https://www.tiktok.com/@aliphildan/video/7610432418503232775,2026-02-24 21:04:38,True
aliphildan,7610302140799651079,https://www.tiktok.com/@aliphildan/video/7610302140799651079,2026-02-24 12:39:05,True
aliphildan,7609924573223554325,https://www.tiktok.com/@aliphildan/video/7609924573223554325,2026-02-23 12:13:56,True
aliphildan,7609681358193052936,https://www.tiktok.com/@aliphildan/video/7609681358193052936,2026-02-22 20:30:08,True
aliphildan,7609638551650569480,https://www.tiktok.com/@aliphildan/video/7609638551650569480,2026-02-22 17:44:01,True
aliphildan,7609581437548907794,https://www.tiktok.com/@aliphildan/video/7609581437548907794,2026-02-22 14:02:24,True
aliphildan,7609417831460965650,https://www.tiktok.com/@aliphildan/video/7609417831460965650,2026-02-22 03:27:31,True
aliphildan,7609251429894606100,https://www.tiktok.com/@aliphildan/video/7609251429894606100,2026-02-21 16:41:48,True
aliphildan,7609051794601184532,https://www.tiktok.com/@aliphildan/video/7609051794601184532,2026-02-21 03:47:06,True
aliphildan,7608956905028898069,https://www.tiktok.com/@aliphildan/video/7608956905028898069,2026-02-20 21:38:53,True
aliphildan,7608834930520476936,https://www.tiktok.com/@aliphildan/video/7608834930520476936,2026-02-20 13:45:34,True
aliphildan,7608564808387988744,https://www.tiktok.com/@aliphildan/video/7608564808387988744,2026-02-19 20:17:21,True
aliphildan,7608534826496331029,https://www.tiktok.com/@aliphildan/video/7608534826496331029,2026-02-19 18:21:00,True
aliphildan,7608407964231208199,https://www.tiktok.com/@aliphildan/video/7608407964231208199,2026-02-19 10:08:43,True
aliphildan,7608320490494643474,https://www.tiktok.com/@aliphildan/video/7608320490494643474,2026-02-19 04:29:16,True
aliphildan,7608303872095948050,https://www.tiktok.com/@aliphildan/video/7608303872095948050,2026-02-19 03:24:47,True
aliphildan,7607684151491169554,https://www.tiktok.com/@aliphildan/video/7607684151491169554,2026-02-17 11:19:57,True
aliphildan,7607431043489991957,https://www.tiktok.com/@aliphildan/video/7607431043489991957,2026-02-16 18:57:46,True
aliphildan,7607355585444482324,https://www.tiktok.com/@aliphildan/video/7607355585444482324,2026-02-16 14:04:57,True
aliphildan,7607050341808409864,https://www.tiktok.com/@aliphildan/video/7607050341808409864,2026-02-15 18:20:27,True
aliphildan,7606680919876963592,https://www.tiktok.com/@aliphildan/video/7606680919876963592,2026-02-14 18:26:54,True
aliphildan,7606649445224140039,https://www.tiktok.com/@aliphildan/video/7606649445224140039,2026-02-14 16:24:46,True
aliphildan,7606551524717661447,https://www.tiktok.com/@aliphildan/video/7606551524717661447,2026-02-14 10:04:47,True
aliphildan,7606223109590469906,https://www.tiktok.com/@aliphildan/video/7606223109590469906,2026-02-13 12:50:22,True
aliphildan,7605925176584326418,https://www.tiktok.com/@aliphildan/video/7605925176584326418,2026-02-12 17:34:14,True
aliphildan,7605914696050429191,https://www.tiktok.com/@aliphildan/video/7605914696050429191,2026-02-12 16:53:34,True
aliphildan,7605610318886145288,https://www.tiktok.com/@aliphildan/video/7605610318886145288,2026-02-11 21:12:25,True
aliphildan,7605115654374542610,https://www.tiktok.com/@aliphildan/video/7605115654374542610,2026-02-10 13:12:52,True
aliphildan,7604816011224812808,https://www.tiktok.com/@aliphildan/video/7604816011224812808,2026-02-09 17:50:06,True
aliphildan,7604312609759726866,https://www.tiktok.com/@aliphildan/video/7604312609759726866,2026-02-08 09:16:39,True
aliphildan,7604013149087354119,https://www.tiktok.com/@aliphildan/video/7604013149087354119,2026-02-07 13:54:35,True
aliphildan,7603975369363836178,https://www.tiktok.com/@aliphildan/video/7603975369363836178,2026-02-07 11:27:59,True
aliphildan,7603719055597391112,https://www.tiktok.com/@aliphildan/video/7603719055597391112,2026-02-06 18:53:21,True
aliphildan,7603606377717714194,https://www.tiktok.com/@aliphildan/video/7603606377717714194,2026-02-06 11:36:07,True
aliphildan,7603312493594742024,https://www.tiktok.com/@aliphildan/video/7603312493594742024,2026-02-05 16:35:41,True
aliphildan,7602606907899038994,https://www.tiktok.com/@aliphildan/video/7602606907899038994,2026-02-03 18:57:39,True
aliphildan,7602560967880363272,https://www.tiktok.com/@aliphildan/video/7602560967880363272,2026-02-03 15:59:23,True
aliphildan,7602247600829517074,https://www.tiktok.com/@aliphildan/video/7602247600829517074,2026-02-02 19:43:22,True
aliphildan,7601828186900532498,https://www.tiktok.com/@aliphildan/video/7601828186900532498,2026-02-01 16:35:49,True
aliphildan,7601036688470625543,https://www.tiktok.com/@aliphildan/video/7601036688470625543,2026-01-30 13:24:24,True
aliphildan,7600707441235397906,https://www.tiktok.com/@aliphildan/video/7600707441235397906,2026-01-29 16:06:45,True
aliphildan,7599998052153445639,https://www.tiktok.com/@aliphildan/video/7599998052153445639,2026-01-27 18:13:58,True
aliphildan,7599588789459242247,https://www.tiktok.com/@aliphildan/video/7599588789459242247,2026-01-26 15:45:49,True
aliphildan,7599543540674284808,https://www.tiktok.com/@aliphildan/video/7599543540674284808,2026-01-26 12:50:14,True
aliphildan,7598809086683122952,https://www.tiktok.com/@aliphildan/video/7598809086683122952,2026-01-24 13:20:10,True
aliphildan,7597405973581532424,https://www.tiktok.com/@aliphildan/video/7597405973581532424,2026-01-20 18:35:22,True
aliphildan,7597342389660912904,https://www.tiktok.com/@aliphildan/video/7597342389660912904,2026-01-20 14:28:38,True
aliphildan,7596983163109346568,https://www.tiktok.com/@aliphildan/video/7596983163109346568,2026-01-19 15:14:39,True
aliphildan,7596643817541913864,https://www.tiktok.com/@aliphildan/video/7596643817541913864,2026-01-18 17:17:49,True
aliphildan,7596319494675500296,https://www.tiktok.com/@aliphildan/video/7596319494675500296,2026-01-17 20:19:17,True
aliphildan,7596214018885291271,https://www.tiktok.com/@aliphildan/video/7596214018885291271,2026-01-17 13:29:59,True
aliphildan,7595905521572515080,https://www.tiktok.com/@aliphildan/video/7595905521572515080,2026-01-16 17:32:51,True
aliphildan,7595544101936762120,https://www.tiktok.com/@aliphildan/video/7595544101936762120,2026-01-15 18:10:22,True
aliphildan,7595516244481019154,https://www.tiktok.com/@aliphildan/video/7595516244481019154,2026-01-15 16:22:16,True
aliphildan,7594746154454142215,https://www.tiktok.com/@aliphildan/video/7594746154454142215,2026-01-13 14:33:55,True
aliphildan,7594069775534394632,https://www.tiktok.com/@aliphildan/video/7594069775534394632,2026-01-11 18:49:13,True
aliphildan,7594048012419091719,https://www.tiktok.com/@aliphildan/video/7594048012419091719,2026-01-11 17:24:46,True
aliphildan,7593306438039293202,https://www.tiktok.com/@aliphildan/video/7593306438039293202,2026-01-09 17:27:05,True
aliphildan,7592889898105834760,https://www.tiktok.com/@aliphildan/video/7592889898105834760,2026-01-08 14:30:42,True
aliphildan,7592453279401938194,https://www.tiktok.com/@aliphildan/video/7592453279401938194,2026-01-07 10:16:23,True
aliphildan,7592229653633338632,https://www.tiktok.com/@aliphildan/video/7592229653633338632,2026-01-06 19:48:37,True
aliphildan,7592205587849465095,https://www.tiktok.com/@aliphildan/video/7592205587849465095,2026-01-06 18:15:13,True
aliphildan,7591792152116661511,https://www.tiktok.com/@aliphildan/video/7591792152116661511,2026-01-05 15:30:53,True
aliphildan,7590731716629744903,https://www.tiktok.com/@aliphildan/video/7590731716629744903,2026-01-02 18:55:51,True
aliphildan,7590052033571409170,https://www.tiktok.com/@aliphildan/video/7590052033571409170,2025-12-31 22:58:20,False
aymanalts,7680451945529724168,https://www.tiktok.com/@aymanalts/video/7680451945529724168,2026-09-01 13:36:10,False
aymanalts,7680381922362608904,https://www.tiktok.com/@aymanalts/video/7680381922362608904,2026-09-01 09:04:26,False
aymanalts,7680371413840186642,https://www.tiktok.com/@aymanalts/video/7680371413840186642,2026-09-01 08:23:39,False
aymanalts,7680219303685180679,https://www.tiktok.com/@aymanalts/video/7680219303685180679,2026-08-31 22:33:23,True
aymanalts,7680172911017168136,https://www.tiktok.com/@aymanalts/video/7680172911017168136,2026-08-31 19:33:22,True
aymanalts,7680076396777114898,https://www.tiktok.com/@aymanalts/video/7680076396777114898,2026-08-31 13:18:50,True
aymanalts,7680005273213308167,https://www.tiktok.com/@aymanalts/video/7680005273213308167,2026-08-31 08:42:51,True
aymanalts,7679788240286698770,https://www.tiktok.com/@aymanalts/video/7679788240286698770,2026-08-30 18:40:39,True
aymanalts,7679667289041440008,https://www.tiktok.com/@aymanalts/video/7679667289041440008,2026-08-30 10:51:17,True
aymanalts,7679479765958397191,https://www.tiktok.com/@aymanalts/video/7679479765958397191,2026-08-29 22:43:36,True
aymanalts,7679310100288294151,https://www.tiktok.com/@aymanalts/video/7679310100288294151,2026-08-29 11:45:13,True
aymanalts,7679035446181072135,https://www.tiktok.com/@aymanalts/video/7679035446181072135,2026-08-28 17:59:25,True
aymanalts,7678892133863984391,https://www.tiktok.com/@aymanalts/video/7678892133863984391,2026-08-28 08:43:18,True
aymanalts,7678653330746330386,https://www.tiktok.com/@aymanalts/video/7678653330746330386,2026-08-27 17:16:37,True
aymanalts,7678582860739005704,https://www.tiktok.com/@aymanalts/video/7678582860739005704,2026-08-27 12:43:09,True
aymanalts,7678312551859375368,https://www.tiktok.com/@aymanalts/video/7678312551859375368,2026-08-26 19:14:13,True
aymanalts,7678197621294386440,https://www.tiktok.com/@aymanalts/video/7678197621294386440,2026-08-26 11:48:14,True
aymanalts,7677799773608447240,https://www.tiktok.com/@aymanalts/video/7677799773608447240,2026-08-25 10:04:23,True
aymanalts,7677565200211528968,https://www.tiktok.com/@aymanalts/video/7677565200211528968,2026-08-24 18:54:07,True
aymanalts,7677452074447162632,https://www.tiktok.com/@aymanalts/video/7677452074447162632,2026-08-24 11:35:08,True
aymanalts,7677056436328811783,https://www.tiktok.com/@aymanalts/video/7677056436328811783,2026-08-23 09:59:51,True
aymanalts,7677036195800681746,https://www.tiktok.com/@aymanalts/video/7677036195800681746,2026-08-23 08:41:18,True
aymanalts,7677022252000365832,https://www.tiktok.com/@aymanalts/video/7677022252000365832,2026-08-23 07:47:12,True
aymanalts,7676686133547257096,https://www.tiktok.com/@aymanalts/video/7676686133547257096,2026-08-22 10:02:53,True
aymanalts,7676496442994740498,https://www.tiktok.com/@aymanalts/video/7676496442994740498,2026-08-21 21:46:47,True
aymanalts,7676402737550101767,https://www.tiktok.com/@aymanalts/video/7676402737550101767,2026-08-21 15:43:10,True
aymanalts,7676327768585506066,https://www.tiktok.com/@aymanalts/video/7676327768585506066,2026-08-21 10:52:15,True
aymanalts,7676026002593549575,https://www.tiktok.com/@aymanalts/video/7676026002593549575,2026-08-20 15:21:14,True
aymanalts,7675758019015216391,https://www.tiktok.com/@aymanalts/video/7675758019015216391,2026-08-19 22:01:20,True
aymanalts,7675674630610259208,https://www.tiktok.com/@aymanalts/video/7675674630610259208,2026-08-19 16:37:44,True
aymanalts,7675388762720980242,https://www.tiktok.com/@aymanalts/video/7675388762720980242,2026-08-18 22:08:25,True
aymanalts,7675332831387634951,https://www.tiktok.com/@aymanalts/video/7675332831387634951,2026-08-18 18:31:23,True
aymanalts,7675214291322047762,https://www.tiktok.com/@aymanalts/video/7675214291322047762,2026-08-18 10:51:23,True
aymanalts,7674815375334198536,https://www.tiktok.com/@aymanalts/video/7674815375334198536,2026-08-17 09:03:23,True
aymanalts,7674597443714977042,https://www.tiktok.com/@aymanalts/video/7674597443714977042,2026-08-16 18:57:42,True
aymanalts,7674469582223969543,https://www.tiktok.com/@aymanalts/video/7674469582223969543,2026-08-16 10:41:32,True
aymanalts,7674258031005453576,https://www.tiktok.com/@aymanalts/video/7674258031005453576,2026-08-15 21:00:36,True
aymanalts,7674216574852566290,https://www.tiktok.com/@aymanalts/video/7674216574852566290,2026-08-15 18:19:44,True
aymanalts,7673859248685600007,https://www.tiktok.com/@aymanalts/video/7673859248685600007,2026-08-14 19:13:08,True
aymanalts,7673855112900660498,https://www.tiktok.com/@aymanalts/video/7673855112900660498,2026-08-14 18:57:05,True
aymanalts,7673786939702758663,https://www.tiktok.com/@aymanalts/video/7673786939702758663,2026-08-14 14:32:32,True
aymanalts,7673477956144237831,https://www.tiktok.com/@aymanalts/video/7673477956144237831,2026-08-13 18:33:31,True
aymanalts,7673139922190093586,https://www.tiktok.com/@aymanalts/video/7673139922190093586,2026-08-12 20:41:46,True
aymanalts,7672959175151947026,https://www.tiktok.com/@aymanalts/video/7672959175151947026,2026-08-12 09:00:23,True
aymanalts,7672694481040231698,https://www.tiktok.com/@aymanalts/video/7672694481040231698,2026-08-11 15:53:14,True
aymanalts,7672575352924835090,https://www.tiktok.com/@aymanalts/video/7672575352924835090,2026-08-11 08:10:57,True
aymanalts,7672393402666847495,https://www.tiktok.com/@aymanalts/video/7672393402666847495,2026-08-10 20:24:54,True
aymanalts,7672310930146872594,https://www.tiktok.com/@aymanalts/video/7672310930146872594,2026-08-10 15:04:52,True
aymanalts,7672274701426740498,https://www.tiktok.com/@aymanalts/video/7672274701426740498,2026-08-10 12:44:17,True
aymanalts,7672233926290689287,https://www.tiktok.com/@aymanalts/video/7672233926290689287,2026-08-10 10:06:03,True
aymanalts,7672022240359091464,https://www.tiktok.com/@aymanalts/video/7672022240359091464,2026-08-09 20:24:36,True
aymanalts,7671870842934168839,https://www.tiktok.com/@aymanalts/video/7671870842934168839,2026-08-09 10:37:06,True
aymanalts,7671671213055397127,https://www.tiktok.com/@aymanalts/video/7671671213055397127,2026-08-08 21:42:26,True
aymanalts,7670906331511000327,https://www.tiktok.com/@aymanalts/video/7670906331511000327,2026-08-06 20:14:18,True
aymanalts,7670878115505245448,https://www.tiktok.com/@aymanalts/video/7670878115505245448,2026-08-06 18:24:49,True
aymanalts,7670779986571267346,https://www.tiktok.com/@aymanalts/video/7670779986571267346,2026-08-06 12:04:01,True
aymanalts,7670354444189502728,https://www.tiktok.com/@aymanalts/video/7670354444189502728,2026-08-05 08:32:42,True
aymanalts,7670004453524671762,https://www.tiktok.com/@aymanalts/video/7670004453524671762,2026-08-04 09:54:33,True
aymanalts,7669803055637859602,https://www.tiktok.com/@aymanalts/video/7669803055637859602,2026-08-03 20:53:02,True
aymanalts,7669745734186536199,https://www.tiktok.com/@aymanalts/video/7669745734186536199,2026-08-03 17:10:35,True
aymanalts,7669717125837163783,https://www.tiktok.com/@aymanalts/video/7669717125837163783,2026-08-03 15:19:35,True
aymanalts,7669692324624092423,https://www.tiktok.com/@aymanalts/video/7669692324624092423,2026-08-03 13:43:20,True
aymanalts,7669640622894025992,https://www.tiktok.com/@aymanalts/video/7669640622894025992,2026-08-03 10:22:42,True
aymanalts,7669610212617407751,https://www.tiktok.com/@aymanalts/video/7669610212617407751,2026-08-03 08:24:42,True
aymanalts,7669442878124444935,https://www.tiktok.com/@aymanalts/video/7669442878124444935,2026-08-02 21:35:21,True
aymanalts,7669400715021929746,https://www.tiktok.com/@aymanalts/video/7669400715021929746,2026-08-02 18:51:44,True
aymanalts,7669244063777819922,https://www.tiktok.com/@aymanalts/video/7669244063777819922,2026-08-02 08:43:51,True
aymanalts,7668605016734846216,https://www.tiktok.com/@aymanalts/video/7668605016734846216,2026-07-31 15:24:01,True
aymanalts,7668255975245090066,https://www.tiktok.com/@aymanalts/video/7668255975245090066,2026-07-30 16:49:34,True
aymanalts,7668233839747140882,https://www.tiktok.com/@aymanalts/video/7668233839747140882,2026-07-30 15:23:40,True
aymanalts,7667795889179594002,https://www.tiktok.com/@aymanalts/video/7667795889179594002,2026-07-29 11:04:12,True
aymanalts,7667752685096979730,https://www.tiktok.com/@aymanalts/video/7667752685096979730,2026-07-29 08:16:33,True
aymanalts,7667596261691821320,https://www.tiktok.com/@aymanalts/video/7667596261691821320,2026-07-28 22:09:32,True
aymanalts,7667530387144330514,https://www.tiktok.com/@aymanalts/video/7667530387144330514,2026-07-28 17:53:55,True
aymanalts,7667496135858130194,https://www.tiktok.com/@aymanalts/video/7667496135858130194,2026-07-28 15:41:00,True
aymanalts,7667063576158375175,https://www.tiktok.com/@aymanalts/video/7667063576158375175,2026-07-27 11:42:27,True
aymanalts,7667153868240719112,https://www.tiktok.com/@aymanalts/video/7667153868240719112,2026-07-27 17:32:50,True
aymanalts,7667057803592338706,https://www.tiktok.com/@aymanalts/video/7667057803592338706,2026-07-27 11:20:03,True
aymanalts,7666836345477729544,https://www.tiktok.com/@aymanalts/video/7666836345477729544,2026-07-26 21:00:41,True
aymanalts,7666720997784947976,https://www.tiktok.com/@aymanalts/video/7666720997784947976,2026-07-26 13:33:04,True
aymanalts,7666717386950675730,https://www.tiktok.com/@aymanalts/video/7666717386950675730,2026-07-26 13:19:03,True
aymanalts,7666683165167078664,https://www.tiktok.com/@aymanalts/video/7666683165167078664,2026-07-26 11:06:16,True
aymanalts,7666502022132288776,https://www.tiktok.com/@aymanalts/video/7666502022132288776,2026-07-25 23:23:20,True
aymanalts,7666395952449621256,https://www.tiktok.com/@aymanalts/video/7666395952449621256,2026-07-25 16:31:44,True
aymanalts,7666391413004700935,https://www.tiktok.com/@aymanalts/video/7666391413004700935,2026-07-25 16:14:07,True
aymanalts,7666387052602182919,https://www.tiktok.com/@aymanalts/video/7666387052602182919,2026-07-25 15:57:11,True
aymanalts,7666339996772896007,https://www.tiktok.com/@aymanalts/video/7666339996772896007,2026-07-25 12:54:35,True
aymanalts,7666101590620671239,https://www.tiktok.com/@aymanalts/video/7666101590620671239,2026-07-24 21:29:27,True
aymanalts,7665888034323172616,https://www.tiktok.com/@aymanalts/video/7665888034323172616,2026-07-24 07:40:45,True
aymanalts,7665633114546326792,https://www.tiktok.com/@aymanalts/video/7665633114546326792,2026-07-23 15:11:32,True
aymanalts,7665609120673697042,https://www.tiktok.com/@aymanalts/video/7665609120673697042,2026-07-23 13:38:25,True
aymanalts,7665527397197843719,https://www.tiktok.com/@aymanalts/video/7665527397197843719,2026-07-23 08:21:17,True
aymanalts,7665371018373893394,https://www.tiktok.com/@aymanalts/video/7665371018373893394,2026-07-22 22:14:28,True
aymanalts,7665189591552412946,https://www.tiktok.com/@aymanalts/video/7665189591552412946,2026-07-22 10:30:26,True
aymanalts,7664973302519155975,https://www.tiktok.com/@aymanalts/video/7664973302519155975,2026-07-21 20:31:07,True
aymanalts,7664905804746706183,https://www.tiktok.com/@aymanalts/video/7664905804746706183,2026-07-21 16:09:12,True
aymanalts,7664863145621490962,https://www.tiktok.com/@aymanalts/video/7664863145621490962,2026-07-21 13:23:39,True
aymanalts,7664482371617525000,https://www.tiktok.com/@aymanalts/video/7664482371617525000,2026-07-20 12:46:03,True
aymanalts,7664083684886203656,https://www.tiktok.com/@aymanalts/video/7664083684886203656,2026-07-19 10:58:57,True
aymanalts,7663733430374485256,https://www.tiktok.com/@aymanalts/video/7663733430374485256,2026-07-18 12:19:47,True
aymanalts,7663683030715796744,https://www.tiktok.com/@aymanalts/video/7663683030715796744,2026-07-18 09:04:12,True
aymanalts,7663523049987165447,https://www.tiktok.com/@aymanalts/video/7663523049987165447,2026-07-17 22:43:24,True
aymanalts,7663357237863238930,https://www.tiktok.com/@aymanalts/video/7663357237863238930,2026-07-17 11:59:58,True
aymanalts,7663028730025086215,https://www.tiktok.com/@aymanalts/video/7663028730025086215,2026-07-16 14:45:11,True
aymanalts,7662929712464809223,https://www.tiktok.com/@aymanalts/video/7662929712464809223,2026-07-16 08:20:57,True
aymanalts,7662696212096683272,https://www.tiktok.com/@aymanalts/video/7662696212096683272,2026-07-15 17:14:51,True
aymanalts,7662568006261755154,https://www.tiktok.com/@aymanalts/video/7662568006261755154,2026-07-15 08:57:20,True
aymanalts,7662342467563343112,https://www.tiktok.com/@aymanalts/video/7662342467563343112,2026-07-14 18:22:08,True
aymanalts,7662283918632029448,https://www.tiktok.com/@aymanalts/video/7662283918632029448,2026-07-14 14:34:56,True
aymanalts,7662210684561739015,https://www.tiktok.com/@aymanalts/video/7662210684561739015,2026-07-14 09:50:45,True
aymanalts,7662015584468536594,https://www.tiktok.com/@aymanalts/video/7662015584468536594,2026-07-13 21:13:40,True
aymanalts,7661933011444780296,https://www.tiktok.com/@aymanalts/video/7661933011444780296,2026-07-13 15:53:14,True
aymanalts,7661869268639681800,https://www.tiktok.com/@aymanalts/video/7661869268639681800,2026-07-13 11:45:53,True
aymanalts,7661807212393663762,https://www.tiktok.com/@aymanalts/video/7661807212393663762,2026-07-13 07:45:04,True
aymanalts,7661654967119269128,https://www.tiktok.com/@aymanalts/video/7661654967119269128,2026-07-12 21:54:17,True
aymanalts,7661647826048290056,https://www.tiktok.com/@aymanalts/video/7661647826048290056,2026-07-12 21:26:34,True
aymanalts,7661552275625757959,https://www.tiktok.com/@aymanalts/video/7661552275625757959,2026-07-12 15:15:47,True
aymanalts,7661289459584929032,https://www.tiktok.com/@aymanalts/video/7661289459584929032,2026-07-11 22:15:56,True
aymanalts,7661108457579236616,https://www.tiktok.com/@aymanalts/video/7661108457579236616,2026-07-11 10:33:33,True
aymanalts,7660896303785889042,https://www.tiktok.com/@aymanalts/video/7660896303785889042,2026-07-10 20:50:17,True
aymanalts,7660783258849791250,https://www.tiktok.com/@aymanalts/video/7660783258849791250,2026-07-10 13:31:37,True
aymanalts,7660779767393701127,https://www.tiktok.com/@aymanalts/video/7660779767393701127,2026-07-10 13:18:04,True
aymanalts,7660704511861869842,https://www.tiktok.com/@aymanalts/video/7660704511861869842,2026-07-10 08:26:02,True
aymanalts,7660474511350828296,https://www.tiktok.com/@aymanalts/video/7660474511350828296,2026-07-09 17:33:31,True
aymanalts,7660439131977207048,https://www.tiktok.com/@aymanalts/video/7660439131977207048,2026-07-09 15:16:13,True
aymanalts,7660372930097892626,https://www.tiktok.com/@aymanalts/video/7660372930097892626,2026-07-09 10:59:19,True
aymanalts,7660119264094997767,https://www.tiktok.com/@aymanalts/video/7660119264094997767,2026-07-08 18:34:58,True
aymanalts,7660056043833019655,https://www.tiktok.com/@aymanalts/video/7660056043833019655,2026-07-08 14:29:39,True
aymanalts,7659792359651036423,https://www.tiktok.com/@aymanalts/video/7659792359651036423,2026-07-07 21:26:25,True
aymanalts,7659651761384295687,https://www.tiktok.com/@aymanalts/video/7659651761384295687,2026-07-07 12:20:49,True
aymanalts,7659414076774157586,https://www.tiktok.com/@aymanalts/video/7659414076774157586,2026-07-06 20:58:29,True
aymanalts,7659326852279913746,https://www.tiktok.com/@aymanalts/video/7659326852279913746,2026-07-06 15:20:00,True
aymanalts,7659325147341458695,https://www.tiktok.com/@aymanalts/video/7659325147341458695,2026-07-06 15:13:24,True
aymanalts,7659306385317973255,https://www.tiktok.com/@aymanalts/video/7659306385317973255,2026-07-06 14:00:35,True
aymanalts,7659271543280667912,https://www.tiktok.com/@aymanalts/video/7659271543280667912,2026-07-06 11:45:23,True
aymanalts,7659053726908288263,https://www.tiktok.com/@aymanalts/video/7659053726908288263,2026-07-05 21:40:09,True
aymanalts,7659039185730407688,https://www.tiktok.com/@aymanalts/video/7659039185730407688,2026-07-05 20:43:43,True
aymanalts,7658550282007137543,https://www.tiktok.com/@aymanalts/video/7658550282007137543,2026-07-04 13:06:31,True
aymanalts,7658510935123938578,https://www.tiktok.com/@aymanalts/video/7658510935123938578,2026-07-04 10:33:50,True
aymanalts,7658196182535048455,https://www.tiktok.com/@aymanalts/video/7658196182535048455,2026-07-03 14:12:26,True
aymanalts,7658134089626635527,https://www.tiktok.com/@aymanalts/video/7658134089626635527,2026-07-03 10:11:29,True
aymanalts,7657889512525204743,https://www.tiktok.com/@aymanalts/video/7657889512525204743,2026-07-02 18:22:24,True
aymanalts,7657577886416768264,https://www.tiktok.com/@aymanalts/video/7657577886416768264,2026-07-01 22:13:08,True
aymanalts,7657549092935109906,https://www.tiktok.com/@aymanalts/video/7657549092935109906,2026-07-01 20:21:24,True
aymanalts,7657416394543303944,https://www.tiktok.com/@aymanalts/video/7657416394543303944,2026-07-01 11:46:27,True
aymanalts,7657195006523919634,https://www.tiktok.com/@aymanalts/video/7657195006523919634,2026-06-30 21:27:21,True
aymanalts,7657186426974489874,https://www.tiktok.com/@aymanalts/video/7657186426974489874,2026-06-30 20:54:04,True
aymanalts,7657121920537693458,https://www.tiktok.com/@aymanalts/video/7657121920537693458,2026-06-30 16:43:45,True
aymanalts,7656676696564829458,https://www.tiktok.com/@aymanalts/video/7656676696564829458,2026-06-29 11:56:03,True
aymanalts,7656369233378544904,https://www.tiktok.com/@aymanalts/video/7656369233378544904,2026-06-28 16:02:56,True
aymanalts,7656058810628459783,https://www.tiktok.com/@aymanalts/video/7656058810628459783,2026-06-27 19:58:20,True
aymanalts,7655997662524738834,https://www.tiktok.com/@aymanalts/video/7655997662524738834,2026-06-27 16:01:03,True
aymanalts,7655676436157582610,https://www.tiktok.com/@aymanalts/video/7655676436157582610,2026-06-26 19:14:32,True
aymanalts,7655651603592056082,https://www.tiktok.com/@aymanalts/video/7655651603592056082,2026-06-26 17:38:10,True
aymanalts,7655623731607260434,https://www.tiktok.com/@aymanalts/video/7655623731607260434,2026-06-26 15:50:01,True
aymanalts,7655281903804681490,https://www.tiktok.com/@aymanalts/video/7655281903804681490,2026-06-25 17:43:33,True
aymanalts,7655266755031436552,https://www.tiktok.com/@aymanalts/video/7655266755031436552,2026-06-25 16:44:45,True
aymanalts,7654979916387093778,https://www.tiktok.com/@aymanalts/video/7654979916387093778,2026-06-24 22:11:41,True
aymanalts,7654897954385382664,https://www.tiktok.com/@aymanalts/video/7654897954385382664,2026-06-24 16:53:37,True
aymanalts,7654836900296920338,https://www.tiktok.com/@aymanalts/video/7654836900296920338,2026-06-24 12:56:42,True
aymanalts,7654830750751280402,https://www.tiktok.com/@aymanalts/video/7654830750751280402,2026-06-24 12:32:50,True
aymanalts,7654776334962527506,https://www.tiktok.com/@aymanalts/video/7654776334962527506,2026-06-24 09:01:41,True
aymanalts,7654515173394304264,https://www.tiktok.com/@aymanalts/video/7654515173394304264,2026-06-23 16:08:14,True
aymanalts,7654128374599896328,https://www.tiktok.com/@aymanalts/video/7654128374599896328,2026-06-22 15:07:16,True
aymanalts,7654045324385815815,https://www.tiktok.com/@aymanalts/video/7654045324385815815,2026-06-22 09:44:59,True
aymanalts,7653830795148184839,https://www.tiktok.com/@aymanalts/video/7653830795148184839,2026-06-21 19:52:30,True
aymanalts,7653703094303280392,https://www.tiktok.com/@aymanalts/video/7653703094303280392,2026-06-21 11:36:57,True
aymanalts,7653681274070093064,https://www.tiktok.com/@aymanalts/video/7653681274070093064,2026-06-21 10:12:17,True
aymanalts,7653669132604280072,https://www.tiktok.com/@aymanalts/video/7653669132604280072,2026-06-21 09:25:10,True
aymanalts,7653345833848458514,https://www.tiktok.com/@aymanalts/video/7653345833848458514,2026-06-20 12:30:36,True
aymanalts,7653320412515863826,https://www.tiktok.com/@aymanalts/video/7653320412515863826,2026-06-20 10:51:57,True
aymanalts,7653025090493287687,https://www.tiktok.com/@aymanalts/video/7653025090493287687,2026-06-19 15:45:57,True
aymanalts,7652984396252761352,https://www.tiktok.com/@aymanalts/video/7652984396252761352,2026-06-19 13:08:02,True
aymanalts,7652936385137085703,https://www.tiktok.com/@aymanalts/video/7652936385137085703,2026-06-19 10:01:44,True
aymanalts,7652913403610008850,https://www.tiktok.com/@aymanalts/video/7652913403610008850,2026-06-19 08:32:33,True
aymanalts,7652597205039074578,https://www.tiktok.com/@aymanalts/video/7652597205039074578,2026-06-18 12:05:32,True
aymanalts,7652379073540328722,https://www.tiktok.com/@aymanalts/video/7652379073540328722,2026-06-17 21:59:05,True
aymanalts,7652301444766371079,https://www.tiktok.com/@aymanalts/video/7652301444766371079,2026-06-17 16:57:50,True
aymanalts,7652001991433948423,https://www.tiktok.com/@aymanalts/video/7652001991433948423,2026-06-16 21:35:48,True
aymanalts,7651826183536987400,https://www.tiktok.com/@aymanalts/video/7651826183536987400,2026-06-16 10:13:35,True
aymanalts,7651451536094039314,https://www.tiktok.com/@aymanalts/video/7651451536094039314,2026-06-15 09:59:46,True
aymanalts,7651435745193839890,https://www.tiktok.com/@aymanalts/video/7651435745193839890,2026-06-15 08:58:29,True
aymanalts,7651424158555082002,https://www.tiktok.com/@aymanalts/video/7651424158555082002,2026-06-15 08:13:31,True
aymanalts,7651257727385128200,https://www.tiktok.com/@aymanalts/video/7651257727385128200,2026-06-14 21:27:41,True
aymanalts,7650818486213692679,https://www.tiktok.com/@aymanalts/video/7650818486213692679,2026-06-13 17:03:12,True
aymanalts,7650669789106523410,https://www.tiktok.com/@aymanalts/video/7650669789106523410,2026-06-13 07:26:11,True
aymanalts,7650506607482260743,https://www.tiktok.com/@aymanalts/video/7650506607482260743,2026-06-12 20:52:57,True
aymanalts,7650326984966311176,https://www.tiktok.com/@aymanalts/video/7650326984966311176,2026-06-12 09:15:56,True
aymanalts,7650101815366667528,https://www.tiktok.com/@aymanalts/video/7650101815366667528,2026-06-11 18:42:09,True
aymanalts,7650052816265809160,https://www.tiktok.com/@aymanalts/video/7650052816265809160,2026-06-11 15:32:01,True
aymanalts,7649777291869834514,https://www.tiktok.com/@aymanalts/video/7649777291869834514,2026-06-10 21:42:50,True
aymanalts,7649700024531635474,https://www.tiktok.com/@aymanalts/video/7649700024531635474,2026-06-10 16:43:00,True
aymanalts,7649617505584958727,https://www.tiktok.com/@aymanalts/video/7649617505584958727,2026-06-10 11:22:47,True
aymanalts,7649244144577154312,https://www.tiktok.com/@aymanalts/video/7649244144577154312,2026-06-09 11:13:57,True
aymanalts,7648862800311307538,https://www.tiktok.com/@aymanalts/video/7648862800311307538,2026-06-08 10:34:09,True
aymanalts,7648666691685076231,https://www.tiktok.com/@aymanalts/video/7648666691685076231,2026-06-07 21:53:08,True
aymanalts,7648507210321923346,https://www.tiktok.com/@aymanalts/video/7648507210321923346,2026-06-07 11:34:16,True
aymanalts,7648251784099663111,https://www.tiktok.com/@aymanalts/video/7648251784099663111,2026-06-06 19:03:05,True
aymanalts,7648246924323130642,https://www.tiktok.com/@aymanalts/video/7648246924323130642,2026-06-06 18:44:14,True
aymanalts,7648165741140741384,https://www.tiktok.com/@aymanalts/video/7648165741140741384,2026-06-06 13:29:12,True
aymanalts,7647919900073168136,https://www.tiktok.com/@aymanalts/video/7647919900073168136,2026-06-05 21:35:12,True
aymanalts,7647858276461317383,https://www.tiktok.com/@aymanalts/video/7647858276461317383,2026-06-05 17:36:05,True
aymanalts,7647736225763314952,https://www.tiktok.com/@aymanalts/video/7647736225763314952,2026-06-05 09:42:27,True
aymanalts,7647550595284471048,https://www.tiktok.com/@aymanalts/video/7647550595284471048,2026-06-04 21:42:07,True
aymanalts,7647506056075169031,https://www.tiktok.com/@aymanalts/video/7647506056075169031,2026-06-04 18:49:17,True
aymanalts,7647450157742656775,https://www.tiktok.com/@aymanalts/video/7647450157742656775,2026-06-04 15:12:22,True
aymanalts,7647357385807252743,https://www.tiktok.com/@aymanalts/video/7647357385807252743,2026-06-04 09:12:22,True
aymanalts,7647084457542962450,https://www.tiktok.com/@aymanalts/video/7647084457542962450,2026-06-03 15:33:16,True
aymanalts,7646820052141952264,https://www.tiktok.com/@aymanalts/video/7646820052141952264,2026-06-02 22:27:14,True
aymanalts,7646691977047706898,https://www.tiktok.com/@aymanalts/video/7646691977047706898,2026-06-02 14:10:14,True
aymanalts,7646582190456720647,https://www.tiktok.com/@aymanalts/video/7646582190456720647,2026-06-02 07:04:13,True
aymanalts,7646396158964665618,https://www.tiktok.com/@aymanalts/video/7646396158964665618,2026-06-01 19:02:19,True
aymanalts,7646315462753799432,https://www.tiktok.com/@aymanalts/video/7646315462753799432,2026-06-01 13:49:10,True
aymanalts,7646251030962769170,https://www.tiktok.com/@aymanalts/video/7646251030962769170,2026-06-01 09:39:09,True
aymanalts,7646092238807747847,https://www.tiktok.com/@aymanalts/video/7646092238807747847,2026-05-31 23:22:57,True
aymanalts,7646029435581254919,https://www.tiktok.com/@aymanalts/video/7646029435581254919,2026-05-31 19:19:14,True
aymanalts,7645924273701375239,https://www.tiktok.com/@aymanalts/video/7645924273701375239,2026-05-31 12:31:09,True
aymanalts,7645850106318703890,https://www.tiktok.com/@aymanalts/video/7645850106318703890,2026-05-31 07:43:21,True
aymanalts,7645704863073963272,https://www.tiktok.com/@aymanalts/video/7645704863073963272,2026-05-30 22:19:44,True
aymanalts,7645675273735638290,https://www.tiktok.com/@aymanalts/video/7645675273735638290,2026-05-30 20:24:55,True
aymanalts,7645329282012630290,https://www.tiktok.com/@aymanalts/video/7645329282012630290,2026-05-29 22:02:17,True
aymanalts,7645328115928927506,https://www.tiktok.com/@aymanalts/video/7645328115928927506,2026-05-29 21:57:46,True
aymanalts,7645269536337382663,https://www.tiktok.com/@aymanalts/video/7645269536337382663,2026-05-29 18:10:27,True
aymanalts,7645150146233224455,https://www.tiktok.com/@aymanalts/video/7645150146233224455,2026-05-29 10:27:09,True
aymanalts,7644888477431123208,https://www.tiktok.com/@aymanalts/video/7644888477431123208,2026-05-28 17:31:44,True
aymanalts,7644858914000882962,https://www.tiktok.com/@aymanalts/video/7644858914000882962,2026-05-28 15:37:01,True
aymanalts,7644417211871841554,https://www.tiktok.com/@aymanalts/video/7644417211871841554,2026-05-27 11:02:59,True
aymanalts,7644393907442306322,https://www.tiktok.com/@aymanalts/video/7644393907442306322,2026-05-27 09:32:33,True
aymanalts,7644168599329869063,https://www.tiktok.com/@aymanalts/video/7644168599329869063,2026-05-26 18:58:15,True
aymanalts,7644127479254322450,https://www.tiktok.com/@aymanalts/video/7644127479254322450,2026-05-26 16:18:41,True
aymanalts,7644017031829884178,https://www.tiktok.com/@aymanalts/video/7644017031829884178,2026-05-26 09:10:05,True
aymanalts,7643992779533585682,https://www.tiktok.com/@aymanalts/video/7643992779533585682,2026-05-26 07:35:58,True
aymanalts,7643778735329512712,https://www.tiktok.com/@aymanalts/video/7643778735329512712,2026-05-25 17:45:22,True
aymanalts,7643739385740987666,https://www.tiktok.com/@aymanalts/video/7643739385740987666,2026-05-25 15:12:41,True
aymanalts,7643647602646371592,https://www.tiktok.com/@aymanalts/video/7643647602646371592,2026-05-25 09:16:31,True
aymanalts,7643276304351202578,https://www.tiktok.com/@aymanalts/video/7643276304351202578,2026-05-24 09:15:41,True
aymanalts,7642973208756407560,https://www.tiktok.com/@aymanalts/video/7642973208756407560,2026-05-23 13:39:31,True
aymanalts,7642916735594548488,https://www.tiktok.com/@aymanalts/video/7642916735594548488,2026-05-23 10:00:22,True
aymanalts,7642532262982061330,https://www.tiktok.com/@aymanalts/video/7642532262982061330,2026-05-22 09:08:25,True
aymanalts,7642210392822811922,https://www.tiktok.com/@aymanalts/video/7642210392822811922,2026-05-21 12:19:24,True
aymanalts,7641798130383555858,https://www.tiktok.com/@aymanalts/video/7641798130383555858,2026-05-20 09:39:37,True
aymanalts,7641488684470045960,https://www.tiktok.com/@aymanalts/video/7641488684470045960,2026-05-19 13:38:48,True
aymanalts,7641441628095319304,https://www.tiktok.com/@aymanalts/video/7641441628095319304,2026-05-19 10:36:12,True
aymanalts,7641141918507732242,https://www.tiktok.com/@aymanalts/video/7641141918507732242,2026-05-18 15:13:11,True
aymanalts,7641033867004103944,https://www.tiktok.com/@aymanalts/video/7641033867004103944,2026-05-18 08:13:53,True
aymanalts,7640858639766490386,https://www.tiktok.com/@aymanalts/video/7640858639766490386,2026-05-17 20:53:55,True
aymanalts,7640726333701721351,https://www.tiktok.com/@aymanalts/video/7640726333701721351,2026-05-17 12:20:30,True
aymanalts,7640498292861783314,https://www.tiktok.com/@aymanalts/video/7640498292861783314,2026-05-16 21:35:35,True
aymanalts,7640319890007674130,https://www.tiktok.com/@aymanalts/video/7640319890007674130,2026-05-16 10:03:17,True
aymanalts,7640087152151317768,https://www.tiktok.com/@aymanalts/video/7640087152151317768,2026-05-15 19:00:09,True
aymanalts,7639991744355978504,https://www.tiktok.com/@aymanalts/video/7639991744355978504,2026-05-15 12:49:55,True
aymanalts,7639973307445464338,https://www.tiktok.com/@aymanalts/video/7639973307445464338,2026-05-15 11:38:22,True
aymanalts,7639708964590062866,https://www.tiktok.com/@aymanalts/video/7639708964590062866,2026-05-14 18:32:35,True
aymanalts,7639402514034511122,https://www.tiktok.com/@aymanalts/video/7639402514034511122,2026-05-13 22:43:24,True
aymanalts,7639384340719308040,https://www.tiktok.com/@aymanalts/video/7639384340719308040,2026-05-13 21:32:53,True
aymanalts,7639226519914663186,https://www.tiktok.com/@aymanalts/video/7639226519914663186,2026-05-13 11:20:27,True
aymanalts,7639008814183812359,https://www.tiktok.com/@aymanalts/video/7639008814183812359,2026-05-12 21:15:39,True
aymanalts,7638910467859074322,https://www.tiktok.com/@aymanalts/video/7638910467859074322,2026-05-12 14:54:01,True
aymanalts,7638796996312075528,https://www.tiktok.com/@aymanalts/video/7638796996312075528,2026-05-12 07:33:41,True
aymanalts,7638607698946166023,https://www.tiktok.com/@aymanalts/video/7638607698946166023,2026-05-11 19:19:07,True
aymanalts,7638230859623025938,https://www.tiktok.com/@aymanalts/video/7638230859623025938,2026-05-10 18:56:47,True
aymanalts,7637910014916857106,https://www.tiktok.com/@aymanalts/video/7637910014916857106,2026-05-09 22:11:44,True
aymanalts,7637476281126292754,https://www.tiktok.com/@aymanalts/video/7637476281126292754,2026-05-08 18:08:38,True
aymanalts,7637176375983492359,https://www.tiktok.com/@aymanalts/video/7637176375983492359,2026-05-07 22:44:51,True
aymanalts,7637056260113845522,https://www.tiktok.com/@aymanalts/video/7637056260113845522,2026-05-07 14:58:44,True
aymanalts,7636808884988038408,https://www.tiktok.com/@aymanalts/video/7636808884988038408,2026-05-06 22:58:48,True
aymanalts,7636717175398534408,https://www.tiktok.com/@aymanalts/video/7636717175398534408,2026-05-06 17:02:55,True
aymanalts,7636654571661643026,https://www.tiktok.com/@aymanalts/video/7636654571661643026,2026-05-06 12:59:59,True
aymanalts,7636226914297974034,https://www.tiktok.com/@aymanalts/video/7636226914297974034,2026-05-05 09:20:27,True
aymanalts,7636046168992042248,https://www.tiktok.com/@aymanalts/video/7636046168992042248,2026-05-04 21:39:04,True
aymanalts,7635937488221048071,https://www.tiktok.com/@aymanalts/video/7635937488221048071,2026-05-04 14:37:20,True
aymanalts,7635905415909297415,https://www.tiktok.com/@aymanalts/video/7635905415909297415,2026-05-04 12:32:52,True
aymanalts,7635837615853276423,https://www.tiktok.com/@aymanalts/video/7635837615853276423,2026-05-04 08:09:46,True
aymanalts,7635566580629359890,https://www.tiktok.com/@aymanalts/video/7635566580629359890,2026-05-03 14:38:01,True
aymanalts,7635340845687819527,https://www.tiktok.com/@aymanalts/video/7635340845687819527,2026-05-03 00:02:03,True
aymanalts,7633664904104348946,https://www.tiktok.com/@aymanalts/video/7633664904104348946,2026-04-28 11:38:33,True
aymanalts,7634526505212644616,https://www.tiktok.com/@aymanalts/video/7634526505212644616,2026-04-30 19:22:00,True
aymanalts,7634464169584069896,https://www.tiktok.com/@aymanalts/video/7634464169584069896,2026-04-30 15:20:06,True
aymanalts,7634442832123612424,https://www.tiktok.com/@aymanalts/video/7634442832123612424,2026-04-30 13:57:18,True
aymanalts,7634410163402820872,https://www.tiktok.com/@aymanalts/video/7634410163402820872,2026-04-30 11:50:32,True
aymanalts,7634090504891813128,https://www.tiktok.com/@aymanalts/video/7634090504891813128,2026-04-29 15:10:05,True
aymanalts,7633836166176902418,https://www.tiktok.com/@aymanalts/video/7633836166176902418,2026-04-28 22:43:08,True
aymanalts,7633731474012835079,https://www.tiktok.com/@aymanalts/video/7633731474012835079,2026-04-28 15:56:52,True
aymanalts,7633709927168527634,https://www.tiktok.com/@aymanalts/video/7633709927168527634,2026-04-28 14:33:15,True
aymanalts,7633683112114834696,https://www.tiktok.com/@aymanalts/video/7633683112114834696,2026-04-28 12:49:12,True
aymanalts,7633646184103693586,https://www.tiktok.com/@aymanalts/video/7633646184103693586,2026-04-28 10:25:54,True
aymanalts,7633311304773618951,https://www.tiktok.com/@aymanalts/video/7633311304773618951,2026-04-27 12:46:24,True
aymanalts,7633058919320964370,https://www.tiktok.com/@aymanalts/video/7633058919320964370,2026-04-26 20:27:01,True
aymanalts,7632627619162377480,https://www.tiktok.com/@aymanalts/video/7632627619162377480,2026-04-25 16:33:21,True
aymanalts,7632519818117254408,https://www.tiktok.com/@aymanalts/video/7632519818117254408,2026-04-25 09:35:01,True
aymanalts,7632207401214643474,https://www.tiktok.com/@aymanalts/video/7632207401214643474,2026-04-24 13:22:41,True
aymanalts,7631829606382816530,https://www.tiktok.com/@aymanalts/video/7631829606382816530,2026-04-23 12:56:39,True
aymanalts,7631587143198067986,https://www.tiktok.com/@aymanalts/video/7631587143198067986,2026-04-22 21:15:46,True
aymanalts,7631449067263888648,https://www.tiktok.com/@aymanalts/video/7631449067263888648,2026-04-22 12:19:58,True
aymanalts,7631378004677053703,https://www.tiktok.com/@aymanalts/video/7631378004677053703,2026-04-22 07:44:12,True
aymanalts,7631135990840610066,https://www.tiktok.com/@aymanalts/video/7631135990840610066,2026-04-21 16:05:04,True
aymanalts,7631127278113639688,https://www.tiktok.com/@aymanalts/video/7631127278113639688,2026-04-21 15:31:15,True
aymanalts,7631052475927121170,https://www.tiktok.com/@aymanalts/video/7631052475927121170,2026-04-21 10:40:59,True
aymanalts,7630836207483768082,https://www.tiktok.com/@aymanalts/video/7630836207483768082,2026-04-20 20:41:45,True
aymanalts,7630687953139911954,https://www.tiktok.com/@aymanalts/video/7630687953139911954,2026-04-20 11:06:27,True
aymanalts,7630434970196036882,https://www.tiktok.com/@aymanalts/video/7630434970196036882,2026-04-19 18:44:45,True
aymanalts,7630040181864680711,https://www.tiktok.com/@aymanalts/video/7630040181864680711,2026-04-18 17:12:46,True
aymanalts,7629963787788930311,https://www.tiktok.com/@aymanalts/video/7629963787788930311,2026-04-18 12:16:19,True
aymanalts,7629563531259596040,https://www.tiktok.com/@aymanalts/video/7629563531259596040,2026-04-17 10:23:07,True
aymanalts,7629648311812738312,https://www.tiktok.com/@aymanalts/video/7629648311812738312,2026-04-17 15:52:07,True
aymanalts,7629587891261426951,https://www.tiktok.com/@aymanalts/video/7629587891261426951,2026-04-17 11:57:39,True
aymanalts,7629211703665904904,https://www.tiktok.com/@aymanalts/video/7629211703665904904,2026-04-16 11:37:51,True
aymanalts,7629015007891590407,https://www.tiktok.com/@aymanalts/video/7629015007891590407,2026-04-15 22:54:34,True
aymanalts,7628900859975355655,https://www.tiktok.com/@aymanalts/video/7628900859975355655,2026-04-15 15:31:37,True
aymanalts,7628895102424943880,https://www.tiktok.com/@aymanalts/video/7628895102424943880,2026-04-15 15:09:17,True
aymanalts,7628843514830392594,https://www.tiktok.com/@aymanalts/video/7628843514830392594,2026-04-15 11:49:05,True
aymanalts,7628457273211227400,https://www.tiktok.com/@aymanalts/video/7628457273211227400,2026-04-14 10:50:17,True
aymanalts,7628074800304377095,https://www.tiktok.com/@aymanalts/video/7628074800304377095,2026-04-13 10:06:05,True
aymanalts,7627892476552039698,https://www.tiktok.com/@aymanalts/video/7627892476552039698,2026-04-12 22:18:35,True
aymanalts,7627766817582337287,https://www.tiktok.com/@aymanalts/video/7627766817582337287,2026-04-12 14:10:57,True
aymanalts,7627509411384265991,https://www.tiktok.com/@aymanalts/video/7627509411384265991,2026-04-11 21:32:05,True
aymanalts,7627473694004120839,https://www.tiktok.com/@aymanalts/video/7627473694004120839,2026-04-11 19:13:29,True
aymanalts,7627020088838737160,https://www.tiktok.com/@aymanalts/video/7627020088838737160,2026-04-10 13:53:16,True
aymanalts,7626921686595554567,https://www.tiktok.com/@aymanalts/video/7626921686595554567,2026-04-10 07:31:25,True
aymanalts,7626722335860477191,https://www.tiktok.com/@aymanalts/video/7626722335860477191,2026-04-09 18:37:50,True
aymanalts,7626695062470298888,https://www.tiktok.com/@aymanalts/video/7626695062470298888,2026-04-09 16:52:00,True
aymanalts,7626324214278147336,https://www.tiktok.com/@aymanalts/video/7626324214278147336,2026-04-08 16:52:55,True
aymanalts,7626324993365921031,https://www.tiktok.com/@aymanalts/video/7626324993365921031,2026-04-08 16:55:56,True
aymanalts,7626028287562812679,https://www.tiktok.com/@aymanalts/video/7626028287562812679,2026-04-07 21:44:34,True
aymanalts,7625948104398802183,https://www.tiktok.com/@aymanalts/video/7625948104398802183,2026-04-07 16:33:25,True
aymanalts,7625853747087920391,https://www.tiktok.com/@aymanalts/video/7625853747087920391,2026-04-07 10:27:16,True
aymanalts,7625494554027789576,https://www.tiktok.com/@aymanalts/video/7625494554027789576,2026-04-06 11:13:25,True
aymanalts,7624809272588635410,https://www.tiktok.com/@aymanalts/video/7624809272588635410,2026-04-04 14:54:10,True
aymanalts,7624369620559957266,https://www.tiktok.com/@aymanalts/video/7624369620559957266,2026-04-03 10:28:06,True
aymanalts,7624119813887085832,https://www.tiktok.com/@aymanalts/video/7624119813887085832,2026-04-02 18:18:43,True
aymanalts,7624000736673762567,https://www.tiktok.com/@aymanalts/video/7624000736673762567,2026-04-02 10:36:38,True
aymanalts,7623745829035117831,https://www.tiktok.com/@aymanalts/video/7623745829035117831,2026-04-01 18:07:28,True
aymanalts,7623280081472851207,https://www.tiktok.com/@aymanalts/video/7623280081472851207,2026-03-31 12:00:08,True
aymanalts,7623214408893795602,https://www.tiktok.com/@aymanalts/video/7623214408893795602,2026-03-31 07:45:17,True
aymanalts,7622988969646640392,https://www.tiktok.com/@aymanalts/video/7622988969646640392,2026-03-30 17:10:28,True
aymanalts,7622902466056654087,https://www.tiktok.com/@aymanalts/video/7622902466056654087,2026-03-30 11:34:47,True
aymanalts,7622497951742496007,https://www.tiktok.com/@aymanalts/video/7622497951742496007,2026-03-29 09:25:04,True
aymanalts,7622231701887978759,https://www.tiktok.com/@aymanalts/video/7622231701887978759,2026-03-28 16:11:53,True
aymanalts,7622204652196547847,https://www.tiktok.com/@aymanalts/video/7622204652196547847,2026-03-28 14:26:55,True
aymanalts,7622197867045768466,https://www.tiktok.com/@aymanalts/video/7622197867045768466,2026-03-28 14:00:35,True
aymanalts,7621766350595296530,https://www.tiktok.com/@aymanalts/video/7621766350595296530,2026-03-27 10:06:05,True
aymanalts,7621567613730049298,https://www.tiktok.com/@aymanalts/video/7621567613730049298,2026-03-26 21:14:53,True
aymanalts,7621528923297303815,https://www.tiktok.com/@aymanalts/video/7621528923297303815,2026-03-26 18:44:44,True
aymanalts,7621428674692205832,https://www.tiktok.com/@aymanalts/video/7621428674692205832,2026-03-26 12:15:43,True
aymanalts,7621218723231173895,https://www.tiktok.com/@aymanalts/video/7621218723231173895,2026-03-25 22:41:00,True
aymanalts,7621118394380700946,https://www.tiktok.com/@aymanalts/video/7621118394380700946,2026-03-25 16:11:41,True
aymanalts,7621002370243136786,https://www.tiktok.com/@aymanalts/video/7621002370243136786,2026-03-25 08:41:27,True
aymanalts,7620835750451399944,https://www.tiktok.com/@aymanalts/video/7620835750451399944,2026-03-24 21:54:52,True
aymanalts,7620813741264866567,https://www.tiktok.com/@aymanalts/video/7620813741264866567,2026-03-24 20:29:28,True
aymanalts,7620637690802818312,https://www.tiktok.com/@aymanalts/video/7620637690802818312,2026-03-24 09:06:18,True
aymanalts,7620463708942322952,https://www.tiktok.com/@aymanalts/video/7620463708942322952,2026-03-23 21:51:10,True
aymanalts,7620320705623674119,https://www.tiktok.com/@aymanalts/video/7620320705623674119,2026-03-23 12:36:14,True
aymanalts,7620279635191926024,https://www.tiktok.com/@aymanalts/video/7620279635191926024,2026-03-23 09:56:52,True
aymanalts,7620083171136228615,https://www.tiktok.com/@aymanalts/video/7620083171136228615,2026-03-22 21:14:29,True
aymanalts,7620064674163297554,https://www.tiktok.com/@aymanalts/video/7620064674163297554,2026-03-22 20:02:42,True
aymanalts,7619667371086728456,https://www.tiktok.com/@aymanalts/video/7619667371086728456,2026-03-21 18:20:58,True
aymanalts,7619584656236629256,https://www.tiktok.com/@aymanalts/video/7619584656236629256,2026-03-21 12:59:59,True
aymanalts,7619395247583300871,https://www.tiktok.com/@aymanalts/video/7619395247583300871,2026-03-21 00:44:59,True
aymanalts,7619346948696411399,https://www.tiktok.com/@aymanalts/video/7619346948696411399,2026-03-20 21:37:34,True
aymanalts,7619231616241569042,https://www.tiktok.com/@aymanalts/video/7619231616241569042,2026-03-20 14:10:01,True
aymanalts,7619219704263068946,https://www.tiktok.com/@aymanalts/video/7619219704263068946,2026-03-20 13:23:47,True
aymanalts,7619194530746617095,https://www.tiktok.com/@aymanalts/video/7619194530746617095,2026-03-20 11:46:06,True
aymanalts,7619068098124975368,https://www.tiktok.com/@aymanalts/video/7619068098124975368,2026-03-20 03:35:29,True
aymanalts,7618588405869350162,https://www.tiktok.com/@aymanalts/video/7618588405869350162,2026-03-18 20:34:02,True
aymanalts,7618476624362605842,https://www.tiktok.com/@aymanalts/video/7618476624362605842,2026-03-18 13:20:16,True
aymanalts,7618130905785224455,https://www.tiktok.com/@aymanalts/video/7618130905785224455,2026-03-17 14:58:42,True
aymanalts,7618069600093211912,https://www.tiktok.com/@aymanalts/video/7618069600093211912,2026-03-17 11:00:48,True
aymanalts,7618042439873481991,https://www.tiktok.com/@aymanalts/video/7618042439873481991,2026-03-17 09:15:24,True
aymanalts,7617772580606430482,https://www.tiktok.com/@aymanalts/video/7617772580606430482,2026-03-16 15:48:13,True
aymanalts,7617337415161711879,https://www.tiktok.com/@aymanalts/video/7617337415161711879,2026-03-15 11:39:33,True
aymanalts,7616956071831194887,https://www.tiktok.com/@aymanalts/video/7616956071831194887,2026-03-14 10:59:44,True
aymanalts,7616708453393763591,https://www.tiktok.com/@aymanalts/video/7616708453393763591,2026-03-13 18:58:51,True
aymanalts,7616369553127263506,https://www.tiktok.com/@aymanalts/video/7616369553127263506,2026-03-12 21:03:45,True
aymanalts,7616322102425144594,https://www.tiktok.com/@aymanalts/video/7616322102425144594,2026-03-12 17:59:37,True
aymanalts,7615936686442253576,https://www.tiktok.com/@aymanalts/video/7615936686442253576,2026-03-11 17:04:00,True
aymanalts,7615923349625064711,https://www.tiktok.com/@aymanalts/video/7615923349625064711,2026-03-11 16:12:15,True
aymanalts,7615743956571196679,https://www.tiktok.com/@aymanalts/video/7615743956571196679,2026-03-11 04:36:07,True
aymanalts,7615538719914953991,https://www.tiktok.com/@aymanalts/video/7615538719914953991,2026-03-10 15:19:41,True
aymanalts,7615524642194787602,https://www.tiktok.com/@aymanalts/video/7615524642194787602,2026-03-10 14:25:04,True
aymanalts,7615178803085708552,https://www.tiktok.com/@aymanalts/video/7615178803085708552,2026-03-09 16:03:02,True
aymanalts,7614394962259545362,https://www.tiktok.com/@aymanalts/video/7614394962259545362,2026-03-07 13:21:20,True
aymanalts,7614121944593616146,https://www.tiktok.com/@aymanalts/video/7614121944593616146,2026-03-06 19:41:53,True
aymanalts,7613612452793601287,https://www.tiktok.com/@aymanalts/video/7613612452793601287,2026-03-05 10:44:47,True
aymanalts,7613304862708600072,https://www.tiktok.com/@aymanalts/video/7613304862708600072,2026-03-04 14:51:11,True
aymanalts,7612971963455147282,https://www.tiktok.com/@aymanalts/video/7612971963455147282,2026-03-03 17:19:22,True
aymanalts,7612525905142959367,https://www.tiktok.com/@aymanalts/video/7612525905142959367,2026-03-02 12:28:26,True
aymanalts,7612188758678506759,https://www.tiktok.com/@aymanalts/video/7612188758678506759,2026-03-01 14:40:08,True
aymanalts,7611787601531620616,https://www.tiktok.com/@aymanalts/video/7611787601531620616,2026-02-28 12:43:26,True
aymanalts,7611431921653910792,https://www.tiktok.com/@aymanalts/video/7611431921653910792,2026-02-27 13:43:13,True
aymanalts,7611074513916251410,https://www.tiktok.com/@aymanalts/video/7611074513916251410,2026-02-26 14:36:17,True
aymanalts,7611011033163025671,https://www.tiktok.com/@aymanalts/video/7611011033163025671,2026-02-26 10:29:57,True
aymanalts,7610915196881718536,https://www.tiktok.com/@aymanalts/video/7610915196881718536,2026-02-26 04:18:04,True
aymanalts,7610410904861134088,https://www.tiktok.com/@aymanalts/video/7610410904861134088,2026-02-24 19:41:09,True
aymanalts,7609994734051872008,https://www.tiktok.com/@aymanalts/video/7609994734051872008,2026-02-23 16:46:12,True
aymanalts,7609910300250213650,https://www.tiktok.com/@aymanalts/video/7609910300250213650,2026-02-23 11:18:33,True
aymanalts,7609598754357792018,https://www.tiktok.com/@aymanalts/video/7609598754357792018,2026-02-22 15:09:35,True
aymanalts,7609346212608691463,https://www.tiktok.com/@aymanalts/video/7609346212608691463,2026-02-21 22:49:36,True
aymanalts,7608932232673365255,https://www.tiktok.com/@aymanalts/video/7608932232673365255,2026-02-20 20:03:09,True
aymanalts,7608799489180110087,https://www.tiktok.com/@aymanalts/video/7608799489180110087,2026-02-20 11:28:02,True
aymanalts,7608548159391862034,https://www.tiktok.com/@aymanalts/video/7608548159391862034,2026-02-19 19:12:45,True
aymanalts,7608318478281460999,https://www.tiktok.com/@aymanalts/video/7608318478281460999,2026-02-19 04:21:28,True
aymanalts,7608087126218968327,https://www.tiktok.com/@aymanalts/video/7608087126218968327,2026-02-18 13:23:42,True
aymanalts,7607858788858596615,https://www.tiktok.com/@aymanalts/video/7607858788858596615,2026-02-17 22:37:38,True
aymanalts,7607471748140911880,https://www.tiktok.com/@aymanalts/video/7607471748140911880,2026-02-16 21:35:43,True
aymanalts,7607413046545239303,https://www.tiktok.com/@aymanalts/video/7607413046545239303,2026-02-16 17:47:56,True
aymanalts,7607390503377620242,https://www.tiktok.com/@aymanalts/video/7607390503377620242,2026-02-16 16:20:27,True
aymanalts,7607303698011737362,https://www.tiktok.com/@aymanalts/video/7607303698011737362,2026-02-16 10:43:36,True
aymanalts,7606954472039795986,https://www.tiktok.com/@aymanalts/video/7606954472039795986,2026-02-15 12:08:25,True
aymanalts,7605808640976637202,https://www.tiktok.com/@aymanalts/video/7605808640976637202,2026-02-12 10:02:01,True
aymanalts,7605522130750541063,https://www.tiktok.com/@aymanalts/video/7605522130750541063,2026-02-11 15:30:13,True
aymanalts,7605483727870774535,https://www.tiktok.com/@aymanalts/video/7605483727870774535,2026-02-11 13:01:11,True
aymanalts,7605427860936985874,https://www.tiktok.com/@aymanalts/video/7605427860936985874,2026-02-11 09:24:24,True
aymanalts,7605167369924709639,https://www.tiktok.com/@aymanalts/video/7605167369924709639,2026-02-10 16:33:33,True
aymanalts,7605175749565320456,https://www.tiktok.com/@aymanalts/video/7605175749565320456,2026-02-10 17:06:04,True
aymanalts,7604796461691194642,https://www.tiktok.com/@aymanalts/video/7604796461691194642,2026-02-09 16:34:15,True
aymanalts,7604085749671152903,https://www.tiktok.com/@aymanalts/video/7604085749671152903,2026-02-07 18:36:19,True
aymanalts,7603997283880897800,https://www.tiktok.com/@aymanalts/video/7603997283880897800,2026-02-07 12:53:01,True
aymanalts,7603924367990394120,https://www.tiktok.com/@aymanalts/video/7603924367990394120,2026-02-07 08:10:04,True
aymanalts,7603769360766815496,https://www.tiktok.com/@aymanalts/video/7603769360766815496,2026-02-06 22:08:34,True
aymanalts,7603629481168768264,https://www.tiktok.com/@aymanalts/video/7603629481168768264,2026-02-06 13:05:46,True
aymanalts,7603702395821919506,https://www.tiktok.com/@aymanalts/video/7603702395821919506,2026-02-06 17:48:42,True
aymanalts,7603329744108604690,https://www.tiktok.com/@aymanalts/video/7603329744108604690,2026-02-05 17:42:38,True
aymanalts,7602961663666539783,https://www.tiktok.com/@aymanalts/video/7602961663666539783,2026-02-04 17:54:17,True
aymanalts,7602588331238575378,https://www.tiktok.com/@aymanalts/video/7602588331238575378,2026-02-03 17:45:34,True
aymanalts,7602210027717266696,https://www.tiktok.com/@aymanalts/video/7602210027717266696,2026-02-02 17:17:33,True
aymanalts,7601830741126778130,https://www.tiktok.com/@aymanalts/video/7601830741126778130,2026-02-01 16:45:44,True
aymanalts,7601464858688720135,https://www.tiktok.com/@aymanalts/video/7601464858688720135,2026-01-31 17:05:55,True
aymanalts,7601104471543893266,https://www.tiktok.com/@aymanalts/video/7601104471543893266,2026-01-30 17:47:26,True
aymanalts,7601112476616314130,https://www.tiktok.com/@aymanalts/video/7601112476616314130,2026-01-30 18:18:30,True
aymanalts,7600726915275640072,https://www.tiktok.com/@aymanalts/video/7600726915275640072,2026-01-29 17:22:19,True
aymanalts,7600385948559428882,https://www.tiktok.com/@aymanalts/video/7600385948559428882,2026-01-28 19:19:12,True
aymanalts,7600301849014521106,https://www.tiktok.com/@aymanalts/video/7600301849014521106,2026-01-28 13:52:51,True
aymanalts,7599555592260209927,https://www.tiktok.com/@aymanalts/video/7599555592260209927,2026-01-26 13:37:00,True
aymanalts,7599266504575552775,https://www.tiktok.com/@aymanalts/video/7599266504575552775,2026-01-25 18:55:11,True
aymanalts,7598884369150790930,https://www.tiktok.com/@aymanalts/video/7598884369150790930,2026-01-24 18:12:18,True
aymanalts,7598508266544565522,https://www.tiktok.com/@aymanalts/video/7598508266544565522,2026-01-23 17:52:50,True
aymanalts,7598422873379851527,https://www.tiktok.com/@aymanalts/video/7598422873379851527,2026-01-23 12:21:28,True
aymanalts,7598187872407096584,https://www.tiktok.com/@aymanalts/video/7598187872407096584,2026-01-22 21:09:32,True
aymanalts,7598146500362898706,https://www.tiktok.com/@aymanalts/video/7598146500362898706,2026-01-22 18:29:00,True
aymanalts,7598097810977721607,https://www.tiktok.com/@aymanalts/video/7598097810977721607,2026-01-22 15:20:03,True
aymanalts,7598072391167724818,https://www.tiktok.com/@aymanalts/video/7598072391167724818,2026-01-22 13:41:25,True
aymanalts,7597455485712747794,https://www.tiktok.com/@aymanalts/video/7597455485712747794,2026-01-20 21:47:30,True
aymanalts,7597412355852619015,https://www.tiktok.com/@aymanalts/video/7597412355852619015,2026-01-20 19:00:08,True
aymanalts,7597391768945970450,https://www.tiktok.com/@aymanalts/video/7597391768945970450,2026-01-20 17:40:15,True
aymanalts,7596186717464546578,https://www.tiktok.com/@aymanalts/video/7596186717464546578,2026-01-17 11:44:02,True
aymanalts,7595597216467799304,https://www.tiktok.com/@aymanalts/video/7595597216467799304,2026-01-15 21:36:28,True
aymanalts,7595031448818601223,https://www.tiktok.com/@aymanalts/video/7595031448818601223,2026-01-14 09:01:00,True
aymanalts,7594769985164053768,https://www.tiktok.com/@aymanalts/video/7594769985164053768,2026-01-13 16:06:24,True
aymanalts,7594395242355232007,https://www.tiktok.com/@aymanalts/video/7594395242355232007,2026-01-12 15:52:12,True
aymanalts,7593897496926260498,https://www.tiktok.com/@aymanalts/video/7593897496926260498,2026-01-11 07:40:42,True
aymanalts,7593590654895262983,https://www.tiktok.com/@aymanalts/video/7593590654895262983,2026-01-10 11:49:59,True
aymanalts,7592871198246112530,https://www.tiktok.com/@aymanalts/video/7592871198246112530,2026-01-08 13:18:08,True
aymanalts,7592854185784265992,https://www.tiktok.com/@aymanalts/video/7592854185784265992,2026-01-08 12:12:07,True
aymanalts,7592256919205596434,https://www.tiktok.com/@aymanalts/video/7592256919205596434,2026-01-06 21:34:25,True
aymanalts,7591886278833048840,https://www.tiktok.com/@aymanalts/video/7591886278833048840,2026-01-05 21:36:08,True
aymanalts,7591511240904576274,https://www.tiktok.com/@aymanalts/video/7591511240904576274,2026-01-04 21:20:48,True
aymanalts,7591067418986810632,https://www.tiktok.com/@aymanalts/video/7591067418986810632,2026-01-03 16:38:33,True
aymanalts,7590974468705488146,https://www.tiktok.com/@aymanalts/video/7590974468705488146,2026-01-03 10:37:51,True
aymanalts,7590720723962957074,https://www.tiktok.com/@aymanalts/video/7590720723962957074,2026-01-02 18:13:11,True
aymanalts,7589283352528719112,https://www.tiktok.com/@aymanalts/video/7589283352528719112,2025-12-29 21:15:27,False
dionharyadi,7680458135391259925,https://www.tiktok.com/@dionharyadi/video/7680458135391259925,2026-09-01 14:00:11,False
dionharyadi,7680134017307512085,https://www.tiktok.com/@dionharyadi/video/7680134017307512085,2026-08-31 17:02:26,True
dionharyadi,7680112735618616597,https://www.tiktok.com/@dionharyadi/video/7680112735618616597,2026-08-31 15:39:51,True
dionharyadi,7679775102791077140,https://www.tiktok.com/@dionharyadi/video/7679775102791077140,2026-08-30 17:49:40,True
dionharyadi,7679326005353401620,https://www.tiktok.com/@dionharyadi/video/7679326005353401620,2026-08-29 12:46:56,True
dionharyadi,7678219410523639061,https://www.tiktok.com/@dionharyadi/video/7678219410523639061,2026-08-26 13:12:47,True
dionharyadi,7677546454235368725,https://www.tiktok.com/@dionharyadi/video/7677546454235368725,2026-08-24 17:41:22,True
dionharyadi,7677208013408652565,https://www.tiktok.com/@dionharyadi/video/7677208013408652565,2026-08-23 19:48:03,True
dionharyadi,7677118400631442708,https://www.tiktok.com/@dionharyadi/video/7677118400631442708,2026-08-23 14:00:18,True
dionharyadi,7676431547020381461,https://www.tiktok.com/@dionharyadi/video/7676431547020381461,2026-08-21 17:34:58,True
dionharyadi,7676038423349792021,https://www.tiktok.com/@dionharyadi/video/7676038423349792021,2026-08-20 16:09:26,True
dionharyadi,7675986665940192532,https://www.tiktok.com/@dionharyadi/video/7675986665940192532,2026-08-20 12:48:36,True
dionharyadi,7673488948282297620,https://www.tiktok.com/@dionharyadi/video/7673488948282297620,2026-08-13 19:16:10,True
dionharyadi,7667841841710042389,https://www.tiktok.com/@dionharyadi/video/7667841841710042389,2026-07-29 14:02:31,True
dionharyadi,7666460814026624277,https://www.tiktok.com/@dionharyadi/video/7666460814026624277,2026-07-25 20:43:25,True
dionharyadi,7664959975248170260,https://www.tiktok.com/@dionharyadi/video/7664959975248170260,2026-07-21 19:39:24,True
dionharyadi,7663399059368971541,https://www.tiktok.com/@dionharyadi/video/7663399059368971541,2026-07-17 14:42:15,True
dionharyadi,7657142654844538133,https://www.tiktok.com/@dionharyadi/video/7657142654844538133,2026-06-30 18:04:12,True
dionharyadi,7655232688525200660,https://www.tiktok.com/@dionharyadi/video/7655232688525200660,2026-06-25 14:32:34,True
dionharyadi,7654887151787740436,https://www.tiktok.com/@dionharyadi/video/7654887151787740436,2026-06-24 16:11:42,True
dionharyadi,7652166515881446677,https://www.tiktok.com/@dionharyadi/video/7652166515881446677,2026-06-17 08:14:15,True
dionharyadi,7646389384098385173,https://www.tiktok.com/@dionharyadi/video/7646389384098385173,2026-06-01 18:36:01,True
dionharyadi,7645998173206482196,https://www.tiktok.com/@dionharyadi/video/7645998173206482196,2026-05-31 17:17:56,True
dionharyadi,7645234647064087828,https://www.tiktok.com/@dionharyadi/video/7645234647064087828,2026-05-29 15:55:03,True
dionharyadi,7644100850608065813,https://www.tiktok.com/@dionharyadi/video/7644100850608065813,2026-05-26 14:35:21,True
dionharyadi,7643763615585013013,https://www.tiktok.com/@dionharyadi/video/7643763615585013013,2026-05-25 16:46:42,True
dionharyadi,7641570812461534484,https://www.tiktok.com/@dionharyadi/video/7641570812461534484,2026-05-19 18:57:30,True
dionharyadi,7638901895456673045,https://www.tiktok.com/@dionharyadi/video/7638901895456673045,2026-05-12 14:20:45,True
dionharyadi,7638876393840971029,https://www.tiktok.com/@dionharyadi/video/7638876393840971029,2026-05-12 12:41:47,True
dionharyadi,7638093636474899732,https://www.tiktok.com/@dionharyadi/video/7638093636474899732,2026-05-10 10:04:17,True
dionharyadi,7636665111297494293,https://www.tiktok.com/@dionharyadi/video/7636665111297494293,2026-05-06 13:40:53,True
dionharyadi,7635970121697168660,https://www.tiktok.com/@dionharyadi/video/7635970121697168660,2026-05-04 16:43:58,True
dionharyadi,7634517042581884180,https://www.tiktok.com/@dionharyadi/video/7634517042581884180,2026-04-30 18:45:17,True
dionharyadi,7634048344284826901,https://www.tiktok.com/@dionharyadi/video/7634048344284826901,2026-04-29 12:26:29,True
dionharyadi,7631842771967479060,https://www.tiktok.com/@dionharyadi/video/7631842771967479060,2026-04-23 13:47:44,True
dionharyadi,7631127600454208789,https://www.tiktok.com/@dionharyadi/video/7631127600454208789,2026-04-21 15:32:31,True
dionharyadi,7629686929738583317,https://www.tiktok.com/@dionharyadi/video/7629686929738583317,2026-04-17 18:21:58,True
dionharyadi,7628961995026369812,https://www.tiktok.com/@dionharyadi/video/7628961995026369812,2026-04-15 19:28:51,True
dionharyadi,7627790759470599444,https://www.tiktok.com/@dionharyadi/video/7627790759470599444,2026-04-12 15:43:52,True
dionharyadi,7627086087822789908,https://www.tiktok.com/@dionharyadi/video/7627086087822789908,2026-04-10 18:09:23,True
dionharyadi,7626660818859560213,https://www.tiktok.com/@dionharyadi/video/7626660818859560213,2026-04-09 14:39:07,True
dionharyadi,7625290557346123028,https://www.tiktok.com/@dionharyadi/video/7625290557346123028,2026-04-05 22:01:48,True
dionharyadi,7624814567767444757,https://www.tiktok.com/@dionharyadi/video/7624814567767444757,2026-04-04 15:14:43,True
dionharyadi,7621918253178277140,https://www.tiktok.com/@dionharyadi/video/7621918253178277140,2026-03-27 19:55:32,True
dionharyadi,7621442850647018772,https://www.tiktok.com/@dionharyadi/video/7621442850647018772,2026-03-26 13:10:44,True
dionharyadi,7616975655669992724,https://www.tiktok.com/@dionharyadi/video/7616975655669992724,2026-03-14 12:15:44,True
dionharyadi,7616732719543864597,https://www.tiktok.com/@dionharyadi/video/7616732719543864597,2026-03-13 20:33:01,True
dionharyadi,7616618742264433940,https://www.tiktok.com/@dionharyadi/video/7616618742264433940,2026-03-13 13:10:44,True
dionharyadi,7615906662590795028,https://www.tiktok.com/@dionharyadi/video/7615906662590795028,2026-03-11 15:07:30,True
dionharyadi,7615561248171625748,https://www.tiktok.com/@dionharyadi/video/7615561248171625748,2026-03-10 16:47:07,True
dionharyadi,7615055192597253396,https://www.tiktok.com/@dionharyadi/video/7615055192597253396,2026-03-09 08:03:21,True
dionharyadi,7614110541904334100,https://www.tiktok.com/@dionharyadi/video/7614110541904334100,2026-03-06 18:57:38,True
dionharyadi,7612988783004355861,https://www.tiktok.com/@dionharyadi/video/7612988783004355861,2026-03-03 18:24:38,True
dionharyadi,7612624093044542741,https://www.tiktok.com/@dionharyadi/video/7612624093044542741,2026-03-02 18:49:27,True
dionharyadi,7612584656642346261,https://www.tiktok.com/@dionharyadi/video/7612584656642346261,2026-03-02 16:16:25,True
dionharyadi,7611097324890131733,https://www.tiktok.com/@dionharyadi/video/7611097324890131733,2026-02-26 16:04:49,True
dionharyadi,7610765254527569173,https://www.tiktok.com/@dionharyadi/video/7610765254527569173,2026-02-25 18:36:12,True
dionharyadi,7610308747541417236,https://www.tiktok.com/@dionharyadi/video/7610308747541417236,2026-02-24 13:04:44,True
dionharyadi,7609837772869750037,https://www.tiktok.com/@dionharyadi/video/7609837772869750037,2026-02-23 06:37:06,True
dionharyadi,7608861899685465365,https://www.tiktok.com/@dionharyadi/video/7608861899685465365,2026-02-20 15:30:13,True
dionharyadi,7606146181067984148,https://www.tiktok.com/@dionharyadi/video/7606146181067984148,2026-02-13 07:51:51,True
dionharyadi,7605233272381115668,https://www.tiktok.com/@dionharyadi/video/7605233272381115668,2026-02-10 20:49:17,True
dionharyadi,7603281355295853845,https://www.tiktok.com/@dionharyadi/video/7603281355295853845,2026-02-05 14:34:51,True
dionharyadi,7602759618917322004,https://www.tiktok.com/@dionharyadi/video/7602759618917322004,2026-02-04 04:50:15,True
dionharyadi,7602522240537627925,https://www.tiktok.com/@dionharyadi/video/7602522240537627925,2026-02-03 13:29:06,True
dionharyadi,7600057505061801237,https://www.tiktok.com/@dionharyadi/video/7600057505061801237,2026-01-27 22:04:40,True
dionharyadi,7599954898851089685,https://www.tiktok.com/@dionharyadi/video/7599954898851089685,2026-01-27 15:26:30,True
dionharyadi,7599175230405299476,https://www.tiktok.com/@dionharyadi/video/7599175230405299476,2026-01-25 13:01:00,True
dionharyadi,7598761240801971477,https://www.tiktok.com/@dionharyadi/video/7598761240801971477,2026-01-24 10:14:30,True
dionharyadi,7597412912529001749,https://www.tiktok.com/@dionharyadi/video/7597412912529001749,2026-01-20 19:02:18,True
dionharyadi,7595952861750545685,https://www.tiktok.com/@dionharyadi/video/7595952861750545685,2026-01-16 20:36:33,True
dionharyadi,7595478729397177621,https://www.tiktok.com/@dionharyadi/video/7595478729397177621,2026-01-15 13:56:41,True
dionharyadi,7593680666475203861,https://www.tiktok.com/@dionharyadi/video/7593680666475203861,2026-01-10 17:39:17,True
dionharyadi,7593672916613500181,https://www.tiktok.com/@dionharyadi/video/7593672916613500181,2026-01-10 17:09:12,True
dionharyadi,7593310437882514709,https://www.tiktok.com/@dionharyadi/video/7593310437882514709,2026-01-09 17:42:36,True
dionharyadi,7592504664873291028,https://www.tiktok.com/@dionharyadi/video/7592504664873291028,2026-01-07 13:35:48,True
dionharyadi,7591856920231709973,https://www.tiktok.com/@dionharyadi/video/7591856920231709973,2026-01-05 19:42:13,True
dionharyadi,7590718734893976852,https://www.tiktok.com/@dionharyadi/video/7590718734893976852,2026-01-02 18:05:28,True
dionharyadi,7589239402426158356,https://www.tiktok.com/@dionharyadi/video/7589239402426158356,2025-12-29 18:24:54,False
dokter.harmonospanak,7623556112503016724,https://www.tiktok.com/@dokter.harmonospanak/video/7623556112503016724,2026-04-01 05:51:16,True
dokter.harmonospanak,7607393311426465045,https://www.tiktok.com/@dokter.harmonospanak/video/7607393311426465045,2026-02-16 16:31:21,True
dokter.harmonospanak,7607991320770055444,https://www.tiktok.com/@dokter.harmonospanak/video/7607991320770055444,2026-02-18 07:11:56,True
dokter.harmonospanak,7680361525906836756,https://www.tiktok.com/@dokter.harmonospanak/video/7680361525906836756,2026-09-01 07:45:17,False
dokter.harmonospanak,7680103525883350293,https://www.tiktok.com/@dokter.harmonospanak/video/7680103525883350293,2026-08-31 15:04:07,True
dokter.harmonospanak,7679627992645078292,https://www.tiktok.com/@dokter.harmonospanak/video/7679627992645078292,2026-08-30 08:18:48,True
dokter.harmonospanak,7679464415258742036,https://www.tiktok.com/@dokter.harmonospanak/video/7679464415258742036,2026-08-29 21:44:02,True
dokter.harmonospanak,7678903758520061205,https://www.tiktok.com/@dokter.harmonospanak/video/7678903758520061205,2026-08-28 09:28:24,True
dokter.harmonospanak,7678320887862545685,https://www.tiktok.com/@dokter.harmonospanak/video/7678320887862545685,2026-08-26 19:46:34,True
dokter.harmonospanak,7677723016465321236,https://www.tiktok.com/@dokter.harmonospanak/video/7677723016465321236,2026-08-25 05:06:31,True
dokter.harmonospanak,7677014114903821588,https://www.tiktok.com/@dokter.harmonospanak/video/7677014114903821588,2026-08-23 07:15:37,True
dokter.harmonospanak,7676766537453194516,https://www.tiktok.com/@dokter.harmonospanak/video/7676766537453194516,2026-08-22 15:14:54,True
dokter.harmonospanak,7676474107436829972,https://www.tiktok.com/@dokter.harmonospanak/video/7676474107436829972,2026-08-21 20:20:07,True
dokter.harmonospanak,7675903534499466516,https://www.tiktok.com/@dokter.harmonospanak/video/7675903534499466516,2026-08-20 07:26:00,True
dokter.harmonospanak,7675254406459165972,https://www.tiktok.com/@dokter.harmonospanak/video/7675254406459165972,2026-08-18 13:27:03,True
dokter.harmonospanak,7674605119085989141,https://www.tiktok.com/@dokter.harmonospanak/video/7674605119085989141,2026-08-16 19:27:29,True
dokter.harmonospanak,7674150958275890453,https://www.tiktok.com/@dokter.harmonospanak/video/7674150958275890453,2026-08-15 14:05:07,True
dokter.harmonospanak,7673328070152949012,https://www.tiktok.com/@dokter.harmonospanak/video/7673328070152949012,2026-08-13 08:51:53,True
dokter.harmonospanak,7672752964720741652,https://www.tiktok.com/@dokter.harmonospanak/video/7672752964720741652,2026-08-11 19:40:11,True
dokter.harmonospanak,7671991383326199060,https://www.tiktok.com/@dokter.harmonospanak/video/7671991383326199060,2026-08-09 18:24:51,True
dokter.harmonospanak,7671504053263682836,https://www.tiktok.com/@dokter.harmonospanak/video/7671504053263682836,2026-08-08 10:53:46,True
dokter.harmonospanak,7671093435117374740,https://www.tiktok.com/@dokter.harmonospanak/video/7671093435117374740,2026-08-07 08:20:22,True
dokter.harmonospanak,7670707684928179476,https://www.tiktok.com/@dokter.harmonospanak/video/7670707684928179476,2026-08-06 07:23:27,True
dokter.harmonospanak,7670278456629939476,https://www.tiktok.com/@dokter.harmonospanak/video/7670278456629939476,2026-08-05 03:37:50,True
dokter.harmonospanak,7669267937827507477,https://www.tiktok.com/@dokter.harmonospanak/video/7669267937827507477,2026-08-02 10:16:30,True
dokter.harmonospanak,7668824647777013012,https://www.tiktok.com/@dokter.harmonospanak/video/7668824647777013012,2026-08-01 05:36:18,True
dokter.harmonospanak,7668526743669509396,https://www.tiktok.com/@dokter.harmonospanak/video/7668526743669509396,2026-07-31 10:20:17,True
dokter.harmonospanak,7668087233315966228,https://www.tiktok.com/@dokter.harmonospanak/video/7668087233315966228,2026-07-30 05:54:46,True
dokter.harmonospanak,7667638899442732308,https://www.tiktok.com/@dokter.harmonospanak/video/7667638899442732308,2026-07-29 00:55:00,True
dokter.harmonospanak,7667011625374780692,https://www.tiktok.com/@dokter.harmonospanak/video/7667011625374780692,2026-07-27 08:20:51,True
dokter.harmonospanak,7666258365621865748,https://www.tiktok.com/@dokter.harmonospanak/video/7666258365621865748,2026-07-25 07:37:49,True
dokter.harmonospanak,7665925001975057684,https://www.tiktok.com/@dokter.harmonospanak/video/7665925001975057684,2026-07-24 10:04:12,True
dokter.harmonospanak,7665552611969420565,https://www.tiktok.com/@dokter.harmonospanak/video/7665552611969420565,2026-07-23 09:59:08,True
dokter.harmonospanak,7665484882616995092,https://www.tiktok.com/@dokter.harmonospanak/video/7665484882616995092,2026-07-23 05:36:19,True
dokter.harmonospanak,7665192928670649621,https://www.tiktok.com/@dokter.harmonospanak/video/7665192928670649621,2026-07-22 10:43:23,True
dokter.harmonospanak,7664785280418762004,https://www.tiktok.com/@dokter.harmonospanak/video/7664785280418762004,2026-07-21 08:21:30,True
dokter.harmonospanak,7664480476211449109,https://www.tiktok.com/@dokter.harmonospanak/video/7664480476211449109,2026-07-20 12:38:42,True
dokter.harmonospanak,7664247235181333780,https://www.tiktok.com/@dokter.harmonospanak/video/7664247235181333780,2026-07-19 21:33:36,True
dokter.harmonospanak,7664015710204513557,https://www.tiktok.com/@dokter.harmonospanak/video/7664015710204513557,2026-07-19 06:35:10,True
dokter.harmonospanak,7663711382503755028,https://www.tiktok.com/@dokter.harmonospanak/video/7663711382503755028,2026-07-18 10:54:13,True
dokter.harmonospanak,7663299495928663317,https://www.tiktok.com/@dokter.harmonospanak/video/7663299495928663317,2026-07-17 08:15:54,True
dokter.harmonospanak,7662934135693987092,https://www.tiktok.com/@dokter.harmonospanak/video/7662934135693987092,2026-07-16 08:38:07,True
dokter.harmonospanak,7662558528099437845,https://www.tiktok.com/@dokter.harmonospanak/video/7662558528099437845,2026-07-15 08:20:34,True
dokter.harmonospanak,7661740319406361877,https://www.tiktok.com/@dokter.harmonospanak/video/7661740319406361877,2026-07-13 03:25:30,True
dokter.harmonospanak,7661472417574915349,https://www.tiktok.com/@dokter.harmonospanak/video/7661472417574915349,2026-07-12 10:05:54,True
dokter.harmonospanak,7661061001495858453,https://www.tiktok.com/@dokter.harmonospanak/video/7661061001495858453,2026-07-11 07:29:24,True
dokter.harmonospanak,7660344524278992149,https://www.tiktok.com/@dokter.harmonospanak/video/7660344524278992149,2026-07-09 09:09:06,True
dokter.harmonospanak,7659945811215650069,https://www.tiktok.com/@dokter.harmonospanak/video/7659945811215650069,2026-07-08 07:21:53,True
dokter.harmonospanak,7659690190142786836,https://www.tiktok.com/@dokter.harmonospanak/video/7659690190142786836,2026-07-07 14:49:57,True
dokter.harmonospanak,7659593556775980308,https://www.tiktok.com/@dokter.harmonospanak/video/7659593556775980308,2026-07-07 08:34:57,True
dokter.harmonospanak,7659176789498957076,https://www.tiktok.com/@dokter.harmonospanak/video/7659176789498957076,2026-07-06 05:37:41,True
dokter.harmonospanak,7658108173466832148,https://www.tiktok.com/@dokter.harmonospanak/video/7658108173466832148,2026-07-03 08:30:55,True
dokter.harmonospanak,7657810259918064917,https://www.tiktok.com/@dokter.harmonospanak/video/7657810259918064917,2026-07-02 13:14:51,True
dokter.harmonospanak,7657455366573231380,https://www.tiktok.com/@dokter.harmonospanak/video/7657455366573231380,2026-07-01 14:17:41,True
dokter.harmonospanak,7657146988563025172,https://www.tiktok.com/@dokter.harmonospanak/video/7657146988563025172,2026-06-30 18:21:01,True
dokter.harmonospanak,7656210697923104020,https://www.tiktok.com/@dokter.harmonospanak/video/7656210697923104020,2026-06-28 05:47:44,True
dokter.harmonospanak,7655904479480401173,https://www.tiktok.com/@dokter.harmonospanak/video/7655904479480401173,2026-06-27 09:59:27,True
dokter.harmonospanak,7655688674155302165,https://www.tiktok.com/@dokter.harmonospanak/video/7655688674155302165,2026-06-26 20:02:01,True
dokter.harmonospanak,7655203809366527252,https://www.tiktok.com/@dokter.harmonospanak/video/7655203809366527252,2026-06-25 12:40:30,True
dokter.harmonospanak,7655141453097618709,https://www.tiktok.com/@dokter.harmonospanak/video/7655141453097618709,2026-06-25 08:38:31,True
dokter.harmonospanak,7654923198902914324,https://www.tiktok.com/@dokter.harmonospanak/video/7654923198902914324,2026-06-24 18:31:35,True
dokter.harmonospanak,7654722786321075477,https://www.tiktok.com/@dokter.harmonospanak/video/7654722786321075477,2026-06-24 05:33:53,True
dokter.harmonospanak,7654240541907062036,https://www.tiktok.com/@dokter.harmonospanak/video/7654240541907062036,2026-06-22 22:22:32,True
dokter.harmonospanak,7653976601234885908,https://www.tiktok.com/@dokter.harmonospanak/video/7653976601234885908,2026-06-22 05:18:18,True
dokter.harmonospanak,7653218145385155860,https://www.tiktok.com/@dokter.harmonospanak/video/7653218145385155860,2026-06-20 04:15:06,True
dokter.harmonospanak,7652902832361966869,https://www.tiktok.com/@dokter.harmonospanak/video/7652902832361966869,2026-06-19 07:51:32,True
dokter.harmonospanak,7652461901120621844,https://www.tiktok.com/@dokter.harmonospanak/video/7652461901120621844,2026-06-18 03:20:29,True
dokter.harmonospanak,7651905153750076693,https://www.tiktok.com/@dokter.harmonospanak/video/7651905153750076693,2026-06-16 15:20:02,True
dokter.harmonospanak,7651802262829878548,https://www.tiktok.com/@dokter.harmonospanak/video/7651802262829878548,2026-06-16 08:40:45,True
dokter.harmonospanak,7651413280392498453,https://www.tiktok.com/@dokter.harmonospanak/video/7651413280392498453,2026-06-15 07:31:18,True
dokter.harmonospanak,7651030317410618644,https://www.tiktok.com/@dokter.harmonospanak/video/7651030317410618644,2026-06-14 06:45:13,True
dokter.harmonospanak,7650679958834122005,https://www.tiktok.com/@dokter.harmonospanak/video/7650679958834122005,2026-06-13 08:05:39,True
dokter.harmonospanak,7650115864657775892,https://www.tiktok.com/@dokter.harmonospanak/video/7650115864657775892,2026-06-11 19:36:40,True
dokter.harmonospanak,7650014219357768980,https://www.tiktok.com/@dokter.harmonospanak/video/7650014219357768980,2026-06-11 13:02:14,True
dokter.harmonospanak,7649418156854889748,https://www.tiktok.com/@dokter.harmonospanak/video/7649418156854889748,2026-06-09 22:29:13,True
dokter.harmonospanak,7649168425943616788,https://www.tiktok.com/@dokter.harmonospanak/video/7649168425943616788,2026-06-09 06:20:08,True
dokter.harmonospanak,7648492904964721940,https://www.tiktok.com/@dokter.harmonospanak/video/7648492904964721940,2026-06-07 10:38:46,True
dokter.harmonospanak,7648477761392184596,https://www.tiktok.com/@dokter.harmonospanak/video/7648477761392184596,2026-06-07 09:40:00,True
dokter.harmonospanak,7648068831008525589,https://www.tiktok.com/@dokter.harmonospanak/video/7648068831008525589,2026-06-06 07:13:08,True
dokter.harmonospanak,7647797361892379924,https://www.tiktok.com/@dokter.harmonospanak/video/7647797361892379924,2026-06-05 13:39:42,True
dokter.harmonospanak,7647352582100307221,https://www.tiktok.com/@dokter.harmonospanak/video/7647352582100307221,2026-06-04 08:53:43,True
dokter.harmonospanak,7646971006669573397,https://www.tiktok.com/@dokter.harmonospanak/video/7646971006669573397,2026-06-03 08:13:01,True
dokter.harmonospanak,7646588806870682900,https://www.tiktok.com/@dokter.harmonospanak/video/7646588806870682900,2026-06-02 07:29:53,True
dokter.harmonospanak,7646360412228750612,https://www.tiktok.com/@dokter.harmonospanak/video/7646360412228750612,2026-06-01 16:43:36,True
dokter.harmonospanak,7645893166146833685,https://www.tiktok.com/@dokter.harmonospanak/video/7645893166146833685,2026-05-31 10:30:27,True
dokter.harmonospanak,7645692845566872852,https://www.tiktok.com/@dokter.harmonospanak/video/7645692845566872852,2026-05-30 21:33:06,True
dokter.harmonospanak,7645257960326778132,https://www.tiktok.com/@dokter.harmonospanak/video/7645257960326778132,2026-05-29 17:25:31,True
dokter.harmonospanak,7644923267869854996,https://www.tiktok.com/@dokter.harmonospanak/video/7644923267869854996,2026-05-28 19:46:45,True
dokter.harmonospanak,7644374955932552468,https://www.tiktok.com/@dokter.harmonospanak/video/7644374955932552468,2026-05-27 08:19:01,True
dokter.harmonospanak,7643978173373271317,https://www.tiktok.com/@dokter.harmonospanak/video/7643978173373271317,2026-05-26 06:39:18,True
dokter.harmonospanak,7643608603886161172,https://www.tiktok.com/@dokter.harmonospanak/video/7643608603886161172,2026-05-25 06:45:11,True
dokter.harmonospanak,7643259518771612948,https://www.tiktok.com/@dokter.harmonospanak/video/7643259518771612948,2026-05-24 08:10:33,True
dokter.harmonospanak,7642878877777349908,https://www.tiktok.com/@dokter.harmonospanak/video/7642878877777349908,2026-05-23 07:33:28,True
dokter.harmonospanak,7642376377190108436,https://www.tiktok.com/@dokter.harmonospanak/video/7642376377190108436,2026-05-21 23:03:30,True
dokter.harmonospanak,7641637911921806612,https://www.tiktok.com/@dokter.harmonospanak/video/7641637911921806612,2026-05-19 23:17:53,True
dokter.harmonospanak,7641627974260755733,https://www.tiktok.com/@dokter.harmonospanak/video/7641627974260755733,2026-05-19 22:39:19,True
dokter.harmonospanak,7641126728055770388,https://www.tiktok.com/@dokter.harmonospanak/video/7641126728055770388,2026-05-18 14:14:14,True
dokter.harmonospanak,7640690541558107413,https://www.tiktok.com/@dokter.harmonospanak/video/7640690541558107413,2026-05-17 10:01:36,True
dokter.harmonospanak,7640665197446696213,https://www.tiktok.com/@dokter.harmonospanak/video/7640665197446696213,2026-05-17 08:23:15,True
dokter.harmonospanak,7640273279244143892,https://www.tiktok.com/@dokter.harmonospanak/video/7640273279244143892,2026-05-16 07:02:25,True
dokter.harmonospanak,7639929335272557844,https://www.tiktok.com/@dokter.harmonospanak/video/7639929335272557844,2026-05-15 08:47:44,True
dokter.harmonospanak,7639591929767906581,https://www.tiktok.com/@dokter.harmonospanak/video/7639591929767906581,2026-05-14 10:58:26,True
dokter.harmonospanak,7639141570658176277,https://www.tiktok.com/@dokter.harmonospanak/video/7639141570658176277,2026-05-13 05:50:48,True
dokter.harmonospanak,7638798106611453204,https://www.tiktok.com/@dokter.harmonospanak/video/7638798106611453204,2026-05-12 07:37:59,True
dokter.harmonospanak,7638406972055751957,https://www.tiktok.com/@dokter.harmonospanak/video/7638406972055751957,2026-05-11 06:20:11,True
dokter.harmonospanak,7638304524288937236,https://www.tiktok.com/@dokter.harmonospanak/video/7638304524288937236,2026-05-10 23:42:38,True
dokter.harmonospanak,7638033896474447124,https://www.tiktok.com/@dokter.harmonospanak/video/7638033896474447124,2026-05-10 06:12:28,True
dokter.harmonospanak,7637302059406069012,https://www.tiktok.com/@dokter.harmonospanak/video/7637302059406069012,2026-05-08 06:52:34,True
dokter.harmonospanak,7636885391206845717,https://www.tiktok.com/@dokter.harmonospanak/video/7636885391206845717,2026-05-07 03:55:41,True
dokter.harmonospanak,7636774259171364116,https://www.tiktok.com/@dokter.harmonospanak/video/7636774259171364116,2026-05-06 20:44:26,True
dokter.harmonospanak,7636171056662727956,https://www.tiktok.com/@dokter.harmonospanak/video/7636171056662727956,2026-05-05 05:43:42,True
dokter.harmonospanak,7635848437820362005,https://www.tiktok.com/@dokter.harmonospanak/video/7635848437820362005,2026-05-04 08:51:46,True
dokter.harmonospanak,7635485955146714389,https://www.tiktok.com/@dokter.harmonospanak/video/7635485955146714389,2026-05-03 09:25:09,True
dokter.harmonospanak,7635133751823043860,https://www.tiktok.com/@dokter.harmonospanak/video/7635133751823043860,2026-05-02 10:38:25,True
dokter.harmonospanak,7634929153271254293,https://www.tiktok.com/@dokter.harmonospanak/video/7634929153271254293,2026-05-01 21:24:29,True
dokter.harmonospanak,7634684526794689812,https://www.tiktok.com/@dokter.harmonospanak/video/7634684526794689812,2026-05-01 05:35:12,True
dokter.harmonospanak,7634200531010931988,https://www.tiktok.com/@dokter.harmonospanak/video/7634200531010931988,2026-04-29 22:17:03,True
dokter.harmonospanak,7633686095342947604,https://www.tiktok.com/@dokter.harmonospanak/video/7633686095342947604,2026-04-28 13:00:47,True
dokter.harmonospanak,7633436565968112916,https://www.tiktok.com/@dokter.harmonospanak/video/7633436565968112916,2026-04-27 20:52:28,True
dokter.harmonospanak,7633226102890138900,https://www.tiktok.com/@dokter.harmonospanak/video/7633226102890138900,2026-04-27 07:15:46,True
dokter.harmonospanak,7632822878337076501,https://www.tiktok.com/@dokter.harmonospanak/video/7632822878337076501,2026-04-26 05:11:03,True
dokter.harmonospanak,7632482231302343957,https://www.tiktok.com/@dokter.harmonospanak/video/7632482231302343957,2026-04-25 07:09:10,True
dokter.harmonospanak,7632120693559168276,https://www.tiktok.com/@dokter.harmonospanak/video/7632120693559168276,2026-04-24 07:46:13,True
dokter.harmonospanak,7632115597047893268,https://www.tiktok.com/@dokter.harmonospanak/video/7632115597047893268,2026-04-24 07:26:26,True
dokter.harmonospanak,7631792864187485460,https://www.tiktok.com/@dokter.harmonospanak/video/7631792864187485460,2026-04-23 10:34:04,True
dokter.harmonospanak,7631732663853829397,https://www.tiktok.com/@dokter.harmonospanak/video/7631732663853829397,2026-04-23 06:40:28,True
dokter.harmonospanak,7631365819057884437,https://www.tiktok.com/@dokter.harmonospanak/video/7631365819057884437,2026-04-22 06:56:55,True
dokter.harmonospanak,7631014122087255317,https://www.tiktok.com/@dokter.harmonospanak/video/7631014122087255317,2026-04-21 08:12:09,True
dokter.harmonospanak,7631008889550408981,https://www.tiktok.com/@dokter.harmonospanak/video/7631008889550408981,2026-04-21 07:51:51,True
dokter.harmonospanak,7630691990262353172,https://www.tiktok.com/@dokter.harmonospanak/video/7630691990262353172,2026-04-20 11:22:07,True
dokter.harmonospanak,7630627771772898581,https://www.tiktok.com/@dokter.harmonospanak/video/7630627771772898581,2026-04-20 07:12:55,True
dokter.harmonospanak,7630273505803767060,https://www.tiktok.com/@dokter.harmonospanak/video/7630273505803767060,2026-04-19 08:18:11,True
dokter.harmonospanak,7630271745261374741,https://www.tiktok.com/@dokter.harmonospanak/video/7630271745261374741,2026-04-19 08:11:21,True
dokter.harmonospanak,7629920808294518036,https://www.tiktok.com/@dokter.harmonospanak/video/7629920808294518036,2026-04-18 09:29:32,True
dokter.harmonospanak,7629135306632989972,https://www.tiktok.com/@dokter.harmonospanak/video/7629135306632989972,2026-04-16 06:41:23,True
dokter.harmonospanak,7628875150150225173,https://www.tiktok.com/@dokter.harmonospanak/video/7628875150150225173,2026-04-15 13:51:51,True
dokter.harmonospanak,7628788530470276373,https://www.tiktok.com/@dokter.harmonospanak/video/7628788530470276373,2026-04-15 08:15:43,True
dokter.harmonospanak,7628414723251358996,https://www.tiktok.com/@dokter.harmonospanak/video/7628414723251358996,2026-04-14 08:05:10,True
dokter.harmonospanak,7627988106528034069,https://www.tiktok.com/@dokter.harmonospanak/video/7627988106528034069,2026-04-13 04:29:40,True
dokter.harmonospanak,7627730393227103509,https://www.tiktok.com/@dokter.harmonospanak/video/7627730393227103509,2026-04-12 11:49:37,True
dokter.harmonospanak,7627263552876858644,https://www.tiktok.com/@dokter.harmonospanak/video/7627263552876858644,2026-04-11 05:38:02,True
dokter.harmonospanak,7626929956194438421,https://www.tiktok.com/@dokter.harmonospanak/video/7626929956194438421,2026-04-10 08:03:30,True
dokter.harmonospanak,7626535848154123541,https://www.tiktok.com/@dokter.harmonospanak/video/7626535848154123541,2026-04-09 06:34:10,True
dokter.harmonospanak,7626180757546929428,https://www.tiktok.com/@dokter.harmonospanak/video/7626180757546929428,2026-04-08 07:36:14,True
dokter.harmonospanak,7625826513526492436,https://www.tiktok.com/@dokter.harmonospanak/video/7625826513526492436,2026-04-07 08:41:35,True
dokter.harmonospanak,7625467242297265428,https://www.tiktok.com/@dokter.harmonospanak/video/7625467242297265428,2026-04-06 09:27:26,True
dokter.harmonospanak,7625390490329943316,https://www.tiktok.com/@dokter.harmonospanak/video/7625390490329943316,2026-04-06 04:29:35,True
dokter.harmonospanak,7625060005431004436,https://www.tiktok.com/@dokter.harmonospanak/video/7625060005431004436,2026-04-05 07:07:08,True
dokter.harmonospanak,7624786187751918868,https://www.tiktok.com/@dokter.harmonospanak/video/7624786187751918868,2026-04-04 13:24:35,True
dokter.harmonospanak,7624282816443960597,https://www.tiktok.com/@dokter.harmonospanak/video/7624282816443960597,2026-04-03 04:51:15,True
dokter.harmonospanak,7623931647888477460,https://www.tiktok.com/@dokter.harmonospanak/video/7623931647888477460,2026-04-02 06:08:32,True
dokter.harmonospanak,7623239743353949460,https://www.tiktok.com/@dokter.harmonospanak/video/7623239743353949460,2026-03-31 09:23:36,True
dokter.harmonospanak,7623213709535563029,https://www.tiktok.com/@dokter.harmonospanak/video/7623213709535563029,2026-03-31 07:42:34,True
dokter.harmonospanak,7623025324334386453,https://www.tiktok.com/@dokter.harmonospanak/video/7623025324334386453,2026-03-30 19:31:32,True
dokter.harmonospanak,7622457522418421012,https://www.tiktok.com/@dokter.harmonospanak/video/7622457522418421012,2026-03-29 06:48:11,True
dokter.harmonospanak,7622170002996743445,https://www.tiktok.com/@dokter.harmonospanak/video/7622170002996743445,2026-03-28 12:12:27,True
dokter.harmonospanak,7621715871764843797,https://www.tiktok.com/@dokter.harmonospanak/video/7621715871764843797,2026-03-27 06:50:12,True
dokter.harmonospanak,7621707633577315605,https://www.tiktok.com/@dokter.harmonospanak/video/7621707633577315605,2026-03-27 06:18:14,True
dokter.harmonospanak,7621406072716152085,https://www.tiktok.com/@dokter.harmonospanak/video/7621406072716152085,2026-03-26 10:48:01,True
dokter.harmonospanak,7621322575481802005,https://www.tiktok.com/@dokter.harmonospanak/video/7621322575481802005,2026-03-26 05:24:00,True
dokter.harmonospanak,7620954939950419220,https://www.tiktok.com/@dokter.harmonospanak/video/7620954939950419220,2026-03-25 05:37:23,True
dokter.harmonospanak,7620603520059804948,https://www.tiktok.com/@dokter.harmonospanak/video/7620603520059804948,2026-03-24 06:53:42,True
dokter.harmonospanak,7620289291985423636,https://www.tiktok.com/@dokter.harmonospanak/video/7620289291985423636,2026-03-23 10:34:20,True
dokter.harmonospanak,7620257071090535700,https://www.tiktok.com/@dokter.harmonospanak/video/7620257071090535700,2026-03-23 08:29:18,True
dokter.harmonospanak,7619887171025063188,https://www.tiktok.com/@dokter.harmonospanak/video/7619887171025063188,2026-03-22 08:33:54,True
dokter.harmonospanak,7619849957767515413,https://www.tiktok.com/@dokter.harmonospanak/video/7619849957767515413,2026-03-22 06:09:30,True
dokter.harmonospanak,7619503410643012884,https://www.tiktok.com/@dokter.harmonospanak/video/7619503410643012884,2026-03-21 07:44:43,True
dokter.harmonospanak,7619482722838285588,https://www.tiktok.com/@dokter.harmonospanak/video/7619482722838285588,2026-03-21 06:24:26,True
dokter.harmonospanak,7619318198957329684,https://www.tiktok.com/@dokter.harmonospanak/video/7619318198957329684,2026-03-20 19:46:00,True
dokter.harmonospanak,7619051737701174548,https://www.tiktok.com/@dokter.harmonospanak/video/7619051737701174548,2026-03-20 02:32:00,True
dokter.harmonospanak,7618730298246827284,https://www.tiktok.com/@dokter.harmonospanak/video/7618730298246827284,2026-03-19 05:44:39,True
dokter.harmonospanak,7618722700579589396,https://www.tiktok.com/@dokter.harmonospanak/video/7618722700579589396,2026-03-19 05:15:10,True
dokter.harmonospanak,7618510444709367060,https://www.tiktok.com/@dokter.harmonospanak/video/7618510444709367060,2026-03-18 15:31:30,True
dokter.harmonospanak,7618342595462319381,https://www.tiktok.com/@dokter.harmonospanak/video/7618342595462319381,2026-03-18 04:40:10,True
dokter.harmonospanak,7618315920645197077,https://www.tiktok.com/@dokter.harmonospanak/video/7618315920645197077,2026-03-18 02:56:39,True
dokter.harmonospanak,7618046170245451029,https://www.tiktok.com/@dokter.harmonospanak/video/7618046170245451029,2026-03-17 09:29:53,True
dokter.harmonospanak,7617997577346206997,https://www.tiktok.com/@dokter.harmonospanak/video/7617997577346206997,2026-03-17 06:21:19,True
dokter.harmonospanak,7617989801584626965,https://www.tiktok.com/@dokter.harmonospanak/video/7617989801584626965,2026-03-17 05:51:08,True
dokter.harmonospanak,7617800444328398101,https://www.tiktok.com/@dokter.harmonospanak/video/7617800444328398101,2026-03-16 17:36:20,True
dokter.harmonospanak,7617605072423292181,https://www.tiktok.com/@dokter.harmonospanak/video/7617605072423292181,2026-03-16 04:58:12,True
dokter.harmonospanak,7617355671972891924,https://www.tiktok.com/@dokter.harmonospanak/video/7617355671972891924,2026-03-15 12:50:24,True
dokter.harmonospanak,7617222745767808276,https://www.tiktok.com/@dokter.harmonospanak/video/7617222745767808276,2026-03-15 04:14:34,True
dokter.harmonospanak,7616846350772145428,https://www.tiktok.com/@dokter.harmonospanak/video/7616846350772145428,2026-03-14 03:53:58,True
dokter.harmonospanak,7616534044385348884,https://www.tiktok.com/@dokter.harmonospanak/video/7616534044385348884,2026-03-13 07:42:03,True
dokter.harmonospanak,7616475595681041685,https://www.tiktok.com/@dokter.harmonospanak/video/7616475595681041685,2026-03-13 03:55:15,True
dokter.harmonospanak,7616211717369908500,https://www.tiktok.com/@dokter.harmonospanak/video/7616211717369908500,2026-03-12 10:51:16,True
dokter.harmonospanak,7616005026623835412,https://www.tiktok.com/@dokter.harmonospanak/video/7616005026623835412,2026-03-11 21:29:12,True
dokter.harmonospanak,7615877205121371412,https://www.tiktok.com/@dokter.harmonospanak/video/7615877205121371412,2026-03-11 13:13:11,True
dokter.harmonospanak,7615474727817186580,https://www.tiktok.com/@dokter.harmonospanak/video/7615474727817186580,2026-03-10 11:11:22,True
dokter.harmonospanak,7615208822449179925,https://www.tiktok.com/@dokter.harmonospanak/video/7615208822449179925,2026-03-09 17:59:31,True
dokter.harmonospanak,7614760863689428244,https://www.tiktok.com/@dokter.harmonospanak/video/7614760863689428244,2026-03-08 13:01:13,True
dokter.harmonospanak,7614334197758561556,https://www.tiktok.com/@dokter.harmonospanak/video/7614334197758561556,2026-03-07 09:25:32,True
dokter.harmonospanak,7614118590333160725,https://www.tiktok.com/@dokter.harmonospanak/video/7614118590333160725,2026-03-06 19:28:52,True
dokter.harmonospanak,7613730602679848212,https://www.tiktok.com/@dokter.harmonospanak/video/7613730602679848212,2026-03-05 18:23:16,True
dokter.harmonospanak,7613546047570300180,https://www.tiktok.com/@dokter.harmonospanak/video/7613546047570300180,2026-03-05 06:27:06,True
dokter.harmonospanak,7613392930920729877,https://www.tiktok.com/@dokter.harmonospanak/video/7613392930920729877,2026-03-04 20:32:56,True
dokter.harmonospanak,7613270073251319060,https://www.tiktok.com/@dokter.harmonospanak/video/7613270073251319060,2026-03-04 12:36:11,True
dokter.harmonospanak,7613054922141027605,https://www.tiktok.com/@dokter.harmonospanak/video/7613054922141027605,2026-03-03 22:41:17,True
dokter.harmonospanak,7612499035731004693,https://www.tiktok.com/@dokter.harmonospanak/video/7612499035731004693,2026-03-02 10:44:10,True
dokter.harmonospanak,7612171427503983893,https://www.tiktok.com/@dokter.harmonospanak/video/7612171427503983893,2026-03-01 13:32:53,True
dokter.harmonospanak,7611931917398658324,https://www.tiktok.com/@dokter.harmonospanak/video/7611931917398658324,2026-02-28 22:03:27,True
dokter.harmonospanak,7611580607289642261,https://www.tiktok.com/@dokter.harmonospanak/video/7611580607289642261,2026-02-27 23:20:12,True
dokter.harmonospanak,7611102252576591125,https://www.tiktok.com/@dokter.harmonospanak/video/7611102252576591125,2026-02-26 16:23:56,True
dokter.harmonospanak,7610815595906403605,https://www.tiktok.com/@dokter.harmonospanak/video/7610815595906403605,2026-02-25 21:51:33,True
dokter.harmonospanak,7610703641179098389,https://www.tiktok.com/@dokter.harmonospanak/video/7610703641179098389,2026-02-25 14:37:07,True
dokter.harmonospanak,7610307174958435605,https://www.tiktok.com/@dokter.harmonospanak/video/7610307174958435605,2026-02-24 12:58:37,True
dokter.harmonospanak,7609881798285200660,https://www.tiktok.com/@dokter.harmonospanak/video/7609881798285200660,2026-02-23 09:27:57,True
dokter.harmonospanak,7609249371057589525,https://www.tiktok.com/@dokter.harmonospanak/video/7609249371057589525,2026-02-21 16:33:48,True
dokter.harmonospanak,7608837204692995348,https://www.tiktok.com/@dokter.harmonospanak/video/7608837204692995348,2026-02-20 13:54:23,True
dokter.harmonospanak,7608461458489265429,https://www.tiktok.com/@dokter.harmonospanak/video/7608461458489265429,2026-02-19 13:36:18,True
dokter.harmonospanak,7608316955086310676,https://www.tiktok.com/@dokter.harmonospanak/video/7608316955086310676,2026-02-19 04:15:33,True
dokter.harmonospanak,7607986699049717012,https://www.tiktok.com/@dokter.harmonospanak/video/7607986699049717012,2026-02-18 06:54:00,True
dokter.harmonospanak,7607636308533497108,https://www.tiktok.com/@dokter.harmonospanak/video/7607636308533497108,2026-02-17 08:14:18,True
dokter.harmonospanak,7607623863379283221,https://www.tiktok.com/@dokter.harmonospanak/video/7607623863379283221,2026-02-17 07:26:00,True
dokter.harmonospanak,7607591917920013589,https://www.tiktok.com/@dokter.harmonospanak/video/7607591917920013589,2026-02-17 05:22:02,True
dokter.harmonospanak,7235917317912153350,https://www.tiktok.com/@dokter.harmonospanak/video/7235917317912153350,2023-05-22 15:14:46,False
dokter.reni.anak,7534256058039110918,https://www.tiktok.com/@dokter.reni.anak/video/7534256058039110918,2025-08-03 14:21:27,False
dokter.reni.anak,7522499486770285829,https://www.tiktok.com/@dokter.reni.anak/video/7522499486770285829,2025-07-02 21:59:57,False
dokter.reni.anak,7513755079149620485,https://www.tiktok.com/@dokter.reni.anak/video/7513755079149620485,2025-06-09 08:27:11,False
dokter.reni.anak,7667477783051914517,https://www.tiktok.com/@dokter.reni.anak/video/7667477783051914517,2026-07-28 14:29:47,True
dokter.reni.anak,7649743059323735317,https://www.tiktok.com/@dokter.reni.anak/video/7649743059323735317,2026-06-10 19:30:00,True
dokter.reni.anak,7649629921752534293,https://www.tiktok.com/@dokter.reni.anak/video/7649629921752534293,2026-06-10 12:10:58,True
dokter.reni.anak,7645628427613031701,https://www.tiktok.com/@dokter.reni.anak/video/7645628427613031701,2026-05-30 17:23:07,True
dokter.reni.anak,7644376732476263700,https://www.tiktok.com/@dokter.reni.anak/video/7644376732476263700,2026-05-27 08:25:54,True
dokter.reni.anak,7639010278415289621,https://www.tiktok.com/@dokter.reni.anak/video/7639010278415289621,2026-05-12 21:21:20,True
dokter.reni.anak,7638877397110017300,https://www.tiktok.com/@dokter.reni.anak/video/7638877397110017300,2026-05-12 12:45:41,True
dokter.reni.anak,7633822355025857812,https://www.tiktok.com/@dokter.reni.anak/video/7633822355025857812,2026-04-28 21:49:32,True
dokter.reni.anak,7631458234645302548,https://www.tiktok.com/@dokter.reni.anak/video/7631458234645302548,2026-04-22 12:55:32,True
dokter.reni.anak,7625527509458685204,https://www.tiktok.com/@dokter.reni.anak/video/7625527509458685204,2026-04-06 13:21:18,True
dokter.reni.anak,7624051047291489556,https://www.tiktok.com/@dokter.reni.anak/video/7624051047291489556,2026-04-02 13:51:52,True
dokter.reni.anak,7611849723191840020,https://www.tiktok.com/@dokter.reni.anak/video/7611849723191840020,2026-02-28 16:44:30,True
dokter.reni.anak,7608734538927213844,https://www.tiktok.com/@dokter.reni.anak/video/7608734538927213844,2026-02-20 07:16:00,True
dokter.reni.anak,7606254423446129941,https://www.tiktok.com/@dokter.reni.anak/video/7606254423446129941,2026-02-13 14:51:53,True
dokter.reni.anak,7605577338016812308,https://www.tiktok.com/@dokter.reni.anak/video/7605577338016812308,2026-02-11 19:04:26,True
dokter.reni.anak,7605560395117448469,https://www.tiktok.com/@dokter.reni.anak/video/7605560395117448469,2026-02-11 17:58:42,True
dokter.reni.anak,7600367067170114837,https://www.tiktok.com/@dokter.reni.anak/video/7600367067170114837,2026-01-28 18:05:56,True
dokter.reni.anak,7595417388322049287,https://www.tiktok.com/@dokter.reni.anak/video/7595417388322049287,2026-01-15 09:58:39,True
dokter.reni.anak,7593015416566353159,https://www.tiktok.com/@dokter.reni.anak/video/7593015416566353159,2026-01-08 22:37:46,True
dokter.reni.anak,7590647297495584020,https://www.tiktok.com/@dokter.reni.anak/video/7590647297495584020,2026-01-02 13:28:16,True
dokter.reni.anak,7589861732324101397,https://www.tiktok.com/@dokter.reni.anak/video/7589861732324101397,2025-12-31 10:39:52,False
dokter_ika,7624779137760202002,https://www.tiktok.com/@dokter_ika/video/7624779137760202002,2026-04-04 12:57:14,True
dokter_ika,7643091015028526354,https://www.tiktok.com/@dokter_ika/video/7643091015028526354,2026-05-23 21:16:40,True
dokter_ika,7645901412328656146,https://www.tiktok.com/@dokter_ika/video/7645901412328656146,2026-05-31 11:02:27,True
dokter_ika,7680352621797854472,https://www.tiktok.com/@dokter_ika/video/7680352621797854472,2026-09-01 07:10:44,False
dokter_ika,7680072814870727954,https://www.tiktok.com/@dokter_ika/video/7680072814870727954,2026-08-31 13:04:56,True
dokter_ika,7680055053041831175,https://www.tiktok.com/@dokter_ika/video/7680055053041831175,2026-08-31 11:56:01,True
dokter_ika,7679654246026857746,https://www.tiktok.com/@dokter_ika/video/7679654246026857746,2026-08-30 10:00:41,True
dokter_ika,7679379006776560914,https://www.tiktok.com/@dokter_ika/video/7679379006776560914,2026-08-29 16:12:37,True
dokter_ika,7679266879487118599,https://www.tiktok.com/@dokter_ika/video/7679266879487118599,2026-08-29 08:57:30,True
dokter_ika,7679064896700566792,https://www.tiktok.com/@dokter_ika/video/7679064896700566792,2026-08-28 19:53:42,True
dokter_ika,7678701513778203912,https://www.tiktok.com/@dokter_ika/video/7678701513778203912,2026-08-27 20:23:35,True
dokter_ika,7678641311842389256,https://www.tiktok.com/@dokter_ika/video/7678641311842389256,2026-08-27 16:29:59,True
dokter_ika,7678333070948257042,https://www.tiktok.com/@dokter_ika/video/7678333070948257042,2026-08-26 20:33:51,True
dokter_ika,7678221523655658770,https://www.tiktok.com/@dokter_ika/video/7678221523655658770,2026-08-26 13:20:59,True
dokter_ika,7677964718392364296,https://www.tiktok.com/@dokter_ika/video/7677964718392364296,2026-08-25 20:44:27,True
dokter_ika,7677561362318478600,https://www.tiktok.com/@dokter_ika/video/7677561362318478600,2026-08-24 18:39:13,True
dokter_ika,7677525089323076872,https://www.tiktok.com/@dokter_ika/video/7677525089323076872,2026-08-24 16:18:28,True
dokter_ika,7677440076632165639,https://www.tiktok.com/@dokter_ika/video/7677440076632165639,2026-08-24 10:48:34,True
dokter_ika,7677416785607413000,https://www.tiktok.com/@dokter_ika/video/7677416785607413000,2026-08-24 09:18:11,True
dokter_ika,7677227013488315656,https://www.tiktok.com/@dokter_ika/video/7677227013488315656,2026-08-23 21:01:47,True
dokter_ika,7677164207523122450,https://www.tiktok.com/@dokter_ika/video/7677164207523122450,2026-08-23 16:58:03,True
dokter_ika,7677021265625926930,https://www.tiktok.com/@dokter_ika/video/7677021265625926930,2026-08-23 07:43:22,True
dokter_ika,7676750600226262280,https://www.tiktok.com/@dokter_ika/video/7676750600226262280,2026-08-22 14:13:03,True
dokter_ika,7676694859733830919,https://www.tiktok.com/@dokter_ika/video/7676694859733830919,2026-08-22 10:36:45,True
dokter_ika,7676475235419294983,https://www.tiktok.com/@dokter_ika/video/7676475235419294983,2026-08-21 20:24:30,True
dokter_ika,7676270529707248904,https://www.tiktok.com/@dokter_ika/video/7676270529707248904,2026-08-21 07:10:08,True
dokter_ika,7675958774246558983,https://www.tiktok.com/@dokter_ika/video/7675958774246558983,2026-08-20 11:00:22,True
dokter_ika,7675639632855338248,https://www.tiktok.com/@dokter_ika/video/7675639632855338248,2026-08-19 14:21:56,True
dokter_ika,7674808903011536135,https://www.tiktok.com/@dokter_ika/video/7674808903011536135,2026-08-17 08:38:16,True
dokter_ika,7674578589718695176,https://www.tiktok.com/@dokter_ika/video/7674578589718695176,2026-08-16 17:44:32,True
dokter_ika,7674494700077813000,https://www.tiktok.com/@dokter_ika/video/7674494700077813000,2026-08-16 12:19:00,True
dokter_ika,7673739997056404754,https://www.tiktok.com/@dokter_ika/video/7673739997056404754,2026-08-14 11:30:22,True
dokter_ika,7673692558660242696,https://www.tiktok.com/@dokter_ika/video/7673692558660242696,2026-08-14 08:26:17,True
dokter_ika,7673453718465039623,https://www.tiktok.com/@dokter_ika/video/7673453718465039623,2026-08-13 16:59:28,True
dokter_ika,7673437008861089032,https://www.tiktok.com/@dokter_ika/video/7673437008861089032,2026-08-13 15:54:37,True
dokter_ika,7673076875526163719,https://www.tiktok.com/@dokter_ika/video/7673076875526163719,2026-08-12 16:37:07,True
dokter_ika,7672414332415741191,https://www.tiktok.com/@dokter_ika/video/7672414332415741191,2026-08-10 21:46:07,True
dokter_ika,7672355909426810130,https://www.tiktok.com/@dokter_ika/video/7672355909426810130,2026-08-10 17:59:24,True
dokter_ika,7672224237716770055,https://www.tiktok.com/@dokter_ika/video/7672224237716770055,2026-08-10 09:28:27,True
dokter_ika,7672035363078163730,https://www.tiktok.com/@dokter_ika/video/7672035363078163730,2026-08-09 21:15:31,True
dokter_ika,7671475438341983506,https://www.tiktok.com/@dokter_ika/video/7671475438341983506,2026-08-08 09:02:44,True
dokter_ika,7671441892537666824,https://www.tiktok.com/@dokter_ika/video/7671441892537666824,2026-08-08 06:52:33,True
dokter_ika,7671096806985518344,https://www.tiktok.com/@dokter_ika/video/7671096806985518344,2026-08-07 08:33:27,True
dokter_ika,7670812370326883602,https://www.tiktok.com/@dokter_ika/video/7670812370326883602,2026-08-06 14:09:41,True
dokter_ika,7670700186372508936,https://www.tiktok.com/@dokter_ika/video/7670700186372508936,2026-08-06 06:54:21,True
dokter_ika,7670553687558753544,https://www.tiktok.com/@dokter_ika/video/7670553687558753544,2026-08-05 21:25:52,True
dokter_ika,7670513657079500039,https://www.tiktok.com/@dokter_ika/video/7670513657079500039,2026-08-05 18:50:31,True
dokter_ika,7670474460583038215,https://www.tiktok.com/@dokter_ika/video/7670474460583038215,2026-08-05 16:18:25,True
dokter_ika,7670115199201840402,https://www.tiktok.com/@dokter_ika/video/7670115199201840402,2026-08-04 17:04:18,True
dokter_ika,7670080151702539527,https://www.tiktok.com/@dokter_ika/video/7670080151702539527,2026-08-04 14:48:18,True
dokter_ika,7669996217429921032,https://www.tiktok.com/@dokter_ika/video/7669996217429921032,2026-08-04 09:22:36,True
dokter_ika,7669790429843393800,https://www.tiktok.com/@dokter_ika/video/7669790429843393800,2026-08-03 20:04:02,True
dokter_ika,7669320704029986055,https://www.tiktok.com/@dokter_ika/video/7669320704029986055,2026-08-02 13:41:15,True
dokter_ika,7668910996773162258,https://www.tiktok.com/@dokter_ika/video/7668910996773162258,2026-08-01 11:11:23,True
dokter_ika,7668601348983737607,https://www.tiktok.com/@dokter_ika/video/7668601348983737607,2026-07-31 15:09:48,True
dokter_ika,7668509400763583762,https://www.tiktok.com/@dokter_ika/video/7668509400763583762,2026-07-31 09:12:59,True
dokter_ika,7668309512197098760,https://www.tiktok.com/@dokter_ika/video/7668309512197098760,2026-07-30 20:17:19,True
dokter_ika,7668118055746014472,https://www.tiktok.com/@dokter_ika/video/7668118055746014472,2026-07-30 07:54:22,True
dokter_ika,7667788864706202887,https://www.tiktok.com/@dokter_ika/video/7667788864706202887,2026-07-29 10:36:56,True
dokter_ika,7667732683639819527,https://www.tiktok.com/@dokter_ika/video/7667732683639819527,2026-07-29 06:58:56,True
dokter_ika,7667581469975448840,https://www.tiktok.com/@dokter_ika/video/7667581469975448840,2026-07-28 21:12:08,True
dokter_ika,7667194676285394194,https://www.tiktok.com/@dokter_ika/video/7667194676285394194,2026-07-27 20:11:11,True
dokter_ika,7666770169494211848,https://www.tiktok.com/@dokter_ika/video/7666770169494211848,2026-07-26 16:43:53,True
dokter_ika,7666717782888779015,https://www.tiktok.com/@dokter_ika/video/7666717782888779015,2026-07-26 13:20:36,True
dokter_ika,7666690081461128456,https://www.tiktok.com/@dokter_ika/video/7666690081461128456,2026-07-26 11:33:06,True
dokter_ika,7666286823009766663,https://www.tiktok.com/@dokter_ika/video/7666286823009766663,2026-07-25 09:28:15,True
dokter_ika,7665883608942497042,https://www.tiktok.com/@dokter_ika/video/7665883608942497042,2026-07-24 07:23:34,True
dokter_ika,7665716931210661138,https://www.tiktok.com/@dokter_ika/video/7665716931210661138,2026-07-23 20:36:47,True
dokter_ika,7665647885052153096,https://www.tiktok.com/@dokter_ika/video/7665647885052153096,2026-07-23 16:08:51,True
dokter_ika,7665600044900519176,https://www.tiktok.com/@dokter_ika/video/7665600044900519176,2026-07-23 13:03:12,True
dokter_ika,7665505533515828488,https://www.tiktok.com/@dokter_ika/video/7665505533515828488,2026-07-23 06:56:27,True
dokter_ika,7665370348983995666,https://www.tiktok.com/@dokter_ika/video/7665370348983995666,2026-07-22 22:11:52,True
dokter_ika,7665142018678525191,https://www.tiktok.com/@dokter_ika/video/7665142018678525191,2026-07-22 07:25:49,True
dokter_ika,7664952470509980935,https://www.tiktok.com/@dokter_ika/video/7664952470509980935,2026-07-21 19:10:17,True
dokter_ika,7664890198320336136,https://www.tiktok.com/@dokter_ika/video/7664890198320336136,2026-07-21 15:08:38,True
dokter_ika,7664850718364290311,https://www.tiktok.com/@dokter_ika/video/7664850718364290311,2026-07-21 12:35:26,True
dokter_ika,7664430124204330248,https://www.tiktok.com/@dokter_ika/video/7664430124204330248,2026-07-20 09:23:19,True
dokter_ika,7664209421798591762,https://www.tiktok.com/@dokter_ika/video/7664209421798591762,2026-07-19 19:06:52,True
dokter_ika,7664094492076608786,https://www.tiktok.com/@dokter_ika/video/7664094492076608786,2026-07-19 11:40:53,True
dokter_ika,7663854317073337618,https://www.tiktok.com/@dokter_ika/video/7663854317073337618,2026-07-18 20:08:53,True
dokter_ika,7663446562667777298,https://www.tiktok.com/@dokter_ika/video/7663446562667777298,2026-07-17 17:46:35,True
dokter_ika,7663300191965007111,https://www.tiktok.com/@dokter_ika/video/7663300191965007111,2026-07-17 08:18:36,True
dokter_ika,7663289724680916231,https://www.tiktok.com/@dokter_ika/video/7663289724680916231,2026-07-17 07:37:59,True
dokter_ika,7663273426303356168,https://www.tiktok.com/@dokter_ika/video/7663273426303356168,2026-07-17 06:34:44,True
dokter_ika,7663090061688179986,https://www.tiktok.com/@dokter_ika/video/7663090061688179986,2026-07-16 18:43:11,True
dokter_ika,7662959805707062536,https://www.tiktok.com/@dokter_ika/video/7662959805707062536,2026-07-16 10:17:43,True
dokter_ika,7662944866715929874,https://www.tiktok.com/@dokter_ika/video/7662944866715929874,2026-07-16 09:19:45,True
dokter_ika,7662901962416983304,https://www.tiktok.com/@dokter_ika/video/7662901962416983304,2026-07-16 06:33:16,True
dokter_ika,7662742069022084360,https://www.tiktok.com/@dokter_ika/video/7662742069022084360,2026-07-15 20:12:48,True
dokter_ika,7662672506473565448,https://www.tiktok.com/@dokter_ika/video/7662672506473565448,2026-07-15 15:42:51,True
dokter_ika,7662605343452581138,https://www.tiktok.com/@dokter_ika/video/7662605343452581138,2026-07-15 11:22:14,True
dokter_ika,7662597381598350610,https://www.tiktok.com/@dokter_ika/video/7662597381598350610,2026-07-15 10:51:20,True
dokter_ika,7662562337290718471,https://www.tiktok.com/@dokter_ika/video/7662562337290718471,2026-07-15 08:35:21,True
dokter_ika,7662530717296954631,https://www.tiktok.com/@dokter_ika/video/7662530717296954631,2026-07-15 06:32:38,True
dokter_ika,7662351642477612306,https://www.tiktok.com/@dokter_ika/video/7662351642477612306,2026-07-14 18:57:44,True
dokter_ika,7662270022441536776,https://www.tiktok.com/@dokter_ika/video/7662270022441536776,2026-07-14 13:41:01,True
dokter_ika,7662248360711163143,https://www.tiktok.com/@dokter_ika/video/7662248360711163143,2026-07-14 12:16:57,True
dokter_ika,7662187829195246866,https://www.tiktok.com/@dokter_ika/video/7662187829195246866,2026-07-14 08:22:04,True
dokter_ika,7661992083909037320,https://www.tiktok.com/@dokter_ika/video/7661992083909037320,2026-07-13 19:42:28,True
dokter_ika,7661954475887774983,https://www.tiktok.com/@dokter_ika/video/7661954475887774983,2026-07-13 17:16:32,True
dokter_ika,7661650064971992327,https://www.tiktok.com/@dokter_ika/video/7661650064971992327,2026-07-12 21:35:16,True
dokter_ika,7661258834631052562,https://www.tiktok.com/@dokter_ika/video/7661258834631052562,2026-07-11 20:17:05,True
dokter_ika,7661130437334502664,https://www.tiktok.com/@dokter_ika/video/7661130437334502664,2026-07-11 11:58:50,True
dokter_ika,7660755306271477010,https://www.tiktok.com/@dokter_ika/video/7660755306271477010,2026-07-10 11:43:08,True
dokter_ika,7660006902574664968,https://www.tiktok.com/@dokter_ika/video/7660006902574664968,2026-07-08 11:18:57,True
dokter_ika,7659965161389772040,https://www.tiktok.com/@dokter_ika/video/7659965161389772040,2026-07-08 08:36:58,True
dokter_ika,7659773090766802183,https://www.tiktok.com/@dokter_ika/video/7659773090766802183,2026-07-07 20:11:38,True
dokter_ika,7659628911382367496,https://www.tiktok.com/@dokter_ika/video/7659628911382367496,2026-07-07 10:52:09,True
dokter_ika,7659607908669246738,https://www.tiktok.com/@dokter_ika/video/7659607908669246738,2026-07-07 09:30:39,True
dokter_ika,7659401346499480839,https://www.tiktok.com/@dokter_ika/video/7659401346499480839,2026-07-06 20:09:05,True
dokter_ika,7658959326601661703,https://www.tiktok.com/@dokter_ika/video/7658959326601661703,2026-07-05 15:33:49,True
dokter_ika,7658887078637260040,https://www.tiktok.com/@dokter_ika/video/7658887078637260040,2026-07-05 10:53:28,True
dokter_ika,7658507075206614290,https://www.tiktok.com/@dokter_ika/video/7658507075206614290,2026-07-04 10:18:51,True
dokter_ika,7658176733878816018,https://www.tiktok.com/@dokter_ika/video/7658176733878816018,2026-07-03 12:56:58,True
dokter_ika,7658147280922414344,https://www.tiktok.com/@dokter_ika/video/7658147280922414344,2026-07-03 11:02:40,True
dokter_ika,7658124450667318536,https://www.tiktok.com/@dokter_ika/video/7658124450667318536,2026-07-03 09:34:05,True
dokter_ika,7657912971561143559,https://www.tiktok.com/@dokter_ika/video/7657912971561143559,2026-07-02 19:53:26,True
dokter_ika,7657783257244732680,https://www.tiktok.com/@dokter_ika/video/7657783257244732680,2026-07-02 11:30:04,True
dokter_ika,7657765561346084114,https://www.tiktok.com/@dokter_ika/video/7657765561346084114,2026-07-02 10:21:24,True
dokter_ika,7657534481385016584,https://www.tiktok.com/@dokter_ika/video/7657534481385016584,2026-07-01 19:24:42,True
dokter_ika,7657492818071440658,https://www.tiktok.com/@dokter_ika/video/7657492818071440658,2026-07-01 16:43:01,True
dokter_ika,7655184578327563528,https://www.tiktok.com/@dokter_ika/video/7655184578327563528,2026-06-25 11:25:52,True
dokter_ika,7654849486782614791,https://www.tiktok.com/@dokter_ika/video/7654849486782614791,2026-06-24 13:45:33,True
dokter_ika,7653848812573740306,https://www.tiktok.com/@dokter_ika/video/7653848812573740306,2026-06-21 21:02:25,True
dokter_ika,7653493366113455368,https://www.tiktok.com/@dokter_ika/video/7653493366113455368,2026-06-20 22:03:06,True
dokter_ika,7653467320077061383,https://www.tiktok.com/@dokter_ika/video/7653467320077061383,2026-06-20 20:22:02,True
dokter_ika,7652281789787983111,https://www.tiktok.com/@dokter_ika/video/7652281789787983111,2026-06-17 15:41:34,True
dokter_ika,7650443175718391047,https://www.tiktok.com/@dokter_ika/video/7650443175718391047,2026-06-12 16:46:48,True
dokter_ika,7649730998048967944,https://www.tiktok.com/@dokter_ika/video/7649730998048967944,2026-06-10 18:43:12,True
dokter_ika,7649216641481477384,https://www.tiktok.com/@dokter_ika/video/7649216641481477384,2026-06-09 09:27:14,True
dokter_ika,7649000834314849544,https://www.tiktok.com/@dokter_ika/video/7649000834314849544,2026-06-08 19:29:47,True
dokter_ika,7648855576683891986,https://www.tiktok.com/@dokter_ika/video/7648855576683891986,2026-06-08 10:06:07,True
dokter_ika,7648651596422892818,https://www.tiktok.com/@dokter_ika/video/7648651596422892818,2026-06-07 20:54:34,True
dokter_ika,7648282184788299015,https://www.tiktok.com/@dokter_ika/video/7648282184788299015,2026-06-06 21:01:03,True
dokter_ika,7647744935617236242,https://www.tiktok.com/@dokter_ika/video/7647744935617236242,2026-06-05 10:16:15,True
dokter_ika,7647519171953151240,https://www.tiktok.com/@dokter_ika/video/7647519171953151240,2026-06-04 19:40:11,True
dokter_ika,7647455467723132168,https://www.tiktok.com/@dokter_ika/video/7647455467723132168,2026-06-04 15:32:58,True
dokter_ika,7646949600623922440,https://www.tiktok.com/@dokter_ika/video/7646949600623922440,2026-06-03 06:49:57,True
dokter_ika,7646794629630692616,https://www.tiktok.com/@dokter_ika/video/7646794629630692616,2026-06-02 20:48:35,True
dokter_ika,7646622974283500818,https://www.tiktok.com/@dokter_ika/video/7646622974283500818,2026-06-02 09:42:28,True
dokter_ika,7646425290213772551,https://www.tiktok.com/@dokter_ika/video/7646425290213772551,2026-06-01 20:55:21,True
dokter_ika,7645974476789648648,https://www.tiktok.com/@dokter_ika/video/7645974476789648648,2026-05-31 15:45:58,True
dokter_ika,7645569995929423111,https://www.tiktok.com/@dokter_ika/video/7645569995929423111,2026-05-30 13:36:23,True
dokter_ika,7645559440078327048,https://www.tiktok.com/@dokter_ika/video/7645559440078327048,2026-05-30 12:55:25,True
dokter_ika,7645301394819403016,https://www.tiktok.com/@dokter_ika/video/7645301394819403016,2026-05-29 20:14:04,True
dokter_ika,7644441695391583495,https://www.tiktok.com/@dokter_ika/video/7644441695391583495,2026-05-27 12:38:00,True
dokter_ika,7643828343263087879,https://www.tiktok.com/@dokter_ika/video/7643828343263087879,2026-05-25 20:57:53,True
dokter_ika,7643049732415163655,https://www.tiktok.com/@dokter_ika/video/7643049732415163655,2026-05-23 18:36:28,True
dokter_ika,7642494361959189778,https://www.tiktok.com/@dokter_ika/video/7642494361959189778,2026-05-22 06:41:21,True
dokter_ika,7642252020652461319,https://www.tiktok.com/@dokter_ika/video/7642252020652461319,2026-05-21 15:00:56,True
dokter_ika,7641808711031262471,https://www.tiktok.com/@dokter_ika/video/7641808711031262471,2026-05-20 10:20:40,True
dokter_ika,7641040690629168392,https://www.tiktok.com/@dokter_ika/video/7641040690629168392,2026-05-18 08:40:22,True
dokter_ika,7640344523549265159,https://www.tiktok.com/@dokter_ika/video/7640344523549265159,2026-05-16 11:38:53,True
dokter_ika,7640004639668047122,https://www.tiktok.com/@dokter_ika/video/7640004639668047122,2026-05-15 13:39:57,True
dokter_ika,7639983083319479559,https://www.tiktok.com/@dokter_ika/video/7639983083319479559,2026-05-15 12:16:18,True
dokter_ika,7639551132125236498,https://www.tiktok.com/@dokter_ika/video/7639551132125236498,2026-05-14 08:20:07,True
dokter_ika,7639351324349451527,https://www.tiktok.com/@dokter_ika/video/7639351324349451527,2026-05-13 19:24:45,True
dokter_ika,7639185525403946248,https://www.tiktok.com/@dokter_ika/video/7639185525403946248,2026-05-13 08:41:22,True
dokter_ika,7638825055841045767,https://www.tiktok.com/@dokter_ika/video/7638825055841045767,2026-05-12 09:22:34,True
dokter_ika,7638559874498202888,https://www.tiktok.com/@dokter_ika/video/7638559874498202888,2026-05-11 16:13:32,True
dokter_ika,7638456954213469448,https://www.tiktok.com/@dokter_ika/video/7638456954213469448,2026-05-11 09:34:09,True
dokter_ika,7638428632968383752,https://www.tiktok.com/@dokter_ika/video/7638428632968383752,2026-05-11 07:44:15,True
dokter_ika,7637743633671802120,https://www.tiktok.com/@dokter_ika/video/7637743633671802120,2026-05-09 11:26:06,True
dokter_ika,7637374348235509010,https://www.tiktok.com/@dokter_ika/video/7637374348235509010,2026-05-08 11:33:05,True
dokter_ika,7637297189944954130,https://www.tiktok.com/@dokter_ika/video/7637297189944954130,2026-05-08 06:33:40,True
dokter_ika,7636946499875769618,https://www.tiktok.com/@dokter_ika/video/7636946499875769618,2026-05-07 07:52:49,True
dokter_ika,7636794611372920072,https://www.tiktok.com/@dokter_ika/video/7636794611372920072,2026-05-06 22:03:24,True
dokter_ika,7636575194303221010,https://www.tiktok.com/@dokter_ika/video/7636575194303221010,2026-05-06 07:51:57,True
dokter_ika,7636557084724612360,https://www.tiktok.com/@dokter_ika/video/7636557084724612360,2026-05-06 06:41:41,True
dokter_ika,7636297703022005511,https://www.tiktok.com/@dokter_ika/video/7636297703022005511,2026-05-05 13:55:09,True
dokter_ika,7636207718889442568,https://www.tiktok.com/@dokter_ika/video/7636207718889442568,2026-05-05 08:05:58,True
dokter_ika,7635908384310447368,https://www.tiktok.com/@dokter_ika/video/7635908384310447368,2026-05-04 12:44:24,True
dokter_ika,7635854724012592402,https://www.tiktok.com/@dokter_ika/video/7635854724012592402,2026-05-04 09:16:10,True
dokter_ika,7635834805199834376,https://www.tiktok.com/@dokter_ika/video/7635834805199834376,2026-05-04 07:58:52,True
dokter_ika,7635674246525504775,https://www.tiktok.com/@dokter_ika/video/7635674246525504775,2026-05-03 21:35:49,True
dokter_ika,7635652669566127368,https://www.tiktok.com/@dokter_ika/video/7635652669566127368,2026-05-03 20:12:05,True
dokter_ika,7635230814636166418,https://www.tiktok.com/@dokter_ika/video/7635230814636166418,2026-05-02 16:55:05,True
dokter_ika,7635143318111800583,https://www.tiktok.com/@dokter_ika/video/7635143318111800583,2026-05-02 11:15:33,True
dokter_ika,7634752515246017810,https://www.tiktok.com/@dokter_ika/video/7634752515246017810,2026-05-01 09:59:02,True
dokter_ika,7634546021271571719,https://www.tiktok.com/@dokter_ika/video/7634546021271571719,2026-04-30 20:37:44,True
dokter_ika,7634325451015556360,https://www.tiktok.com/@dokter_ika/video/7634325451015556360,2026-04-30 06:21:48,True
dokter_ika,7634179396084976904,https://www.tiktok.com/@dokter_ika/video/7634179396084976904,2026-04-29 20:55:02,True
dokter_ika,7633680819118214418,https://www.tiktok.com/@dokter_ika/video/7633680819118214418,2026-04-28 12:40:18,True
dokter_ika,7633621653674528018,https://www.tiktok.com/@dokter_ika/video/7633621653674528018,2026-04-28 08:50:43,True
dokter_ika,7633353426402823442,https://www.tiktok.com/@dokter_ika/video/7633353426402823442,2026-04-27 15:29:51,True
dokter_ika,7633028493256740114,https://www.tiktok.com/@dokter_ika/video/7633028493256740114,2026-04-26 18:28:57,True
dokter_ika,7632706444760075528,https://www.tiktok.com/@dokter_ika/video/7632706444760075528,2026-04-25 21:39:14,True
dokter_ika,7632161926755192072,https://www.tiktok.com/@dokter_ika/video/7632161926755192072,2026-04-24 10:26:13,True
dokter_ika,7631964154777111826,https://www.tiktok.com/@dokter_ika/video/7631964154777111826,2026-04-23 21:38:46,True
dokter_ika,7631577263565229320,https://www.tiktok.com/@dokter_ika/video/7631577263565229320,2026-04-22 20:37:26,True
dokter_ika,7631466283845864712,https://www.tiktok.com/@dokter_ika/video/7631466283845864712,2026-04-22 13:26:46,True
dokter_ika,7631198760491633927,https://www.tiktok.com/@dokter_ika/video/7631198760491633927,2026-04-21 20:08:39,True
dokter_ika,7631062797475941650,https://www.tiktok.com/@dokter_ika/video/7631062797475941650,2026-04-21 11:21:02,True
dokter_ika,7631052177062071559,https://www.tiktok.com/@dokter_ika/video/7631052177062071559,2026-04-21 10:39:50,True
dokter_ika,7630985965754092818,https://www.tiktok.com/@dokter_ika/video/7630985965754092818,2026-04-21 06:22:54,True
dokter_ika,7630669465914510610,https://www.tiktok.com/@dokter_ika/video/7630669465914510610,2026-04-20 09:54:43,True
dokter_ika,7630448164130082066,https://www.tiktok.com/@dokter_ika/video/7630448164130082066,2026-04-19 19:35:57,True
dokter_ika,7630338992289975560,https://www.tiktok.com/@dokter_ika/video/7630338992289975560,2026-04-19 12:32:18,True
dokter_ika,7630056949723204871,https://www.tiktok.com/@dokter_ika/video/7630056949723204871,2026-04-18 18:17:50,True
dokter_ika,7630040960558189832,https://www.tiktok.com/@dokter_ika/video/7630040960558189832,2026-04-18 17:15:47,True
dokter_ika,7629988847211908359,https://www.tiktok.com/@dokter_ika/video/7629988847211908359,2026-04-18 13:53:34,True
dokter_ika,7629629093759274258,https://www.tiktok.com/@dokter_ika/video/7629629093759274258,2026-04-17 14:37:32,True
dokter_ika,7629536372323405074,https://www.tiktok.com/@dokter_ika/video/7629536372323405074,2026-04-17 08:37:44,True
dokter_ika,7629512026313870600,https://www.tiktok.com/@dokter_ika/video/7629512026313870600,2026-04-17 07:03:15,True
dokter_ika,7629199538196188434,https://www.tiktok.com/@dokter_ika/video/7629199538196188434,2026-04-16 10:50:39,True
dokter_ika,7629157821082488082,https://www.tiktok.com/@dokter_ika/video/7629157821082488082,2026-04-16 08:08:46,True
dokter_ika,7629127544586947848,https://www.tiktok.com/@dokter_ika/video/7629127544586947848,2026-04-16 06:11:16,True
dokter_ika,7628963330291518738,https://www.tiktok.com/@dokter_ika/video/7628963330291518738,2026-04-15 19:34:02,True
dokter_ika,7628809452409474322,https://www.tiktok.com/@dokter_ika/video/7628809452409474322,2026-04-15 09:36:55,True
dokter_ika,7628430548398083335,https://www.tiktok.com/@dokter_ika/video/7628430548398083335,2026-04-14 09:06:34,True
dokter_ika,7628070812096023826,https://www.tiktok.com/@dokter_ika/video/7628070812096023826,2026-04-13 09:50:37,True
dokter_ika,7627802056455146770,https://www.tiktok.com/@dokter_ika/video/7627802056455146770,2026-04-12 16:27:42,True
dokter_ika,7627771954124115208,https://www.tiktok.com/@dokter_ika/video/7627771954124115208,2026-04-12 14:30:53,True
dokter_ika,7627712858633112840,https://www.tiktok.com/@dokter_ika/video/7627712858633112840,2026-04-12 10:41:34,True
dokter_ika,7627669533356051730,https://www.tiktok.com/@dokter_ika/video/7627669533356051730,2026-04-12 07:53:27,True
dokter_ika,7627503803092274439,https://www.tiktok.com/@dokter_ika/video/7627503803092274439,2026-04-11 21:10:19,True
dokter_ika,7627405464833150215,https://www.tiktok.com/@dokter_ika/video/7627405464833150215,2026-04-11 14:48:43,True
dokter_ika,7627301939470191890,https://www.tiktok.com/@dokter_ika/video/7627301939470191890,2026-04-11 08:06:59,True
dokter_ika,7627115841607388424,https://www.tiktok.com/@dokter_ika/video/7627115841607388424,2026-04-10 20:04:50,True
dokter_ika,7627084860410137864,https://www.tiktok.com/@dokter_ika/video/7627084860410137864,2026-04-10 18:04:37,True
dokter_ika,7627024692930546952,https://www.tiktok.com/@dokter_ika/video/7627024692930546952,2026-04-10 14:11:08,True
dokter_ika,7626929770609052936,https://www.tiktok.com/@dokter_ika/video/7626929770609052936,2026-04-10 08:02:47,True
dokter_ika,7626555885195660551,https://www.tiktok.com/@dokter_ika/video/7626555885195660551,2026-04-09 07:51:55,True
dokter_ika,7626331169520504072,https://www.tiktok.com/@dokter_ika/video/7626331169520504072,2026-04-08 17:19:54,True
dokter_ika,7626199258986859794,https://www.tiktok.com/@dokter_ika/video/7626199258986859794,2026-04-08 08:48:02,True
dokter_ika,7626189666030603527,https://www.tiktok.com/@dokter_ika/video/7626189666030603527,2026-04-08 08:10:48,True
dokter_ika,7626168093676440850,https://www.tiktok.com/@dokter_ika/video/7626168093676440850,2026-04-08 06:47:05,True
dokter_ika,7625858257378086162,https://www.tiktok.com/@dokter_ika/video/7625858257378086162,2026-04-07 10:44:46,True
dokter_ika,7625811916199398664,https://www.tiktok.com/@dokter_ika/video/7625811916199398664,2026-04-07 07:44:56,True
dokter_ika,7625637582377979143,https://www.tiktok.com/@dokter_ika/video/7625637582377979143,2026-04-06 20:28:26,True
dokter_ika,7625496245812907271,https://www.tiktok.com/@dokter_ika/video/7625496245812907271,2026-04-06 11:19:59,True
dokter_ika,7625107720693091591,https://www.tiktok.com/@dokter_ika/video/7625107720693091591,2026-04-05 10:12:18,True
dokter_ika,7624946149807361287,https://www.tiktok.com/@dokter_ika/video/7624946149807361287,2026-04-04 23:45:19,True
dokter_ika,7624740538561907976,https://www.tiktok.com/@dokter_ika/video/7624740538561907976,2026-04-04 10:27:27,True
dokter_ika,7624501417159429383,https://www.tiktok.com/@dokter_ika/video/7624501417159429383,2026-04-03 18:59:32,True
dokter_ika,7624173704574143751,https://www.tiktok.com/@dokter_ika/video/7624173704574143751,2026-04-02 21:47:50,True
dokter_ika,7624053603065416967,https://www.tiktok.com/@dokter_ika/video/7624053603065416967,2026-04-02 14:01:47,True
dokter_ika,7623946123555736839,https://www.tiktok.com/@dokter_ika/video/7623946123555736839,2026-04-02 07:04:43,True
dokter_ika,7623666846075538706,https://www.tiktok.com/@dokter_ika/video/7623666846075538706,2026-04-01 13:00:58,True
dokter_ika,7623556514652949767,https://www.tiktok.com/@dokter_ika/video/7623556514652949767,2026-04-01 05:52:50,True
dokter_ika,7623214458508217608,https://www.tiktok.com/@dokter_ika/video/7623214458508217608,2026-03-31 07:45:29,True
dokter_ika,7623002642343562514,https://www.tiktok.com/@dokter_ika/video/7623002642343562514,2026-03-30 18:03:31,True
dokter_ika,7622862756978494738,https://www.tiktok.com/@dokter_ika/video/7622862756978494738,2026-03-30 09:00:42,True
dokter_ika,7622844074906651912,https://www.tiktok.com/@dokter_ika/video/7622844074906651912,2026-03-30 07:48:12,True
dokter_ika,7622621764291480840,https://www.tiktok.com/@dokter_ika/video/7622621764291480840,2026-03-29 17:25:31,True
dokter_ika,7622536471517367570,https://www.tiktok.com/@dokter_ika/video/7622536471517367570,2026-03-29 11:54:32,True
dokter_ika,7622210353832758535,https://www.tiktok.com/@dokter_ika/video/7622210353832758535,2026-03-28 14:49:02,True
dokter_ika,7622116919310552327,https://www.tiktok.com/@dokter_ika/video/7622116919310552327,2026-03-28 08:46:28,True
dokter_ika,7621949495257124103,https://www.tiktok.com/@dokter_ika/video/7621949495257124103,2026-03-27 21:56:46,True
dokter_ika,7621768730724388114,https://www.tiktok.com/@dokter_ika/video/7621768730724388114,2026-03-27 10:15:19,True
dokter_ika,7621746325368933650,https://www.tiktok.com/@dokter_ika/video/7621746325368933650,2026-03-27 08:48:22,True
dokter_ika,7621520971479928071,https://www.tiktok.com/@dokter_ika/video/7621520971479928071,2026-03-26 18:13:53,True
dokter_ika,7621214105919147272,https://www.tiktok.com/@dokter_ika/video/7621214105919147272,2026-03-25 22:23:05,True
dokter_ika,7621167290951716103,https://www.tiktok.com/@dokter_ika/video/7621167290951716103,2026-03-25 19:21:25,True
dokter_ika,7620998529309248775,https://www.tiktok.com/@dokter_ika/video/7620998529309248775,2026-03-25 08:26:32,True
dokter_ika,7620960264510262536,https://www.tiktok.com/@dokter_ika/video/7620960264510262536,2026-03-25 05:58:03,True
dokter_ika,7620812456142572808,https://www.tiktok.com/@dokter_ika/video/7620812456142572808,2026-03-24 20:24:29,True
dokter_ika,7620712175195409671,https://www.tiktok.com/@dokter_ika/video/7620712175195409671,2026-03-24 13:55:20,True
dokter_ika,7620633226071133448,https://www.tiktok.com/@dokter_ika/video/7620633226071133448,2026-03-24 08:48:59,True
dokter_ika,7620395598377782536,https://www.tiktok.com/@dokter_ika/video/7620395598377782536,2026-03-23 17:26:52,True
dokter_ika,7620268049677028616,https://www.tiktok.com/@dokter_ika/video/7620268049677028616,2026-03-23 09:11:54,True
dokter_ika,7620072930445184264,https://www.tiktok.com/@dokter_ika/video/7620072930445184264,2026-03-22 20:34:45,True
dokter_ika,7619895561096940807,https://www.tiktok.com/@dokter_ika/video/7619895561096940807,2026-03-22 09:06:28,True
dokter_ika,7619875988507282696,https://www.tiktok.com/@dokter_ika/video/7619875988507282696,2026-03-22 07:50:30,True
dokter_ika,7619491667330043154,https://www.tiktok.com/@dokter_ika/video/7619491667330043154,2026-03-21 06:59:09,True
dokter_ika,7619126291924667656,https://www.tiktok.com/@dokter_ika/video/7619126291924667656,2026-03-20 07:21:18,True
dokter_ika,7618964946306714888,https://www.tiktok.com/@dokter_ika/video/7618964946306714888,2026-03-19 20:55:12,True
dokter_ika,7618754377238580488,https://www.tiktok.com/@dokter_ika/video/7618754377238580488,2026-03-19 07:18:05,True
dokter_ika,7618553984109874450,https://www.tiktok.com/@dokter_ika/video/7618553984109874450,2026-03-18 18:20:27,True
dokter_ika,7618427896687791378,https://www.tiktok.com/@dokter_ika/video/7618427896687791378,2026-03-18 10:11:10,True
dokter_ika,7618205859860057362,https://www.tiktok.com/@dokter_ika/video/7618205859860057362,2026-03-17 19:49:33,True
dokter_ika,7618179001936366866,https://www.tiktok.com/@dokter_ika/video/7618179001936366866,2026-03-17 18:05:20,True
dokter_ika,7618020868735683847,https://www.tiktok.com/@dokter_ika/video/7618020868735683847,2026-03-17 07:51:42,True
dokter_ika,7617791079407963410,https://www.tiktok.com/@dokter_ika/video/7617791079407963410,2026-03-16 17:00:00,True
dokter_ika,7617742923651697928,https://www.tiktok.com/@dokter_ika/video/7617742923651697928,2026-03-16 13:53:08,True
dokter_ika,7617730577336257800,https://www.tiktok.com/@dokter_ika/video/7617730577336257800,2026-03-16 13:05:13,True
dokter_ika,7617720676778118418,https://www.tiktok.com/@dokter_ika/video/7617720676778118418,2026-03-16 12:26:48,True
dokter_ika,7617469548110925063,https://www.tiktok.com/@dokter_ika/video/7617469548110925063,2026-03-15 20:12:17,True
dokter_ika,7617122163316772103,https://www.tiktok.com/@dokter_ika/video/7617122163316772103,2026-03-14 21:44:16,True
dokter_ika,7617087776567102728,https://www.tiktok.com/@dokter_ika/video/7617087776567102728,2026-03-14 19:30:49,True
dokter_ika,7616981924367650066,https://www.tiktok.com/@dokter_ika/video/7616981924367650066,2026-03-14 12:40:04,True
dokter_ika,7616913292430281991,https://www.tiktok.com/@dokter_ika/video/7616913292430281991,2026-03-14 08:13:44,True
dokter_ika,7616645902102580488,https://www.tiktok.com/@dokter_ika/video/7616645902102580488,2026-03-13 14:56:07,True
dokter_ika,7616551607341305096,https://www.tiktok.com/@dokter_ika/video/7616551607341305096,2026-03-13 08:50:13,True
dokter_ika,7615828988484766994,https://www.tiktok.com/@dokter_ika/video/7615828988484766994,2026-03-11 10:06:05,True
dokter_ika,7615429083190562056,https://www.tiktok.com/@dokter_ika/video/7615429083190562056,2026-03-10 08:14:15,True
dokter_ika,7615254949240491271,https://www.tiktok.com/@dokter_ika/video/7615254949240491271,2026-03-09 20:58:31,True
dokter_ika,7615247963853475080,https://www.tiktok.com/@dokter_ika/video/7615247963853475080,2026-03-09 20:31:25,True
dokter_ika,7615203809719012626,https://www.tiktok.com/@dokter_ika/video/7615203809719012626,2026-03-09 17:40:04,True
dokter_ika,7615097079957851400,https://www.tiktok.com/@dokter_ika/video/7615097079957851400,2026-03-09 10:45:54,True
dokter_ika,7614788077671746823,https://www.tiktok.com/@dokter_ika/video/7614788077671746823,2026-03-08 14:46:49,True
dokter_ika,7614401468350663944,https://www.tiktok.com/@dokter_ika/video/7614401468350663944,2026-03-07 13:46:34,True
dokter_ika,7614396056935140615,https://www.tiktok.com/@dokter_ika/video/7614396056935140615,2026-03-07 13:25:34,True
dokter_ika,7614325556955401479,https://www.tiktok.com/@dokter_ika/video/7614325556955401479,2026-03-07 08:52:00,True
dokter_ika,7614014444267457810,https://www.tiktok.com/@dokter_ika/video/7614014444267457810,2026-03-06 12:44:43,True
dokter_ika,7613977074486824210,https://www.tiktok.com/@dokter_ika/video/7613977074486824210,2026-03-06 10:19:43,True
dokter_ika,7613741796241198343,https://www.tiktok.com/@dokter_ika/video/7613741796241198343,2026-03-05 19:06:43,True
dokter_ika,7613566015233854727,https://www.tiktok.com/@dokter_ika/video/7613566015233854727,2026-03-05 07:44:35,True
dokter_ika,7613371604378160392,https://www.tiktok.com/@dokter_ika/video/7613371604378160392,2026-03-04 19:10:11,True
dokter_ika,7613337804944313608,https://www.tiktok.com/@dokter_ika/video/7613337804944313608,2026-03-04 16:59:01,True
dokter_ika,7613234409197604104,https://www.tiktok.com/@dokter_ika/video/7613234409197604104,2026-03-04 10:17:47,True
dokter_ika,7613208662043036935,https://www.tiktok.com/@dokter_ika/video/7613208662043036935,2026-03-04 08:37:53,True
dokter_ika,7613193577220279559,https://www.tiktok.com/@dokter_ika/video/7613193577220279559,2026-03-04 07:39:20,True
dokter_ika,7613034913968803079,https://www.tiktok.com/@dokter_ika/video/7613034913968803079,2026-03-03 21:23:39,True
dokter_ika,7613016849210412295,https://www.tiktok.com/@dokter_ika/video/7613016849210412295,2026-03-03 20:13:33,True
dokter_ika,7612872539387317522,https://www.tiktok.com/@dokter_ika/video/7612872539387317522,2026-03-03 10:53:33,True
dokter_ika,7612848822615674120,https://www.tiktok.com/@dokter_ika/video/7612848822615674120,2026-03-03 09:21:31,True
dokter_ika,7612819232446811399,https://www.tiktok.com/@dokter_ika/video/7612819232446811399,2026-03-03 07:26:41,True
dokter_ika,7612659035329793288,https://www.tiktok.com/@dokter_ika/video/7612659035329793288,2026-03-02 21:05:03,True
dokter_ika,7612616606375595282,https://www.tiktok.com/@dokter_ika/video/7612616606375595282,2026-03-02 18:20:24,True
dokter_ika,7612525130857598216,https://www.tiktok.com/@dokter_ika/video/7612525130857598216,2026-03-02 12:25:26,True
dokter_ika,7612506198641773831,https://www.tiktok.com/@dokter_ika/video/7612506198641773831,2026-03-02 11:11:58,True
dokter_ika,7612496540749335815,https://www.tiktok.com/@dokter_ika/video/7612496540749335815,2026-03-02 10:34:29,True
dokter_ika,7612461332276759815,https://www.tiktok.com/@dokter_ika/video/7612461332276759815,2026-03-02 08:17:51,True
dokter_ika,7612240278291827986,https://www.tiktok.com/@dokter_ika/video/7612240278291827986,2026-03-01 18:00:03,True
dokter_ika,7612211869549415687,https://www.tiktok.com/@dokter_ika/video/7612211869549415687,2026-03-01 16:09:49,True
dokter_ika,7612178242983841031,https://www.tiktok.com/@dokter_ika/video/7612178242983841031,2026-03-01 13:59:19,True
dokter_ika,7612139695534918919,https://www.tiktok.com/@dokter_ika/video/7612139695534918919,2026-03-01 11:29:44,True
dokter_ika,7611808986379128071,https://www.tiktok.com/@dokter_ika/video/7611808986379128071,2026-02-28 14:06:25,True
dokter_ika,7611747064594140434,https://www.tiktok.com/@dokter_ika/video/7611747064594140434,2026-02-28 10:06:08,True
dokter_ika,7611724339548802322,https://www.tiktok.com/@dokter_ika/video/7611724339548802322,2026-02-28 08:37:57,True
dokter_ika,7611432717590203656,https://www.tiktok.com/@dokter_ika/video/7611432717590203656,2026-02-27 13:46:18,True
dokter_ika,7611392032807898386,https://www.tiktok.com/@dokter_ika/video/7611392032807898386,2026-02-27 11:08:26,True
dokter_ika,7611065829395844359,https://www.tiktok.com/@dokter_ika/video/7611065829395844359,2026-02-26 14:02:35,True
dokter_ika,7611059665195011335,https://www.tiktok.com/@dokter_ika/video/7611059665195011335,2026-02-26 13:38:40,True
dokter_ika,7611033069247581447,https://www.tiktok.com/@dokter_ika/video/7611033069247581447,2026-02-26 11:55:28,True
dokter_ika,7611020101592042770,https://www.tiktok.com/@dokter_ika/video/7611020101592042770,2026-02-26 11:05:09,True
dokter_ika,7610779487491394834,https://www.tiktok.com/@dokter_ika/video/7610779487491394834,2026-02-25 19:31:26,True
dokter_ika,7610607975102729490,https://www.tiktok.com/@dokter_ika/video/7610607975102729490,2026-02-25 08:25:53,True
dokter_ika,7610453332393512200,https://www.tiktok.com/@dokter_ika/video/7610453332393512200,2026-02-24 22:25:47,True
dokter_ika,7610409212329381138,https://www.tiktok.com/@dokter_ika/video/7610409212329381138,2026-02-24 19:34:35,True
dokter_ika,7610028667342834951,https://www.tiktok.com/@dokter_ika/video/7610028667342834951,2026-02-23 18:57:52,True
dokter_ika,7609963710471343367,https://www.tiktok.com/@dokter_ika/video/7609963710471343367,2026-02-23 14:45:48,True
dokter_ika,7609955002265701640,https://www.tiktok.com/@dokter_ika/video/7609955002265701640,2026-02-23 14:12:01,True
dokter_ika,7609835455009377554,https://www.tiktok.com/@dokter_ika/video/7609835455009377554,2026-02-23 06:28:07,True
dokter_ika,7609679204464037138,https://www.tiktok.com/@dokter_ika/video/7609679204464037138,2026-02-22 20:21:47,True
dokter_ika,7609660182699756808,https://www.tiktok.com/@dokter_ika/video/7609660182699756808,2026-02-22 19:07:58,True
dokter_ika,7609629145097719048,https://www.tiktok.com/@dokter_ika/video/7609629145097719048,2026-02-22 17:07:31,True
dokter_ika,7609599787918298376,https://www.tiktok.com/@dokter_ika/video/7609599787918298376,2026-02-22 15:13:36,True
dokter_ika,7609476250280774920,https://www.tiktok.com/@dokter_ika/video/7609476250280774920,2026-02-22 07:14:13,True
dokter_ika,7609318339285994759,https://www.tiktok.com/@dokter_ika/video/7609318339285994759,2026-02-21 21:01:26,True
dokter_ika,7609140680555842823,https://www.tiktok.com/@dokter_ika/video/7609140680555842823,2026-02-21 09:32:02,True
dokter_ika,7609110719124081928,https://www.tiktok.com/@dokter_ika/video/7609110719124081928,2026-02-21 07:35:46,True
dokter_ika,7608884976976694536,https://www.tiktok.com/@dokter_ika/video/7608884976976694536,2026-02-20 16:59:46,True
dokter_ika,7608742315884137736,https://www.tiktok.com/@dokter_ika/video/7608742315884137736,2026-02-20 07:46:10,True
dokter_ika,7608561803693657351,https://www.tiktok.com/@dokter_ika/video/7608561803693657351,2026-02-19 20:05:42,True
dokter_ika,7608495919255833864,https://www.tiktok.com/@dokter_ika/video/7608495919255833864,2026-02-19 15:50:02,True
dokter_ika,7608431055590132999,https://www.tiktok.com/@dokter_ika/video/7608431055590132999,2026-02-19 11:38:19,True
dokter_ika,7608412910867549447,https://www.tiktok.com/@dokter_ika/video/7608412910867549447,2026-02-19 10:27:55,True
dokter_ika,7607656403821546759,https://www.tiktok.com/@dokter_ika/video/7607656403821546759,2026-02-17 09:32:17,True
dokter_ika,7607476694500347144,https://www.tiktok.com/@dokter_ika/video/7607476694500347144,2026-02-16 21:54:55,True
dokter_ika,7607469729283984658,https://www.tiktok.com/@dokter_ika/video/7607469729283984658,2026-02-16 21:27:53,True
dokter_ika,7607296640835243271,https://www.tiktok.com/@dokter_ika/video/7607296640835243271,2026-02-16 10:16:13,True
dokter_ika,7607273785103879431,https://www.tiktok.com/@dokter_ika/video/7607273785103879431,2026-02-16 08:47:31,True
dokter_ika,7606352092554480904,https://www.tiktok.com/@dokter_ika/video/7606352092554480904,2026-02-13 21:10:53,True
dokter_ika,7606331041472695560,https://www.tiktok.com/@dokter_ika/video/7606331041472695560,2026-02-13 19:49:12,True
dokter_ika,7606287817685077266,https://www.tiktok.com/@dokter_ika/video/7606287817685077266,2026-02-13 17:01:28,True
dokter_ika,7606277331409308946,https://www.tiktok.com/@dokter_ika/video/7606277331409308946,2026-02-13 16:20:46,True
dokter_ika,7606273300230130951,https://www.tiktok.com/@dokter_ika/video/7606273300230130951,2026-02-13 16:05:08,True
dokter_ika,7605943070638591239,https://www.tiktok.com/@dokter_ika/video/7605943070638591239,2026-02-12 18:43:40,True
dokter_ika,7605853834824437000,https://www.tiktok.com/@dokter_ika/video/7605853834824437000,2026-02-12 12:57:23,True
dokter_ika,7605826350439615762,https://www.tiktok.com/@dokter_ika/video/7605826350439615762,2026-02-12 11:10:44,True
dokter_ika,7605616750788480263,https://www.tiktok.com/@dokter_ika/video/7605616750788480263,2026-02-11 21:37:23,True
dokter_ika,7605454988734745863,https://www.tiktok.com/@dokter_ika/video/7605454988734745863,2026-02-11 11:09:40,True
dokter_ika,7605430613021134087,https://www.tiktok.com/@dokter_ika/video/7605430613021134087,2026-02-11 09:35:04,True
dokter_ika,7604848988780612882,https://www.tiktok.com/@dokter_ika/video/7604848988780612882,2026-02-09 19:58:04,True
dokter_ika,7604402485524008210,https://www.tiktok.com/@dokter_ika/video/7604402485524008210,2026-02-08 15:05:25,True
dokter_ika,7604325840150662418,https://www.tiktok.com/@dokter_ika/video/7604325840150662418,2026-02-08 10:07:59,True
dokter_ika,7604119874012482824,https://www.tiktok.com/@dokter_ika/video/7604119874012482824,2026-02-07 20:48:44,True
dokter_ika,7604016817509518610,https://www.tiktok.com/@dokter_ika/video/7604016817509518610,2026-02-07 14:08:49,True
dokter_ika,7603729448944422152,https://www.tiktok.com/@dokter_ika/video/7603729448944422152,2026-02-06 19:33:41,True
dokter_ika,7603210839818013960,https://www.tiktok.com/@dokter_ika/video/7603210839818013960,2026-02-05 10:01:13,True
dokter_ika,7602896941709577480,https://www.tiktok.com/@dokter_ika/video/7602896941709577480,2026-02-04 13:43:08,True
dokter_ika,7602665599726013704,https://www.tiktok.com/@dokter_ika/video/7602665599726013704,2026-02-03 22:45:25,True
dokter_ika,7602409559315025160,https://www.tiktok.com/@dokter_ika/video/7602409559315025160,2026-02-03 06:11:51,True
dokter_ika,7602076067439971602,https://www.tiktok.com/@dokter_ika/video/7602076067439971602,2026-02-02 08:37:43,True
dokter_ika,7602036826857082120,https://www.tiktok.com/@dokter_ika/video/7602036826857082120,2026-02-02 06:05:27,True
dokter_ika,7601893656840178951,https://www.tiktok.com/@dokter_ika/video/7601893656840178951,2026-02-01 20:49:53,True
dokter_ika,7601773537317195026,https://www.tiktok.com/@dokter_ika/video/7601773537317195026,2026-02-01 13:03:45,True
dokter_ika,7601703196192591112,https://www.tiktok.com/@dokter_ika/video/7601703196192591112,2026-02-01 08:30:48,True
dokter_ika,7601521325311560978,https://www.tiktok.com/@dokter_ika/video/7601521325311560978,2026-01-31 20:45:02,True
dokter_ika,7601433491808455954,https://www.tiktok.com/@dokter_ika/video/7601433491808455954,2026-01-31 15:04:12,True
dokter_ika,7601357572037184775,https://www.tiktok.com/@dokter_ika/video/7601357572037184775,2026-01-31 10:09:36,True
dokter_ika,7601350311701122311,https://www.tiktok.com/@dokter_ika/video/7601350311701122311,2026-01-31 09:41:25,True
dokter_ika,7601350126132677896,https://www.tiktok.com/@dokter_ika/video/7601350126132677896,2026-01-31 09:40:42,True
dokter_ika,7601110114854030610,https://www.tiktok.com/@dokter_ika/video/7601110114854030610,2026-01-30 18:09:20,True
dokter_ika,7600958008545398023,https://www.tiktok.com/@dokter_ika/video/7600958008545398023,2026-01-30 08:19:05,True
dokter_ika,7600926567363136775,https://www.tiktok.com/@dokter_ika/video/7600926567363136775,2026-01-30 06:17:05,True
dokter_ika,7600675140556410120,https://www.tiktok.com/@dokter_ika/video/7600675140556410120,2026-01-29 14:01:25,True
dokter_ika,7600322464119278866,https://www.tiktok.com/@dokter_ika/video/7600322464119278866,2026-01-28 15:12:51,True
dokter_ika,7600294890693463303,https://www.tiktok.com/@dokter_ika/video/7600294890693463303,2026-01-28 13:25:51,True
dokter_ika,7600244827728432402,https://www.tiktok.com/@dokter_ika/video/7600244827728432402,2026-01-28 10:11:35,True
dokter_ika,7600222696915340552,https://www.tiktok.com/@dokter_ika/video/7600222696915340552,2026-01-28 08:45:42,True
dokter_ika,7599842280777764103,https://www.tiktok.com/@dokter_ika/video/7599842280777764103,2026-01-27 08:09:29,True
dokter_ika,7599548874906144018,https://www.tiktok.com/@dokter_ika/video/7599548874906144018,2026-01-26 13:10:56,True
dokter_ika,7599545896388414738,https://www.tiktok.com/@dokter_ika/video/7599545896388414738,2026-01-26 12:59:22,True
dokter_ika,7599496671491394823,https://www.tiktok.com/@dokter_ika/video/7599496671491394823,2026-01-26 09:48:21,True
dokter_ika,7599444724981730568,https://www.tiktok.com/@dokter_ika/video/7599444724981730568,2026-01-26 06:26:46,True
dokter_ika,7599243604707577106,https://www.tiktok.com/@dokter_ika/video/7599243604707577106,2026-01-25 17:26:19,True
dokter_ika,7599200261357210887,https://www.tiktok.com/@dokter_ika/video/7599200261357210887,2026-01-25 14:38:08,True
dokter_ika,7599084305226272018,https://www.tiktok.com/@dokter_ika/video/7599084305226272018,2026-01-25 07:08:09,True
dokter_ika,7598858177202998536,https://www.tiktok.com/@dokter_ika/video/7598858177202998536,2026-01-24 16:30:40,True
dokter_ika,7598843950560234770,https://www.tiktok.com/@dokter_ika/video/7598843950560234770,2026-01-24 15:35:28,True
dokter_ika,7598723678221667592,https://www.tiktok.com/@dokter_ika/video/7598723678221667592,2026-01-24 07:48:44,True
dokter_ika,7598703675791412487,https://www.tiktok.com/@dokter_ika/video/7598703675791412487,2026-01-24 06:31:07,True
dokter_ika,7598545647993621778,https://www.tiktok.com/@dokter_ika/video/7598545647993621778,2026-01-23 20:17:54,True
dokter_ika,7598539720393624850,https://www.tiktok.com/@dokter_ika/video/7598539720393624850,2026-01-23 19:54:53,True
dokter_ika,7598358165507296530,https://www.tiktok.com/@dokter_ika/video/7598358165507296530,2026-01-23 08:10:22,True
dokter_ika,7598183347625397522,https://www.tiktok.com/@dokter_ika/video/7598183347625397522,2026-01-22 20:51:59,True
dokter_ika,7598116377873960210,https://www.tiktok.com/@dokter_ika/video/7598116377873960210,2026-01-22 16:32:06,True
dokter_ika,7598081873293757704,https://www.tiktok.com/@dokter_ika/video/7598081873293757704,2026-01-22 14:18:13,True
dokter_ika,7598021499685031176,https://www.tiktok.com/@dokter_ika/video/7598021499685031176,2026-01-22 10:23:56,True
dokter_ika,7597992177578315016,https://www.tiktok.com/@dokter_ika/video/7597992177578315016,2026-01-22 08:30:09,True
dokter_ika,7597957980394392840,https://www.tiktok.com/@dokter_ika/video/7597957980394392840,2026-01-22 06:17:27,True
dokter_ika,7597809857227525394,https://www.tiktok.com/@dokter_ika/video/7597809857227525394,2026-01-21 20:42:39,True
dokter_ika,7597752771126807815,https://www.tiktok.com/@dokter_ika/video/7597752771126807815,2026-01-21 17:01:08,True
dokter_ika,7597731746532183304,https://www.tiktok.com/@dokter_ika/video/7597731746532183304,2026-01-21 15:39:32,True
dokter_ika,7597633074591059218,https://www.tiktok.com/@dokter_ika/video/7597633074591059218,2026-01-21 09:16:39,True
dokter_ika,7597437147292945671,https://www.tiktok.com/@dokter_ika/video/7597437147292945671,2026-01-20 20:36:21,True
dokter_ika,7597355452493548807,https://www.tiktok.com/@dokter_ika/video/7597355452493548807,2026-01-20 15:19:20,True
dokter_ika,7597334599332662535,https://www.tiktok.com/@dokter_ika/video/7597334599332662535,2026-01-20 13:58:24,True
dokter_ika,7597321779274583303,https://www.tiktok.com/@dokter_ika/video/7597321779274583303,2026-01-20 13:08:39,True
dokter_ika,7597238013902556424,https://www.tiktok.com/@dokter_ika/video/7597238013902556424,2026-01-20 07:43:36,True
dokter_ika,7596987794581425416,https://www.tiktok.com/@dokter_ika/video/7596987794581425416,2026-01-19 15:32:38,True
dokter_ika,7596978685287189768,https://www.tiktok.com/@dokter_ika/video/7596978685287189768,2026-01-19 14:57:17,True
dokter_ika,7596898485010517266,https://www.tiktok.com/@dokter_ika/video/7596898485010517266,2026-01-19 09:46:04,True
dokter_ika,7596551949051317522,https://www.tiktok.com/@dokter_ika/video/7596551949051317522,2026-01-18 11:21:19,True
dokter_ika,7596500506957171976,https://www.tiktok.com/@dokter_ika/video/7596500506957171976,2026-01-18 08:01:42,True
dokter_ika,7596498370626080008,https://www.tiktok.com/@dokter_ika/video/7596498370626080008,2026-01-18 07:53:25,True
dokter_ika,7596228011972644114,https://www.tiktok.com/@dokter_ika/video/7596228011972644114,2026-01-17 14:24:17,True
dokter_ika,7596167670177762578,https://www.tiktok.com/@dokter_ika/video/7596167670177762578,2026-01-17 10:30:07,True
dokter_ika,7596105568633343250,https://www.tiktok.com/@dokter_ika/video/7596105568633343250,2026-01-17 06:29:08,True
dokter_ika,7595977241830395144,https://www.tiktok.com/@dokter_ika/video/7595977241830395144,2026-01-16 22:11:10,True
dokter_ika,7595853855120706824,https://www.tiktok.com/@dokter_ika/video/7595853855120706824,2026-01-16 14:12:22,True
dokter_ika,7595839143368756488,https://www.tiktok.com/@dokter_ika/video/7595839143368756488,2026-01-16 13:15:16,True
dokter_ika,7595791281071115538,https://www.tiktok.com/@dokter_ika/video/7595791281071115538,2026-01-16 10:09:33,True
dokter_ika,7595603539175460114,https://www.tiktok.com/@dokter_ika/video/7595603539175460114,2026-01-15 22:01:00,True
dokter_ika,7595590767314341138,https://www.tiktok.com/@dokter_ika/video/7595590767314341138,2026-01-15 21:11:27,True
dokter_ika,7595381555837619474,https://www.tiktok.com/@dokter_ika/video/7595381555837619474,2026-01-15 07:39:36,True
dokter_ika,7594734579613781256,https://www.tiktok.com/@dokter_ika/video/7594734579613781256,2026-01-13 13:49:00,True
dokter_ika,7594006875667221767,https://www.tiktok.com/@dokter_ika/video/7594006875667221767,2026-01-11 14:45:08,True
dokter_ika,7593986727543393554,https://www.tiktok.com/@dokter_ika/video/7593986727543393554,2026-01-11 13:26:57,True
dokter_ika,7593935770704989447,https://www.tiktok.com/@dokter_ika/video/7593935770704989447,2026-01-11 10:09:13,True
dokter_ika,7593675675106675976,https://www.tiktok.com/@dokter_ika/video/7593675675106675976,2026-01-10 17:19:55,True
dokter_ika,7593581563896499464,https://www.tiktok.com/@dokter_ika/video/7593581563896499464,2026-01-10 11:14:43,True
dokter_ika,7593228286386326802,https://www.tiktok.com/@dokter_ika/video/7593228286386326802,2026-01-09 12:23:49,True
dokter_ika,7592973784240475399,https://www.tiktok.com/@dokter_ika/video/7592973784240475399,2026-01-08 19:56:13,True
dokter_ika,7592629513629076754,https://www.tiktok.com/@dokter_ika/video/7592629513629076754,2026-01-07 21:40:16,True
dokter_ika,7592463866781551890,https://www.tiktok.com/@dokter_ika/video/7592463866781551890,2026-01-07 10:57:29,True
dokter_ika,7592089187277376786,https://www.tiktok.com/@dokter_ika/video/7592089187277376786,2026-01-06 10:43:32,True
dokter_ika,7591761402755435794,https://www.tiktok.com/@dokter_ika/video/7591761402755435794,2026-01-05 13:31:33,True
dokter_ika,7590632016836578568,https://www.tiktok.com/@dokter_ika/video/7590632016836578568,2026-01-02 12:28:58,True
dokter_ika,7590586297333386514,https://www.tiktok.com/@dokter_ika/video/7590586297333386514,2026-01-02 09:31:33,True
dokter_ika,7590231194978028807,https://www.tiktok.com/@dokter_ika/video/7590231194978028807,2026-01-01 10:33:34,True
dokter_ika,7590010404600810760,https://www.tiktok.com/@dokter_ika/video/7590010404600810760,2025-12-31 20:16:47,False
dokteramiraobgyn,7680214918477516039,https://www.tiktok.com/@dokteramiraobgyn/video/7680214918477516039,2026-08-31 22:16:22,True
dokteramiraobgyn,7680148965018340615,https://www.tiktok.com/@dokteramiraobgyn/video/7680148965018340615,2026-08-31 18:00:26,True
dokteramiraobgyn,7679469951845027079,https://www.tiktok.com/@dokteramiraobgyn/video/7679469951845027079,2026-08-29 22:05:31,True
dokteramiraobgyn,7679325537474497799,https://www.tiktok.com/@dokteramiraobgyn/video/7679325537474497799,2026-08-29 12:45:07,True
dokteramiraobgyn,7679275391168679176,https://www.tiktok.com/@dokteramiraobgyn/video/7679275391168679176,2026-08-29 09:30:32,True
dokteramiraobgyn,7677915748261514514,https://www.tiktok.com/@dokteramiraobgyn/video/7677915748261514514,2026-08-25 17:34:25,True
dokteramiraobgyn,7677630162074176786,https://www.tiktok.com/@dokteramiraobgyn/video/7677630162074176786,2026-08-24 23:06:12,True
dokteramiraobgyn,7677107490299088146,https://www.tiktok.com/@dokteramiraobgyn/video/7677107490299088146,2026-08-23 13:17:58,True
dokteramiraobgyn,7677075823467302151,https://www.tiktok.com/@dokteramiraobgyn/video/7677075823467302151,2026-08-23 11:15:05,True
dokteramiraobgyn,7676869342478535954,https://www.tiktok.com/@dokteramiraobgyn/video/7676869342478535954,2026-08-22 21:53:50,True
dokteramiraobgyn,7676811812284697863,https://www.tiktok.com/@dokteramiraobgyn/video/7676811812284697863,2026-08-22 18:10:35,True
dokteramiraobgyn,7676476550233033991,https://www.tiktok.com/@dokteramiraobgyn/video/7676476550233033991,2026-08-21 20:29:36,True
dokteramiraobgyn,7675619200429346055,https://www.tiktok.com/@dokteramiraobgyn/video/7675619200429346055,2026-08-19 13:02:38,True
dokteramiraobgyn,7675327269887397127,https://www.tiktok.com/@dokteramiraobgyn/video/7675327269887397127,2026-08-18 18:09:48,True
dokteramiraobgyn,7672398728447216904,https://www.tiktok.com/@dokteramiraobgyn/video/7672398728447216904,2026-08-10 20:45:34,True
dokteramiraobgyn,7672375694835338514,https://www.tiktok.com/@dokteramiraobgyn/video/7672375694835338514,2026-08-10 19:16:11,True
dokteramiraobgyn,7671982810739002642,https://www.tiktok.com/@dokteramiraobgyn/video/7671982810739002642,2026-08-09 17:51:35,True
dokteramiraobgyn,7671689554277059847,https://www.tiktok.com/@dokteramiraobgyn/video/7671689554277059847,2026-08-08 22:53:36,True
dokteramiraobgyn,7671293282466401543,https://www.tiktok.com/@dokteramiraobgyn/video/7671293282466401543,2026-08-07 21:15:52,True
dokteramiraobgyn,7670567765916306696,https://www.tiktok.com/@dokteramiraobgyn/video/7670567765916306696,2026-08-05 22:20:30,True
dokteramiraobgyn,7670541733918166279,https://www.tiktok.com/@dokteramiraobgyn/video/7670541733918166279,2026-08-05 20:39:29,True
dokteramiraobgyn,7669822013376138503,https://www.tiktok.com/@dokteramiraobgyn/video/7669822013376138503,2026-08-03 22:06:36,True
dokteramiraobgyn,7669688485934124295,https://www.tiktok.com/@dokteramiraobgyn/video/7669688485934124295,2026-08-03 13:28:26,True
dokteramiraobgyn,7667580037297605896,https://www.tiktok.com/@dokteramiraobgyn/video/7667580037297605896,2026-07-28 21:06:35,True
dokteramiraobgyn,7667191641320525074,https://www.tiktok.com/@dokteramiraobgyn/video/7667191641320525074,2026-07-27 19:59:24,True
dokteramiraobgyn,7666424725496777991,https://www.tiktok.com/@dokteramiraobgyn/video/7666424725496777991,2026-07-25 18:23:23,True
dokteramiraobgyn,7665298704022424840,https://www.tiktok.com/@dokteramiraobgyn/video/7665298704022424840,2026-07-22 17:33:51,True
dokteramiraobgyn,7663920608593546503,https://www.tiktok.com/@dokteramiraobgyn/video/7663920608593546503,2026-07-19 00:26:08,True
dokteramiraobgyn,7663113753465982216,https://www.tiktok.com/@dokteramiraobgyn/video/7663113753465982216,2026-07-16 20:15:07,True
dokteramiraobgyn,7662400267199139079,https://www.tiktok.com/@dokteramiraobgyn/video/7662400267199139079,2026-07-14 22:06:26,True
dokteramiraobgyn,7661617036409277704,https://www.tiktok.com/@dokteramiraobgyn/video/7661617036409277704,2026-07-12 19:27:06,True
dokteramiraobgyn,7660908575945985287,https://www.tiktok.com/@dokteramiraobgyn/video/7660908575945985287,2026-07-10 21:37:54,True
dokteramiraobgyn,7660538678762097927,https://www.tiktok.com/@dokteramiraobgyn/video/7660538678762097927,2026-07-09 21:42:31,True
dokteramiraobgyn,7660181445415062792,https://www.tiktok.com/@dokteramiraobgyn/video/7660181445415062792,2026-07-08 22:36:16,True
dokteramiraobgyn,7659042535003720967,https://www.tiktok.com/@dokteramiraobgyn/video/7659042535003720967,2026-07-05 20:56:43,True
dokteramiraobgyn,7656422689149586695,https://www.tiktok.com/@dokteramiraobgyn/video/7656422689149586695,2026-06-28 19:30:22,True
dokteramiraobgyn,7655915691719036168,https://www.tiktok.com/@dokteramiraobgyn/video/7655915691719036168,2026-06-27 10:42:58,True
dokteramiraobgyn,7655291289553947911,https://www.tiktok.com/@dokteramiraobgyn/video/7655291289553947911,2026-06-25 18:19:58,True
dokteramiraobgyn,7654833096348716295,https://www.tiktok.com/@dokteramiraobgyn/video/7654833096348716295,2026-06-24 12:41:56,True
dokteramiraobgyn,7654235424008719634,https://www.tiktok.com/@dokteramiraobgyn/video/7654235424008719634,2026-06-22 22:02:40,True
dokteramiraobgyn,7653831350016806152,https://www.tiktok.com/@dokteramiraobgyn/video/7653831350016806152,2026-06-21 19:54:39,True
dokteramiraobgyn,7653788617902443794,https://www.tiktok.com/@dokteramiraobgyn/video/7653788617902443794,2026-06-21 17:08:50,True
dokteramiraobgyn,7653727686728125704,https://www.tiktok.com/@dokteramiraobgyn/video/7653727686728125704,2026-06-21 13:12:23,True
dokteramiraobgyn,7653698431256497416,https://www.tiktok.com/@dokteramiraobgyn/video/7653698431256497416,2026-06-21 11:18:52,True
dokteramiraobgyn,7653486687405886738,https://www.tiktok.com/@dokteramiraobgyn/video/7653486687405886738,2026-06-20 21:37:11,True
dokteramiraobgyn,7653429076815777031,https://www.tiktok.com/@dokteramiraobgyn/video/7653429076815777031,2026-06-20 17:53:38,True
dokteramiraobgyn,7651816886111358216,https://www.tiktok.com/@dokteramiraobgyn/video/7651816886111358216,2026-06-16 09:37:30,True
dokteramiraobgyn,7651639988089523464,https://www.tiktok.com/@dokteramiraobgyn/video/7651639988089523464,2026-06-15 22:11:03,True
dokteramiraobgyn,7651554292238667026,https://www.tiktok.com/@dokteramiraobgyn/video/7651554292238667026,2026-06-15 16:38:30,True
dokteramiraobgyn,7649398840910531858,https://www.tiktok.com/@dokteramiraobgyn/video/7649398840910531858,2026-06-09 21:14:15,True
dokteramiraobgyn,7649368417622822151,https://www.tiktok.com/@dokteramiraobgyn/video/7649368417622822151,2026-06-09 19:16:12,True
dokteramiraobgyn,7649024519343983880,https://www.tiktok.com/@dokteramiraobgyn/video/7649024519343983880,2026-06-08 21:01:42,True
dokteramiraobgyn,7648646539019095303,https://www.tiktok.com/@dokteramiraobgyn/video/7648646539019095303,2026-06-07 20:34:56,True
dokteramiraobgyn,7647105027902819591,https://www.tiktok.com/@dokteramiraobgyn/video/7647105027902819591,2026-06-03 16:53:05,True
dokteramiraobgyn,7646455458235993352,https://www.tiktok.com/@dokteramiraobgyn/video/7646455458235993352,2026-06-01 22:52:26,True
dokteramiraobgyn,7646036502346026247,https://www.tiktok.com/@dokteramiraobgyn/video/7646036502346026247,2026-05-31 19:46:40,True
dokteramiraobgyn,7644907756666899719,https://www.tiktok.com/@dokteramiraobgyn/video/7644907756666899719,2026-05-28 18:46:33,True
dokteramiraobgyn,7643853171248483591,https://www.tiktok.com/@dokteramiraobgyn/video/7643853171248483591,2026-05-25 22:34:13,True
dokteramiraobgyn,7642992623854177543,https://www.tiktok.com/@dokteramiraobgyn/video/7642992623854177543,2026-05-23 14:54:52,True
dokteramiraobgyn,7642948550543920402,https://www.tiktok.com/@dokteramiraobgyn/video/7642948550543920402,2026-05-23 12:03:50,True
dokteramiraobgyn,7642343702920219912,https://www.tiktok.com/@dokteramiraobgyn/video/7642343702920219912,2026-05-21 20:56:43,True
dokteramiraobgyn,7641955699647433992,https://www.tiktok.com/@dokteramiraobgyn/video/7641955699647433992,2026-05-20 19:51:04,True
dokteramiraobgyn,7641116802298170631,https://www.tiktok.com/@dokteramiraobgyn/video/7641116802298170631,2026-05-18 13:35:43,True
dokteramiraobgyn,7640476232848657682,https://www.tiktok.com/@dokteramiraobgyn/video/7640476232848657682,2026-05-16 20:09:59,True
dokteramiraobgyn,7639694520078159111,https://www.tiktok.com/@dokteramiraobgyn/video/7639694520078159111,2026-05-14 17:36:32,True
dokteramiraobgyn,7639648699857014034,https://www.tiktok.com/@dokteramiraobgyn/video/7639648699857014034,2026-05-14 14:38:44,True
dokteramiraobgyn,7638666131733040392,https://www.tiktok.com/@dokteramiraobgyn/video/7638666131733040392,2026-05-11 23:05:52,True
dokteramiraobgyn,7637540746828008722,https://www.tiktok.com/@dokteramiraobgyn/video/7637540746828008722,2026-05-08 22:18:48,True
dokteramiraobgyn,7637482424305290514,https://www.tiktok.com/@dokteramiraobgyn/video/7637482424305290514,2026-05-08 18:32:28,True
dokteramiraobgyn,7637046755493711111,https://www.tiktok.com/@dokteramiraobgyn/video/7637046755493711111,2026-05-07 14:21:51,True
dokteramiraobgyn,7636020021273103624,https://www.tiktok.com/@dokteramiraobgyn/video/7636020021273103624,2026-05-04 19:57:36,True
dokteramiraobgyn,7634197821436038418,https://www.tiktok.com/@dokteramiraobgyn/video/7634197821436038418,2026-04-29 22:06:32,True
dokteramiraobgyn,7634137032423443719,https://www.tiktok.com/@dokteramiraobgyn/video/7634137032423443719,2026-04-29 18:10:39,True
dokteramiraobgyn,7634106003302255890,https://www.tiktok.com/@dokteramiraobgyn/video/7634106003302255890,2026-04-29 16:10:14,True
dokteramiraobgyn,7633447188718390536,https://www.tiktok.com/@dokteramiraobgyn/video/7633447188718390536,2026-04-27 21:33:42,True
dokteramiraobgyn,7633053325788712210,https://www.tiktok.com/@dokteramiraobgyn/video/7633053325788712210,2026-04-26 20:05:18,True
dokteramiraobgyn,7632651778999274770,https://www.tiktok.com/@dokteramiraobgyn/video/7632651778999274770,2026-04-25 18:07:06,True
dokteramiraobgyn,7632619657836481810,https://www.tiktok.com/@dokteramiraobgyn/video/7632619657836481810,2026-04-25 16:02:27,True
dokteramiraobgyn,7632335992447438087,https://www.tiktok.com/@dokteramiraobgyn/video/7632335992447438087,2026-04-24 21:41:41,True
dokteramiraobgyn,7632323568067415314,https://www.tiktok.com/@dokteramiraobgyn/video/7632323568067415314,2026-04-24 20:53:28,True
dokteramiraobgyn,7631614610176576786,https://www.tiktok.com/@dokteramiraobgyn/video/7631614610176576786,2026-04-22 23:02:21,True
dokteramiraobgyn,7630858846843587858,https://www.tiktok.com/@dokteramiraobgyn/video/7630858846843587858,2026-04-20 22:09:36,True
dokteramiraobgyn,7630080882933583122,https://www.tiktok.com/@dokteramiraobgyn/video/7630080882933583122,2026-04-18 19:50:43,True
dokteramiraobgyn,7629995499914906887,https://www.tiktok.com/@dokteramiraobgyn/video/7629995499914906887,2026-04-18 14:19:23,True
dokteramiraobgyn,7629721517768674578,https://www.tiktok.com/@dokteramiraobgyn/video/7629721517768674578,2026-04-17 20:36:11,True
dokteramiraobgyn,7629652365737594130,https://www.tiktok.com/@dokteramiraobgyn/video/7629652365737594130,2026-04-17 16:07:51,True
dokteramiraobgyn,7629358938076581128,https://www.tiktok.com/@dokteramiraobgyn/video/7629358938076581128,2026-04-16 21:09:12,True
dokteramiraobgyn,7629024328847199496,https://www.tiktok.com/@dokteramiraobgyn/video/7629024328847199496,2026-04-15 23:30:44,True
dokteramiraobgyn,7628927536919104786,https://www.tiktok.com/@dokteramiraobgyn/video/7628927536919104786,2026-04-15 17:15:08,True
dokteramiraobgyn,7628616308053216520,https://www.tiktok.com/@dokteramiraobgyn/video/7628616308053216520,2026-04-14 21:07:25,True
dokteramiraobgyn,7628261867097459975,https://www.tiktok.com/@dokteramiraobgyn/video/7628261867097459975,2026-04-13 22:12:00,True
dokteramiraobgyn,7628206090747940103,https://www.tiktok.com/@dokteramiraobgyn/video/7628206090747940103,2026-04-13 18:35:34,True
dokteramiraobgyn,7627910357817789704,https://www.tiktok.com/@dokteramiraobgyn/video/7627910357817789704,2026-04-12 23:27:58,True
dokteramiraobgyn,7626740301016730898,https://www.tiktok.com/@dokteramiraobgyn/video/7626740301016730898,2026-04-09 19:47:33,True
dokteramiraobgyn,7626402213451123986,https://www.tiktok.com/@dokteramiraobgyn/video/7626402213451123986,2026-04-08 21:55:36,True
dokteramiraobgyn,7625920300102110471,https://www.tiktok.com/@dokteramiraobgyn/video/7625920300102110471,2026-04-07 14:45:31,True
dokteramiraobgyn,7625598366545726728,https://www.tiktok.com/@dokteramiraobgyn/video/7625598366545726728,2026-04-06 17:56:15,True
dokteramiraobgyn,7625200229918199058,https://www.tiktok.com/@dokteramiraobgyn/video/7625200229918199058,2026-04-05 16:11:17,True
dokteramiraobgyn,7625176190021618962,https://www.tiktok.com/@dokteramiraobgyn/video/7625176190021618962,2026-04-05 14:38:00,True
dokteramiraobgyn,7625128797595061522,https://www.tiktok.com/@dokteramiraobgyn/video/7625128797595061522,2026-04-05 11:34:05,True
dokteramiraobgyn,7624924415637064967,https://www.tiktok.com/@dokteramiraobgyn/video/7624924415637064967,2026-04-04 22:20:59,True
dokteramiraobgyn,7624909791357373703,https://www.tiktok.com/@dokteramiraobgyn/video/7624909791357373703,2026-04-04 21:24:14,True
dokteramiraobgyn,7624086421359349010,https://www.tiktok.com/@dokteramiraobgyn/video/7624086421359349010,2026-04-02 16:09:08,True
dokteramiraobgyn,7623445352447839506,https://www.tiktok.com/@dokteramiraobgyn/video/7623445352447839506,2026-03-31 22:41:28,True
dokteramiraobgyn,7622979519007165714,https://www.tiktok.com/@dokteramiraobgyn/video/7622979519007165714,2026-03-30 16:33:47,True
dokteramiraobgyn,7622589595661782290,https://www.tiktok.com/@dokteramiraobgyn/video/7622589595661782290,2026-03-29 15:20:41,True
dokteramiraobgyn,7622206844408270087,https://www.tiktok.com/@dokteramiraobgyn/video/7622206844408270087,2026-03-28 14:35:25,True
dokteramiraobgyn,7621226533230890248,https://www.tiktok.com/@dokteramiraobgyn/video/7621226533230890248,2026-03-25 23:11:19,True
dokteramiraobgyn,7621214395179240712,https://www.tiktok.com/@dokteramiraobgyn/video/7621214395179240712,2026-03-25 22:24:13,True
dokteramiraobgyn,7621033238714125575,https://www.tiktok.com/@dokteramiraobgyn/video/7621033238714125575,2026-03-25 10:41:14,True
dokteramiraobgyn,7620848172826447111,https://www.tiktok.com/@dokteramiraobgyn/video/7620848172826447111,2026-03-24 22:43:05,True
dokteramiraobgyn,7619547669207207188,https://www.tiktok.com/@dokteramiraobgyn/video/7619547669207207188,2026-03-21 10:36:28,True
dokteramiraobgyn,7619538543022476564,https://www.tiktok.com/@dokteramiraobgyn/video/7619538543022476564,2026-03-21 10:01:03,True
dokteramiraobgyn,7618809614326402325,https://www.tiktok.com/@dokteramiraobgyn/video/7618809614326402325,2026-03-19 10:52:26,True
dokteramiraobgyn,7617784394413067540,https://www.tiktok.com/@dokteramiraobgyn/video/7617784394413067540,2026-03-16 16:34:03,True
dokteramiraobgyn,7616947122876763412,https://www.tiktok.com/@dokteramiraobgyn/video/7616947122876763412,2026-03-14 10:25:01,True
dokteramiraobgyn,7616733251411004693,https://www.tiktok.com/@dokteramiraobgyn/video/7616733251411004693,2026-03-13 20:35:05,True
dokteramiraobgyn,7616022924125916437,https://www.tiktok.com/@dokteramiraobgyn/video/7616022924125916437,2026-03-11 22:38:39,True
dokteramiraobgyn,7615196997955407125,https://www.tiktok.com/@dokteramiraobgyn/video/7615196997955407125,2026-03-09 17:13:38,True
dokteramiraobgyn,7614889697801751829,https://www.tiktok.com/@dokteramiraobgyn/video/7614889697801751829,2026-03-08 21:21:09,True
dokteramiraobgyn,7614346203521649941,https://www.tiktok.com/@dokteramiraobgyn/video/7614346203521649941,2026-03-07 10:12:07,True
dokteramiraobgyn,7613779953770908949,https://www.tiktok.com/@dokteramiraobgyn/video/7613779953770908949,2026-03-05 21:34:47,True
dokteramiraobgyn,7613425927875398932,https://www.tiktok.com/@dokteramiraobgyn/video/7613425927875398932,2026-03-04 22:40:59,True
dokteramiraobgyn,7612663134884580628,https://www.tiktok.com/@dokteramiraobgyn/video/7612663134884580628,2026-03-02 21:20:57,True
dokteramiraobgyn,7612295685177724181,https://www.tiktok.com/@dokteramiraobgyn/video/7612295685177724181,2026-03-01 21:35:04,True
dokteramiraobgyn,7612157678835485972,https://www.tiktok.com/@dokteramiraobgyn/video/7612157678835485972,2026-03-01 12:39:31,True
dokteramiraobgyn,7612117604655697173,https://www.tiktok.com/@dokteramiraobgyn/video/7612117604655697173,2026-03-01 10:04:01,True
dokteramiraobgyn,7611955889376988436,https://www.tiktok.com/@dokteramiraobgyn/video/7611955889376988436,2026-02-28 23:36:29,True
dokteramiraobgyn,7611859191451454740,https://www.tiktok.com/@dokteramiraobgyn/video/7611859191451454740,2026-02-28 17:21:14,True
dokteramiraobgyn,7611668209468525844,https://www.tiktok.com/@dokteramiraobgyn/video/7611668209468525844,2026-02-28 05:00:08,True
dokteramiraobgyn,7610794675246599445,https://www.tiktok.com/@dokteramiraobgyn/video/7610794675246599445,2026-02-25 20:30:22,True
dokteramiraobgyn,7610023173882531092,https://www.tiktok.com/@dokteramiraobgyn/video/7610023173882531092,2026-02-23 18:36:33,True
dokteramiraobgyn,7609572958377348373,https://www.tiktok.com/@dokteramiraobgyn/video/7609572958377348373,2026-02-22 13:29:29,True
dokteramiraobgyn,7609269599346937109,https://www.tiktok.com/@dokteramiraobgyn/video/7609269599346937109,2026-02-21 17:52:18,True
dokteramiraobgyn,7608614848200477972,https://www.tiktok.com/@dokteramiraobgyn/video/7608614848200477972,2026-02-19 23:31:32,True
dokteramiraobgyn,7607997039867104533,https://www.tiktok.com/@dokteramiraobgyn/video/7607997039867104533,2026-02-18 07:34:07,True
dokteramiraobgyn,7607834546377149717,https://www.tiktok.com/@dokteramiraobgyn/video/7607834546377149717,2026-02-17 21:03:34,True
dokteramiraobgyn,7607474984792984853,https://www.tiktok.com/@dokteramiraobgyn/video/7607474984792984853,2026-02-16 21:48:17,True
dokteramiraobgyn,7607389394147757333,https://www.tiktok.com/@dokteramiraobgyn/video/7607389394147757333,2026-02-16 16:16:09,True
dokteramiraobgyn,7607104264225279252,https://www.tiktok.com/@dokteramiraobgyn/video/7607104264225279252,2026-02-15 21:49:42,True
dokteramiraobgyn,7607071577439489300,https://www.tiktok.com/@dokteramiraobgyn/video/7607071577439489300,2026-02-15 19:42:51,True
dokteramiraobgyn,7606757504038587668,https://www.tiktok.com/@dokteramiraobgyn/video/7606757504038587668,2026-02-14 23:24:05,True
dokteramiraobgyn,7605962718511697173,https://www.tiktok.com/@dokteramiraobgyn/video/7605962718511697173,2026-02-12 19:59:55,True
dokteramiraobgyn,7605922513075358997,https://www.tiktok.com/@dokteramiraobgyn/video/7605922513075358997,2026-02-12 17:23:54,True
dokteramiraobgyn,7604401957565926677,https://www.tiktok.com/@dokteramiraobgyn/video/7604401957565926677,2026-02-08 15:03:22,True
dokteramiraobgyn,7604331531821174036,https://www.tiktok.com/@dokteramiraobgyn/video/7604331531821174036,2026-02-08 10:30:05,True
dokteramiraobgyn,7604040230194187541,https://www.tiktok.com/@dokteramiraobgyn/video/7604040230194187541,2026-02-07 15:39:41,True
dokteramiraobgyn,7603755825051536661,https://www.tiktok.com/@dokteramiraobgyn/video/7603755825051536661,2026-02-06 21:16:02,True
dokteramiraobgyn,7603699666508664084,https://www.tiktok.com/@dokteramiraobgyn/video/7603699666508664084,2026-02-06 17:38:07,True
dokteramiraobgyn,7603368918123547924,https://www.tiktok.com/@dokteramiraobgyn/video/7603368918123547924,2026-02-05 20:14:39,True
dokteramiraobgyn,7603356511447895316,https://www.tiktok.com/@dokteramiraobgyn/video/7603356511447895316,2026-02-05 19:26:30,True
dokteramiraobgyn,7603296686664060181,https://www.tiktok.com/@dokteramiraobgyn/video/7603296686664060181,2026-02-05 15:34:21,True
dokteramiraobgyn,7602548166222744853,https://www.tiktok.com/@dokteramiraobgyn/video/7602548166222744853,2026-02-03 15:09:42,True
dokteramiraobgyn,7600417628519288084,https://www.tiktok.com/@dokteramiraobgyn/video/7600417628519288084,2026-01-28 21:22:08,True
dokteramiraobgyn,7599682652454669589,https://www.tiktok.com/@dokteramiraobgyn/video/7599682652454669589,2026-01-26 21:50:03,True
dokteramiraobgyn,7599670620397522196,https://www.tiktok.com/@dokteramiraobgyn/video/7599670620397522196,2026-01-26 21:03:22,True
dokteramiraobgyn,7598078806976400660,https://www.tiktok.com/@dokteramiraobgyn/video/7598078806976400660,2026-01-22 14:06:19,True
dokteramiraobgyn,7597785901598608660,https://www.tiktok.com/@dokteramiraobgyn/video/7597785901598608660,2026-01-21 19:09:41,True
dokteramiraobgyn,7597105235210898709,https://www.tiktok.com/@dokteramiraobgyn/video/7597105235210898709,2026-01-19 23:08:21,True
dokteramiraobgyn,7596717543922961684,https://www.tiktok.com/@dokteramiraobgyn/video/7596717543922961684,2026-01-18 22:03:55,True
dokteramiraobgyn,7596280603696237844,https://www.tiktok.com/@dokteramiraobgyn/video/7596280603696237844,2026-01-17 17:48:22,True
dokteramiraobgyn,7596147054666091797,https://www.tiktok.com/@dokteramiraobgyn/video/7596147054666091797,2026-01-17 09:10:08,True
dokteramiraobgyn,7595872713579728149,https://www.tiktok.com/@dokteramiraobgyn/video/7595872713579728149,2026-01-16 15:25:33,True
dokteramiraobgyn,7595806031335214356,https://www.tiktok.com/@dokteramiraobgyn/video/7595806031335214356,2026-01-16 11:06:47,True
dokteramiraobgyn,7594485542318869781,https://www.tiktok.com/@dokteramiraobgyn/video/7594485542318869781,2026-01-12 21:42:37,True
dokteramiraobgyn,7594028786082008341,https://www.tiktok.com/@dokteramiraobgyn/video/7594028786082008341,2026-01-11 16:10:10,True
dokteramiraobgyn,7593697234559028501,https://www.tiktok.com/@dokteramiraobgyn/video/7593697234559028501,2026-01-10 18:43:34,True
dokteramiraobgyn,7593652580371238165,https://www.tiktok.com/@dokteramiraobgyn/video/7593652580371238165,2026-01-10 15:50:17,True
dokteramiraobgyn,7592298261206011157,https://www.tiktok.com/@dokteramiraobgyn/video/7592298261206011157,2026-01-07 00:14:50,True
dokteramiraobgyn,7592282882727611668,https://www.tiktok.com/@dokteramiraobgyn/video/7592282882727611668,2026-01-06 23:15:10,True
dokteramiraobgyn,7591814936058137877,https://www.tiktok.com/@dokteramiraobgyn/video/7591814936058137877,2026-01-05 16:59:18,True
dokteramiraobgyn,7591523618031504660,https://www.tiktok.com/@dokteramiraobgyn/video/7591523618031504660,2026-01-04 22:08:50,True
dokteramiraobgyn,7591432980535561492,https://www.tiktok.com/@dokteramiraobgyn/video/7591432980535561492,2026-01-04 16:17:07,True
dokteramiraobgyn,7591386662496701717,https://www.tiktok.com/@dokteramiraobgyn/video/7591386662496701717,2026-01-04 13:17:22,True
dokteramiraobgyn,7591109390296485140,https://www.tiktok.com/@dokteramiraobgyn/video/7591109390296485140,2026-01-03 19:21:25,True
dokteramiraobgyn,7591091797280034069,https://www.tiktok.com/@dokteramiraobgyn/video/7591091797280034069,2026-01-03 18:13:09,True
dokteramiraobgyn,7590742213798186261,https://www.tiktok.com/@dokteramiraobgyn/video/7590742213798186261,2026-01-02 19:36:35,True
dokteramiraobgyn,7589937362227203348,https://www.tiktok.com/@dokteramiraobgyn/video/7589937362227203348,2025-12-31 15:33:21,False
doktergigitantri,7268586588114898181,https://www.tiktok.com/@doktergigitantri/video/7268586588114898181,2023-08-18 16:08:13,False
doktergigitantri,7208707753517288731,https://www.tiktok.com/@doktergigitantri/video/7208707753517288731,2023-03-10 07:27:46,False
doktergigitantri,7210933678539640091,https://www.tiktok.com/@doktergigitantri/video/7210933678539640091,2023-03-16 07:25:29,False
doktergigitantri,7665536254238346516,https://www.tiktok.com/@doktergigitantri/video/7665536254238346516,2026-07-23 08:55:40,True
doktergigitantri,7561793117662317844,https://www.tiktok.com/@doktergigitantri/video/7561793117662317844,2025-10-16 19:19:18,False
doktergigitantri,7535010707360812296,https://www.tiktok.com/@doktergigitantri/video/7535010707360812296,2025-08-05 15:09:52,False
doktermatahendra,7679741529761516808,https://www.tiktok.com/@doktermatahendra/video/7679741529761516808,2026-08-30 15:39:23,True
doktermatahendra,7679292594265853202,https://www.tiktok.com/@doktermatahendra/video/7679292594265853202,2026-08-29 10:37:17,True
doktermatahendra,7678892872661208328,https://www.tiktok.com/@doktermatahendra/video/7678892872661208328,2026-08-28 08:46:10,True
doktermatahendra,7677792003605744904,https://www.tiktok.com/@doktermatahendra/video/7677792003605744904,2026-08-25 09:34:14,True
doktermatahendra,7677140151973334280,https://www.tiktok.com/@doktermatahendra/video/7677140151973334280,2026-08-23 15:24:43,True
doktermatahendra,7676478520243146002,https://www.tiktok.com/@doktermatahendra/video/7676478520243146002,2026-08-21 20:37:14,True
doktermatahendra,7674854675761466642,https://www.tiktok.com/@doktermatahendra/video/7674854675761466642,2026-08-17 11:35:54,True
doktermatahendra,7674533561688427783,https://www.tiktok.com/@doktermatahendra/video/7674533561688427783,2026-08-16 14:49:48,True
doktermatahendra,7674176765979528456,https://www.tiktok.com/@doktermatahendra/video/7674176765979528456,2026-08-15 15:45:15,True
doktermatahendra,7673773730836892936,https://www.tiktok.com/@doktermatahendra/video/7673773730836892936,2026-08-14 13:41:17,True
doktermatahendra,7673465162447342866,https://www.tiktok.com/@doktermatahendra/video/7673465162447342866,2026-08-13 17:43:52,True
doktermatahendra,7671874474974694664,https://www.tiktok.com/@doktermatahendra/video/7671874474974694664,2026-08-09 10:51:12,True
doktermatahendra,7671492629477051666,https://www.tiktok.com/@doktermatahendra/video/7671492629477051666,2026-08-08 10:09:26,True
doktermatahendra,7671140338479680786,https://www.tiktok.com/@doktermatahendra/video/7671140338479680786,2026-08-07 11:22:22,True
doktermatahendra,7670729447573687570,https://www.tiktok.com/@doktermatahendra/video/7670729447573687570,2026-08-06 08:47:54,True
doktermatahendra,7670577438564437256,https://www.tiktok.com/@doktermatahendra/video/7670577438564437256,2026-08-05 22:58:02,True
doktermatahendra,7670480704383290631,https://www.tiktok.com/@doktermatahendra/video/7670480704383290631,2026-08-05 16:42:39,True
doktermatahendra,7669755650947255559,https://www.tiktok.com/@doktermatahendra/video/7669755650947255559,2026-08-03 17:49:04,True
doktermatahendra,7669311896641670418,https://www.tiktok.com/@doktermatahendra/video/7669311896641670418,2026-08-02 13:07:05,True
doktermatahendra,7668667566226722066,https://www.tiktok.com/@doktermatahendra/video/7668667566226722066,2026-07-31 19:26:45,True
doktermatahendra,7667844068575120648,https://www.tiktok.com/@doktermatahendra/video/7667844068575120648,2026-07-29 14:11:09,True
doktermatahendra,7666336267709205768,https://www.tiktok.com/@doktermatahendra/video/7666336267709205768,2026-07-25 12:40:07,True
doktermatahendra,7665922576270576914,https://www.tiktok.com/@doktermatahendra/video/7665922576270576914,2026-07-24 09:54:47,True
doktermatahendra,7664166016905153800,https://www.tiktok.com/@doktermatahendra/video/7664166016905153800,2026-07-19 16:18:26,True
doktermatahendra,7663719968340462856,https://www.tiktok.com/@doktermatahendra/video/7663719968340462856,2026-07-18 11:27:33,True
doktermatahendra,7662323161769217287,https://www.tiktok.com/@doktermatahendra/video/7662323161769217287,2026-07-14 17:07:13,True
doktermatahendra,7661594317240175890,https://www.tiktok.com/@doktermatahendra/video/7661594317240175890,2026-07-12 17:58:56,True
doktermatahendra,7661214284973706514,https://www.tiktok.com/@doktermatahendra/video/7661214284973706514,2026-07-11 17:24:13,True
doktermatahendra,7660735639196863752,https://www.tiktok.com/@doktermatahendra/video/7660735639196863752,2026-07-10 10:26:49,True
doktermatahendra,7659726514287676679,https://www.tiktok.com/@doktermatahendra/video/7659726514287676679,2026-07-07 17:10:54,True
doktermatahendra,7658899265535741202,https://www.tiktok.com/@doktermatahendra/video/7658899265535741202,2026-07-05 11:40:45,True
doktermatahendra,7658245432966958344,https://www.tiktok.com/@doktermatahendra/video/7658245432966958344,2026-07-03 17:23:33,True
doktermatahendra,7657775338142928135,https://www.tiktok.com/@doktermatahendra/video/7657775338142928135,2026-07-02 10:59:20,True
doktermatahendra,7656723058090183944,https://www.tiktok.com/@doktermatahendra/video/7656723058090183944,2026-06-29 14:55:57,True
doktermatahendra,7656712678400003335,https://www.tiktok.com/@doktermatahendra/video/7656712678400003335,2026-06-29 14:15:41,True
doktermatahendra,7653661812977585416,https://www.tiktok.com/@doktermatahendra/video/7653661812977585416,2026-06-21 08:56:46,True
doktermatahendra,7652938576375729416,https://www.tiktok.com/@doktermatahendra/video/7652938576375729416,2026-06-19 10:10:14,True
doktermatahendra,7651873025733840146,https://www.tiktok.com/@doktermatahendra/video/7651873025733840146,2026-06-16 13:15:21,True
doktermatahendra,7651178545489775880,https://www.tiktok.com/@doktermatahendra/video/7651178545489775880,2026-06-14 16:20:25,True
doktermatahendra,7649723481059380498,https://www.tiktok.com/@doktermatahendra/video/7649723481059380498,2026-06-10 18:14:01,True
doktermatahendra,7648670357812956424,https://www.tiktok.com/@doktermatahendra/video/7648670357812956424,2026-06-07 22:07:22,True
doktermatahendra,7648515442016832786,https://www.tiktok.com/@doktermatahendra/video/7648515442016832786,2026-06-07 12:06:13,True
doktermatahendra,7648129197747096840,https://www.tiktok.com/@doktermatahendra/video/7648129197747096840,2026-06-06 11:07:23,True
doktermatahendra,7647338583455583495,https://www.tiktok.com/@doktermatahendra/video/7647338583455583495,2026-06-04 07:59:24,True
doktermatahendra,7645943416668392712,https://www.tiktok.com/@doktermatahendra/video/7645943416668392712,2026-05-31 13:45:27,True
doktermatahendra,7645369551399537927,https://www.tiktok.com/@doktermatahendra/video/7645369551399537927,2026-05-30 00:38:33,True
doktermatahendra,7645366200377150738,https://www.tiktok.com/@doktermatahendra/video/7645366200377150738,2026-05-30 00:25:33,True
doktermatahendra,7644422305791134983,https://www.tiktok.com/@doktermatahendra/video/7644422305791134983,2026-05-27 11:22:45,True
doktermatahendra,7643294690695040274,https://www.tiktok.com/@doktermatahendra/video/7643294690695040274,2026-05-24 10:27:02,True
doktermatahendra,7642720594689264914,https://www.tiktok.com/@doktermatahendra/video/7642720594689264914,2026-05-22 21:19:15,True
doktermatahendra,7641974243693006098,https://www.tiktok.com/@doktermatahendra/video/7641974243693006098,2026-05-20 21:03:01,True
doktermatahendra,7640758387742936328,https://www.tiktok.com/@doktermatahendra/video/7640758387742936328,2026-05-17 14:24:53,True
doktermatahendra,7639617784565058823,https://www.tiktok.com/@doktermatahendra/video/7639617784565058823,2026-05-14 12:38:46,True
doktermatahendra,7638179610819169554,https://www.tiktok.com/@doktermatahendra/video/7638179610819169554,2026-05-10 15:37:55,True
doktermatahendra,7637764467413093650,https://www.tiktok.com/@doktermatahendra/video/7637764467413093650,2026-05-09 12:46:57,True
doktermatahendra,7635608654594477330,https://www.tiktok.com/@doktermatahendra/video/7635608654594477330,2026-05-03 17:21:17,True
doktermatahendra,7634896492053941522,https://www.tiktok.com/@doktermatahendra/video/7634896492053941522,2026-05-01 19:17:44,True
doktermatahendra,7634886003647384840,https://www.tiktok.com/@doktermatahendra/video/7634886003647384840,2026-05-01 18:37:02,True
doktermatahendra,7634497530763496712,https://www.tiktok.com/@doktermatahendra/video/7634497530763496712,2026-04-30 17:29:34,True
doktermatahendra,7633084462892502280,https://www.tiktok.com/@doktermatahendra/video/7633084462892502280,2026-04-26 22:06:08,True
doktermatahendra,7633074624175082759,https://www.tiktok.com/@doktermatahendra/video/7633074624175082759,2026-04-26 21:27:57,True
doktermatahendra,7633072996998974727,https://www.tiktok.com/@doktermatahendra/video/7633072996998974727,2026-04-26 21:21:38,True
doktermatahendra,7633071387338476818,https://www.tiktok.com/@doktermatahendra/video/7633071387338476818,2026-04-26 21:15:24,True
doktermatahendra,7633065465987828999,https://www.tiktok.com/@doktermatahendra/video/7633065465987828999,2026-04-26 20:52:25,True
doktermatahendra,7627785045922630920,https://www.tiktok.com/@doktermatahendra/video/7627785045922630920,2026-04-12 15:21:41,True
doktermatahendra,7627135647698013447,https://www.tiktok.com/@doktermatahendra/video/7627135647698013447,2026-04-10 21:21:42,True
doktermatahendra,7626355976601455880,https://www.tiktok.com/@doktermatahendra/video/7626355976601455880,2026-04-08 18:56:10,True
doktermatahendra,7625202734555352338,https://www.tiktok.com/@doktermatahendra/video/7625202734555352338,2026-04-05 16:21:00,True
doktermatahendra,7624506051420769544,https://www.tiktok.com/@doktermatahendra/video/7624506051420769544,2026-04-03 19:17:31,True
doktermatahendra,7624079527257558290,https://www.tiktok.com/@doktermatahendra/video/7624079527257558290,2026-04-02 15:42:23,True
doktermatahendra,7622702648675798290,https://www.tiktok.com/@doktermatahendra/video/7622702648675798290,2026-03-29 22:39:24,True
doktermatahendra,7622118628535586066,https://www.tiktok.com/@doktermatahendra/video/7622118628535586066,2026-03-28 08:53:06,True
doktermatahendra,7621177824950373650,https://www.tiktok.com/@doktermatahendra/video/7621177824950373650,2026-03-25 20:02:18,True
doktermatahendra,7619964331454680341,https://www.tiktok.com/@doktermatahendra/video/7619964331454680341,2026-03-22 13:33:19,True
doktermatahendra,7618665144335240466,https://www.tiktok.com/@doktermatahendra/video/7618665144335240466,2026-03-19 01:31:49,True
doktermatahendra,7618142731772103957,https://www.tiktok.com/@doktermatahendra/video/7618142731772103957,2026-03-17 15:44:35,True
doktermatahendra,7617433019384728840,https://www.tiktok.com/@doktermatahendra/video/7617433019384728840,2026-03-15 17:50:32,True
doktermatahendra,7617027312151776519,https://www.tiktok.com/@doktermatahendra/video/7617027312151776519,2026-03-14 15:36:11,True
doktermatahendra,7616183306886843668,https://www.tiktok.com/@doktermatahendra/video/7616183306886843668,2026-03-12 09:01:01,True
doktermatahendra,7615611675009355015,https://www.tiktok.com/@doktermatahendra/video/7615611675009355015,2026-03-10 20:02:48,True
doktermatahendra,7614878686856138002,https://www.tiktok.com/@doktermatahendra/video/7614878686856138002,2026-03-08 20:38:26,True
doktermatahendra,7614487653475536135,https://www.tiktok.com/@doktermatahendra/video/7614487653475536135,2026-03-07 19:21:01,True
doktermatahendra,7614068026844941576,https://www.tiktok.com/@doktermatahendra/video/7614068026844941576,2026-03-06 16:12:39,True
doktermatahendra,7613723072163564808,https://www.tiktok.com/@doktermatahendra/video/7613723072163564808,2026-03-05 17:54:03,True
doktermatahendra,7613349882371378450,https://www.tiktok.com/@doktermatahendra/video/7613349882371378450,2026-03-04 17:45:53,True
doktermatahendra,7612900716180425992,https://www.tiktok.com/@doktermatahendra/video/7612900716180425992,2026-03-03 12:42:53,True
doktermatahendra,7612591807653858567,https://www.tiktok.com/@doktermatahendra/video/7612591807653858567,2026-03-02 16:44:10,True
doktermatahendra,7611893440246238472,https://www.tiktok.com/@doktermatahendra/video/7611893440246238472,2026-02-28 19:34:09,True
doktermatahendra,7611544467203525906,https://www.tiktok.com/@doktermatahendra/video/7611544467203525906,2026-02-27 20:59:57,True
doktermatahendra,7611188579032665351,https://www.tiktok.com/@doktermatahendra/video/7611188579032665351,2026-02-26 21:58:55,True
doktermatahendra,7610367373228477704,https://www.tiktok.com/@doktermatahendra/video/7610367373228477704,2026-02-24 16:52:13,True
doktermatahendra,7609530917035592968,https://www.tiktok.com/@doktermatahendra/video/7609530917035592968,2026-02-22 10:46:21,True
doktermatahendra,7608123960479304968,https://www.tiktok.com/@doktermatahendra/video/7608123960479304968,2026-02-18 15:46:38,True
doktermatahendra,7607887879095717128,https://www.tiktok.com/@doktermatahendra/video/7607887879095717128,2026-02-18 00:30:31,True
doktermatahendra,7607887785575451922,https://www.tiktok.com/@doktermatahendra/video/7607887785575451922,2026-02-18 00:30:09,True
doktermatahendra,7607044950831795474,https://www.tiktok.com/@doktermatahendra/video/7607044950831795474,2026-02-15 17:59:32,True
doktermatahendra,7606360797736111367,https://www.tiktok.com/@doktermatahendra/video/7606360797736111367,2026-02-13 21:44:40,True
doktermatahendra,7605784602812206354,https://www.tiktok.com/@doktermatahendra/video/7605784602812206354,2026-02-12 08:28:44,True
doktermatahendra,7604866309939006738,https://www.tiktok.com/@doktermatahendra/video/7604866309939006738,2026-02-09 21:05:17,True
doktermatahendra,7604528533100170514,https://www.tiktok.com/@doktermatahendra/video/7604528533100170514,2026-02-08 23:14:33,True
doktermatahendra,7602292248071441671,https://www.tiktok.com/@doktermatahendra/video/7602292248071441671,2026-02-02 22:36:37,True
doktermatahendra,7601814031023869191,https://www.tiktok.com/@doktermatahendra/video/7601814031023869191,2026-02-01 15:40:53,True
doktermatahendra,7601468509582953746,https://www.tiktok.com/@doktermatahendra/video/7601468509582953746,2026-01-31 17:20:05,True
doktermatahendra,7601140378280021255,https://www.tiktok.com/@doktermatahendra/video/7601140378280021255,2026-01-30 20:06:46,True
doktermatahendra,7600278749782740231,https://www.tiktok.com/@doktermatahendra/video/7600278749782740231,2026-01-28 12:23:13,True
doktermatahendra,7599337544962067730,https://www.tiktok.com/@doktermatahendra/video/7599337544962067730,2026-01-25 23:30:51,True
doktermatahendra,7598966742026587399,https://www.tiktok.com/@doktermatahendra/video/7598966742026587399,2026-01-24 23:31:57,True
doktermatahendra,7598551568929295624,https://www.tiktok.com/@doktermatahendra/video/7598551568929295624,2026-01-23 20:40:52,True
doktermatahendra,7598209133728288007,https://www.tiktok.com/@doktermatahendra/video/7598209133728288007,2026-01-22 22:32:03,True
doktermatahendra,7597814177465437447,https://www.tiktok.com/@doktermatahendra/video/7597814177465437447,2026-01-21 20:59:25,True
doktermatahendra,7596677087725931783,https://www.tiktok.com/@doktermatahendra/video/7596677087725931783,2026-01-18 19:26:55,True
doktermatahendra,7596347642121047314,https://www.tiktok.com/@doktermatahendra/video/7596347642121047314,2026-01-17 22:08:30,True
doktermatahendra,7595811554596064519,https://www.tiktok.com/@doktermatahendra/video/7595811554596064519,2026-01-16 11:28:13,True
doktermatahendra,7594456345517018376,https://www.tiktok.com/@doktermatahendra/video/7594456345517018376,2026-01-12 19:49:19,True
doktermatahendra,7593979427604712711,https://www.tiktok.com/@doktermatahendra/video/7593979427604712711,2026-01-11 12:58:38,True
doktermatahendra,7593753975011249415,https://www.tiktok.com/@doktermatahendra/video/7593753975011249415,2026-01-10 22:23:45,True
doktermatahendra,7592995771671203079,https://www.tiktok.com/@doktermatahendra/video/7592995771671203079,2026-01-08 21:21:32,True
doktermatahendra,7592616715201154322,https://www.tiktok.com/@doktermatahendra/video/7592616715201154322,2026-01-07 20:50:36,True
doktermatahendra,7591009901636242695,https://www.tiktok.com/@doktermatahendra/video/7591009901636242695,2026-01-03 12:55:21,True
doktermatahendra,7589926876890631442,https://www.tiktok.com/@doktermatahendra/video/7589926876890631442,2025-12-31 14:52:40,False
doktermesty,7376644511193189638,https://www.tiktok.com/@doktermesty/video/7376644511193189638,2024-06-04 20:48:09,False
doktermesty,7444893742076579127,https://www.tiktok.com/@doktermesty/video/7444893742076579127,2024-12-05 18:50:01,False
doktermesty,7442215399325748535,https://www.tiktok.com/@doktermesty/video/7442215399325748535,2024-11-28 13:36:41,False
doktermesty,7441436934745902392,https://www.tiktok.com/@doktermesty/video/7441436934745902392,2024-11-26 11:15:51,False
doktermesty,7439911655116377400,https://www.tiktok.com/@doktermesty/video/7439911655116377400,2024-11-22 08:36:59,False
doktermesty,7439191227200703800,https://www.tiktok.com/@doktermesty/video/7439191227200703800,2024-11-20 10:01:21,False
dokternadiyah,7589950679767436564,https://www.tiktok.com/@dokternadiyah/video/7589950679767436564,2025-12-31 16:25:02,False
dokternadiyah,7570021606664211720,https://www.tiktok.com/@dokternadiyah/video/7570021606664211720,2025-11-07 23:30:03,False
dokternadiyah,7515379633034972423,https://www.tiktok.com/@dokternadiyah/video/7515379633034972423,2025-06-13 17:31:17,False
dokternadiyah,7680211472030453012,https://www.tiktok.com/@dokternadiyah/video/7680211472030453012,2026-08-31 22:03:00,True
dokternadiyah,7678710319962721557,https://www.tiktok.com/@dokternadiyah/video/7678710319962721557,2026-08-27 20:57:46,True
dokternadiyah,7676834990524484885,https://www.tiktok.com/@dokternadiyah/video/7676834990524484885,2026-08-22 19:40:32,True
dokternadiyah,7676423802066193685,https://www.tiktok.com/@dokternadiyah/video/7676423802066193685,2026-08-21 17:04:54,True
dokternadiyah,7673145781590723860,https://www.tiktok.com/@dokternadiyah/video/7673145781590723860,2026-08-12 21:04:31,True
dokternadiyah,7672419927915040020,https://www.tiktok.com/@dokternadiyah/video/7672419927915040020,2026-08-10 22:07:50,True
dokternadiyah,7672028399426145557,https://www.tiktok.com/@dokternadiyah/video/7672028399426145557,2026-08-09 20:48:30,True
dokternadiyah,7671964994971389204,https://www.tiktok.com/@dokternadiyah/video/7671964994971389204,2026-08-09 16:42:27,True
dokternadiyah,7670936962101955861,https://www.tiktok.com/@dokternadiyah/video/7670936962101955861,2026-08-06 22:13:10,True
dokternadiyah,7670563761538927893,https://www.tiktok.com/@dokternadiyah/video/7670563761538927893,2026-08-05 22:04:57,True
dokternadiyah,7669438729538718996,https://www.tiktok.com/@dokternadiyah/video/7669438729538718996,2026-08-02 21:19:15,True
dokternadiyah,7667976801301368085,https://www.tiktok.com/@dokternadiyah/video/7667976801301368085,2026-07-29 22:46:14,True
dokternadiyah,7666792197546659093,https://www.tiktok.com/@dokternadiyah/video/7666792197546659093,2026-07-26 18:09:22,True
dokternadiyah,7666114364314864916,https://www.tiktok.com/@dokternadiyah/video/7666114364314864916,2026-07-24 22:19:01,True
dokternadiyah,7664620707447557397,https://www.tiktok.com/@dokternadiyah/video/7664620707447557397,2026-07-20 21:42:52,True
dokternadiyah,7663139954213588244,https://www.tiktok.com/@dokternadiyah/video/7663139954213588244,2026-07-16 21:56:47,True
dokternadiyah,7662755012543663380,https://www.tiktok.com/@dokternadiyah/video/7662755012543663380,2026-07-15 21:03:01,True
dokternadiyah,7662017615086275860,https://www.tiktok.com/@dokternadiyah/video/7662017615086275860,2026-07-13 21:21:33,True
dokternadiyah,7660890152784497940,https://www.tiktok.com/@dokternadiyah/video/7660890152784497940,2026-07-10 20:26:25,True
dokternadiyah,7660181322752658709,https://www.tiktok.com/@dokternadiyah/video/7660181322752658709,2026-07-08 22:35:47,True
dokternadiyah,7659085214144122132,https://www.tiktok.com/@dokternadiyah/video/7659085214144122132,2026-07-05 23:42:20,True
dokternadiyah,7657610172365393173,https://www.tiktok.com/@dokternadiyah/video/7657610172365393173,2026-07-02 00:18:25,True
dokternadiyah,7656484037397204244,https://www.tiktok.com/@dokternadiyah/video/7656484037397204244,2026-06-28 23:28:26,True
dokternadiyah,7656102064430337301,https://www.tiktok.com/@dokternadiyah/video/7656102064430337301,2026-06-27 22:46:11,True
dokternadiyah,7654976088774413589,https://www.tiktok.com/@dokternadiyah/video/7654976088774413589,2026-06-24 21:56:49,True
dokternadiyah,7654610252809211157,https://www.tiktok.com/@dokternadiyah/video/7654610252809211157,2026-06-23 22:17:12,True
dokternadiyah,7654236273602792725,https://www.tiktok.com/@dokternadiyah/video/7654236273602792725,2026-06-22 22:05:58,True
dokternadiyah,7653872187610385685,https://www.tiktok.com/@dokternadiyah/video/7653872187610385685,2026-06-21 22:33:07,True
dokternadiyah,7653482216563019028,https://www.tiktok.com/@dokternadiyah/video/7653482216563019028,2026-06-20 21:19:50,True
dokternadiyah,7652022515430133013,https://www.tiktok.com/@dokternadiyah/video/7652022515430133013,2026-06-16 22:55:27,True
dokternadiyah,7651253213965913365,https://www.tiktok.com/@dokternadiyah/video/7651253213965913365,2026-06-14 21:10:10,True
dokternadiyah,7651075385479761173,https://www.tiktok.com/@dokternadiyah/video/7651075385479761173,2026-06-14 09:40:06,True
dokternadiyah,7650497991484296469,https://www.tiktok.com/@dokternadiyah/video/7650497991484296469,2026-06-12 20:19:31,True
dokternadiyah,7649380791260122389,https://www.tiktok.com/@dokternadiyah/video/7649380791260122389,2026-06-09 20:04:13,True
dokternadiyah,7648676664284646676,https://www.tiktok.com/@dokternadiyah/video/7648676664284646676,2026-06-07 22:31:50,True
dokternadiyah,7647917475501264149,https://www.tiktok.com/@dokternadiyah/video/7647917475501264149,2026-06-05 21:25:48,True
dokternadiyah,7647542457823022356,https://www.tiktok.com/@dokternadiyah/video/7647542457823022356,2026-06-04 21:10:32,True
dokternadiyah,7647157215534664980,https://www.tiktok.com/@dokternadiyah/video/7647157215534664980,2026-06-03 20:15:36,True
dokternadiyah,7646060486085496084,https://www.tiktok.com/@dokternadiyah/video/7646060486085496084,2026-05-31 21:19:44,True
dokternadiyah,7645331217235397908,https://www.tiktok.com/@dokternadiyah/video/7645331217235397908,2026-05-29 22:09:48,True
dokternadiyah,7644593964338793748,https://www.tiktok.com/@dokternadiyah/video/7644593964338793748,2026-05-27 22:28:53,True
dokternadiyah,7643821540311715092,https://www.tiktok.com/@dokternadiyah/video/7643821540311715092,2026-05-25 20:31:29,True
dokternadiyah,7643058981992287508,https://www.tiktok.com/@dokternadiyah/video/7643058981992287508,2026-05-23 19:12:22,True
dokternadiyah,7642710121990245653,https://www.tiktok.com/@dokternadiyah/video/7642710121990245653,2026-05-22 20:38:36,True
dokternadiyah,7642149557052214549,https://www.tiktok.com/@dokternadiyah/video/7642149557052214549,2026-05-21 08:23:20,True
dokternadiyah,7635678013551594773,https://www.tiktok.com/@dokternadiyah/video/7635678013551594773,2026-05-03 21:50:26,True
dokternadiyah,7634564803020754196,https://www.tiktok.com/@dokternadiyah/video/7634564803020754196,2026-04-30 21:50:37,True
dokternadiyah,7634192318211394837,https://www.tiktok.com/@dokternadiyah/video/7634192318211394837,2026-04-29 21:45:11,True
dokternadiyah,7632316302736002325,https://www.tiktok.com/@dokternadiyah/video/7632316302736002325,2026-04-24 20:25:17,True
dokternadiyah,7631624278982626581,https://www.tiktok.com/@dokternadiyah/video/7631624278982626581,2026-04-22 23:39:53,True
dokternadiyah,7631125163966237972,https://www.tiktok.com/@dokternadiyah/video/7631125163966237972,2026-04-21 15:23:03,True
dokternadiyah,7630100171631676692,https://www.tiktok.com/@dokternadiyah/video/7630100171631676692,2026-04-18 21:05:34,True
dokternadiyah,7629737700693708053,https://www.tiktok.com/@dokternadiyah/video/7629737700693708053,2026-04-17 21:38:59,True
dokternadiyah,7629323880427097364,https://www.tiktok.com/@dokternadiyah/video/7629323880427097364,2026-04-16 18:53:09,True
dokternadiyah,7628626173001469205,https://www.tiktok.com/@dokternadiyah/video/7628626173001469205,2026-04-14 21:45:42,True
dokternadiyah,7627487661778914580,https://www.tiktok.com/@dokternadiyah/video/7627487661778914580,2026-04-11 20:07:41,True
dokternadiyah,7626975700821495061,https://www.tiktok.com/@dokternadiyah/video/7626975700821495061,2026-04-10 11:01:01,True
dokternadiyah,7626549176339352853,https://www.tiktok.com/@dokternadiyah/video/7626549176339352853,2026-04-09 07:25:53,True
dokternadiyah,7625944833122716949,https://www.tiktok.com/@dokternadiyah/video/7625944833122716949,2026-04-07 16:20:43,True
dokternadiyah,7624925131688742165,https://www.tiktok.com/@dokternadiyah/video/7624925131688742165,2026-04-04 22:23:46,True
dokternadiyah,7624559079372999957,https://www.tiktok.com/@dokternadiyah/video/7624559079372999957,2026-04-03 22:43:18,True
dokternadiyah,7624125119123737877,https://www.tiktok.com/@dokternadiyah/video/7624125119123737877,2026-04-02 18:39:18,True
dokternadiyah,7623763081084013844,https://www.tiktok.com/@dokternadiyah/video/7623763081084013844,2026-04-01 19:14:25,True
dokternadiyah,7623665132912397589,https://www.tiktok.com/@dokternadiyah/video/7623665132912397589,2026-04-01 12:54:19,True
dokternadiyah,7623056713700183317,https://www.tiktok.com/@dokternadiyah/video/7623056713700183317,2026-03-30 21:33:21,True
dokternadiyah,7621560956434255124,https://www.tiktok.com/@dokternadiyah/video/7621560956434255124,2026-03-26 20:49:03,True
dokternadiyah,7620808453640015124,https://www.tiktok.com/@dokternadiyah/video/7620808453640015124,2026-03-24 20:08:57,True
dokternadiyah,7619389085857123604,https://www.tiktok.com/@dokternadiyah/video/7619389085857123604,2026-03-21 00:21:05,True
dokternadiyah,7619324769254657300,https://www.tiktok.com/@dokternadiyah/video/7619324769254657300,2026-03-20 20:11:30,True
dokternadiyah,7618696164732374292,https://www.tiktok.com/@dokternadiyah/video/7618696164732374292,2026-03-19 03:32:11,True
dokternadiyah,7617541543779503381,https://www.tiktok.com/@dokternadiyah/video/7617541543779503381,2026-03-16 00:51:40,True
dokternadiyah,7617166674558569749,https://www.tiktok.com/@dokternadiyah/video/7617166674558569749,2026-03-15 00:36:59,True
dokternadiyah,7616761757339733269,https://www.tiktok.com/@dokternadiyah/video/7616761757339733269,2026-03-13 22:25:42,True
dokternadiyah,7615746727793954068,https://www.tiktok.com/@dokternadiyah/video/7615746727793954068,2026-03-11 04:46:52,True
dokternadiyah,7615294958047907093,https://www.tiktok.com/@dokternadiyah/video/7615294958047907093,2026-03-09 23:33:46,True
dokternadiyah,7613062343395757333,https://www.tiktok.com/@dokternadiyah/video/7613062343395757333,2026-03-03 23:10:05,True
dokternadiyah,7611957571309571349,https://www.tiktok.com/@dokternadiyah/video/7611957571309571349,2026-02-28 23:43:00,True
dokternadiyah,7611651607159164180,https://www.tiktok.com/@dokternadiyah/video/7611651607159164180,2026-02-28 03:55:42,True
dokternadiyah,7611330462224518421,https://www.tiktok.com/@dokternadiyah/video/7611330462224518421,2026-02-27 07:09:30,True
dokternadiyah,7610868863475010837,https://www.tiktok.com/@dokternadiyah/video/7610868863475010837,2026-02-26 01:18:16,True
dokternadiyah,7610434664062536981,https://www.tiktok.com/@dokternadiyah/video/7610434664062536981,2026-02-24 21:13:21,True
dokternadiyah,7609709890843462932,https://www.tiktok.com/@dokternadiyah/video/7609709890843462932,2026-02-22 22:20:51,True
dokternadiyah,7609006418871536917,https://www.tiktok.com/@dokternadiyah/video/7609006418871536917,2026-02-21 00:51:02,True
dokternadiyah,7608517712192589077,https://www.tiktok.com/@dokternadiyah/video/7608517712192589077,2026-02-19 17:14:36,True
dokternadiyah,7607824969854110996,https://www.tiktok.com/@dokternadiyah/video/7607824969854110996,2026-02-17 20:26:24,True
dokternadiyah,7607451368927792405,https://www.tiktok.com/@dokternadiyah/video/7607451368927792405,2026-02-16 20:16:38,True
dokternadiyah,7607053607040503061,https://www.tiktok.com/@dokternadiyah/video/7607053607040503061,2026-02-15 18:33:07,True
dokternadiyah,7606693809094757652,https://www.tiktok.com/@dokternadiyah/video/7606693809094757652,2026-02-14 19:16:55,True
dokternadiyah,7606318999625813269,https://www.tiktok.com/@dokternadiyah/video/7606318999625813269,2026-02-13 19:02:28,True
dokternadiyah,7605607854380190996,https://www.tiktok.com/@dokternadiyah/video/7605607854380190996,2026-02-11 21:02:52,True
dokternadiyah,7605263761372351764,https://www.tiktok.com/@dokternadiyah/video/7605263761372351764,2026-02-10 22:47:36,True
dokternadiyah,7604865540896640277,https://www.tiktok.com/@dokternadiyah/video/7604865540896640277,2026-02-09 21:02:18,True
dokternadiyah,7604471362450869524,https://www.tiktok.com/@dokternadiyah/video/7604471362450869524,2026-02-08 19:32:41,True
dokternadiyah,7603629299530255637,https://www.tiktok.com/@dokternadiyah/video/7603629299530255637,2026-02-06 13:05:03,True
dokternadiyah,7602982143794416916,https://www.tiktok.com/@dokternadiyah/video/7602982143794416916,2026-02-04 19:13:46,True
dokternadiyah,7602581761029098773,https://www.tiktok.com/@dokternadiyah/video/7602581761029098773,2026-02-03 17:20:04,True
dokternadiyah,7602150359103999252,https://www.tiktok.com/@dokternadiyah/video/7602150359103999252,2026-02-02 13:26:01,True
dokternadiyah,7601361396558875925,https://www.tiktok.com/@dokternadiyah/video/7601361396558875925,2026-01-31 10:24:26,True
dokternadiyah,7600018993138666773,https://www.tiktok.com/@dokternadiyah/video/7600018993138666773,2026-01-27 19:35:13,True
dokternadiyah,7599626750485744916,https://www.tiktok.com/@dokternadiyah/video/7599626750485744916,2026-01-26 18:13:07,True
dokternadiyah,7598917060625763592,https://www.tiktok.com/@dokternadiyah/video/7598917060625763592,2026-01-24 20:19:10,True
dokternadiyah,7598350061424217362,https://www.tiktok.com/@dokternadiyah/video/7598350061424217362,2026-01-23 07:38:55,True
dokternadiyah,7597681131026222344,https://www.tiktok.com/@dokternadiyah/video/7597681131026222344,2026-01-21 12:23:08,True
dokternadiyah,7597082484777569543,https://www.tiktok.com/@dokternadiyah/video/7597082484777569543,2026-01-19 21:40:04,True
dokternadiyah,7596364037366041874,https://www.tiktok.com/@dokternadiyah/video/7596364037366041874,2026-01-17 23:12:08,True
dokternadiyah,7595951274340683016,https://www.tiktok.com/@dokternadiyah/video/7595951274340683016,2026-01-16 20:30:24,True
dokternadiyah,7595306899461917959,https://www.tiktok.com/@dokternadiyah/video/7595306899461917959,2026-01-15 02:49:54,True
dokternadiyah,7594819223738748167,https://www.tiktok.com/@dokternadiyah/video/7594819223738748167,2026-01-13 19:17:28,True
dokternadiyah,7594330981990010119,https://www.tiktok.com/@dokternadiyah/video/7594330981990010119,2026-01-12 11:42:50,True
dokternadiyah,7593950369902759186,https://www.tiktok.com/@dokternadiyah/video/7593950369902759186,2026-01-11 11:05:52,True
dokternadiyah,7593311189896121607,https://www.tiktok.com/@dokternadiyah/video/7593311189896121607,2026-01-09 17:45:31,True
dokternadiyah,7592654312979860744,https://www.tiktok.com/@dokternadiyah/video/7592654312979860744,2026-01-07 23:16:30,True
dokternadiyah,7591913994948988181,https://www.tiktok.com/@dokternadiyah/video/7591913994948988181,2026-01-05 23:23:42,True
dokternadiyah,7590964030274112789,https://www.tiktok.com/@dokternadiyah/video/7590964030274112789,2026-01-03 09:57:21,True
dokternadiyah,7590419257247223060,https://www.tiktok.com/@dokternadiyah/video/7590419257247223060,2026-01-01 22:43:21,True
dokternadiyah,7589566937370479893,https://www.tiktok.com/@dokternadiyah/video/7589566937370479893,2025-12-30 15:35:55,False
dr.deamaulidia,7547567363563048197,https://www.tiktok.com/@dr.deamaulidia/video/7547567363563048197,2025-09-08 11:16:07,False
dr.deamaulidia,7343240305019309317,https://www.tiktok.com/@dr.deamaulidia/video/7343240305019309317,2024-03-06 20:22:46,False
dr.deamaulidia,7318547738562432261,https://www.tiktok.com/@dr.deamaulidia/video/7318547738562432261,2023-12-31 07:23:00,False
dr.deamaulidia,7675250575667252488,https://www.tiktok.com/@dr.deamaulidia/video/7675250575667252488,2026-08-18 13:12:11,True
dr.deamaulidia,7673755162007260424,https://www.tiktok.com/@dr.deamaulidia/video/7673755162007260424,2026-08-14 12:29:13,True
dr.deamaulidia,7669809962524101896,https://www.tiktok.com/@dr.deamaulidia/video/7669809962524101896,2026-08-03 21:19:50,True
dr.deamaulidia,7668327648476597512,https://www.tiktok.com/@dr.deamaulidia/video/7668327648476597512,2026-07-30 21:27:42,True
dr.deamaulidia,7667912191030480146,https://www.tiktok.com/@dr.deamaulidia/video/7667912191030480146,2026-07-29 18:35:30,True
dr.deamaulidia,7665659874138721544,https://www.tiktok.com/@dr.deamaulidia/video/7665659874138721544,2026-07-23 16:55:22,True
dr.deamaulidia,7659010130150870280,https://www.tiktok.com/@dr.deamaulidia/video/7659010130150870280,2026-07-05 18:50:58,True
dr.deamaulidia,7657464845154962696,https://www.tiktok.com/@dr.deamaulidia/video/7657464845154962696,2026-07-01 14:54:28,True
dr.deamaulidia,7656811618860322066,https://www.tiktok.com/@dr.deamaulidia/video/7656811618860322066,2026-06-29 20:39:37,True
dr.deamaulidia,7651242826918939912,https://www.tiktok.com/@dr.deamaulidia/video/7651242826918939912,2026-06-14 20:29:52,True
dr.deamaulidia,7650012779226811655,https://www.tiktok.com/@dr.deamaulidia/video/7650012779226811655,2026-06-11 12:56:39,True
dr.deamaulidia,7639360904798145800,https://www.tiktok.com/@dr.deamaulidia/video/7639360904798145800,2026-05-13 20:01:56,True
dr.deamaulidia,7638619051366878472,https://www.tiktok.com/@dr.deamaulidia/video/7638619051366878472,2026-05-11 20:03:10,True
dr.deamaulidia,7638251084321983762,https://www.tiktok.com/@dr.deamaulidia/video/7638251084321983762,2026-05-10 20:15:16,True
dr.deamaulidia,7637665899574463752,https://www.tiktok.com/@dr.deamaulidia/video/7637665899574463752,2026-05-09 06:24:27,True
dr.deamaulidia,7637657009734602002,https://www.tiktok.com/@dr.deamaulidia/video/7637657009734602002,2026-05-09 05:49:57,True
dr.deamaulidia,7635990221070372103,https://www.tiktok.com/@dr.deamaulidia/video/7635990221070372103,2026-05-04 18:01:58,True
dr.deamaulidia,7635595995400785160,https://www.tiktok.com/@dr.deamaulidia/video/7635595995400785160,2026-05-03 16:32:10,True
dr.deamaulidia,7635243429999512850,https://www.tiktok.com/@dr.deamaulidia/video/7635243429999512850,2026-05-02 17:44:02,True
dr.deamaulidia,7634930306893630728,https://www.tiktok.com/@dr.deamaulidia/video/7634930306893630728,2026-05-01 21:28:57,True
dr.deamaulidia,7634541928180174098,https://www.tiktok.com/@dr.deamaulidia/video/7634541928180174098,2026-04-30 20:21:51,True
dr.deamaulidia,7634469431917235463,https://www.tiktok.com/@dr.deamaulidia/video/7634469431917235463,2026-04-30 15:40:31,True
dr.deamaulidia,7634111033367350535,https://www.tiktok.com/@dr.deamaulidia/video/7634111033367350535,2026-04-29 16:29:45,True
dr.deamaulidia,7627086225802906898,https://www.tiktok.com/@dr.deamaulidia/video/7627086225802906898,2026-04-10 18:09:55,True
dr.deamaulidia,7623676306873617672,https://www.tiktok.com/@dr.deamaulidia/video/7623676306873617672,2026-04-01 13:37:41,True
dr.deamaulidia,7613973890154433800,https://www.tiktok.com/@dr.deamaulidia/video/7613973890154433800,2026-03-06 10:07:21,True
dr.deamaulidia,7613740320240438536,https://www.tiktok.com/@dr.deamaulidia/video/7613740320240438536,2026-03-05 19:00:59,True
dr.deamaulidia,7612551747311127826,https://www.tiktok.com/@dr.deamaulidia/video/7612551747311127826,2026-03-02 14:08:43,True
dr.deamaulidia,7609976624548793608,https://www.tiktok.com/@dr.deamaulidia/video/7609976624548793608,2026-02-23 15:35:55,True
dr.deamaulidia,7609319201244728584,https://www.tiktok.com/@dr.deamaulidia/video/7609319201244728584,2026-02-21 21:04:47,True
dr.deamaulidia,7609279104214420754,https://www.tiktok.com/@dr.deamaulidia/video/7609279104214420754,2026-02-21 18:29:11,True
dr.deamaulidia,7609035943445630215,https://www.tiktok.com/@dr.deamaulidia/video/7609035943445630215,2026-02-21 02:45:36,True
dr.deamaulidia,7608355297043795218,https://www.tiktok.com/@dr.deamaulidia/video/7608355297043795218,2026-02-19 06:44:20,True
dr.deamaulidia,7607409568120966408,https://www.tiktok.com/@dr.deamaulidia/video/7607409568120966408,2026-02-16 17:34:26,True
dr.deamaulidia,7607164068188785927,https://www.tiktok.com/@dr.deamaulidia/video/7607164068188785927,2026-02-16 01:41:46,True
dr.deamaulidia,7605883817617788178,https://www.tiktok.com/@dr.deamaulidia/video/7605883817617788178,2026-02-12 14:53:44,True
dr.deamaulidia,7605143870602562824,https://www.tiktok.com/@dr.deamaulidia/video/7605143870602562824,2026-02-10 15:02:22,True
dr.deamaulidia,7601125338281757959,https://www.tiktok.com/@dr.deamaulidia/video/7601125338281757959,2026-01-30 19:08:25,True
dr.deamaulidia,7595918075774487826,https://www.tiktok.com/@dr.deamaulidia/video/7595918075774487826,2026-01-16 18:21:34,True
dr.deamaulidia,7590545609573092615,https://www.tiktok.com/@dr.deamaulidia/video/7590545609573092615,2026-01-02 06:53:39,True
dr.deamaulidia,7590317929820966152,https://www.tiktok.com/@dr.deamaulidia/video/7590317929820966152,2026-01-01 16:10:09,True
dr.deamaulidia,7590255121834052871,https://www.tiktok.com/@dr.deamaulidia/video/7590255121834052871,2026-01-01 12:06:25,True
dr.deamaulidia,7589655866463374599,https://www.tiktok.com/@dr.deamaulidia/video/7589655866463374599,2025-12-30 21:21:00,False
dr.ziee,7679442005386087688,https://www.tiktok.com/@dr.ziee/video/7679442005386087688,2026-08-29 20:17:05,True
dr.ziee,7679279638023130375,https://www.tiktok.com/@dr.ziee/video/7679279638023130375,2026-08-29 09:47:00,True
dr.ziee,7678909866022292743,https://www.tiktok.com/@dr.ziee/video/7678909866022292743,2026-08-28 09:52:06,True
dr.ziee,7678303206883347730,https://www.tiktok.com/@dr.ziee/video/7678303206883347730,2026-08-26 18:37:57,True
dr.ziee,7677939130021596434,https://www.tiktok.com/@dr.ziee/video/7677939130021596434,2026-08-25 19:05:09,True
dr.ziee,7677510087975488775,https://www.tiktok.com/@dr.ziee/video/7677510087975488775,2026-08-24 15:20:15,True
dr.ziee,7676781477383703826,https://www.tiktok.com/@dr.ziee/video/7676781477383703826,2026-08-22 16:12:52,True
dr.ziee,7676720550365957394,https://www.tiktok.com/@dr.ziee/video/7676720550365957394,2026-08-22 12:16:26,True
dr.ziee,7676438395035438343,https://www.tiktok.com/@dr.ziee/video/7676438395035438343,2026-08-21 18:01:32,True
dr.ziee,7676058958766804242,https://www.tiktok.com/@dr.ziee/video/7676058958766804242,2026-08-20 17:29:08,True
dr.ziee,7675707841256148232,https://www.tiktok.com/@dr.ziee/video/7675707841256148232,2026-08-19 18:46:37,True
dr.ziee,7674140945390079239,https://www.tiktok.com/@dr.ziee/video/7674140945390079239,2026-08-15 13:26:15,True
dr.ziee,7673845122127236360,https://www.tiktok.com/@dr.ziee/video/7673845122127236360,2026-08-14 18:18:19,True
dr.ziee,7673419551169711378,https://www.tiktok.com/@dr.ziee/video/7673419551169711378,2026-08-13 14:46:53,True
dr.ziee,7671872699047693576,https://www.tiktok.com/@dr.ziee/video/7671872699047693576,2026-08-09 10:44:18,True
dr.ziee,7670770879294426375,https://www.tiktok.com/@dr.ziee/video/7670770879294426375,2026-08-06 11:28:41,True
dr.ziee,7670106566607047944,https://www.tiktok.com/@dr.ziee/video/7670106566607047944,2026-08-04 16:30:48,True
dr.ziee,7669669768403668232,https://www.tiktok.com/@dr.ziee/video/7669669768403668232,2026-08-03 12:15:48,True
dr.ziee,7667572206171409672,https://www.tiktok.com/@dr.ziee/video/7667572206171409672,2026-07-28 20:36:12,True
dr.ziee,7666037061480238343,https://www.tiktok.com/@dr.ziee/video/7666037061480238343,2026-07-24 17:19:03,True
dr.ziee,7665564506000477448,https://www.tiktok.com/@dr.ziee/video/7665564506000477448,2026-07-23 10:45:17,True
dr.ziee,7664910243545025799,https://www.tiktok.com/@dr.ziee/video/7664910243545025799,2026-07-21 16:26:25,True
dr.ziee,7664070642429463816,https://www.tiktok.com/@dr.ziee/video/7664070642429463816,2026-07-19 10:08:20,True
dr.ziee,7663440162407468296,https://www.tiktok.com/@dr.ziee/video/7663440162407468296,2026-07-17 17:21:45,True
dr.ziee,7663082856285113618,https://www.tiktok.com/@dr.ziee/video/7663082856285113618,2026-07-16 18:15:13,True
dr.ziee,7662708445346352402,https://www.tiktok.com/@dr.ziee/video/7662708445346352402,2026-07-15 18:02:19,True
dr.ziee,7661955971064794375,https://www.tiktok.com/@dr.ziee/video/7661955971064794375,2026-07-13 17:22:20,True
dr.ziee,7660826391507766546,https://www.tiktok.com/@dr.ziee/video/7660826391507766546,2026-07-10 16:18:59,True
dr.ziee,7659762763333471496,https://www.tiktok.com/@dr.ziee/video/7659762763333471496,2026-07-07 19:31:34,True
dr.ziee,7657803966780099847,https://www.tiktok.com/@dr.ziee/video/7657803966780099847,2026-07-02 12:50:26,True
dr.ziee,7657503048905788680,https://www.tiktok.com/@dr.ziee/video/7657503048905788680,2026-07-01 17:22:43,True
dr.ziee,7657059479732636935,https://www.tiktok.com/@dr.ziee/video/7657059479732636935,2026-06-30 12:41:27,True
dr.ziee,7656425512948010247,https://www.tiktok.com/@dr.ziee/video/7656425512948010247,2026-06-28 19:41:20,True
dr.ziee,7654558339354922258,https://www.tiktok.com/@dr.ziee/video/7654558339354922258,2026-06-23 18:55:45,True
dr.ziee,7654198547910380807,https://www.tiktok.com/@dr.ziee/video/7654198547910380807,2026-06-22 19:39:34,True
dr.ziee,7651984292633005330,https://www.tiktok.com/@dr.ziee/video/7651984292633005330,2026-06-16 20:27:08,True
dr.ziee,7651237156614130951,https://www.tiktok.com/@dr.ziee/video/7651237156614130951,2026-06-14 20:07:51,True
dr.ziee,7651073229125143826,https://www.tiktok.com/@dr.ziee/video/7651073229125143826,2026-06-14 09:31:44,True
dr.ziee,7650084995951774983,https://www.tiktok.com/@dr.ziee/video/7650084995951774983,2026-06-11 17:36:53,True
dr.ziee,7649995129259855111,https://www.tiktok.com/@dr.ziee/video/7649995129259855111,2026-06-11 11:48:09,True
dr.ziee,7649747354853149960,https://www.tiktok.com/@dr.ziee/video/7649747354853149960,2026-06-10 19:46:40,True
dr.ziee,7648995198831185159,https://www.tiktok.com/@dr.ziee/video/7648995198831185159,2026-06-08 19:07:55,True
dr.ziee,7648532175100448007,https://www.tiktok.com/@dr.ziee/video/7648532175100448007,2026-06-07 13:11:09,True
dr.ziee,7648264637317795080,https://www.tiktok.com/@dr.ziee/video/7648264637317795080,2026-06-06 19:52:58,True
dr.ziee,7647499787276782866,https://www.tiktok.com/@dr.ziee/video/7647499787276782866,2026-06-04 18:24:57,True
dr.ziee,7646755531998235911,https://www.tiktok.com/@dr.ziee/video/7646755531998235911,2026-06-02 18:16:52,True
dr.ziee,7643307934025305352,https://www.tiktok.com/@dr.ziee/video/7643307934025305352,2026-05-24 11:18:25,True
dr.ziee,7642940321130630407,https://www.tiktok.com/@dr.ziee/video/7642940321130630407,2026-05-23 11:31:54,True
dr.ziee,7641527145948400914,https://www.tiktok.com/@dr.ziee/video/7641527145948400914,2026-05-19 16:08:03,True
dr.ziee,7640090488187587848,https://www.tiktok.com/@dr.ziee/video/7640090488187587848,2026-05-15 19:13:05,True
dr.ziee,7638953386234187016,https://www.tiktok.com/@dr.ziee/video/7638953386234187016,2026-05-12 17:40:33,True
dr.ziee,7638832216704847122,https://www.tiktok.com/@dr.ziee/video/7638832216704847122,2026-05-12 09:50:21,True
dr.ziee,7638577336689954056,https://www.tiktok.com/@dr.ziee/video/7638577336689954056,2026-05-11 17:21:17,True
dr.ziee,7635550344637861127,https://www.tiktok.com/@dr.ziee/video/7635550344637861127,2026-05-03 13:35:01,True
dr.ziee,7635140801764297991,https://www.tiktok.com/@dr.ziee/video/7635140801764297991,2026-05-02 11:05:47,True
dr.ziee,7634777091661155602,https://www.tiktok.com/@dr.ziee/video/7634777091661155602,2026-05-01 11:34:24,True
dr.ziee,7634467363311717639,https://www.tiktok.com/@dr.ziee/video/7634467363311717639,2026-04-30 15:32:30,True
dr.ziee,7634397988361702674,https://www.tiktok.com/@dr.ziee/video/7634397988361702674,2026-04-30 11:03:17,True
dr.ziee,7634139496249904391,https://www.tiktok.com/@dr.ziee/video/7634139496249904391,2026-04-29 18:20:12,True
dr.ziee,7633314085903420680,https://www.tiktok.com/@dr.ziee/video/7633314085903420680,2026-04-27 12:57:11,True
dr.ziee,7632317768951483656,https://www.tiktok.com/@dr.ziee/video/7632317768951483656,2026-04-24 20:30:58,True
dr.ziee,7631518501001284871,https://www.tiktok.com/@dr.ziee/video/7631518501001284871,2026-04-22 16:49:24,True
dr.ziee,7631135797814611218,https://www.tiktok.com/@dr.ziee/video/7631135797814611218,2026-04-21 16:04:19,True
dr.ziee,7628899940156050695,https://www.tiktok.com/@dr.ziee/video/7628899940156050695,2026-04-15 15:28:03,True
dr.ziee,7628551216875719954,https://www.tiktok.com/@dr.ziee/video/7628551216875719954,2026-04-14 16:54:49,True
dr.ziee,7618144227205123349,https://www.tiktok.com/@dr.ziee/video/7618144227205123349,2026-03-17 15:50:23,True
dr.ziee,7617842184313654548,https://www.tiktok.com/@dr.ziee/video/7617842184313654548,2026-03-16 20:18:19,True
dr.ziee,7617644799407017223,https://www.tiktok.com/@dr.ziee/video/7617644799407017223,2026-03-16 07:32:21,True
dr.ziee,7617409112866852114,https://www.tiktok.com/@dr.ziee/video/7617409112866852114,2026-03-15 16:17:46,True
dr.ziee,7616318433784827157,https://www.tiktok.com/@dr.ziee/video/7616318433784827157,2026-03-12 17:45:23,True
dr.ziee,7615927942819941640,https://www.tiktok.com/@dr.ziee/video/7615927942819941640,2026-03-11 16:30:04,True
dr.ziee,7615056918180138247,https://www.tiktok.com/@dr.ziee/video/7615056918180138247,2026-03-09 08:10:03,True
dr.ziee,7613691267565849864,https://www.tiktok.com/@dr.ziee/video/7613691267565849864,2026-03-05 15:50:38,True
dr.ziee,7612904211461770503,https://www.tiktok.com/@dr.ziee/video/7612904211461770503,2026-03-03 12:56:27,True
dr.ziee,7611111355743030536,https://www.tiktok.com/@dr.ziee/video/7611111355743030536,2026-02-26 16:59:15,True
dr.ziee,7610759451817053448,https://www.tiktok.com/@dr.ziee/video/7610759451817053448,2026-02-25 18:13:41,True
dr.ziee,7610371875952446738,https://www.tiktok.com/@dr.ziee/video/7610371875952446738,2026-02-24 17:09:42,True
dr.ziee,7609134467445263634,https://www.tiktok.com/@dr.ziee/video/7609134467445263634,2026-02-21 09:07:55,True
dr.ziee,7608477737392573704,https://www.tiktok.com/@dr.ziee/video/7608477737392573704,2026-02-19 14:39:28,True
dr.ziee,7602863790295616776,https://www.tiktok.com/@dr.ziee/video/7602863790295616776,2026-02-04 11:34:29,True
dr.ziee,7601024859497385234,https://www.tiktok.com/@dr.ziee/video/7601024859497385234,2026-01-30 12:38:30,True
dr.ziee,7600364324829334792,https://www.tiktok.com/@dr.ziee/video/7600364324829334792,2026-01-28 17:55:17,True
dr.ziee,7599979229618523410,https://www.tiktok.com/@dr.ziee/video/7599979229618523410,2026-01-27 17:00:55,True
dr.ziee,7599646796339481863,https://www.tiktok.com/@dr.ziee/video/7599646796339481863,2026-01-26 19:30:55,True
dr.ziee,7599527738730532104,https://www.tiktok.com/@dr.ziee/video/7599527738730532104,2026-01-26 11:48:54,True
dr.ziee,7598508702789930258,https://www.tiktok.com/@dr.ziee/video/7598508702789930258,2026-01-23 17:54:32,True
dr.ziee,7598160561125330184,https://www.tiktok.com/@dr.ziee/video/7598160561125330184,2026-01-22 19:23:34,True
dr.ziee,7596179859328601352,https://www.tiktok.com/@dr.ziee/video/7596179859328601352,2026-01-17 11:17:25,True
dr.ziee,7595523302123179271,https://www.tiktok.com/@dr.ziee/video/7595523302123179271,2026-01-15 16:49:39,True
dr.ziee,7594792100428877074,https://www.tiktok.com/@dr.ziee/video/7594792100428877074,2026-01-13 17:32:13,True
dr.ziee,7593963987595709703,https://www.tiktok.com/@dr.ziee/video/7593963987595709703,2026-01-11 11:58:43,True
dr.ziee,7593277771602824456,https://www.tiktok.com/@dr.ziee/video/7593277771602824456,2026-01-09 15:35:51,True
dr.ziee,7592911721350696199,https://www.tiktok.com/@dr.ziee/video/7592911721350696199,2026-01-08 15:55:23,True
dr.ziee,7592565780407979272,https://www.tiktok.com/@dr.ziee/video/7592565780407979272,2026-01-07 17:32:57,True
dr.ziee,7592184317695118599,https://www.tiktok.com/@dr.ziee/video/7592184317695118599,2026-01-06 16:52:41,True
dr.ziee,7591808948450233608,https://www.tiktok.com/@dr.ziee/video/7591808948450233608,2026-01-05 16:36:03,True
dr.ziee,7591086734574619922,https://www.tiktok.com/@dr.ziee/video/7591086734574619922,2026-01-03 17:53:30,True
dr.ziee,7589888160453184786,https://www.tiktok.com/@dr.ziee/video/7589888160453184786,2025-12-31 12:22:25,False
drgfira,7575123345323166983,https://www.tiktok.com/@drgfira/video/7575123345323166983,2025-11-21 17:27:24,False
drgfira,7516177282118028551,https://www.tiktok.com/@drgfira/video/7516177282118028551,2025-06-15 21:06:34,False
drgfira,7679823238754487559,https://www.tiktok.com/@drgfira/video/7679823238754487559,2026-08-30 20:56:27,True
drgfira,7678636792626646280,https://www.tiktok.com/@drgfira/video/7678636792626646280,2026-08-27 16:12:26,True
drgfira,7677151171462581511,https://www.tiktok.com/@drgfira/video/7677151171462581511,2026-08-23 16:07:28,True
drgfira,7674637797096951047,https://www.tiktok.com/@drgfira/video/7674637797096951047,2026-08-16 21:34:18,True
drgfira,7654920123416956178,https://www.tiktok.com/@drgfira/video/7654920123416956178,2026-06-24 18:19:39,True
drgfira,7654571777049267463,https://www.tiktok.com/@drgfira/video/7654571777049267463,2026-06-23 19:47:53,True
drgfira,7653836307445124360,https://www.tiktok.com/@drgfira/video/7653836307445124360,2026-06-21 20:13:53,True
drgfira,7652763381203488007,https://www.tiktok.com/@drgfira/video/7652763381203488007,2026-06-18 22:50:23,True
drgfira,7651979420063763730,https://www.tiktok.com/@drgfira/video/7651979420063763730,2026-06-16 20:08:13,True
drgfira,7645666998738832648,https://www.tiktok.com/@drgfira/video/7645666998738832648,2026-05-30 19:52:48,True
drgfira,7644716148520439048,https://www.tiktok.com/@drgfira/video/7644716148520439048,2026-05-28 06:23:01,True
drgfira,7644184530546429202,https://www.tiktok.com/@drgfira/video/7644184530546429202,2026-05-26 20:00:04,True
drgfira,7643382517143260434,https://www.tiktok.com/@drgfira/video/7643382517143260434,2026-05-24 16:07:51,True
drgfira,7642721409818463496,https://www.tiktok.com/@drgfira/video/7642721409818463496,2026-05-22 21:22:25,True
drgfira,7642485884599667986,https://www.tiktok.com/@drgfira/video/7642485884599667986,2026-05-22 06:08:27,True
drgfira,7642113254675844360,https://www.tiktok.com/@drgfira/video/7642113254675844360,2026-05-21 06:02:27,True
drgfira,7640865233334045960,https://www.tiktok.com/@drgfira/video/7640865233334045960,2026-05-17 21:19:30,True
drgfira,7640101765081320722,https://www.tiktok.com/@drgfira/video/7640101765081320722,2026-05-15 19:56:51,True
drgfira,7639147682094648584,https://www.tiktok.com/@drgfira/video/7639147682094648584,2026-05-13 06:14:31,True
drgfira,7638603443288001800,https://www.tiktok.com/@drgfira/video/7638603443288001800,2026-05-11 19:02:36,True
drgfira,7638243840981437714,https://www.tiktok.com/@drgfira/video/7638243840981437714,2026-05-10 19:47:09,True
drgfira,7637915935059332359,https://www.tiktok.com/@drgfira/video/7637915935059332359,2026-05-09 22:34:43,True
drgfira,7637131612047625479,https://www.tiktok.com/@drgfira/video/7637131612047625479,2026-05-07 19:51:08,True
drgfira,7636751459110964487,https://www.tiktok.com/@drgfira/video/7636751459110964487,2026-05-06 19:15:57,True
drgfira,7636382160429059346,https://www.tiktok.com/@drgfira/video/7636382160429059346,2026-05-05 19:22:53,True
drgfira,7635658926712737031,https://www.tiktok.com/@drgfira/video/7635658926712737031,2026-05-03 20:36:22,True
drgfira,7634883664827993352,https://www.tiktok.com/@drgfira/video/7634883664827993352,2026-05-01 18:27:57,True
drgfira,7623828020091948296,https://www.tiktok.com/@drgfira/video/7623828020091948296,2026-04-01 23:26:25,True
drgfira,7610059919324155154,https://www.tiktok.com/@drgfira/video/7610059919324155154,2026-02-23 20:59:09,True
drgfira,7604842129474522375,https://www.tiktok.com/@drgfira/video/7604842129474522375,2026-02-09 19:31:27,True
drgfira,7603348149385579783,https://www.tiktok.com/@drgfira/video/7603348149385579783,2026-02-05 18:54:03,True
drgfira,7602626974888054034,https://www.tiktok.com/@drgfira/video/7602626974888054034,2026-02-03 20:15:32,True
drgfira,7600421536989809927,https://www.tiktok.com/@drgfira/video/7600421536989809927,2026-01-28 21:37:18,True
drgfira,7597198541446040840,https://www.tiktok.com/@drgfira/video/7597198541446040840,2026-01-20 05:10:26,True
drgfira,7584088076356553992,https://www.tiktok.com/@drgfira/video/7584088076356553992,2025-12-15 21:15:08,False
drkevinmak,7680144333546294536,https://www.tiktok.com/@drkevinmak/video/7680144333546294536,2026-08-31 17:42:28,True
drkevinmak,7680144171834838290,https://www.tiktok.com/@drkevinmak/video/7680144171834838290,2026-08-31 17:41:50,True
drkevinmak,7680107556571811090,https://www.tiktok.com/@drkevinmak/video/7680107556571811090,2026-08-31 15:19:45,True
drkevinmak,7680110833032088840,https://www.tiktok.com/@drkevinmak/video/7680110833032088840,2026-08-31 15:32:28,True
drkevinmak,7680095120259075336,https://www.tiktok.com/@drkevinmak/video/7680095120259075336,2026-08-31 14:31:30,True
drkevinmak,7680104489206009095,https://www.tiktok.com/@drkevinmak/video/7680104489206009095,2026-08-31 15:07:51,True
drkevinmak,7680094514308009234,https://www.tiktok.com/@drkevinmak/video/7680094514308009234,2026-08-31 14:29:09,True
drkevinmak,7680101880797711634,https://www.tiktok.com/@drkevinmak/video/7680101880797711634,2026-08-31 14:57:44,True
drkevinmak,7680092595845958919,https://www.tiktok.com/@drkevinmak/video/7680092595845958919,2026-08-31 14:21:42,True
drkevinmak,7679456920855497992,https://www.tiktok.com/@drkevinmak/video/7679456920855497992,2026-08-29 21:14:57,True
drkevinmak,7678994478601997575,https://www.tiktok.com/@drkevinmak/video/7678994478601997575,2026-08-28 15:20:27,True
drkevinmak,7677423468052221202,https://www.tiktok.com/@drkevinmak/video/7677423468052221202,2026-08-24 09:44:07,True
drkevinmak,7677997196930813192,https://www.tiktok.com/@drkevinmak/video/7677997196930813192,2026-08-25 22:50:29,True
drkevinmak,7677987615508925704,https://www.tiktok.com/@drkevinmak/video/7677987615508925704,2026-08-25 22:13:18,True
drkevinmak,7677985814084603154,https://www.tiktok.com/@drkevinmak/video/7677985814084603154,2026-08-25 22:06:19,True
drkevinmak,7677425269786873095,https://www.tiktok.com/@drkevinmak/video/7677425269786873095,2026-08-24 09:51:07,True
drkevinmak,7677978492171996434,https://www.tiktok.com/@drkevinmak/video/7677978492171996434,2026-08-25 21:37:54,True
drkevinmak,7677424701232319762,https://www.tiktok.com/@drkevinmak/video/7677424701232319762,2026-08-24 09:48:54,True
drkevinmak,7677974633685077256,https://www.tiktok.com/@drkevinmak/video/7677974633685077256,2026-08-25 21:22:55,True
drkevinmak,7677972703801822482,https://www.tiktok.com/@drkevinmak/video/7677972703801822482,2026-08-25 21:15:26,True
drkevinmak,7677421593773231367,https://www.tiktok.com/@drkevinmak/video/7677421593773231367,2026-08-24 09:36:51,True
drkevinmak,7677983364866936072,https://www.tiktok.com/@drkevinmak/video/7677983364866936072,2026-08-25 21:56:48,True
drkevinmak,7677970975778016520,https://www.tiktok.com/@drkevinmak/video/7677970975778016520,2026-08-25 21:08:44,True
drkevinmak,7677424013383142674,https://www.tiktok.com/@drkevinmak/video/7677424013383142674,2026-08-24 09:46:14,True
drkevinmak,7677420763275627784,https://www.tiktok.com/@drkevinmak/video/7677420763275627784,2026-08-24 09:33:37,True
drkevinmak,7677419574941224200,https://www.tiktok.com/@drkevinmak/video/7677419574941224200,2026-08-24 09:29:01,True
drkevinmak,7677762034921950482,https://www.tiktok.com/@drkevinmak/video/7677762034921950482,2026-08-25 07:37:56,True
drkevinmak,7677760138463153426,https://www.tiktok.com/@drkevinmak/video/7677760138463153426,2026-08-25 07:30:34,True
drkevinmak,7677418443154394376,https://www.tiktok.com/@drkevinmak/video/7677418443154394376,2026-08-24 09:24:37,True
drkevinmak,7677422841134075154,https://www.tiktok.com/@drkevinmak/video/7677422841134075154,2026-08-24 09:41:41,True
drkevinmak,7677417682106420487,https://www.tiktok.com/@drkevinmak/video/7677417682106420487,2026-08-24 09:21:40,True
drkevinmak,7677415072465210642,https://www.tiktok.com/@drkevinmak/video/7677415072465210642,2026-08-24 09:11:32,True
drkevinmak,7677414311911853319,https://www.tiktok.com/@drkevinmak/video/7677414311911853319,2026-08-24 09:08:35,True
drkevinmak,7677145461676985608,https://www.tiktok.com/@drkevinmak/video/7677145461676985608,2026-08-23 15:45:19,True
drkevinmak,7677024136484457736,https://www.tiktok.com/@drkevinmak/video/7677024136484457736,2026-08-23 07:54:31,True
drkevinmak,7676666551101033746,https://www.tiktok.com/@drkevinmak/video/7676666551101033746,2026-08-22 08:46:54,True
drkevinmak,7676666245395074311,https://www.tiktok.com/@drkevinmak/video/7676666245395074311,2026-08-22 08:45:43,True
drkevinmak,7676665497382948104,https://www.tiktok.com/@drkevinmak/video/7676665497382948104,2026-08-22 08:42:48,True
drkevinmak,7675634808684334343,https://www.tiktok.com/@drkevinmak/video/7675634808684334343,2026-08-19 14:03:12,True
drkevinmak,7675634497290816786,https://www.tiktok.com/@drkevinmak/video/7675634497290816786,2026-08-19 14:02:00,True
drkevinmak,7675589893518576904,https://www.tiktok.com/@drkevinmak/video/7675589893518576904,2026-08-19 11:08:55,True
drkevinmak,7674948297429093650,https://www.tiktok.com/@drkevinmak/video/7674948297429093650,2026-08-17 17:39:12,True
drkevinmak,7674950357100809479,https://www.tiktok.com/@drkevinmak/video/7674950357100809479,2026-08-17 17:47:11,True
drkevinmak,7674945788195261703,https://www.tiktok.com/@drkevinmak/video/7674945788195261703,2026-08-17 17:29:27,True
drkevinmak,7674943846547033362,https://www.tiktok.com/@drkevinmak/video/7674943846547033362,2026-08-17 17:21:55,True
drkevinmak,7674941421857639698,https://www.tiktok.com/@drkevinmak/video/7674941421857639698,2026-08-17 17:12:31,True
drkevinmak,7673159594872655112,https://www.tiktok.com/@drkevinmak/video/7673159594872655112,2026-08-12 21:58:07,True
drkevinmak,7673152292933324039,https://www.tiktok.com/@drkevinmak/video/7673152292933324039,2026-08-12 21:29:47,True
drkevinmak,7673150447930166546,https://www.tiktok.com/@drkevinmak/video/7673150447930166546,2026-08-12 21:22:37,True
drkevinmak,7673827458797473032,https://www.tiktok.com/@drkevinmak/video/7673827458797473032,2026-08-14 17:09:46,True
drkevinmak,7673153288740588808,https://www.tiktok.com/@drkevinmak/video/7673153288740588808,2026-08-12 21:33:39,True
drkevinmak,7673158096264563986,https://www.tiktok.com/@drkevinmak/video/7673158096264563986,2026-08-12 21:52:18,True
drkevinmak,7673473406855073031,https://www.tiktok.com/@drkevinmak/video/7673473406855073031,2026-08-13 18:15:52,True
drkevinmak,7673471781973265672,https://www.tiktok.com/@drkevinmak/video/7673471781973265672,2026-08-13 18:09:34,True
drkevinmak,7673151476654427400,https://www.tiktok.com/@drkevinmak/video/7673151476654427400,2026-08-12 21:26:37,True
drkevinmak,7673149526911307026,https://www.tiktok.com/@drkevinmak/video/7673149526911307026,2026-08-12 21:19:03,True
drkevinmak,7673146924781800712,https://www.tiktok.com/@drkevinmak/video/7673146924781800712,2026-08-12 21:08:57,True
drkevinmak,7673145925677649160,https://www.tiktok.com/@drkevinmak/video/7673145925677649160,2026-08-12 21:05:04,True
drkevinmak,7673145308573961479,https://www.tiktok.com/@drkevinmak/video/7673145308573961479,2026-08-12 21:02:41,True
drkevinmak,7672791668294176008,https://www.tiktok.com/@drkevinmak/video/7672791668294176008,2026-08-11 22:10:22,True
drkevinmak,7672790630392810760,https://www.tiktok.com/@drkevinmak/video/7672790630392810760,2026-08-11 22:06:21,True
drkevinmak,7672405215236132114,https://www.tiktok.com/@drkevinmak/video/7672405215236132114,2026-08-10 21:10:44,True
drkevinmak,7672402048775720200,https://www.tiktok.com/@drkevinmak/video/7672402048775720200,2026-08-10 20:58:27,True
drkevinmak,7672068645857660178,https://www.tiktok.com/@drkevinmak/video/7672068645857660178,2026-08-09 23:24:40,True
drkevinmak,7671590137427512594,https://www.tiktok.com/@drkevinmak/video/7671590137427512594,2026-08-08 16:27:49,True
drkevinmak,7671459560401472775,https://www.tiktok.com/@drkevinmak/video/7671459560401472775,2026-08-08 08:01:07,True
drkevinmak,7670519747745713415,https://www.tiktok.com/@drkevinmak/video/7670519747745713415,2026-08-05 19:14:10,True
drkevinmak,7670377775009746184,https://www.tiktok.com/@drkevinmak/video/7670377775009746184,2026-08-05 10:03:14,True
drkevinmak,7670194079703108871,https://www.tiktok.com/@drkevinmak/video/7670194079703108871,2026-08-04 22:10:24,True
drkevinmak,7669470834574019848,https://www.tiktok.com/@drkevinmak/video/7669470834574019848,2026-08-02 23:23:50,True
drkevinmak,7668522361007721736,https://www.tiktok.com/@drkevinmak/video/7668522361007721736,2026-07-31 10:03:17,True
drkevinmak,7668522645897366802,https://www.tiktok.com/@drkevinmak/video/7668522645897366802,2026-07-31 10:04:23,True
drkevinmak,7668524029321514247,https://www.tiktok.com/@drkevinmak/video/7668524029321514247,2026-07-31 10:09:45,True
drkevinmak,7668572882980670728,https://www.tiktok.com/@drkevinmak/video/7668572882980670728,2026-07-31 13:19:20,True
drkevinmak,7667872379225394450,https://www.tiktok.com/@drkevinmak/video/7667872379225394450,2026-07-29 16:01:01,True
drkevinmak,7668521223537691922,https://www.tiktok.com/@drkevinmak/video/7668521223537691922,2026-07-31 09:58:52,True
drkevinmak,7668558263440444680,https://www.tiktok.com/@drkevinmak/video/7668558263440444680,2026-07-31 12:22:36,True
drkevinmak,7668520978540006663,https://www.tiktok.com/@drkevinmak/video/7668520978540006663,2026-07-31 09:57:55,True
drkevinmak,7668333249504251154,https://www.tiktok.com/@drkevinmak/video/7668333249504251154,2026-07-30 21:49:26,True
drkevinmak,7667871229046426888,https://www.tiktok.com/@drkevinmak/video/7667871229046426888,2026-07-29 15:56:33,True
drkevinmak,7667871571897322770,https://www.tiktok.com/@drkevinmak/video/7667871571897322770,2026-07-29 15:57:53,True
drkevinmak,7667870911273504008,https://www.tiktok.com/@drkevinmak/video/7667870911273504008,2026-07-29 15:55:19,True
drkevinmak,7667223576428186898,https://www.tiktok.com/@drkevinmak/video/7667223576428186898,2026-07-27 22:03:20,True
drkevinmak,7667221922001767687,https://www.tiktok.com/@drkevinmak/video/7667221922001767687,2026-07-27 21:56:55,True
drkevinmak,7667205021540289799,https://www.tiktok.com/@drkevinmak/video/7667205021540289799,2026-07-27 20:51:20,True
drkevinmak,7667206893638601992,https://www.tiktok.com/@drkevinmak/video/7667206893638601992,2026-07-27 20:58:36,True
drkevinmak,7667188557991382290,https://www.tiktok.com/@drkevinmak/video/7667188557991382290,2026-07-27 19:47:26,True
drkevinmak,7665874644120980754,https://www.tiktok.com/@drkevinmak/video/7665874644120980754,2026-07-24 06:48:47,True
drkevinmak,7665874486721400082,https://www.tiktok.com/@drkevinmak/video/7665874486721400082,2026-07-24 06:48:10,True
drkevinmak,7665873198264749330,https://www.tiktok.com/@drkevinmak/video/7665873198264749330,2026-07-24 06:43:10,True
drkevinmak,7665873729720782098,https://www.tiktok.com/@drkevinmak/video/7665873729720782098,2026-07-24 06:45:14,True
drkevinmak,7665872935793495304,https://www.tiktok.com/@drkevinmak/video/7665872935793495304,2026-07-24 06:42:09,True
drkevinmak,7666850254368673042,https://www.tiktok.com/@drkevinmak/video/7666850254368673042,2026-07-26 21:54:39,True
drkevinmak,7666849220871130386,https://www.tiktok.com/@drkevinmak/video/7666849220871130386,2026-07-26 21:50:38,True
drkevinmak,7666834981624237330,https://www.tiktok.com/@drkevinmak/video/7666834981624237330,2026-07-26 20:55:23,True
drkevinmak,7665872810245410066,https://www.tiktok.com/@drkevinmak/video/7665872810245410066,2026-07-24 06:41:40,True
drkevinmak,7665871807731305746,https://www.tiktok.com/@drkevinmak/video/7665871807731305746,2026-07-24 06:37:47,True
drkevinmak,7665867646407118087,https://www.tiktok.com/@drkevinmak/video/7665867646407118087,2026-07-24 06:21:38,True
drkevinmak,7665874285419973896,https://www.tiktok.com/@drkevinmak/video/7665874285419973896,2026-07-24 06:47:24,True
drkevinmak,7665870902826962194,https://www.tiktok.com/@drkevinmak/video/7665870902826962194,2026-07-24 06:34:16,True
drkevinmak,7665869322027388168,https://www.tiktok.com/@drkevinmak/video/7665869322027388168,2026-07-24 06:28:08,True
drkevinmak,7665867335445564680,https://www.tiktok.com/@drkevinmak/video/7665867335445564680,2026-07-24 06:20:25,True
drkevinmak,7666222893403098376,https://www.tiktok.com/@drkevinmak/video/7666222893403098376,2026-07-25 05:20:10,True
drkevinmak,7665873405165587720,https://www.tiktok.com/@drkevinmak/video/7665873405165587720,2026-07-24 06:43:59,True
drkevinmak,7665872353053674770,https://www.tiktok.com/@drkevinmak/video/7665872353053674770,2026-07-24 06:39:54,True
drkevinmak,7665868875296165127,https://www.tiktok.com/@drkevinmak/video/7665868875296165127,2026-07-24 06:26:24,True
drkevinmak,7665659126093008146,https://www.tiktok.com/@drkevinmak/video/7665659126093008146,2026-07-23 16:52:28,True
drkevinmak,7665657799413599496,https://www.tiktok.com/@drkevinmak/video/7665657799413599496,2026-07-23 16:47:19,True
drkevinmak,7664908906161802514,https://www.tiktok.com/@drkevinmak/video/7664908906161802514,2026-07-21 16:21:14,True
drkevinmak,7664908041862548754,https://www.tiktok.com/@drkevinmak/video/7664908041862548754,2026-07-21 16:17:52,True
drkevinmak,7664907097716296967,https://www.tiktok.com/@drkevinmak/video/7664907097716296967,2026-07-21 16:14:13,True
drkevinmak,7664906628268969224,https://www.tiktok.com/@drkevinmak/video/7664906628268969224,2026-07-21 16:12:23,True
drkevinmak,7664386088160496903,https://www.tiktok.com/@drkevinmak/video/7664386088160496903,2026-07-20 06:32:26,True
drkevinmak,7664387335143886087,https://www.tiktok.com/@drkevinmak/video/7664387335143886087,2026-07-20 06:37:16,True
drkevinmak,7664385621649018119,https://www.tiktok.com/@drkevinmak/video/7664385621649018119,2026-07-20 06:30:37,True
drkevinmak,7664266857930820872,https://www.tiktok.com/@drkevinmak/video/7664266857930820872,2026-07-19 22:49:45,True
drkevinmak,7663652268352310546,https://www.tiktok.com/@drkevinmak/video/7663652268352310546,2026-07-18 07:04:50,True
drkevinmak,7663649855826431240,https://www.tiktok.com/@drkevinmak/video/7663649855826431240,2026-07-18 06:55:28,True
drkevinmak,7663527010584530184,https://www.tiktok.com/@drkevinmak/video/7663527010584530184,2026-07-17 22:58:46,True
drkevinmak,7663468723101093128,https://www.tiktok.com/@drkevinmak/video/7663468723101093128,2026-07-17 19:12:35,True
drkevinmak,7663308330458303762,https://www.tiktok.com/@drkevinmak/video/7663308330458303762,2026-07-17 08:50:11,True
drkevinmak,7663162467064843538,https://www.tiktok.com/@drkevinmak/video/7663162467064843538,2026-07-16 23:24:09,True
drkevinmak,7659990124297555208,https://www.tiktok.com/@drkevinmak/video/7659990124297555208,2026-07-08 10:13:51,True
drkevinmak,7660551069948431623,https://www.tiktok.com/@drkevinmak/video/7660551069948431623,2026-07-09 22:30:36,True
drkevinmak,7659989614307970311,https://www.tiktok.com/@drkevinmak/video/7659989614307970311,2026-07-08 10:11:52,True
drkevinmak,7660550535531040008,https://www.tiktok.com/@drkevinmak/video/7660550535531040008,2026-07-09 22:28:31,True
drkevinmak,7659988994003881234,https://www.tiktok.com/@drkevinmak/video/7659988994003881234,2026-07-08 10:09:27,True
drkevinmak,7659987285689011463,https://www.tiktok.com/@drkevinmak/video/7659987285689011463,2026-07-08 10:02:50,True
drkevinmak,7660117240670342408,https://www.tiktok.com/@drkevinmak/video/7660117240670342408,2026-07-08 18:27:07,True
drkevinmak,7660114779448544519,https://www.tiktok.com/@drkevinmak/video/7660114779448544519,2026-07-08 18:17:34,True
drkevinmak,7659982990612647186,https://www.tiktok.com/@drkevinmak/video/7659982990612647186,2026-07-08 09:46:10,True
drkevinmak,7660549801230011666,https://www.tiktok.com/@drkevinmak/video/7660549801230011666,2026-07-09 22:25:40,True
drkevinmak,7659978009771822344,https://www.tiktok.com/@drkevinmak/video/7659978009771822344,2026-07-08 09:26:50,True
drkevinmak,7660548802574617864,https://www.tiktok.com/@drkevinmak/video/7660548802574617864,2026-07-09 22:21:48,True
drkevinmak,7660113401057725704,https://www.tiktok.com/@drkevinmak/video/7660113401057725704,2026-07-08 18:12:13,True
drkevinmak,7659979568689794312,https://www.tiktok.com/@drkevinmak/video/7659979568689794312,2026-07-08 09:32:53,True
drkevinmak,7659977398028340498,https://www.tiktok.com/@drkevinmak/video/7659977398028340498,2026-07-08 09:24:27,True
drkevinmak,7660548249668816136,https://www.tiktok.com/@drkevinmak/video/7660548249668816136,2026-07-09 22:19:39,True
drkevinmak,7659803216019737874,https://www.tiktok.com/@drkevinmak/video/7659803216019737874,2026-07-07 22:08:33,True
drkevinmak,7660116423821298962,https://www.tiktok.com/@drkevinmak/video/7660116423821298962,2026-07-08 18:23:57,True
drkevinmak,7659814244342369543,https://www.tiktok.com/@drkevinmak/video/7659814244342369543,2026-07-07 22:51:20,True
drkevinmak,7660112062340795666,https://www.tiktok.com/@drkevinmak/video/7660112062340795666,2026-07-08 18:07:01,True
drkevinmak,7660110218059189522,https://www.tiktok.com/@drkevinmak/video/7660110218059189522,2026-07-08 17:59:52,True
drkevinmak,7659978734220414216,https://www.tiktok.com/@drkevinmak/video/7659978734220414216,2026-07-08 09:29:39,True
drkevinmak,7659808083610225927,https://www.tiktok.com/@drkevinmak/video/7659808083610225927,2026-07-07 22:27:26,True
drkevinmak,7659799073028869383,https://www.tiktok.com/@drkevinmak/video/7659799073028869383,2026-07-07 21:52:28,True
drkevinmak,7659726910770908423,https://www.tiktok.com/@drkevinmak/video/7659726910770908423,2026-07-07 17:12:26,True
drkevinmak,7658702502178786568,https://www.tiktok.com/@drkevinmak/video/7658702502178786568,2026-07-04 22:57:13,True
drkevinmak,7654841115836763400,https://www.tiktok.com/@drkevinmak/video/7654841115836763400,2026-06-24 13:13:04,True
drkevinmak,7654840790325185799,https://www.tiktok.com/@drkevinmak/video/7654840790325185799,2026-06-24 13:11:48,True
drkevinmak,7654840557679807752,https://www.tiktok.com/@drkevinmak/video/7654840557679807752,2026-06-24 13:10:54,True
drkevinmak,7654839762682957063,https://www.tiktok.com/@drkevinmak/video/7654839762682957063,2026-06-24 13:07:49,True
drkevinmak,7654838578345807122,https://www.tiktok.com/@drkevinmak/video/7654838578345807122,2026-06-24 13:03:13,True
drkevinmak,7654835830086798599,https://www.tiktok.com/@drkevinmak/video/7654835830086798599,2026-06-24 12:52:33,True
drkevinmak,7657455189623934226,https://www.tiktok.com/@drkevinmak/video/7657455189623934226,2026-07-01 14:17:00,True
drkevinmak,7654836873461878024,https://www.tiktok.com/@drkevinmak/video/7654836873461878024,2026-06-24 12:56:36,True
drkevinmak,7654835425000951058,https://www.tiktok.com/@drkevinmak/video/7654835425000951058,2026-06-24 12:50:59,True
drkevinmak,7654840303509146887,https://www.tiktok.com/@drkevinmak/video/7654840303509146887,2026-06-24 13:09:54,True
drkevinmak,7654833485902875922,https://www.tiktok.com/@drkevinmak/video/7654833485902875922,2026-06-24 12:43:27,True
drkevinmak,7654833089625197831,https://www.tiktok.com/@drkevinmak/video/7654833089625197831,2026-06-24 12:41:55,True
drkevinmak,7654831815693257992,https://www.tiktok.com/@drkevinmak/video/7654831815693257992,2026-06-24 12:36:58,True
drkevinmak,7654829521354427655,https://www.tiktok.com/@drkevinmak/video/7654829521354427655,2026-06-24 12:28:04,True
drkevinmak,7654829164876369160,https://www.tiktok.com/@drkevinmak/video/7654829164876369160,2026-06-24 12:26:41,True
drkevinmak,7654828806821121287,https://www.tiktok.com/@drkevinmak/video/7654828806821121287,2026-06-24 12:25:18,True
drkevinmak,7654826021820091656,https://www.tiktok.com/@drkevinmak/video/7654826021820091656,2026-06-24 12:14:29,True
drkevinmak,7654815184137014535,https://www.tiktok.com/@drkevinmak/video/7654815184137014535,2026-06-24 11:32:26,True
drkevinmak,7654815383051832584,https://www.tiktok.com/@drkevinmak/video/7654815383051832584,2026-06-24 11:33:12,True
drkevinmak,7654817072999828744,https://www.tiktok.com/@drkevinmak/video/7654817072999828744,2026-06-24 11:39:46,True
drkevinmak,7654812627742313746,https://www.tiktok.com/@drkevinmak/video/7654812627742313746,2026-06-24 11:22:31,True
drkevinmak,7654812397198167303,https://www.tiktok.com/@drkevinmak/video/7654812397198167303,2026-06-24 11:21:37,True
drkevinmak,7654251156486540552,https://www.tiktok.com/@drkevinmak/video/7654251156486540552,2026-06-22 23:03:43,True
drkevinmak,7653872949790805266,https://www.tiktok.com/@drkevinmak/video/7653872949790805266,2026-06-21 22:36:05,True
drkevinmak,7653383072821562632,https://www.tiktok.com/@drkevinmak/video/7653383072821562632,2026-06-20 14:55:06,True
drkevinmak,7652764302025264392,https://www.tiktok.com/@drkevinmak/video/7652764302025264392,2026-06-18 22:53:58,True
drkevinmak,7650898694526536978,https://www.tiktok.com/@drkevinmak/video/7650898694526536978,2026-06-13 22:14:27,True
drkevinmak,7652375732542328071,https://www.tiktok.com/@drkevinmak/video/7652375732542328071,2026-06-17 21:46:07,True
drkevinmak,7652257918779198738,https://www.tiktok.com/@drkevinmak/video/7652257918779198738,2026-06-17 14:08:56,True
drkevinmak,7650893334696758546,https://www.tiktok.com/@drkevinmak/video/7650893334696758546,2026-06-13 21:53:39,True
drkevinmak,7651961335999122706,https://www.tiktok.com/@drkevinmak/video/7651961335999122706,2026-06-16 18:58:03,True
drkevinmak,7650896430176996615,https://www.tiktok.com/@drkevinmak/video/7650896430176996615,2026-06-13 22:05:40,True
drkevinmak,7651949462063041810,https://www.tiktok.com/@drkevinmak/video/7651949462063041810,2026-06-16 18:11:58,True
drkevinmak,7650892427594566920,https://www.tiktok.com/@drkevinmak/video/7650892427594566920,2026-06-13 21:50:08,True
drkevinmak,7650888721847307528,https://www.tiktok.com/@drkevinmak/video/7650888721847307528,2026-06-13 21:35:45,True
drkevinmak,7650894246630739218,https://www.tiktok.com/@drkevinmak/video/7650894246630739218,2026-06-13 21:57:11,True
drkevinmak,7650885753177738514,https://www.tiktok.com/@drkevinmak/video/7650885753177738514,2026-06-13 21:24:14,True
drkevinmak,7650887305418345746,https://www.tiktok.com/@drkevinmak/video/7650887305418345746,2026-06-13 21:30:15,True
drkevinmak,7650892297151712519,https://www.tiktok.com/@drkevinmak/video/7650892297151712519,2026-06-13 21:49:38,True
drkevinmak,7650777580810898696,https://www.tiktok.com/@drkevinmak/video/7650777580810898696,2026-06-13 14:24:28,True
drkevinmak,7650531480120184082,https://www.tiktok.com/@drkevinmak/video/7650531480120184082,2026-06-12 22:29:28,True
drkevinmak,7650078897110813959,https://www.tiktok.com/@drkevinmak/video/7650078897110813959,2026-06-11 17:13:13,True
drkevinmak,7649337093235281170,https://www.tiktok.com/@drkevinmak/video/7649337093235281170,2026-06-09 17:14:38,True
drkevinmak,7649339422638476552,https://www.tiktok.com/@drkevinmak/video/7649339422638476552,2026-06-09 17:23:41,True
drkevinmak,7649338164749831432,https://www.tiktok.com/@drkevinmak/video/7649338164749831432,2026-06-09 17:18:48,True
drkevinmak,7649335927302655250,https://www.tiktok.com/@drkevinmak/video/7649335927302655250,2026-06-09 17:10:07,True
drkevinmak,7649334897223552263,https://www.tiktok.com/@drkevinmak/video/7649334897223552263,2026-06-09 17:06:07,True
drkevinmak,7648296470809955591,https://www.tiktok.com/@drkevinmak/video/7648296470809955591,2026-06-06 21:56:30,True
drkevinmak,7648294180367764744,https://www.tiktok.com/@drkevinmak/video/7648294180367764744,2026-06-06 21:47:36,True
drkevinmak,7648293420745657608,https://www.tiktok.com/@drkevinmak/video/7648293420745657608,2026-06-06 21:44:40,True
drkevinmak,7648289559616376071,https://www.tiktok.com/@drkevinmak/video/7648289559616376071,2026-06-06 21:29:41,True
drkevinmak,7648290096608857352,https://www.tiktok.com/@drkevinmak/video/7648290096608857352,2026-06-06 21:31:46,True
drkevinmak,7648288846840335634,https://www.tiktok.com/@drkevinmak/video/7648288846840335634,2026-06-06 21:26:55,True
drkevinmak,7648193035771202824,https://www.tiktok.com/@drkevinmak/video/7648193035771202824,2026-06-06 15:15:07,True
drkevinmak,7647889717857406226,https://www.tiktok.com/@drkevinmak/video/7647889717857406226,2026-06-05 19:38:05,True
drkevinmak,7647888944679505170,https://www.tiktok.com/@drkevinmak/video/7647888944679505170,2026-06-05 19:35:05,True
drkevinmak,7647788456348781842,https://www.tiktok.com/@drkevinmak/video/7647788456348781842,2026-06-05 13:05:08,True
drkevinmak,7647508239231225096,https://www.tiktok.com/@drkevinmak/video/7647508239231225096,2026-06-04 18:57:45,True
drkevinmak,7647422499172388103,https://www.tiktok.com/@drkevinmak/video/7647422499172388103,2026-06-04 13:25:02,True
drkevinmak,7646363657617640712,https://www.tiktok.com/@drkevinmak/video/7646363657617640712,2026-06-01 16:56:12,True
drkevinmak,7647191538786667784,https://www.tiktok.com/@drkevinmak/video/7647191538786667784,2026-06-03 22:28:48,True
drkevinmak,7646365271455829255,https://www.tiktok.com/@drkevinmak/video/7646365271455829255,2026-06-01 17:02:27,True
drkevinmak,7646363074651262216,https://www.tiktok.com/@drkevinmak/video/7646363074651262216,2026-06-01 16:53:56,True
drkevinmak,7646364453918838034,https://www.tiktok.com/@drkevinmak/video/7646364453918838034,2026-06-01 16:59:17,True
drkevinmak,7646362508449615112,https://www.tiktok.com/@drkevinmak/video/7646362508449615112,2026-06-01 16:51:44,True
drkevinmak,7646361295997914376,https://www.tiktok.com/@drkevinmak/video/7646361295997914376,2026-06-01 16:47:02,True
drkevinmak,7644971991853780242,https://www.tiktok.com/@drkevinmak/video/7644971991853780242,2026-05-28 22:55:49,True
drkevinmak,7644971313903308039,https://www.tiktok.com/@drkevinmak/video/7644971313903308039,2026-05-28 22:53:11,True
drkevinmak,7644970466045693202,https://www.tiktok.com/@drkevinmak/video/7644970466045693202,2026-05-28 22:49:54,True
drkevinmak,7644969829904043271,https://www.tiktok.com/@drkevinmak/video/7644969829904043271,2026-05-28 22:47:26,True
drkevinmak,7644895016556481800,https://www.tiktok.com/@drkevinmak/video/7644895016556481800,2026-05-28 17:57:07,True
drkevinmak,7644108647332613394,https://www.tiktok.com/@drkevinmak/video/7644108647332613394,2026-05-26 15:05:36,True
drkevinmak,7644101147891911943,https://www.tiktok.com/@drkevinmak/video/7644101147891911943,2026-05-26 14:36:30,True
drkevinmak,7644094908793507079,https://www.tiktok.com/@drkevinmak/video/7644094908793507079,2026-05-26 14:12:17,True
drkevinmak,7643742092015029511,https://www.tiktok.com/@drkevinmak/video/7643742092015029511,2026-05-25 15:23:11,True
drkevinmak,7643736441138334994,https://www.tiktok.com/@drkevinmak/video/7643736441138334994,2026-05-25 15:01:15,True
drkevinmak,7643735351994977544,https://www.tiktok.com/@drkevinmak/video/7643735351994977544,2026-05-25 14:57:01,True
drkevinmak,7643406762229468434,https://www.tiktok.com/@drkevinmak/video/7643406762229468434,2026-05-24 17:41:56,True
drkevinmak,7643091791486471431,https://www.tiktok.com/@drkevinmak/video/7643091791486471431,2026-05-23 21:19:41,True
drkevinmak,7642555470917553415,https://www.tiktok.com/@drkevinmak/video/7642555470917553415,2026-05-22 10:38:29,True
drkevinmak,7642527056118451464,https://www.tiktok.com/@drkevinmak/video/7642527056118451464,2026-05-22 08:48:13,True
drkevinmak,7642273287233342728,https://www.tiktok.com/@drkevinmak/video/7642273287233342728,2026-05-21 16:23:28,True
drkevinmak,7641517891879292178,https://www.tiktok.com/@drkevinmak/video/7641517891879292178,2026-05-19 15:32:09,True
drkevinmak,7641521956226977031,https://www.tiktok.com/@drkevinmak/video/7641521956226977031,2026-05-19 15:47:55,True
drkevinmak,7641511617674431762,https://www.tiktok.com/@drkevinmak/video/7641511617674431762,2026-05-19 15:07:48,True
drkevinmak,7641491481437408530,https://www.tiktok.com/@drkevinmak/video/7641491481437408530,2026-05-19 13:49:40,True
drkevinmak,7641151528170032392,https://www.tiktok.com/@drkevinmak/video/7641151528170032392,2026-05-18 15:50:28,True
drkevinmak,7640026655758617863,https://www.tiktok.com/@drkevinmak/video/7640026655758617863,2026-05-15 15:05:23,True
drkevinmak,7640003115466509586,https://www.tiktok.com/@drkevinmak/video/7640003115466509586,2026-05-15 13:34:02,True
drkevinmak,7640858389127499016,https://www.tiktok.com/@drkevinmak/video/7640858389127499016,2026-05-17 20:52:56,True
drkevinmak,7640789328888745234,https://www.tiktok.com/@drkevinmak/video/7640789328888745234,2026-05-17 16:24:57,True
drkevinmak,7640520874965093639,https://www.tiktok.com/@drkevinmak/video/7640520874965093639,2026-05-16 23:03:13,True
drkevinmak,7640390800790015239,https://www.tiktok.com/@drkevinmak/video/7640390800790015239,2026-05-16 14:38:27,True
drkevinmak,7640038605427117320,https://www.tiktok.com/@drkevinmak/video/7640038605427117320,2026-05-15 15:51:46,True
drkevinmak,7640027941916724498,https://www.tiktok.com/@drkevinmak/video/7640027941916724498,2026-05-15 15:10:23,True
drkevinmak,7640018252424432914,https://www.tiktok.com/@drkevinmak/video/7640018252424432914,2026-05-15 14:32:47,True
drkevinmak,7639660460534517000,https://www.tiktok.com/@drkevinmak/video/7639660460534517000,2026-05-14 15:24:22,True
drkevinmak,7639654171813121298,https://www.tiktok.com/@drkevinmak/video/7639654171813121298,2026-05-14 14:59:58,True
drkevinmak,7639360426106522887,https://www.tiktok.com/@drkevinmak/video/7639360426106522887,2026-05-13 20:00:05,True
drkevinmak,7639016470080523528,https://www.tiktok.com/@drkevinmak/video/7639016470080523528,2026-05-12 21:45:21,True
drkevinmak,7638620110747471112,https://www.tiktok.com/@drkevinmak/video/7638620110747471112,2026-05-11 20:07:17,True
drkevinmak,7638534392360553746,https://www.tiktok.com/@drkevinmak/video/7638534392360553746,2026-05-11 14:34:39,True
drkevinmak,7637925969373760775,https://www.tiktok.com/@drkevinmak/video/7637925969373760775,2026-05-09 23:13:39,True
drkevinmak,7637923753942437138,https://www.tiktok.com/@drkevinmak/video/7637923753942437138,2026-05-09 23:05:03,True
drkevinmak,7637923127728557319,https://www.tiktok.com/@drkevinmak/video/7637923127728557319,2026-05-09 23:02:38,True
drkevinmak,7637907353232264456,https://www.tiktok.com/@drkevinmak/video/7637907353232264456,2026-05-09 22:01:25,True
drkevinmak,7637434131655298311,https://www.tiktok.com/@drkevinmak/video/7637434131655298311,2026-05-08 15:25:04,True
drkevinmak,7637434061132188946,https://www.tiktok.com/@drkevinmak/video/7637434061132188946,2026-05-08 15:24:48,True
drkevinmak,7637123231731862791,https://www.tiktok.com/@drkevinmak/video/7637123231731862791,2026-05-07 19:18:37,True
drkevinmak,7636736857748802824,https://www.tiktok.com/@drkevinmak/video/7636736857748802824,2026-05-06 18:19:18,True
drkevinmak,7636737104902442248,https://www.tiktok.com/@drkevinmak/video/7636737104902442248,2026-05-06 18:20:15,True
drkevinmak,7636723208892288263,https://www.tiktok.com/@drkevinmak/video/7636723208892288263,2026-05-06 17:26:20,True
drkevinmak,7636368197205134600,https://www.tiktok.com/@drkevinmak/video/7636368197205134600,2026-05-05 18:28:42,True
drkevinmak,7636364011855940872,https://www.tiktok.com/@drkevinmak/video/7636364011855940872,2026-05-05 18:12:28,True
drkevinmak,7634390501508041992,https://www.tiktok.com/@drkevinmak/video/7634390501508041992,2026-04-30 10:34:14,True
drkevinmak,7634389548595760391,https://www.tiktok.com/@drkevinmak/video/7634389548595760391,2026-04-30 10:30:32,True
drkevinmak,7634387996908817671,https://www.tiktok.com/@drkevinmak/video/7634387996908817671,2026-04-30 10:24:31,True
drkevinmak,7634387508612042002,https://www.tiktok.com/@drkevinmak/video/7634387508612042002,2026-04-30 10:22:37,True
drkevinmak,7634387289027661074,https://www.tiktok.com/@drkevinmak/video/7634387289027661074,2026-04-30 10:21:46,True
drkevinmak,7634385160993049864,https://www.tiktok.com/@drkevinmak/video/7634385160993049864,2026-04-30 10:13:30,True
drkevinmak,7634384461907479816,https://www.tiktok.com/@drkevinmak/video/7634384461907479816,2026-04-30 10:10:48,True
drkevinmak,7634384008842972434,https://www.tiktok.com/@drkevinmak/video/7634384008842972434,2026-04-30 10:09:02,True
drkevinmak,7634383603023023368,https://www.tiktok.com/@drkevinmak/video/7634383603023023368,2026-04-30 10:07:28,True
drkevinmak,7634164254244949266,https://www.tiktok.com/@drkevinmak/video/7634164254244949266,2026-04-29 19:56:17,True
drkevinmak,7634100622710639880,https://www.tiktok.com/@drkevinmak/video/7634100622710639880,2026-04-29 15:49:21,True
drkevinmak,7634096375038299410,https://www.tiktok.com/@drkevinmak/video/7634096375038299410,2026-04-29 15:32:52,True
drkevinmak,7634094779818593554,https://www.tiktok.com/@drkevinmak/video/7634094779818593554,2026-04-29 15:26:41,True
drkevinmak,7633730055746735368,https://www.tiktok.com/@drkevinmak/video/7633730055746735368,2026-04-28 15:51:22,True
drkevinmak,7633728389878271250,https://www.tiktok.com/@drkevinmak/video/7633728389878271250,2026-04-28 15:44:54,True
drkevinmak,7633595975646383367,https://www.tiktok.com/@drkevinmak/video/7633595975646383367,2026-04-28 07:11:04,True
drkevinmak,7633446899235785991,https://www.tiktok.com/@drkevinmak/video/7633446899235785991,2026-04-27 21:32:34,True
drkevinmak,7633394659267529992,https://www.tiktok.com/@drkevinmak/video/7633394659267529992,2026-04-27 18:09:51,True
drkevinmak,7633102817615432968,https://www.tiktok.com/@drkevinmak/video/7633102817615432968,2026-04-26 23:17:22,True
drkevinmak,7632299699579456776,https://www.tiktok.com/@drkevinmak/video/7632299699579456776,2026-04-24 19:20:51,True
drkevinmak,7632252543602658568,https://www.tiktok.com/@drkevinmak/video/7632252543602658568,2026-04-24 16:17:52,True
drkevinmak,7631952424369949959,https://www.tiktok.com/@drkevinmak/video/7631952424369949959,2026-04-23 20:53:15,True
drkevinmak,7631595770063473927,https://www.tiktok.com/@drkevinmak/video/7631595770063473927,2026-04-22 21:49:15,True
drkevinmak,7631141780213255432,https://www.tiktok.com/@drkevinmak/video/7631141780213255432,2026-04-21 16:27:32,True
drkevinmak,7631134739843403026,https://www.tiktok.com/@drkevinmak/video/7631134739843403026,2026-04-21 16:00:13,True
drkevinmak,7631100649756757266,https://www.tiktok.com/@drkevinmak/video/7631100649756757266,2026-04-21 13:47:56,True
drkevinmak,7630705726201105672,https://www.tiktok.com/@drkevinmak/video/7630705726201105672,2026-04-20 12:15:25,True
drkevinmak,7630093100454645010,https://www.tiktok.com/@drkevinmak/video/7630093100454645010,2026-04-18 20:38:07,True
drkevinmak,7629987251178589458,https://www.tiktok.com/@drkevinmak/video/7629987251178589458,2026-04-18 13:47:22,True
drkevinmak,7629734921136819463,https://www.tiktok.com/@drkevinmak/video/7629734921136819463,2026-04-17 21:28:12,True
drkevinmak,7629731352526556424,https://www.tiktok.com/@drkevinmak/video/7629731352526556424,2026-04-17 21:14:21,True
drkevinmak,7629362054889065746,https://www.tiktok.com/@drkevinmak/video/7629362054889065746,2026-04-16 21:21:17,True
drkevinmak,7629136826837585160,https://www.tiktok.com/@drkevinmak/video/7629136826837585160,2026-04-16 06:47:17,True
drkevinmak,7628884404307381511,https://www.tiktok.com/@drkevinmak/video/7628884404307381511,2026-04-15 14:27:46,True
drkevinmak,7628876913393667335,https://www.tiktok.com/@drkevinmak/video/7628876913393667335,2026-04-15 13:58:42,True
drkevinmak,7628820524772248850,https://www.tiktok.com/@drkevinmak/video/7628820524772248850,2026-04-15 10:19:53,True
drkevinmak,7628262920190741767,https://www.tiktok.com/@drkevinmak/video/7628262920190741767,2026-04-13 22:16:05,True
drkevinmak,7628221405292776722,https://www.tiktok.com/@drkevinmak/video/7628221405292776722,2026-04-13 19:34:59,True
drkevinmak,7627866415051148562,https://www.tiktok.com/@drkevinmak/video/7627866415051148562,2026-04-12 20:37:27,True
drkevinmak,7627638744408935698,https://www.tiktok.com/@drkevinmak/video/7627638744408935698,2026-04-12 05:53:58,True
drkevinmak,7627467585155517714,https://www.tiktok.com/@drkevinmak/video/7627467585155517714,2026-04-11 18:49:47,True
drkevinmak,7627314048635309319,https://www.tiktok.com/@drkevinmak/video/7627314048635309319,2026-04-11 08:53:59,True
drkevinmak,7627129495513910546,https://www.tiktok.com/@drkevinmak/video/7627129495513910546,2026-04-10 20:57:49,True
drkevinmak,7627046277720608008,https://www.tiktok.com/@drkevinmak/video/7627046277720608008,2026-04-10 15:34:54,True
drkevinmak,7626699760413494546,https://www.tiktok.com/@drkevinmak/video/7626699760413494546,2026-04-09 17:10:14,True
drkevinmak,7626325957682400520,https://www.tiktok.com/@drkevinmak/video/7626325957682400520,2026-04-08 16:59:41,True
drkevinmak,7626263339596795144,https://www.tiktok.com/@drkevinmak/video/7626263339596795144,2026-04-08 12:56:42,True
drkevinmak,7626264960829639944,https://www.tiktok.com/@drkevinmak/video/7626264960829639944,2026-04-08 13:02:59,True
drkevinmak,7626260623319469319,https://www.tiktok.com/@drkevinmak/video/7626260623319469319,2026-04-08 12:46:09,True
drkevinmak,7626040422623628562,https://www.tiktok.com/@drkevinmak/video/7626040422623628562,2026-04-07 22:31:40,True
drkevinmak,7626039347975884039,https://www.tiktok.com/@drkevinmak/video/7626039347975884039,2026-04-07 22:27:29,True
drkevinmak,7625653889974406407,https://www.tiktok.com/@drkevinmak/video/7625653889974406407,2026-04-06 21:31:43,True
drkevinmak,7625644698027248904,https://www.tiktok.com/@drkevinmak/video/7625644698027248904,2026-04-06 20:56:03,True
drkevinmak,7625293777128721672,https://www.tiktok.com/@drkevinmak/video/7625293777128721672,2026-04-05 22:14:18,True
drkevinmak,7624732087949593874,https://www.tiktok.com/@drkevinmak/video/7624732087949593874,2026-04-04 09:54:39,True
drkevinmak,7624534222715325704,https://www.tiktok.com/@drkevinmak/video/7624534222715325704,2026-04-03 21:06:50,True
drkevinmak,7624168051876891922,https://www.tiktok.com/@drkevinmak/video/7624168051876891922,2026-04-02 21:25:54,True
drkevinmak,7624079995257769223,https://www.tiktok.com/@drkevinmak/video/7624079995257769223,2026-04-02 15:44:12,True
drkevinmak,7623805168944942354,https://www.tiktok.com/@drkevinmak/video/7623805168944942354,2026-04-01 21:57:44,True
drkevinmak,7623655541780385032,https://www.tiktok.com/@drkevinmak/video/7623655541780385032,2026-04-01 12:17:06,True
drkevinmak,7623437872388918535,https://www.tiktok.com/@drkevinmak/video/7623437872388918535,2026-03-31 22:12:26,True
drkevinmak,7623424313151999239,https://www.tiktok.com/@drkevinmak/video/7623424313151999239,2026-03-31 21:19:49,True
drkevinmak,7622996546514062610,https://www.tiktok.com/@drkevinmak/video/7622996546514062610,2026-03-30 17:39:52,True
drkevinmak,7622563850210069768,https://www.tiktok.com/@drkevinmak/video/7622563850210069768,2026-03-29 13:40:47,True
drkevinmak,7622544960763596039,https://www.tiktok.com/@drkevinmak/video/7622544960763596039,2026-03-29 12:27:29,True
drkevinmak,7622335976370605320,https://www.tiktok.com/@drkevinmak/video/7622335976370605320,2026-03-28 22:56:31,True
drkevinmak,7621900603865746706,https://www.tiktok.com/@drkevinmak/video/7621900603865746706,2026-03-27 18:47:03,True
drkevinmak,7621870587429915922,https://www.tiktok.com/@drkevinmak/video/7621870587429915922,2026-03-27 16:50:34,True
drkevinmak,7621577847471197448,https://www.tiktok.com/@drkevinmak/video/7621577847471197448,2026-03-26 21:54:35,True
drkevinmak,7621531765869481223,https://www.tiktok.com/@drkevinmak/video/7621531765869481223,2026-03-26 18:55:46,True
drkevinmak,7621506046418259207,https://www.tiktok.com/@drkevinmak/video/7621506046418259207,2026-03-26 17:15:58,True
drkevinmak,7621463586363149589,https://www.tiktok.com/@drkevinmak/video/7621463586363149589,2026-03-26 14:31:12,True
drkevinmak,7621203266688371976,https://www.tiktok.com/@drkevinmak/video/7621203266688371976,2026-03-25 21:41:02,True
drkevinmak,7620758461004942599,https://www.tiktok.com/@drkevinmak/video/7620758461004942599,2026-03-24 16:54:57,True
drkevinmak,7620469569341099282,https://www.tiktok.com/@drkevinmak/video/7620469569341099282,2026-03-23 22:13:54,True
drkevinmak,7620118341176528135,https://www.tiktok.com/@drkevinmak/video/7620118341176528135,2026-03-22 23:30:58,True
drkevinmak,7620114400501976328,https://www.tiktok.com/@drkevinmak/video/7620114400501976328,2026-03-22 23:15:40,True
drkevinmak,7620112062621945096,https://www.tiktok.com/@drkevinmak/video/7620112062621945096,2026-03-22 23:06:36,True
drkevinmak,7620107215126482183,https://www.tiktok.com/@drkevinmak/video/7620107215126482183,2026-03-22 22:47:47,True
drkevinmak,7620099623406931207,https://www.tiktok.com/@drkevinmak/video/7620099623406931207,2026-03-22 22:18:20,True
drkevinmak,7618401822318857480,https://www.tiktok.com/@drkevinmak/video/7618401822318857480,2026-03-18 08:29:59,True
drkevinmak,7618399526524570887,https://www.tiktok.com/@drkevinmak/video/7618399526524570887,2026-03-18 08:21:05,True
drkevinmak,7618398973228928263,https://www.tiktok.com/@drkevinmak/video/7618398973228928263,2026-03-18 08:18:56,True
drkevinmak,7618397148748516626,https://www.tiktok.com/@drkevinmak/video/7618397148748516626,2026-03-18 08:11:51,True
drkevinmak,7618394145387760903,https://www.tiktok.com/@drkevinmak/video/7618394145387760903,2026-03-18 08:00:12,True
drkevinmak,7618391669913783570,https://www.tiktok.com/@drkevinmak/video/7618391669913783570,2026-03-18 07:50:36,True
drkevinmak,7618388164197027079,https://www.tiktok.com/@drkevinmak/video/7618388164197027079,2026-03-18 07:36:59,True
drkevinmak,7618385577972469000,https://www.tiktok.com/@drkevinmak/video/7618385577972469000,2026-03-18 07:26:57,True
drkevinmak,7618398484445531410,https://www.tiktok.com/@drkevinmak/video/7618398484445531410,2026-03-18 08:17:02,True
drkevinmak,7618518424867704071,https://www.tiktok.com/@drkevinmak/video/7618518424867704071,2026-03-18 16:02:28,True
drkevinmak,7618386372025470226,https://www.tiktok.com/@drkevinmak/video/7618386372025470226,2026-03-18 07:30:02,True
drkevinmak,7618384081612442888,https://www.tiktok.com/@drkevinmak/video/7618384081612442888,2026-03-18 07:21:09,True
drkevinmak,7618383270585077010,https://www.tiktok.com/@drkevinmak/video/7618383270585077010,2026-03-18 07:18:00,True
drkevinmak,7618255686182522119,https://www.tiktok.com/@drkevinmak/video/7618255686182522119,2026-03-17 23:02:54,True
drkevinmak,7617494991618723090,https://www.tiktok.com/@drkevinmak/video/7617494991618723090,2026-03-15 21:51:01,True
drkevinmak,7616746883083537672,https://www.tiktok.com/@drkevinmak/video/7616746883083537672,2026-03-13 21:27:59,True
drkevinmak,7616013042492476679,https://www.tiktok.com/@drkevinmak/video/7616013042492476679,2026-03-11 22:00:18,True
drkevinmak,7615584342407925000,https://www.tiktok.com/@drkevinmak/video/7615584342407925000,2026-03-10 18:16:44,True
drkevinmak,7615219210096102663,https://www.tiktok.com/@drkevinmak/video/7615219210096102663,2026-03-09 18:39:50,True
drkevinmak,7614398662130601224,https://www.tiktok.com/@drkevinmak/video/7614398662130601224,2026-03-07 13:35:41,True
drkevinmak,7614384577645268242,https://www.tiktok.com/@drkevinmak/video/7614384577645268242,2026-03-07 12:41:02,True
drkevinmak,7614072995736325383,https://www.tiktok.com/@drkevinmak/video/7614072995736325383,2026-03-06 16:31:56,True
drkevinmak,7613746980917087506,https://www.tiktok.com/@drkevinmak/video/7613746980917087506,2026-03-05 19:26:50,True
drkevinmak,7613651360977898760,https://www.tiktok.com/@drkevinmak/video/7613651360977898760,2026-03-05 13:15:46,True
drkevinmak,7613268117774552338,https://www.tiktok.com/@drkevinmak/video/7613268117774552338,2026-03-04 12:28:36,True
drkevinmak,7613181794497727751,https://www.tiktok.com/@drkevinmak/video/7613181794497727751,2026-03-04 06:53:37,True
drkevinmak,7613022991672233224,https://www.tiktok.com/@drkevinmak/video/7613022991672233224,2026-03-03 20:37:23,True
drkevinmak,7612973379477441799,https://www.tiktok.com/@drkevinmak/video/7612973379477441799,2026-03-03 17:24:52,True
drkevinmak,7612958144532188424,https://www.tiktok.com/@drkevinmak/video/7612958144532188424,2026-03-03 16:25:44,True
drkevinmak,7612666561328876808,https://www.tiktok.com/@drkevinmak/video/7612666561328876808,2026-03-02 21:34:15,True
drkevinmak,7612618334122675464,https://www.tiktok.com/@drkevinmak/video/7612618334122675464,2026-03-02 18:27:06,True
drkevinmak,7612102926374374674,https://www.tiktok.com/@drkevinmak/video/7612102926374374674,2026-03-01 09:07:03,True
drkevinmak,7611941951872519442,https://www.tiktok.com/@drkevinmak/video/7611941951872519442,2026-02-28 22:42:24,True
drkevinmak,7611900837773839624,https://www.tiktok.com/@drkevinmak/video/7611900837773839624,2026-02-28 20:02:51,True
drkevinmak,7611712487783730440,https://www.tiktok.com/@drkevinmak/video/7611712487783730440,2026-02-28 07:51:57,True
drkevinmak,7611493361416981778,https://www.tiktok.com/@drkevinmak/video/7611493361416981778,2026-02-27 17:41:38,True
drkevinmak,7611180066747256082,https://www.tiktok.com/@drkevinmak/video/7611180066747256082,2026-02-26 21:25:53,True
drkevinmak,7610323817965096199,https://www.tiktok.com/@drkevinmak/video/7610323817965096199,2026-02-24 14:03:12,True
drkevinmak,7610060627024809224,https://www.tiktok.com/@drkevinmak/video/7610060627024809224,2026-02-23 21:01:54,True
drkevinmak,7610003691722132754,https://www.tiktok.com/@drkevinmak/video/7610003691722132754,2026-02-23 17:20:57,True
drkevinmak,7610001813651164424,https://www.tiktok.com/@drkevinmak/video/7610001813651164424,2026-02-23 17:13:40,True
drkevinmak,7609316307489623303,https://www.tiktok.com/@drkevinmak/video/7609316307489623303,2026-02-21 20:53:33,True
drkevinmak,7608972183682977032,https://www.tiktok.com/@drkevinmak/video/7608972183682977032,2026-02-20 22:38:11,True
drkevinmak,7608944552992345362,https://www.tiktok.com/@drkevinmak/video/7608944552992345362,2026-02-20 20:50:57,True
drkevinmak,7608533883222641928,https://www.tiktok.com/@drkevinmak/video/7608533883222641928,2026-02-19 18:17:21,True
drkevinmak,7608238412717378824,https://www.tiktok.com/@drkevinmak/video/7608238412717378824,2026-02-18 23:10:46,True
drkevinmak,7606919590223940882,https://www.tiktok.com/@drkevinmak/video/7606919590223940882,2026-02-15 09:53:04,True
drkevinmak,7607352871981567250,https://www.tiktok.com/@drkevinmak/video/7607352871981567250,2026-02-16 13:54:25,True
drkevinmak,7606916693226491144,https://www.tiktok.com/@drkevinmak/video/7606916693226491144,2026-02-15 09:41:49,True
drkevinmak,7606910525091368210,https://www.tiktok.com/@drkevinmak/video/7606910525091368210,2026-02-15 09:17:53,True
drkevinmak,7606693190627790087,https://www.tiktok.com/@drkevinmak/video/7606693190627790087,2026-02-14 19:14:31,True
drkevinmak,7606298972164033800,https://www.tiktok.com/@drkevinmak/video/7606298972164033800,2026-02-13 17:44:45,True
drkevinmak,7605880008933903624,https://www.tiktok.com/@drkevinmak/video/7605880008933903624,2026-02-12 14:38:58,True
drkevinmak,7605447920611036424,https://www.tiktok.com/@drkevinmak/video/7605447920611036424,2026-02-11 10:42:14,True
drkevinmak,7605242157749783826,https://www.tiktok.com/@drkevinmak/video/7605242157749783826,2026-02-10 21:23:46,True
drkevinmak,7604822591093837064,https://www.tiktok.com/@drkevinmak/video/7604822591093837064,2026-02-09 18:15:38,True
drkevinmak,7604522834785815826,https://www.tiktok.com/@drkevinmak/video/7604522834785815826,2026-02-08 22:52:26,True
drkevinmak,7604135631337360658,https://www.tiktok.com/@drkevinmak/video/7604135631337360658,2026-02-07 21:49:53,True
drkevinmak,7603721465988484370,https://www.tiktok.com/@drkevinmak/video/7603721465988484370,2026-02-06 19:02:43,True
drkevinmak,7603402495297178887,https://www.tiktok.com/@drkevinmak/video/7603402495297178887,2026-02-05 22:24:56,True
drkevinmak,7603322719463066898,https://www.tiktok.com/@drkevinmak/video/7603322719463066898,2026-02-05 17:15:22,True
drkevinmak,7603002638791134471,https://www.tiktok.com/@drkevinmak/video/7603002638791134471,2026-02-04 20:33:18,True
drkevinmak,7602934134033452295,https://www.tiktok.com/@drkevinmak/video/7602934134033452295,2026-02-04 16:07:28,True
drkevinmak,7602790409185561874,https://www.tiktok.com/@drkevinmak/video/7602790409185561874,2026-02-04 06:49:44,True
drkevinmak,7602199537586933010,https://www.tiktok.com/@drkevinmak/video/7602199537586933010,2026-02-02 16:36:51,True
drkevinmak,7602050207349525768,https://www.tiktok.com/@drkevinmak/video/7602050207349525768,2026-02-02 06:57:22,True
drkevinmak,7601889738194193682,https://www.tiktok.com/@drkevinmak/video/7601889738194193682,2026-02-01 20:34:40,True
drkevinmak,7601780994617691410,https://www.tiktok.com/@drkevinmak/video/7601780994617691410,2026-02-01 13:32:41,True
drkevinmak,7601538691395292423,https://www.tiktok.com/@drkevinmak/video/7601538691395292423,2026-01-31 21:52:26,True
drkevinmak,7601438066884054290,https://www.tiktok.com/@drkevinmak/video/7601438066884054290,2026-01-31 15:21:57,True
drkevinmak,7601426603155000594,https://www.tiktok.com/@drkevinmak/video/7601426603155000594,2026-01-31 14:37:28,True
drkevinmak,7601171695453375752,https://www.tiktok.com/@drkevinmak/video/7601171695453375752,2026-01-30 22:08:18,True
drkevinmak,7601050480822766856,https://www.tiktok.com/@drkevinmak/video/7601050480822766856,2026-01-30 14:17:55,True
drkevinmak,7600727329047956754,https://www.tiktok.com/@drkevinmak/video/7600727329047956754,2026-01-29 17:23:56,True
drkevinmak,7600394128345615624,https://www.tiktok.com/@drkevinmak/video/7600394128345615624,2026-01-28 19:50:56,True
drkevinmak,7600347913331543304,https://www.tiktok.com/@drkevinmak/video/7600347913331543304,2026-01-28 16:51:36,True
drkevinmak,7600290469058202887,https://www.tiktok.com/@drkevinmak/video/7600290469058202887,2026-01-28 13:08:41,True
drkevinmak,7600196320539856135,https://www.tiktok.com/@drkevinmak/video/7600196320539856135,2026-01-28 07:03:21,True
drkevinmak,7600056029417622791,https://www.tiktok.com/@drkevinmak/video/7600056029417622791,2026-01-27 21:58:57,True
drkevinmak,7600018436978248967,https://www.tiktok.com/@drkevinmak/video/7600018436978248967,2026-01-27 19:33:04,True
drkevinmak,7599991746121960712,https://www.tiktok.com/@drkevinmak/video/7599991746121960712,2026-01-27 17:49:30,True
drkevinmak,7599661696671583495,https://www.tiktok.com/@drkevinmak/video/7599661696671583495,2026-01-26 20:28:44,True
drkevinmak,7599646508660641031,https://www.tiktok.com/@drkevinmak/video/7599646508660641031,2026-01-26 19:29:48,True
drkevinmak,7599210217070431506,https://www.tiktok.com/@drkevinmak/video/7599210217070431506,2026-01-25 15:16:46,True
drkevinmak,7598911369731165448,https://www.tiktok.com/@drkevinmak/video/7598911369731165448,2026-01-24 19:57:05,True
drkevinmak,7598510571679419655,https://www.tiktok.com/@drkevinmak/video/7598510571679419655,2026-01-23 18:01:47,True
drkevinmak,7598021425915546888,https://www.tiktok.com/@drkevinmak/video/7598021425915546888,2026-01-22 10:23:39,True
drkevinmak,7598024648332266760,https://www.tiktok.com/@drkevinmak/video/7598024648332266760,2026-01-22 10:36:09,True
drkevinmak,7598019666858183954,https://www.tiktok.com/@drkevinmak/video/7598019666858183954,2026-01-22 10:16:49,True
drkevinmak,7598010669388123410,https://www.tiktok.com/@drkevinmak/video/7598010669388123410,2026-01-22 09:41:54,True
drkevinmak,7597826158729645320,https://www.tiktok.com/@drkevinmak/video/7597826158729645320,2026-01-21 21:45:54,True
drkevinmak,7597777222652431624,https://www.tiktok.com/@drkevinmak/video/7597777222652431624,2026-01-21 18:36:01,True
drkevinmak,7597427585961807122,https://www.tiktok.com/@drkevinmak/video/7597427585961807122,2026-01-20 19:59:14,True
drkevinmak,7597402670227410183,https://www.tiktok.com/@drkevinmak/video/7597402670227410183,2026-01-20 18:22:33,True
drkevinmak,7597281140524715271,https://www.tiktok.com/@drkevinmak/video/7597281140524715271,2026-01-20 10:30:57,True
drkevinmak,7597038380114857234,https://www.tiktok.com/@drkevinmak/video/7597038380114857234,2026-01-19 18:48:55,True
drkevinmak,7596701148837416210,https://www.tiktok.com/@drkevinmak/video/7596701148837416210,2026-01-18 21:00:18,True
drkevinmak,7596526547310284039,https://www.tiktok.com/@drkevinmak/video/7596526547310284039,2026-01-18 09:42:45,True
drkevinmak,7596231024904834322,https://www.tiktok.com/@drkevinmak/video/7596231024904834322,2026-01-17 14:35:58,True
drkevinmak,7596155634303864082,https://www.tiktok.com/@drkevinmak/video/7596155634303864082,2026-01-17 09:43:25,True
drkevinmak,7595953714507091208,https://www.tiktok.com/@drkevinmak/video/7595953714507091208,2026-01-16 20:39:52,True
drkevinmak,7595916311729900818,https://www.tiktok.com/@drkevinmak/video/7595916311729900818,2026-01-16 18:14:44,True
drkevinmak,7595759088798059783,https://www.tiktok.com/@drkevinmak/video/7595759088798059783,2026-01-16 08:04:37,True
drkevinmak,7595560987940572423,https://www.tiktok.com/@drkevinmak/video/7595560987940572423,2026-01-15 19:15:53,True
drkevinmak,7595544808161053970,https://www.tiktok.com/@drkevinmak/video/7595544808161053970,2026-01-15 18:13:06,True
drkevinmak,7595151823472807186,https://www.tiktok.com/@drkevinmak/video/7595151823472807186,2026-01-14 16:48:07,True
drkevinmak,7595008557901286663,https://www.tiktok.com/@drkevinmak/video/7595008557901286663,2026-01-14 07:32:11,True
drkevinmak,7594839999791582482,https://www.tiktok.com/@drkevinmak/video/7594839999791582482,2026-01-13 20:38:05,True
drkevinmak,7594736403435572487,https://www.tiktok.com/@drkevinmak/video/7594736403435572487,2026-01-13 13:56:05,True
drkevinmak,7594733232348843282,https://www.tiktok.com/@drkevinmak/video/7594733232348843282,2026-01-13 13:43:46,True
drkevinmak,7594484400704867592,https://www.tiktok.com/@drkevinmak/video/7594484400704867592,2026-01-12 21:38:11,True
drkevinmak,7593991559406816530,https://www.tiktok.com/@drkevinmak/video/7593991559406816530,2026-01-11 13:45:42,True
drkevinmak,7593711729620585735,https://www.tiktok.com/@drkevinmak/video/7593711729620585735,2026-01-10 19:39:49,True
drkevinmak,7593339475711872263,https://www.tiktok.com/@drkevinmak/video/7593339475711872263,2026-01-09 19:35:17,True
drkevinmak,7593239069375712530,https://www.tiktok.com/@drkevinmak/video/7593239069375712530,2026-01-09 13:05:39,True
drkevinmak,7592965634078641416,https://www.tiktok.com/@drkevinmak/video/7592965634078641416,2026-01-08 19:24:35,True
drkevinmak,7592889450271690002,https://www.tiktok.com/@drkevinmak/video/7592889450271690002,2026-01-08 14:28:57,True
drkevinmak,7592563740189428999,https://www.tiktok.com/@drkevinmak/video/7592563740189428999,2026-01-07 17:25:02,True
drkevinmak,7592236753981820168,https://www.tiktok.com/@drkevinmak/video/7592236753981820168,2026-01-06 20:16:10,True
drkevinmak,7592092873735032072,https://www.tiktok.com/@drkevinmak/video/7592092873735032072,2026-01-06 10:57:50,True
drkevinmak,7591857331294522632,https://www.tiktok.com/@drkevinmak/video/7591857331294522632,2026-01-05 19:43:48,True
drkevinmak,7591817391949090056,https://www.tiktok.com/@drkevinmak/video/7591817391949090056,2026-01-05 17:08:49,True
drkevinmak,7591408920808131858,https://www.tiktok.com/@drkevinmak/video/7591408920808131858,2026-01-04 14:43:45,True
drkevinmak,7590735773536619783,https://www.tiktok.com/@drkevinmak/video/7590735773536619783,2026-01-02 19:11:35,True
drkevinmak,7590038089981054226,https://www.tiktok.com/@drkevinmak/video/7590038089981054226,2025-12-31 22:04:13,False
drrichardlee,7678539435155131669,https://www.tiktok.com/@drrichardlee/video/7678539435155131669,2026-08-27 09:54:39,True
drrichardlee,7676075493149494536,https://www.tiktok.com/@drrichardlee/video/7676075493149494536,2026-08-20 18:33:17,True
drrichardlee,7675354097754705159,https://www.tiktok.com/@drrichardlee/video/7675354097754705159,2026-08-18 19:53:54,True
drrichardlee,7674619288996629768,https://www.tiktok.com/@drrichardlee/video/7674619288996629768,2026-08-16 20:22:28,True
drrichardlee,7674614159316864277,https://www.tiktok.com/@drrichardlee/video/7674614159316864277,2026-08-16 20:02:34,True
drrichardlee,7673841901769919751,https://www.tiktok.com/@drrichardlee/video/7673841901769919751,2026-08-14 18:05:49,True
drrichardlee,7673548135129533703,https://www.tiktok.com/@drrichardlee/video/7673548135129533703,2026-08-13 23:05:51,True
drrichardlee,7672751185236938002,https://www.tiktok.com/@drrichardlee/video/7672751185236938002,2026-08-11 19:33:17,True
drrichardlee,7672367290444221704,https://www.tiktok.com/@drrichardlee/video/7672367290444221704,2026-08-10 18:43:34,True
drrichardlee,7671513633867746568,https://www.tiktok.com/@drrichardlee/video/7671513633867746568,2026-08-08 11:30:57,True
drrichardlee,7671485278556654856,https://www.tiktok.com/@drrichardlee/video/7671485278556654856,2026-08-08 09:40:55,True
drrichardlee,7671180172971805959,https://www.tiktok.com/@drrichardlee/video/7671180172971805959,2026-08-07 13:56:57,True
drrichardlee,7671208856650894600,https://www.tiktok.com/@drrichardlee/video/7671208856650894600,2026-08-07 15:48:15,True
drrichardlee,7669031244650368264,https://www.tiktok.com/@drrichardlee/video/7669031244650368264,2026-08-01 18:58:00,True
drrichardlee,7668297815633775893,https://www.tiktok.com/@drrichardlee/video/7668297815633775893,2026-07-30 19:31:56,True
drrichardlee,7667197498154372359,https://www.tiktok.com/@drrichardlee/video/7667197498154372359,2026-07-27 20:22:08,True
drrichardlee,7667051355676101895,https://www.tiktok.com/@drrichardlee/video/7667051355676101895,2026-07-27 10:55:02,True
drrichardlee,7666641829873421586,https://www.tiktok.com/@drrichardlee/video/7666641829873421586,2026-07-26 08:25:51,True
drrichardlee,7666411270253366549,https://www.tiktok.com/@drrichardlee/video/7666411270253366549,2026-07-25 17:31:10,True
drrichardlee,7666039261828795666,https://www.tiktok.com/@drrichardlee/video/7666039261828795666,2026-07-24 17:27:35,True
drrichardlee,7665946975325441300,https://www.tiktok.com/@drrichardlee/video/7665946975325441300,2026-07-24 11:29:28,True
drrichardlee,7655539714623065365,https://www.tiktok.com/@drrichardlee/video/7655539714623065365,2026-06-26 10:23:59,True
drrichardlee,7655290786564590868,https://www.tiktok.com/@drrichardlee/video/7655290786564590868,2026-06-25 18:18:01,True
drrichardlee,7652705273949310228,https://www.tiktok.com/@drrichardlee/video/7652705273949310228,2026-06-18 19:04:54,True
drrichardlee,7638950123799612693,https://www.tiktok.com/@drrichardlee/video/7638950123799612693,2026-05-12 17:27:54,True
drrichardlee,7636396030908583188,https://www.tiktok.com/@drrichardlee/video/7636396030908583188,2026-05-05 20:16:43,True
drrichardlee,7619525373373549831,https://www.tiktok.com/@drrichardlee/video/7619525373373549831,2026-03-21 09:09:57,True
drrichardlee,7619317947932134674,https://www.tiktok.com/@drrichardlee/video/7619317947932134674,2026-03-20 19:45:02,True
drrichardlee,7618949366526627080,https://www.tiktok.com/@drrichardlee/video/7618949366526627080,2026-03-19 19:54:44,True
drrichardlee,7618524326937070856,https://www.tiktok.com/@drrichardlee/video/7618524326937070856,2026-03-18 16:25:22,True
drrichardlee,7618213779058265362,https://www.tiktok.com/@drrichardlee/video/7618213779058265362,2026-03-17 20:20:17,True
drrichardlee,7618082074196675858,https://www.tiktok.com/@drrichardlee/video/7618082074196675858,2026-03-17 11:49:12,True
drrichardlee,7617789912489807111,https://www.tiktok.com/@drrichardlee/video/7617789912489807111,2026-03-16 16:55:28,True
drrichardlee,7617329417924119816,https://www.tiktok.com/@drrichardlee/video/7617329417924119816,2026-03-15 11:08:31,True
drrichardlee,7616977037512772872,https://www.tiktok.com/@drrichardlee/video/7616977037512772872,2026-03-14 12:21:06,True
drrichardlee,7616674231593618695,https://www.tiktok.com/@drrichardlee/video/7616674231593618695,2026-03-13 16:46:03,True
drrichardlee,7616409930555346183,https://www.tiktok.com/@drrichardlee/video/7616409930555346183,2026-03-12 23:40:26,True
drrichardlee,7615924163554839815,https://www.tiktok.com/@drrichardlee/video/7615924163554839815,2026-03-11 16:15:25,True
drrichardlee,7615570474688449799,https://www.tiktok.com/@drrichardlee/video/7615570474688449799,2026-03-10 17:22:55,True
drrichardlee,7615226955666951432,https://www.tiktok.com/@drrichardlee/video/7615226955666951432,2026-03-09 19:09:53,True
drrichardlee,7614849507062238471,https://www.tiktok.com/@drrichardlee/video/7614849507062238471,2026-03-08 18:45:12,True
drrichardlee,7614462318084246802,https://www.tiktok.com/@drrichardlee/video/7614462318084246802,2026-03-07 17:42:42,True
drrichardlee,7614068095233150229,https://www.tiktok.com/@drrichardlee/video/7614068095233150229,2026-03-06 16:12:55,True
drrichardlee,7613962779850067221,https://www.tiktok.com/@drrichardlee/video/7613962779850067221,2026-03-06 09:24:14,True
drrichardlee,7613727670551022869,https://www.tiktok.com/@drrichardlee/video/7613727670551022869,2026-03-05 18:11:54,True
drrichardlee,7613324129676152084,https://www.tiktok.com/@drrichardlee/video/7613324129676152084,2026-03-04 16:05:57,True
drrichardlee,7612954345516190997,https://www.tiktok.com/@drrichardlee/video/7612954345516190997,2026-03-03 16:11:00,True
drrichardlee,7612595011913256212,https://www.tiktok.com/@drrichardlee/video/7612595011913256212,2026-03-02 16:56:36,True
drrichardlee,7612214747739475220,https://www.tiktok.com/@drrichardlee/video/7612214747739475220,2026-03-01 16:20:59,True
drrichardlee,7612168777437957396,https://www.tiktok.com/@drrichardlee/video/7612168777437957396,2026-03-01 13:22:36,True
drrichardlee,7611895049680325909,https://www.tiktok.com/@drrichardlee/video/7611895049680325909,2026-02-28 19:40:23,True
drrichardlee,7611842893787057429,https://www.tiktok.com/@drrichardlee/video/7611842893787057429,2026-02-28 16:18:00,True
drrichardlee,7611529388860935445,https://www.tiktok.com/@drrichardlee/video/7611529388860935445,2026-02-27 20:01:26,True
drrichardlee,7611416872050838804,https://www.tiktok.com/@drrichardlee/video/7611416872050838804,2026-02-27 12:44:49,True
drrichardlee,7611115150359285013,https://www.tiktok.com/@drrichardlee/video/7611115150359285013,2026-02-26 17:13:59,True
drrichardlee,7611035999073815828,https://www.tiktok.com/@drrichardlee/video/7611035999073815828,2026-02-26 12:06:50,True
drrichardlee,7610773620880641300,https://www.tiktok.com/@drrichardlee/video/7610773620880641300,2026-02-25 19:08:40,True
drrichardlee,7610724530482367764,https://www.tiktok.com/@drrichardlee/video/7610724530482367764,2026-02-25 15:58:11,True
drrichardlee,7610283666027121941,https://www.tiktok.com/@drrichardlee/video/7610283666027121941,2026-02-24 11:27:24,True
drrichardlee,7609995871522000148,https://www.tiktok.com/@drrichardlee/video/7609995871522000148,2026-02-23 16:50:36,True
drrichardlee,7609887413468482836,https://www.tiktok.com/@drrichardlee/video/7609887413468482836,2026-02-23 09:49:44,True
drrichardlee,7609617345094470933,https://www.tiktok.com/@drrichardlee/video/7609617345094470933,2026-02-22 16:21:44,True
drrichardlee,7609214614613626132,https://www.tiktok.com/@drrichardlee/video/7609214614613626132,2026-02-21 14:18:56,True
drrichardlee,7608869001552334101,https://www.tiktok.com/@drrichardlee/video/7608869001552334101,2026-02-20 15:57:47,True
drrichardlee,7608505229679545621,https://www.tiktok.com/@drrichardlee/video/7608505229679545621,2026-02-19 16:26:09,True
drrichardlee,7608198003454709013,https://www.tiktok.com/@drrichardlee/video/7608198003454709013,2026-02-18 20:33:58,True
drrichardlee,7607443839846010133,https://www.tiktok.com/@drrichardlee/video/7607443839846010133,2026-02-16 19:47:25,True
drrichardlee,7605192399828339988,https://www.tiktok.com/@drrichardlee/video/7605192399828339988,2026-02-10 18:10:41,True
drrichardlee,7604833349819043093,https://www.tiktok.com/@drrichardlee/video/7604833349819043093,2026-02-09 18:57:23,True
drrichardlee,7604100939032661269,https://www.tiktok.com/@drrichardlee/video/7604100939032661269,2026-02-07 19:35:16,True
drrichardlee,7603720673944440084,https://www.tiktok.com/@drrichardlee/video/7603720673944440084,2026-02-06 18:59:38,True
drrichardlee,7603603884602330388,https://www.tiktok.com/@drrichardlee/video/7603603884602330388,2026-02-06 11:26:26,True
drrichardlee,7603334528429559061,https://www.tiktok.com/@drrichardlee/video/7603334528429559061,2026-02-05 18:01:12,True
drrichardlee,7602973005945556245,https://www.tiktok.com/@drrichardlee/video/7602973005945556245,2026-02-04 18:38:18,True
drrichardlee,7602583490911079701,https://www.tiktok.com/@drrichardlee/video/7602583490911079701,2026-02-03 17:26:47,True
drrichardlee,7602225938272734485,https://www.tiktok.com/@drrichardlee/video/7602225938272734485,2026-02-02 18:19:18,True
drrichardlee,7601851909166714133,https://www.tiktok.com/@drrichardlee/video/7601851909166714133,2026-02-01 18:07:52,True
drrichardlee,7601513592269163797,https://www.tiktok.com/@drrichardlee/video/7601513592269163797,2026-01-31 20:15:02,True
drrichardlee,7600563813993221396,https://www.tiktok.com/@drrichardlee/video/7600563813993221396,2026-01-29 06:49:24,True
drrichardlee,7600386570637577492,https://www.tiktok.com/@drrichardlee/video/7600386570637577492,2026-01-28 19:21:37,True
drrichardlee,7600027883138059540,https://www.tiktok.com/@drrichardlee/video/7600027883138059540,2026-01-27 20:09:43,True
drrichardlee,7599609316043132181,https://www.tiktok.com/@drrichardlee/video/7599609316043132181,2026-01-26 17:05:28,True
drrichardlee,7599269328533392661,https://www.tiktok.com/@drrichardlee/video/7599269328533392661,2026-01-25 19:06:09,True
drrichardlee,7598867207745047829,https://www.tiktok.com/@drrichardlee/video/7598867207745047829,2026-01-24 17:05:43,True
drrichardlee,7598201292447599893,https://www.tiktok.com/@drrichardlee/video/7598201292447599893,2026-01-22 22:01:37,True
drrichardlee,7596671109299227924,https://www.tiktok.com/@drrichardlee/video/7596671109299227924,2026-01-18 19:03:44,True
drrichardlee,7596272747605527829,https://www.tiktok.com/@drrichardlee/video/7596272747605527829,2026-01-17 17:17:53,True
drrichardlee,7595152800238013717,https://www.tiktok.com/@drrichardlee/video/7595152800238013717,2026-01-14 16:51:55,True
drrichardlee,7594813350001904917,https://www.tiktok.com/@drrichardlee/video/7594813350001904917,2026-01-13 18:54:40,True
drrichardlee,7594444695028223252,https://www.tiktok.com/@drrichardlee/video/7594444695028223252,2026-01-12 19:04:06,True
drrichardlee,7594425102121454869,https://www.tiktok.com/@drrichardlee/video/7594425102121454869,2026-01-12 17:48:04,True
drrichardlee,7594035593504443668,https://www.tiktok.com/@drrichardlee/video/7594035593504443668,2026-01-11 16:36:35,True
drrichardlee,7593705548093132053,https://www.tiktok.com/@drrichardlee/video/7593705548093132053,2026-01-10 19:15:50,True
drrichardlee,7593611689799503125,https://www.tiktok.com/@drrichardlee/video/7593611689799503125,2026-01-10 13:11:37,True
drrichardlee,7593332265971617045,https://www.tiktok.com/@drrichardlee/video/7593332265971617045,2026-01-09 19:07:18,True
drrichardlee,7592952708647177493,https://www.tiktok.com/@drrichardlee/video/7592952708647177493,2026-01-08 18:34:26,True
drrichardlee,7592228516180053268,https://www.tiktok.com/@drrichardlee/video/7592228516180053268,2026-01-06 19:44:12,True
drrichardlee,7591827798327627029,https://www.tiktok.com/@drrichardlee/video/7591827798327627029,2026-01-05 17:49:12,True
drrichardlee,7591079903869668628,https://www.tiktok.com/@drrichardlee/video/7591079903869668628,2026-01-03 17:27:00,True
drrichardlee,7590710720266898709,https://www.tiktok.com/@drrichardlee/video/7590710720266898709,2026-01-02 17:34:22,True
drrichardlee,7589990825656945941,https://www.tiktok.com/@drrichardlee/video/7589990825656945941,2025-12-31 19:00:49,False
farhanzubedi,7633054715516816660,https://www.tiktok.com/@farhanzubedi/video/7633054715516816660,2026-04-26 20:10:42,True
farhanzubedi,7607442834995678484,https://www.tiktok.com/@farhanzubedi/video/7607442834995678484,2026-02-16 19:43:31,True
farhanzubedi,7605267321191501077,https://www.tiktok.com/@farhanzubedi/video/7605267321191501077,2026-02-10 23:01:25,True
farhanzubedi,7603381122608811285,https://www.tiktok.com/@farhanzubedi/video/7603381122608811285,2026-02-05 21:02:00,True
farhanzubedi,7602251874141555988,https://www.tiktok.com/@farhanzubedi/video/7602251874141555988,2026-02-02 19:59:57,True
farhanzubedi,7586679223650241799,https://www.tiktok.com/@farhanzubedi/video/7586679223650241799,2025-12-22 20:50:06,False
gelarsramdhani,7635618975199628551,https://www.tiktok.com/@gelarsramdhani/video/7635618975199628551,2026-05-03 18:01:20,True
gelarsramdhani,7286793429198146821,https://www.tiktok.com/@gelarsramdhani/video/7286793429198146821,2023-10-06 17:40:04,False
gelarsramdhani,7265136878498696453,https://www.tiktok.com/@gelarsramdhani/video/7265136878498696453,2023-08-09 09:01:35,False
gelarsramdhani,7676472795672349960,https://www.tiktok.com/@gelarsramdhani/video/7676472795672349960,2026-08-21 20:15:02,True
gelarsramdhani,7674833514302393608,https://www.tiktok.com/@gelarsramdhani/video/7674833514302393608,2026-08-17 10:13:47,True
gelarsramdhani,7674028064946294034,https://www.tiktok.com/@gelarsramdhani/video/7674028064946294034,2026-08-15 06:08:13,True
gelarsramdhani,7672263903442685202,https://www.tiktok.com/@gelarsramdhani/video/7672263903442685202,2026-08-10 12:02:22,True
gelarsramdhani,7670344318422469906,https://www.tiktok.com/@gelarsramdhani/video/7670344318422469906,2026-08-05 07:53:24,True
gelarsramdhani,7667226773331004680,https://www.tiktok.com/@gelarsramdhani/video/7667226773331004680,2026-07-27 22:15:44,True
gelarsramdhani,7667016650432072978,https://www.tiktok.com/@gelarsramdhani/video/7667016650432072978,2026-07-27 08:40:21,True
gelarsramdhani,7665902188685708562,https://www.tiktok.com/@gelarsramdhani/video/7665902188685708562,2026-07-24 08:35:40,True
gelarsramdhani,7664114189929155858,https://www.tiktok.com/@gelarsramdhani/video/7664114189929155858,2026-07-19 12:57:19,True
gelarsramdhani,7663693779324374279,https://www.tiktok.com/@gelarsramdhani/video/7663693779324374279,2026-07-18 09:45:55,True
gelarsramdhani,7663656599818341639,https://www.tiktok.com/@gelarsramdhani/video/7663656599818341639,2026-07-18 07:21:38,True
gelarsramdhani,7663276620135927048,https://www.tiktok.com/@gelarsramdhani/video/7663276620135927048,2026-07-17 06:47:07,True
gelarsramdhani,7662669483588341000,https://www.tiktok.com/@gelarsramdhani/video/7662669483588341000,2026-07-15 15:31:07,True
gelarsramdhani,7662344732521008391,https://www.tiktok.com/@gelarsramdhani/video/7662344732521008391,2026-07-14 18:30:55,True
gelarsramdhani,7662276180363562258,https://www.tiktok.com/@gelarsramdhani/video/7662276180363562258,2026-07-14 14:04:54,True
gelarsramdhani,7661995269709434119,https://www.tiktok.com/@gelarsramdhani/video/7661995269709434119,2026-07-13 19:54:50,True
gelarsramdhani,7661884007419776263,https://www.tiktok.com/@gelarsramdhani/video/7661884007419776263,2026-07-13 12:43:05,True
gelarsramdhani,7661443433193573650,https://www.tiktok.com/@gelarsramdhani/video/7661443433193573650,2026-07-12 08:13:25,True
gelarsramdhani,7661214595977137426,https://www.tiktok.com/@gelarsramdhani/video/7661214595977137426,2026-07-11 17:25:25,True
gelarsramdhani,7660701338413632775,https://www.tiktok.com/@gelarsramdhani/video/7660701338413632775,2026-07-10 08:13:43,True
gelarsramdhani,7660351795327192328,https://www.tiktok.com/@gelarsramdhani/video/7660351795327192328,2026-07-09 09:37:19,True
gelarsramdhani,7658596381900229896,https://www.tiktok.com/@gelarsramdhani/video/7658596381900229896,2026-07-04 16:05:25,True
gelarsramdhani,7658593509225598226,https://www.tiktok.com/@gelarsramdhani/video/7658593509225598226,2026-07-04 15:54:16,True
gelarsramdhani,7658589548493966599,https://www.tiktok.com/@gelarsramdhani/video/7658589548493966599,2026-07-04 15:38:54,True
gelarsramdhani,7658184013865078024,https://www.tiktok.com/@gelarsramdhani/video/7658184013865078024,2026-07-03 13:25:13,True
gelarsramdhani,7658177275183025415,https://www.tiktok.com/@gelarsramdhani/video/7658177275183025415,2026-07-03 12:59:04,True
gelarsramdhani,7658154928912829704,https://www.tiktok.com/@gelarsramdhani/video/7658154928912829704,2026-07-03 11:32:21,True
gelarsramdhani,7657918445303942407,https://www.tiktok.com/@gelarsramdhani/video/7657918445303942407,2026-07-02 20:14:40,True
gelarsramdhani,7657399284727385362,https://www.tiktok.com/@gelarsramdhani/video/7657399284727385362,2026-07-01 10:40:04,True
gelarsramdhani,7657397788333985042,https://www.tiktok.com/@gelarsramdhani/video/7657397788333985042,2026-07-01 10:34:15,True
gelarsramdhani,7657390561124470023,https://www.tiktok.com/@gelarsramdhani/video/7657390561124470023,2026-07-01 10:06:13,True
gelarsramdhani,7656325870679756040,https://www.tiktok.com/@gelarsramdhani/video/7656325870679756040,2026-06-28 13:14:40,True
gelarsramdhani,7655893157741137170,https://www.tiktok.com/@gelarsramdhani/video/7655893157741137170,2026-06-27 09:15:31,True
gelarsramdhani,7655555498359540999,https://www.tiktok.com/@gelarsramdhani/video/7655555498359540999,2026-06-26 11:25:14,True
gelarsramdhani,7655310870662122760,https://www.tiktok.com/@gelarsramdhani/video/7655310870662122760,2026-06-25 19:35:57,True
gelarsramdhani,7654432840393772296,https://www.tiktok.com/@gelarsramdhani/video/7654432840393772296,2026-06-23 10:48:45,True
gelarsramdhani,7654407868602731783,https://www.tiktok.com/@gelarsramdhani/video/7654407868602731783,2026-06-23 09:11:50,True
gelarsramdhani,7652985496880024850,https://www.tiktok.com/@gelarsramdhani/video/7652985496880024850,2026-06-19 13:12:19,True
gelarsramdhani,7652983716737731847,https://www.tiktok.com/@gelarsramdhani/video/7652983716737731847,2026-06-19 13:05:24,True
gelarsramdhani,7652702797762252040,https://www.tiktok.com/@gelarsramdhani/video/7652702797762252040,2026-06-18 18:55:18,True
gelarsramdhani,7652600782759431432,https://www.tiktok.com/@gelarsramdhani/video/7652600782759431432,2026-06-18 12:19:25,True
gelarsramdhani,7652319072784272647,https://www.tiktok.com/@gelarsramdhani/video/7652319072784272647,2026-06-17 18:06:15,True
gelarsramdhani,7652262190178782482,https://www.tiktok.com/@gelarsramdhani/video/7652262190178782482,2026-06-17 14:25:31,True
gelarsramdhani,7649305279099637000,https://www.tiktok.com/@gelarsramdhani/video/7649305279099637000,2026-06-09 15:11:11,True
gelarsramdhani,7649040376002645256,https://www.tiktok.com/@gelarsramdhani/video/7649040376002645256,2026-06-08 22:03:14,True
gelarsramdhani,7648547408607022343,https://www.tiktok.com/@gelarsramdhani/video/7648547408607022343,2026-06-07 14:10:16,True
gelarsramdhani,7648228181111016712,https://www.tiktok.com/@gelarsramdhani/video/7648228181111016712,2026-06-06 17:31:30,True
gelarsramdhani,7647810662533500168,https://www.tiktok.com/@gelarsramdhani/video/7647810662533500168,2026-06-05 14:31:19,True
gelarsramdhani,7647473537422216456,https://www.tiktok.com/@gelarsramdhani/video/7647473537422216456,2026-06-04 16:43:06,True
gelarsramdhani,7647287598687325448,https://www.tiktok.com/@gelarsramdhani/video/7647287598687325448,2026-06-04 04:41:33,True
gelarsramdhani,7647184521166720274,https://www.tiktok.com/@gelarsramdhani/video/7647184521166720274,2026-06-03 22:01:34,True
gelarsramdhani,7645246082515029256,https://www.tiktok.com/@gelarsramdhani/video/7645246082515029256,2026-05-29 16:39:26,True
gelarsramdhani,7644813350026693906,https://www.tiktok.com/@gelarsramdhani/video/7644813350026693906,2026-05-28 12:40:12,True
gelarsramdhani,7644664152958438663,https://www.tiktok.com/@gelarsramdhani/video/7644664152958438663,2026-05-28 03:01:15,True
gelarsramdhani,7643752216762912007,https://www.tiktok.com/@gelarsramdhani/video/7643752216762912007,2026-05-25 16:02:28,True
gelarsramdhani,7643209098141420818,https://www.tiktok.com/@gelarsramdhani/video/7643209098141420818,2026-05-24 04:54:53,True
gelarsramdhani,7642453172673350930,https://www.tiktok.com/@gelarsramdhani/video/7642453172673350930,2026-05-22 04:01:31,True
gelarsramdhani,7641731116918967559,https://www.tiktok.com/@gelarsramdhani/video/7641731116918967559,2026-05-20 05:19:34,True
gelarsramdhani,7640995216211627282,https://www.tiktok.com/@gelarsramdhani/video/7640995216211627282,2026-05-18 05:43:54,True
gelarsramdhani,7640620958205627656,https://www.tiktok.com/@gelarsramdhani/video/7640620958205627656,2026-05-17 05:31:35,True
gelarsramdhani,7639981701686430984,https://www.tiktok.com/@gelarsramdhani/video/7639981701686430984,2026-05-15 12:10:57,True
gelarsramdhani,7639381472314461448,https://www.tiktok.com/@gelarsramdhani/video/7639381472314461448,2026-05-13 21:21:45,True
gelarsramdhani,7639078547482545426,https://www.tiktok.com/@gelarsramdhani/video/7639078547482545426,2026-05-13 01:46:15,True
gelarsramdhani,7638924358542478610,https://www.tiktok.com/@gelarsramdhani/video/7638924358542478610,2026-05-12 15:47:55,True
gelarsramdhani,7638852306091560199,https://www.tiktok.com/@gelarsramdhani/video/7638852306091560199,2026-05-12 11:08:19,True
gelarsramdhani,7638376727508487442,https://www.tiktok.com/@gelarsramdhani/video/7638376727508487442,2026-05-11 04:22:49,True
gelarsramdhani,7638131819803708690,https://www.tiktok.com/@gelarsramdhani/video/7638131819803708690,2026-05-10 12:32:27,True
gelarsramdhani,7637864622468500743,https://www.tiktok.com/@gelarsramdhani/video/7637864622468500743,2026-05-09 19:15:36,True
gelarsramdhani,7637750859618716946,https://www.tiktok.com/@gelarsramdhani/video/7637750859618716946,2026-05-09 11:54:08,True
gelarsramdhani,7637485251354250504,https://www.tiktok.com/@gelarsramdhani/video/7637485251354250504,2026-05-08 18:43:26,True
gelarsramdhani,7637335190825733383,https://www.tiktok.com/@gelarsramdhani/video/7637335190825733383,2026-05-08 09:01:08,True
gelarsramdhani,7636883288845552904,https://www.tiktok.com/@gelarsramdhani/video/7636883288845552904,2026-05-07 03:47:31,True
gelarsramdhani,7636779115416161554,https://www.tiktok.com/@gelarsramdhani/video/7636779115416161554,2026-05-06 21:03:16,True
gelarsramdhani,7636443391957552392,https://www.tiktok.com/@gelarsramdhani/video/7636443391957552392,2026-05-05 23:20:30,True
gelarsramdhani,7636351263306730770,https://www.tiktok.com/@gelarsramdhani/video/7636351263306730770,2026-05-05 17:22:59,True
gelarsramdhani,7636280907128917266,https://www.tiktok.com/@gelarsramdhani/video/7636280907128917266,2026-05-05 12:49:58,True
gelarsramdhani,7636226835541429522,https://www.tiktok.com/@gelarsramdhani/video/7636226835541429522,2026-05-05 09:20:09,True
gelarsramdhani,7636005323840425224,https://www.tiktok.com/@gelarsramdhani/video/7636005323840425224,2026-05-04 19:00:34,True
gelarsramdhani,7635769087850745095,https://www.tiktok.com/@gelarsramdhani/video/7635769087850745095,2026-05-04 03:43:51,True
gelarsramdhani,7635556738690845960,https://www.tiktok.com/@gelarsramdhani/video/7635556738690845960,2026-05-03 13:59:50,True
gelarsramdhani,7635387537397206280,https://www.tiktok.com/@gelarsramdhani/video/7635387537397206280,2026-05-03 03:03:14,True
gelarsramdhani,7635315684351757586,https://www.tiktok.com/@gelarsramdhani/video/7635315684351757586,2026-05-02 22:24:25,True
gelarsramdhani,7635109636483419400,https://www.tiktok.com/@gelarsramdhani/video/7635109636483419400,2026-05-02 09:04:51,True
gelarsramdhani,7634948514191002888,https://www.tiktok.com/@gelarsramdhani/video/7634948514191002888,2026-05-01 22:39:36,True
gelarsramdhani,7634807616467733768,https://www.tiktok.com/@gelarsramdhani/video/7634807616467733768,2026-05-01 13:32:51,True
gelarsramdhani,7634446515712363784,https://www.tiktok.com/@gelarsramdhani/video/7634446515712363784,2026-04-30 14:11:36,True
gelarsramdhani,7634379935615962376,https://www.tiktok.com/@gelarsramdhani/video/7634379935615962376,2026-04-30 09:53:14,True
gelarsramdhani,7634188419220000018,https://www.tiktok.com/@gelarsramdhani/video/7634188419220000018,2026-04-29 21:30:03,True
gelarsramdhani,7634079928551542034,https://www.tiktok.com/@gelarsramdhani/video/7634079928551542034,2026-04-29 14:29:03,True
gelarsramdhani,7634017509544316178,https://www.tiktok.com/@gelarsramdhani/video/7634017509544316178,2026-04-29 10:26:50,True
gelarsramdhani,7633908077930007826,https://www.tiktok.com/@gelarsramdhani/video/7633908077930007826,2026-04-29 03:22:11,True
gelarsramdhani,7633827117976882440,https://www.tiktok.com/@gelarsramdhani/video/7633827117976882440,2026-04-28 22:08:01,True
gelarsramdhani,7633691306102902024,https://www.tiktok.com/@gelarsramdhani/video/7633691306102902024,2026-04-28 13:21:00,True
gelarsramdhani,7633570849143934216,https://www.tiktok.com/@gelarsramdhani/video/7633570849143934216,2026-04-28 05:33:34,True
gelarsramdhani,7633542542511934738,https://www.tiktok.com/@gelarsramdhani/video/7633542542511934738,2026-04-28 03:43:43,True
gelarsramdhani,7633324956398537991,https://www.tiktok.com/@gelarsramdhani/video/7633324956398537991,2026-04-27 13:39:22,True
gelarsramdhani,7633308353610927368,https://www.tiktok.com/@gelarsramdhani/video/7633308353610927368,2026-04-27 12:34:57,True
gelarsramdhani,7633260991781948680,https://www.tiktok.com/@gelarsramdhani/video/7633260991781948680,2026-04-27 09:31:09,True
gelarsramdhani,7633119737039392008,https://www.tiktok.com/@gelarsramdhani/video/7633119737039392008,2026-04-27 00:23:01,True
gelarsramdhani,7632917109214940423,https://www.tiktok.com/@gelarsramdhani/video/7632917109214940423,2026-04-26 11:16:43,True
gelarsramdhani,7632712985068227858,https://www.tiktok.com/@gelarsramdhani/video/7632712985068227858,2026-04-25 22:04:37,True
gelarsramdhani,7632555386712689938,https://www.tiktok.com/@gelarsramdhani/video/7632555386712689938,2026-04-25 11:53:03,True
gelarsramdhani,7629322055447579922,https://www.tiktok.com/@gelarsramdhani/video/7629322055447579922,2026-04-16 18:46:04,True
gelarsramdhani,7615998596722560274,https://www.tiktok.com/@gelarsramdhani/video/7615998596722560274,2026-03-11 21:04:15,True
gelarsramdhani,7609434457367448839,https://www.tiktok.com/@gelarsramdhani/video/7609434457367448839,2026-02-22 04:32:02,True
gelarsramdhani,7598420939600055560,https://www.tiktok.com/@gelarsramdhani/video/7598420939600055560,2026-01-23 12:13:58,True
gelarsramdhani,7591648812410703122,https://www.tiktok.com/@gelarsramdhani/video/7591648812410703122,2026-01-05 06:14:39,True
gelarsramdhani,7591191197004090631,https://www.tiktok.com/@gelarsramdhani/video/7591191197004090631,2026-01-04 00:38:52,True
gelarsramdhani,7590592735845879048,https://www.tiktok.com/@gelarsramdhani/video/7590592735845879048,2026-01-02 09:56:32,True
gelarsramdhani,7590422733930974472,https://www.tiktok.com/@gelarsramdhani/video/7590422733930974472,2026-01-01 22:56:50,True
gelarsramdhani,7589936626088955144,https://www.tiktok.com/@gelarsramdhani/video/7589936626088955144,2025-12-31 15:30:29,False
giapratamamd,7680125138880253204,https://www.tiktok.com/@giapratamamd/video/7680125138880253204,2026-08-31 16:27:59,True
giapratamamd,7680024236055940372,https://www.tiktok.com/@giapratamamd/video/7680024236055940372,2026-08-31 09:56:26,True
giapratamamd,7678544182088109332,https://www.tiktok.com/@giapratamamd/video/7678544182088109332,2026-08-27 10:13:04,True
giapratamamd,7678242042471795988,https://www.tiktok.com/@giapratamamd/video/7678242042471795988,2026-08-26 14:40:36,True
giapratamamd,7677598415680720148,https://www.tiktok.com/@giapratamamd/video/7677598415680720148,2026-08-24 21:03:00,True
giapratamamd,7677469170769857813,https://www.tiktok.com/@giapratamamd/video/7677469170769857813,2026-08-24 12:41:28,True
giapratamamd,7675651543256878356,https://www.tiktok.com/@giapratamamd/video/7675651543256878356,2026-08-19 15:08:09,True
giapratamamd,7675223605566770453,https://www.tiktok.com/@giapratamamd/video/7675223605566770453,2026-08-18 11:27:32,True
giapratamamd,7674488023312125204,https://www.tiktok.com/@giapratamamd/video/7674488023312125204,2026-08-16 11:53:06,True
giapratamamd,7674108796792294677,https://www.tiktok.com/@giapratamamd/video/7674108796792294677,2026-08-15 11:21:30,True
giapratamamd,7672960890617990421,https://www.tiktok.com/@giapratamamd/video/7672960890617990421,2026-08-12 09:07:02,True
giapratamamd,7671883856487697684,https://www.tiktok.com/@giapratamamd/video/7671883856487697684,2026-08-09 11:27:36,True
giapratamamd,7670400703298342164,https://www.tiktok.com/@giapratamamd/video/7670400703298342164,2026-08-05 11:32:12,True
giapratamamd,7669632027821378837,https://www.tiktok.com/@giapratamamd/video/7669632027821378837,2026-08-03 09:49:21,True
giapratamamd,7668193775830781205,https://www.tiktok.com/@giapratamamd/video/7668193775830781205,2026-07-30 12:48:12,True
giapratamamd,7666047919157562644,https://www.tiktok.com/@giapratamamd/video/7666047919157562644,2026-07-24 18:01:11,True
giapratamamd,7664120517019929877,https://www.tiktok.com/@giapratamamd/video/7664120517019929877,2026-07-19 13:21:53,True
giapratamamd,7663377220123004180,https://www.tiktok.com/@giapratamamd/video/7663377220123004180,2026-07-17 13:17:30,True
giapratamamd,7662725546673016084,https://www.tiktok.com/@giapratamamd/video/7662725546673016084,2026-07-15 19:08:41,True
giapratamamd,7661090184003407124,https://www.tiktok.com/@giapratamamd/video/7661090184003407124,2026-07-11 09:22:38,True
giapratamamd,7659259496677625109,https://www.tiktok.com/@giapratamamd/video/7659259496677625109,2026-07-06 10:58:38,True
giapratamamd,7658632157962833172,https://www.tiktok.com/@giapratamamd/video/7658632157962833172,2026-07-04 18:24:14,True
giapratamamd,7658149720241523988,https://www.tiktok.com/@giapratamamd/video/7658149720241523988,2026-07-03 11:12:08,True
giapratamamd,7657763900020182293,https://www.tiktok.com/@giapratamamd/video/7657763900020182293,2026-07-02 10:14:57,True
giapratamamd,7657026339987311892,https://www.tiktok.com/@giapratamamd/video/7657026339987311892,2026-06-30 10:32:51,True
giapratamamd,7655946040633314580,https://www.tiktok.com/@giapratamamd/video/7655946040633314580,2026-06-27 12:40:44,True
giapratamamd,7655214845423308053,https://www.tiktok.com/@giapratamamd/video/7655214845423308053,2026-06-25 13:23:19,True
giapratamamd,7654795428893920533,https://www.tiktok.com/@giapratamamd/video/7654795428893920533,2026-06-24 10:15:46,True
giapratamamd,7653701325930122517,https://www.tiktok.com/@giapratamamd/video/7653701325930122517,2026-06-21 11:30:06,True
giapratamamd,7652619439359249684,https://www.tiktok.com/@giapratamamd/video/7652619439359249684,2026-06-18 13:31:49,True
giapratamamd,7651839994578865428,https://www.tiktok.com/@giapratamamd/video/7651839994578865428,2026-06-16 11:07:11,True
giapratamamd,7651495883300687124,https://www.tiktok.com/@giapratamamd/video/7651495883300687124,2026-06-15 12:51:51,True
giapratamamd,7651086211292974356,https://www.tiktok.com/@giapratamamd/video/7651086211292974356,2026-06-14 10:22:07,True
giapratamamd,7648884028036140308,https://www.tiktok.com/@giapratamamd/video/7648884028036140308,2026-06-08 11:56:31,True
giapratamamd,7648122730730048789,https://www.tiktok.com/@giapratamamd/video/7648122730730048789,2026-06-06 10:42:18,True
giapratamamd,7647770654984424724,https://www.tiktok.com/@giapratamamd/video/7647770654984424724,2026-06-05 11:56:04,True
giapratamamd,7647511868348615956,https://www.tiktok.com/@giapratamamd/video/7647511868348615956,2026-06-04 19:11:50,True
giapratamamd,7647027307600678165,https://www.tiktok.com/@giapratamamd/video/7647027307600678165,2026-06-03 11:51:30,True
giapratamamd,7646606288478244116,https://www.tiktok.com/@giapratamamd/video/7646606288478244116,2026-06-02 08:37:43,True
giapratamamd,7645145288184843541,https://www.tiktok.com/@giapratamamd/video/7645145288184843541,2026-05-29 10:08:18,True
giapratamamd,7643350641867345172,https://www.tiktok.com/@giapratamamd/video/7643350641867345172,2026-05-24 14:04:09,True
giapratamamd,7642985557131267348,https://www.tiktok.com/@giapratamamd/video/7642985557131267348,2026-05-23 14:27:26,True
giapratamamd,7642245966879362325,https://www.tiktok.com/@giapratamamd/video/7642245966879362325,2026-05-21 14:37:27,True
giapratamamd,7641915078094310676,https://www.tiktok.com/@giapratamamd/video/7641915078094310676,2026-05-20 17:13:26,True
giapratamamd,7641603413972716820,https://www.tiktok.com/@giapratamamd/video/7641603413972716820,2026-05-19 21:04:01,True
giapratamamd,7641561114462948628,https://www.tiktok.com/@giapratamamd/video/7641561114462948628,2026-05-19 18:19:52,True
giapratamamd,7641150654567681301,https://www.tiktok.com/@giapratamamd/video/7641150654567681301,2026-05-18 15:47:05,True
giapratamamd,7640323828127747349,https://www.tiktok.com/@giapratamamd/video/7640323828127747349,2026-05-16 10:18:34,True
giapratamamd,7639180000083692821,https://www.tiktok.com/@giapratamamd/video/7639180000083692821,2026-05-13 08:19:56,True
giapratamamd,7638072432779300117,https://www.tiktok.com/@giapratamamd/video/7638072432779300117,2026-05-10 08:42:00,True
giapratamamd,7637784921796300052,https://www.tiktok.com/@giapratamamd/video/7637784921796300052,2026-05-09 14:06:19,True
giapratamamd,7635868140823514388,https://www.tiktok.com/@giapratamamd/video/7635868140823514388,2026-05-04 10:08:14,True
giapratamamd,7635663429818158356,https://www.tiktok.com/@giapratamamd/video/7635663429818158356,2026-05-03 20:53:51,True
giapratamamd,7635097692418379029,https://www.tiktok.com/@giapratamamd/video/7635097692418379029,2026-05-02 08:18:30,True
giapratamamd,7634472263500254485,https://www.tiktok.com/@giapratamamd/video/7634472263500254485,2026-04-30 15:51:31,True
giapratamamd,7634407094799633684,https://www.tiktok.com/@giapratamamd/video/7634407094799633684,2026-04-30 11:38:37,True
giapratamamd,7634037784340172052,https://www.tiktok.com/@giapratamamd/video/7634037784340172052,2026-04-29 11:45:31,True
giapratamamd,7633317187448622356,https://www.tiktok.com/@giapratamamd/video/7633317187448622356,2026-04-27 13:09:13,True
giapratamamd,7632660070664244500,https://www.tiktok.com/@giapratamamd/video/7632660070664244500,2026-04-25 18:39:17,True
giapratamamd,7631406516691602708,https://www.tiktok.com/@giapratamamd/video/7631406516691602708,2026-04-22 09:34:51,True
giapratamamd,7630301277271936277,https://www.tiktok.com/@giapratamamd/video/7630301277271936277,2026-04-19 10:05:57,True
giapratamamd,7629979808029510933,https://www.tiktok.com/@giapratamamd/video/7629979808029510933,2026-04-18 13:18:29,True
giapratamamd,7629931248877702421,https://www.tiktok.com/@giapratamamd/video/7629931248877702421,2026-04-18 10:10:03,True
giapratamamd,7629554706532109589,https://www.tiktok.com/@giapratamamd/video/7629554706532109589,2026-04-17 09:48:53,True
giapratamamd,7627337813083557140,https://www.tiktok.com/@giapratamamd/video/7627337813083557140,2026-04-11 10:26:12,True
giapratamamd,7626966335918034197,https://www.tiktok.com/@giapratamamd/video/7626966335918034197,2026-04-10 10:24:41,True
giapratamamd,7626355491878210836,https://www.tiktok.com/@giapratamamd/video/7626355491878210836,2026-04-08 18:54:17,True
giapratamamd,7626220781067832596,https://www.tiktok.com/@giapratamamd/video/7626220781067832596,2026-04-08 10:11:33,True
giapratamamd,7625106533055040789,https://www.tiktok.com/@giapratamamd/video/7625106533055040789,2026-04-05 10:07:42,True
giapratamamd,7624379548678802708,https://www.tiktok.com/@giapratamamd/video/7624379548678802708,2026-04-03 11:06:37,True
giapratamamd,7624378792282213652,https://www.tiktok.com/@giapratamamd/video/7624378792282213652,2026-04-03 11:03:41,True
giapratamamd,7623267274933177620,https://www.tiktok.com/@giapratamamd/video/7623267274933177620,2026-03-31 11:10:26,True
giapratamamd,7622149795125185812,https://www.tiktok.com/@giapratamamd/video/7622149795125185812,2026-03-28 10:54:02,True
giapratamamd,7621023260838350100,https://www.tiktok.com/@giapratamamd/video/7621023260838350100,2026-03-25 10:02:31,True
giapratamamd,7620296596072320277,https://www.tiktok.com/@giapratamamd/video/7620296596072320277,2026-03-23 11:02:41,True
giapratamamd,7619899471643610389,https://www.tiktok.com/@giapratamamd/video/7619899471643610389,2026-03-22 09:21:38,True
giapratamamd,7618800644069100821,https://www.tiktok.com/@giapratamamd/video/7618800644069100821,2026-03-19 10:17:37,True
giapratamamd,7618424066667580693,https://www.tiktok.com/@giapratamamd/video/7618424066667580693,2026-03-18 09:56:19,True
giapratamamd,7618063652817538325,https://www.tiktok.com/@giapratamamd/video/7618063652817538325,2026-03-17 10:37:43,True
giapratamamd,7617691271183813908,https://www.tiktok.com/@giapratamamd/video/7617691271183813908,2026-03-16 10:32:41,True
giapratamamd,7617305877875330325,https://www.tiktok.com/@giapratamamd/video/7617305877875330325,2026-03-15 09:37:10,True
giapratamamd,7616926197380893973,https://www.tiktok.com/@giapratamamd/video/7616926197380893973,2026-03-14 09:03:49,True
giapratamamd,7616574140056734997,https://www.tiktok.com/@giapratamamd/video/7616574140056734997,2026-03-13 10:17:39,True
giapratamamd,7615852334895074581,https://www.tiktok.com/@giapratamamd/video/7615852334895074581,2026-03-11 11:36:41,True
giapratamamd,7614710773105052949,https://www.tiktok.com/@giapratamamd/video/7614710773105052949,2026-03-08 09:46:50,True
giapratamamd,7614025365584989461,https://www.tiktok.com/@giapratamamd/video/7614025365584989461,2026-03-06 13:27:06,True
giapratamamd,7613974686149430548,https://www.tiktok.com/@giapratamamd/video/7613974686149430548,2026-03-06 10:10:26,True
giapratamamd,7613600007018515732,https://www.tiktok.com/@giapratamamd/video/7613600007018515732,2026-03-05 09:56:30,True
giapratamamd,7613284439342255381,https://www.tiktok.com/@giapratamamd/video/7613284439342255381,2026-03-04 13:31:56,True
giapratamamd,7612525668181609748,https://www.tiktok.com/@giapratamamd/video/7612525668181609748,2026-03-02 12:27:31,True
giapratamamd,7611748072816839956,https://www.tiktok.com/@giapratamamd/video/7611748072816839956,2026-02-28 10:10:03,True
giapratamamd,7611372733183675668,https://www.tiktok.com/@giapratamamd/video/7611372733183675668,2026-02-27 09:53:32,True
giapratamamd,7609541226894724372,https://www.tiktok.com/@giapratamamd/video/7609541226894724372,2026-02-22 11:26:21,True
giapratamamd,7609140163578514708,https://www.tiktok.com/@giapratamamd/video/7609140163578514708,2026-02-21 09:30:01,True
giapratamamd,7608438346003565845,https://www.tiktok.com/@giapratamamd/video/7608438346003565845,2026-02-19 12:06:37,True
giapratamamd,7608414822006377749,https://www.tiktok.com/@giapratamamd/video/7608414822006377749,2026-02-19 10:35:20,True
giapratamamd,7607295530854518036,https://www.tiktok.com/@giapratamamd/video/7607295530854518036,2026-02-16 10:11:54,True
giapratamamd,7607255240206765332,https://www.tiktok.com/@giapratamamd/video/7607255240206765332,2026-02-16 07:35:34,True
giapratamamd,7606180998476385556,https://www.tiktok.com/@giapratamamd/video/7606180998476385556,2026-02-13 10:06:57,True
giapratamamd,7605452100838952212,https://www.tiktok.com/@giapratamamd/video/7605452100838952212,2026-02-11 10:58:27,True
giapratamamd,7604705195313909013,https://www.tiktok.com/@giapratamamd/video/7604705195313909013,2026-02-09 10:40:05,True
giapratamamd,7604313462256291092,https://www.tiktok.com/@giapratamamd/video/7604313462256291092,2026-02-08 09:19:57,True
giapratamamd,7603611550313827605,https://www.tiktok.com/@giapratamamd/video/7603611550313827605,2026-02-06 11:56:11,True
giapratamamd,7602481347050999061,https://www.tiktok.com/@giapratamamd/video/7602481347050999061,2026-02-03 10:50:25,True
giapratamamd,7601735812115467540,https://www.tiktok.com/@giapratamamd/video/7601735812115467540,2026-02-01 10:37:22,True
giapratamamd,7601327181377129748,https://www.tiktok.com/@giapratamamd/video/7601327181377129748,2026-01-31 08:11:40,True
giapratamamd,7600641582404144404,https://www.tiktok.com/@giapratamamd/video/7600641582404144404,2026-01-29 11:51:11,True
giapratamamd,7600245818234293525,https://www.tiktok.com/@giapratamamd/video/7600245818234293525,2026-01-28 10:15:25,True
giapratamamd,7599507191216803093,https://www.tiktok.com/@giapratamamd/video/7599507191216803093,2026-01-26 10:29:10,True
giapratamamd,7599144556025711890,https://www.tiktok.com/@giapratamamd/video/7599144556025711890,2026-01-25 11:01:58,True
giapratamamd,7598387933195947272,https://www.tiktok.com/@giapratamamd/video/7598387933195947272,2026-01-23 10:05:53,True
giapratamamd,7598032979692195090,https://www.tiktok.com/@giapratamamd/video/7598032979692195090,2026-01-22 11:08:29,True
giapratamamd,7596989150419488007,https://www.tiktok.com/@giapratamamd/video/7596989150419488007,2026-01-19 15:37:53,True
giapratamamd,7596923619934997768,https://www.tiktok.com/@giapratamamd/video/7596923619934997768,2026-01-19 11:23:36,True
giapratamamd,7596183853643943176,https://www.tiktok.com/@giapratamamd/video/7596183853643943176,2026-01-17 11:32:55,True
giapratamamd,7595795845593697544,https://www.tiktok.com/@giapratamamd/video/7595795845593697544,2026-01-16 10:27:15,True
giapratamamd,7594702923968351496,https://www.tiktok.com/@giapratamamd/video/7594702923968351496,2026-01-13 11:46:10,True
giapratamamd,7594350601484438802,https://www.tiktok.com/@giapratamamd/video/7594350601484438802,2026-01-12 12:58:58,True
giapratamamd,7593650567835094290,https://www.tiktok.com/@giapratamamd/video/7593650567835094290,2026-01-10 15:42:29,True
giapratamamd,7592914068260801810,https://www.tiktok.com/@giapratamamd/video/7592914068260801810,2026-01-08 16:04:29,True
giapratamamd,7592478263629319432,https://www.tiktok.com/@giapratamamd/video/7592478263629319432,2026-01-07 11:53:21,True
giapratamamd,7591389775752432917,https://www.tiktok.com/@giapratamamd/video/7591389775752432917,2026-01-04 13:29:27,True
giapratamamd,7591093792988564756,https://www.tiktok.com/@giapratamamd/video/7591093792988564756,2026-01-03 18:20:53,True
giapratamamd,7591091153177480469,https://www.tiktok.com/@giapratamamd/video/7591091153177480469,2026-01-03 18:10:39,True
giapratamamd,7591088348245036309,https://www.tiktok.com/@giapratamamd/video/7591088348245036309,2026-01-03 17:59:46,True
giapratamamd,7591084308073352468,https://www.tiktok.com/@giapratamamd/video/7591084308073352468,2026-01-03 17:44:05,True
giapratamamd,7591077236019662101,https://www.tiktok.com/@giapratamamd/video/7591077236019662101,2026-01-03 17:16:38,True
giapratamamd,7591072223889198357,https://www.tiktok.com/@giapratamamd/video/7591072223889198357,2026-01-03 16:57:11,True
giapratamamd,7591021752789011732,https://www.tiktok.com/@giapratamamd/video/7591021752789011732,2026-01-03 13:41:20,True
giapratamamd,7591021112876731669,https://www.tiktok.com/@giapratamamd/video/7591021112876731669,2026-01-03 13:38:51,True
giapratamamd,7591013738296249621,https://www.tiktok.com/@giapratamamd/video/7591013738296249621,2026-01-03 13:10:14,True
giapratamamd,7591010695056067860,https://www.tiktok.com/@giapratamamd/video/7591010695056067860,2026-01-03 12:58:26,True
giapratamamd,7591006210325777684,https://www.tiktok.com/@giapratamamd/video/7591006210325777684,2026-01-03 12:41:01,True
giapratamamd,7590984934290935060,https://www.tiktok.com/@giapratamamd/video/7590984934290935060,2026-01-03 11:18:28,True
giapratamamd,7590969105407167764,https://www.tiktok.com/@giapratamamd/video/7590969105407167764,2026-01-03 10:17:02,True
giapratamamd,7590960824584244500,https://www.tiktok.com/@giapratamamd/video/7590960824584244500,2026-01-03 09:44:54,True
giapratamamd,7590957073077226772,https://www.tiktok.com/@giapratamamd/video/7590957073077226772,2026-01-03 09:30:21,True
giapratamamd,7590953224136412436,https://www.tiktok.com/@giapratamamd/video/7590953224136412436,2026-01-03 09:15:25,True
giapratamamd,7590635408644508949,https://www.tiktok.com/@giapratamamd/video/7590635408644508949,2026-01-02 12:42:07,True
giapratamamd,7589874647248669973,https://www.tiktok.com/@giapratamamd/video/7589874647248669973,2025-12-31 11:29:59,False
ikhsanqthii,7680429230718553364,https://www.tiktok.com/@ikhsanqthii/video/7680429230718553364,2026-09-01 12:08:01,False
ikhsanqthii,7680151185113763092,https://www.tiktok.com/@ikhsanqthii/video/7680151185113763092,2026-08-31 18:09:03,True
ikhsanqthii,7680108685158354197,https://www.tiktok.com/@ikhsanqthii/video/7680108685158354197,2026-08-31 15:24:08,True
ikhsanqthii,7679796607889558805,https://www.tiktok.com/@ikhsanqthii/video/7679796607889558805,2026-08-30 19:13:07,True
ikhsanqthii,7679665344385912081,https://www.tiktok.com/@ikhsanqthii/video/7679665344385912081,2026-08-30 10:43:45,True
ikhsanqthii,7679443844827483413,https://www.tiktok.com/@ikhsanqthii/video/7679443844827483413,2026-08-29 20:24:13,True
ikhsanqthii,7679341508818046228,https://www.tiktok.com/@ikhsanqthii/video/7679341508818046228,2026-08-29 13:47:06,True
ikhsanqthii,7679023502048988436,https://www.tiktok.com/@ikhsanqthii/video/7679023502048988436,2026-08-28 17:13:04,True
ikhsanqthii,7678953335310830869,https://www.tiktok.com/@ikhsanqthii/video/7678953335310830869,2026-08-28 12:40:47,True
ikhsanqthii,7678623131912752405,https://www.tiktok.com/@ikhsanqthii/video/7678623131912752405,2026-08-27 15:19:26,True
ikhsanqthii,7678647164427341072,https://www.tiktok.com/@ikhsanqthii/video/7678647164427341072,2026-08-27 16:52:41,True
ikhsanqthii,7678496465039281428,https://www.tiktok.com/@ikhsanqthii/video/7678496465039281428,2026-08-27 07:07:54,True
ikhsanqthii,7678290072906517780,https://www.tiktok.com/@ikhsanqthii/video/7678290072906517780,2026-08-26 17:46:59,True
ikhsanqthii,7678262739747327252,https://www.tiktok.com/@ikhsanqthii/video/7678262739747327252,2026-08-26 16:00:55,True
ikhsanqthii,7677874987348364564,https://www.tiktok.com/@ikhsanqthii/video/7677874987348364564,2026-08-25 14:56:15,True
ikhsanqthii,7677584012314971412,https://www.tiktok.com/@ikhsanqthii/video/7677584012314971412,2026-08-24 20:07:07,True
ikhsanqthii,7677470682103713045,https://www.tiktok.com/@ikhsanqthii/video/7677470682103713045,2026-08-24 12:47:20,True
ikhsanqthii,7677111446374845717,https://www.tiktok.com/@ikhsanqthii/video/7677111446374845717,2026-08-23 13:33:19,True
ikhsanqthii,7677002948806724865,https://www.tiktok.com/@ikhsanqthii/video/7677002948806724865,2026-08-23 06:32:17,True
ikhsanqthii,7676729064010370325,https://www.tiktok.com/@ikhsanqthii/video/7676729064010370325,2026-08-22 12:49:29,True
ikhsanqthii,7676502319248297237,https://www.tiktok.com/@ikhsanqthii/video/7676502319248297237,2026-08-21 22:09:36,True
ikhsanqthii,7676415630857260308,https://www.tiktok.com/@ikhsanqthii/video/7676415630857260308,2026-08-21 16:33:12,True
ikhsanqthii,7676341775870594325,https://www.tiktok.com/@ikhsanqthii/video/7676341775870594325,2026-08-21 11:46:36,True
ikhsanqthii,7676113285267197205,https://www.tiktok.com/@ikhsanqthii/video/7676113285267197205,2026-08-20 20:59:56,True
ikhsanqthii,7676002835787451668,https://www.tiktok.com/@ikhsanqthii/video/7676002835787451668,2026-08-20 13:51:20,True
ikhsanqthii,7676004881324444949,https://www.tiktok.com/@ikhsanqthii/video/7676004881324444949,2026-08-20 13:59:17,True
ikhsanqthii,7675646419214077204,https://www.tiktok.com/@ikhsanqthii/video/7675646419214077204,2026-08-19 14:48:16,True
ikhsanqthii,7675191940211543316,https://www.tiktok.com/@ikhsanqthii/video/7675191940211543316,2026-08-18 09:24:39,True
ikhsanqthii,7675272412866432276,https://www.tiktok.com/@ikhsanqthii/video/7675272412866432276,2026-08-18 14:36:56,True
ikhsanqthii,7675190653613100309,https://www.tiktok.com/@ikhsanqthii/video/7675190653613100309,2026-08-18 09:19:40,True
ikhsanqthii,7674944825166138645,https://www.tiktok.com/@ikhsanqthii/video/7674944825166138645,2026-08-17 17:25:43,True
ikhsanqthii,7674823033097374996,https://www.tiktok.com/@ikhsanqthii/video/7674823033097374996,2026-08-17 09:33:06,True
ikhsanqthii,7674227862483799316,https://www.tiktok.com/@ikhsanqthii/video/7674227862483799316,2026-08-15 19:03:32,True
ikhsanqthii,7674553522163158292,https://www.tiktok.com/@ikhsanqthii/video/7674553522163158292,2026-08-16 16:07:16,True
ikhsanqthii,7674227101460860180,https://www.tiktok.com/@ikhsanqthii/video/7674227101460860180,2026-08-15 19:00:35,True
ikhsanqthii,7674234105403542804,https://www.tiktok.com/@ikhsanqthii/video/7674234105403542804,2026-08-15 19:27:46,True
ikhsanqthii,7674176068298788113,https://www.tiktok.com/@ikhsanqthii/video/7674176068298788113,2026-08-15 15:42:33,True
ikhsanqthii,7674037436103642389,https://www.tiktok.com/@ikhsanqthii/video/7674037436103642389,2026-08-15 06:44:35,True
ikhsanqthii,7673865305466129680,https://www.tiktok.com/@ikhsanqthii/video/7673865305466129680,2026-08-14 19:36:38,True
ikhsanqthii,7673862086375623952,https://www.tiktok.com/@ikhsanqthii/video/7673862086375623952,2026-08-14 19:24:08,True
ikhsanqthii,7673759077301767444,https://www.tiktok.com/@ikhsanqthii/video/7673759077301767444,2026-08-14 12:44:25,True
ikhsanqthii,7673524895099211028,https://www.tiktok.com/@ikhsanqthii/video/7673524895099211028,2026-08-13 21:35:40,True
ikhsanqthii,7673411228777172245,https://www.tiktok.com/@ikhsanqthii/video/7673411228777172245,2026-08-13 14:14:35,True
ikhsanqthii,7672744339658788117,https://www.tiktok.com/@ikhsanqthii/video/7672744339658788117,2026-08-11 19:06:43,True
ikhsanqthii,7673066185608531220,https://www.tiktok.com/@ikhsanqthii/video/7673066185608531220,2026-08-12 15:55:38,True
ikhsanqthii,7673054286326091029,https://www.tiktok.com/@ikhsanqthii/video/7673054286326091029,2026-08-12 15:09:28,True
ikhsanqthii,7672741082274286869,https://www.tiktok.com/@ikhsanqthii/video/7672741082274286869,2026-08-11 18:54:04,True
ikhsanqthii,7672402134188428564,https://www.tiktok.com/@ikhsanqthii/video/7672402134188428564,2026-08-10 20:58:47,True
ikhsanqthii,7671884758758034708,https://www.tiktok.com/@ikhsanqthii/video/7671884758758034708,2026-08-09 11:31:06,True
ikhsanqthii,7671817700464708865,https://www.tiktok.com/@ikhsanqthii/video/7671817700464708865,2026-08-09 07:10:53,True
ikhsanqthii,7671455630586105108,https://www.tiktok.com/@ikhsanqthii/video/7671455630586105108,2026-08-08 07:45:52,True
ikhsanqthii,7670867968125013269,https://www.tiktok.com/@ikhsanqthii/video/7670867968125013269,2026-08-06 17:45:26,True
ikhsanqthii,7670861030179835157,https://www.tiktok.com/@ikhsanqthii/video/7670861030179835157,2026-08-06 17:18:31,True
ikhsanqthii,7670752016414838037,https://www.tiktok.com/@ikhsanqthii/video/7670752016414838037,2026-08-06 10:15:29,True
ikhsanqthii,7670497528168631572,https://www.tiktok.com/@ikhsanqthii/video/7670497528168631572,2026-08-05 17:47:56,True
ikhsanqthii,7670469249344769300,https://www.tiktok.com/@ikhsanqthii/video/7670469249344769300,2026-08-05 15:58:12,True
ikhsanqthii,7670111157025705237,https://www.tiktok.com/@ikhsanqthii/video/7670111157025705237,2026-08-04 16:48:37,True
ikhsanqthii,7670064389654940944,https://www.tiktok.com/@ikhsanqthii/video/7670064389654940944,2026-08-04 13:47:08,True
ikhsanqthii,7669729097387396373,https://www.tiktok.com/@ikhsanqthii/video/7669729097387396373,2026-08-03 16:06:02,True
ikhsanqthii,7669731183499971861,https://www.tiktok.com/@ikhsanqthii/video/7669731183499971861,2026-08-03 16:14:08,True
ikhsanqthii,7669410116508175636,https://www.tiktok.com/@ikhsanqthii/video/7669410116508175636,2026-08-02 19:28:13,True
ikhsanqthii,7668954037638794513,https://www.tiktok.com/@ikhsanqthii/video/7668954037638794513,2026-08-01 13:58:24,True
ikhsanqthii,7668882226041539860,https://www.tiktok.com/@ikhsanqthii/video/7668882226041539860,2026-08-01 09:19:44,True
ikhsanqthii,7668675678153231637,https://www.tiktok.com/@ikhsanqthii/video/7668675678153231637,2026-07-31 19:58:14,True
ikhsanqthii,7668666901484080404,https://www.tiktok.com/@ikhsanqthii/video/7668666901484080404,2026-07-31 19:24:10,True
ikhsanqthii,7668262687045881108,https://www.tiktok.com/@ikhsanqthii/video/7668262687045881108,2026-07-30 17:15:37,True
ikhsanqthii,7667953893711547665,https://www.tiktok.com/@ikhsanqthii/video/7667953893711547665,2026-07-29 21:17:20,True
ikhsanqthii,7667760710994365716,https://www.tiktok.com/@ikhsanqthii/video/7667760710994365716,2026-07-29 08:47:41,True
ikhsanqthii,7666670146823703829,https://www.tiktok.com/@ikhsanqthii/video/7666670146823703829,2026-07-26 10:15:44,True
ikhsanqthii,7667191145860041985,https://www.tiktok.com/@ikhsanqthii/video/7667191145860041985,2026-07-27 19:57:29,True
ikhsanqthii,7667174581777485076,https://www.tiktok.com/@ikhsanqthii/video/7667174581777485076,2026-07-27 18:53:12,True
ikhsanqthii,7666743705662999825,https://www.tiktok.com/@ikhsanqthii/video/7666743705662999825,2026-07-26 15:01:11,True
ikhsanqthii,7666655719277907220,https://www.tiktok.com/@ikhsanqthii/video/7666655719277907220,2026-07-26 09:19:45,True
ikhsanqthii,7666312422914903316,https://www.tiktok.com/@ikhsanqthii/video/7666312422914903316,2026-07-25 11:07:35,True
ikhsanqthii,7665983224971054357,https://www.tiktok.com/@ikhsanqthii/video/7665983224971054357,2026-07-24 13:50:08,True
ikhsanqthii,7665504619241557268,https://www.tiktok.com/@ikhsanqthii/video/7665504619241557268,2026-07-23 06:52:54,True
ikhsanqthii,7665500934675418389,https://www.tiktok.com/@ikhsanqthii/video/7665500934675418389,2026-07-23 06:38:36,True
ikhsanqthii,7665348170565553424,https://www.tiktok.com/@ikhsanqthii/video/7665348170565553424,2026-07-22 20:45:48,True
ikhsanqthii,7664986424256597268,https://www.tiktok.com/@ikhsanqthii/video/7664986424256597268,2026-07-21 21:22:02,True
ikhsanqthii,7664566116483747089,https://www.tiktok.com/@ikhsanqthii/video/7664566116483747089,2026-07-20 18:11:02,True
ikhsanqthii,7664562741671202065,https://www.tiktok.com/@ikhsanqthii/video/7664562741671202065,2026-07-20 17:57:56,True
ikhsanqthii,7664197041446210817,https://www.tiktok.com/@ikhsanqthii/video/7664197041446210817,2026-07-19 18:18:50,True
ikhsanqthii,7664136637596683540,https://www.tiktok.com/@ikhsanqthii/video/7664136637596683540,2026-07-19 14:24:26,True
ikhsanqthii,7663837453156896021,https://www.tiktok.com/@ikhsanqthii/video/7663837453156896021,2026-07-18 19:03:27,True
ikhsanqthii,7663709753767415060,https://www.tiktok.com/@ikhsanqthii/video/7663709753767415060,2026-07-18 10:47:54,True
ikhsanqthii,7663830615707520276,https://www.tiktok.com/@ikhsanqthii/video/7663830615707520276,2026-07-18 18:36:55,True
ikhsanqthii,7663667468539399440,https://www.tiktok.com/@ikhsanqthii/video/7663667468539399440,2026-07-18 08:03:49,True
ikhsanqthii,7663492721083960596,https://www.tiktok.com/@ikhsanqthii/video/7663492721083960596,2026-07-17 20:45:42,True
ikhsanqthii,7663137493868399873,https://www.tiktok.com/@ikhsanqthii/video/7663137493868399873,2026-07-16 21:47:15,True
ikhsanqthii,7662960911510031636,https://www.tiktok.com/@ikhsanqthii/video/7662960911510031636,2026-07-16 10:22:01,True
ikhsanqthii,7662952033380617492,https://www.tiktok.com/@ikhsanqthii/video/7662952033380617492,2026-07-16 09:47:34,True
ikhsanqthii,7662528970956770581,https://www.tiktok.com/@ikhsanqthii/video/7662528970956770581,2026-07-15 06:25:52,True
ikhsanqthii,7662415093832879380,https://www.tiktok.com/@ikhsanqthii/video/7662415093832879380,2026-07-14 23:03:58,True
ikhsanqthii,7662300857727257857,https://www.tiktok.com/@ikhsanqthii/video/7662300857727257857,2026-07-14 15:40:40,True
ikhsanqthii,7662024159127407873,https://www.tiktok.com/@ikhsanqthii/video/7662024159127407873,2026-07-13 21:46:56,True
ikhsanqthii,7661956792418700565,https://www.tiktok.com/@ikhsanqthii/video/7661956792418700565,2026-07-13 17:25:31,True
ikhsanqthii,7661828004892429584,https://www.tiktok.com/@ikhsanqthii/video/7661828004892429584,2026-07-13 09:05:45,True
ikhsanqthii,7661656748654103828,https://www.tiktok.com/@ikhsanqthii/video/7661656748654103828,2026-07-12 22:01:12,True
ikhsanqthii,7661483772541472016,https://www.tiktok.com/@ikhsanqthii/video/7661483772541472016,2026-07-12 10:49:58,True
ikhsanqthii,7661425337921719573,https://www.tiktok.com/@ikhsanqthii/video/7661425337921719573,2026-07-12 07:03:12,True
ikhsanqthii,7661253314998226196,https://www.tiktok.com/@ikhsanqthii/video/7661253314998226196,2026-07-11 19:55:40,True
ikhsanqthii,7661177290281274644,https://www.tiktok.com/@ikhsanqthii/video/7661177290281274644,2026-07-11 15:00:39,True
ikhsanqthii,7660838868727500053,https://www.tiktok.com/@ikhsanqthii/video/7660838868727500053,2026-07-10 17:07:24,True
ikhsanqthii,7660803802903153940,https://www.tiktok.com/@ikhsanqthii/video/7660803802903153940,2026-07-10 14:51:20,True
ikhsanqthii,7660295186286726421,https://www.tiktok.com/@ikhsanqthii/video/7660295186286726421,2026-07-09 05:57:38,True
ikhsanqthii,7659937882123128085,https://www.tiktok.com/@ikhsanqthii/video/7659937882123128085,2026-07-08 06:51:07,True
ikhsanqthii,7659726264931978516,https://www.tiktok.com/@ikhsanqthii/video/7659726264931978516,2026-07-07 17:09:56,True
ikhsanqthii,7659645399795338517,https://www.tiktok.com/@ikhsanqthii/video/7659645399795338517,2026-07-07 11:56:08,True
ikhsanqthii,7659589358218923284,https://www.tiktok.com/@ikhsanqthii/video/7659589358218923284,2026-07-07 08:18:40,True
ikhsanqthii,7659343630670253332,https://www.tiktok.com/@ikhsanqthii/video/7659343630670253332,2026-07-06 16:25:07,True
ikhsanqthii,7659295548801010965,https://www.tiktok.com/@ikhsanqthii/video/7659295548801010965,2026-07-06 13:18:32,True
ikhsanqthii,7658940502586314005,https://www.tiktok.com/@ikhsanqthii/video/7658940502586314005,2026-07-05 14:20:46,True
ikhsanqthii,7658864914899012884,https://www.tiktok.com/@ikhsanqthii/video/7658864914899012884,2026-07-05 09:27:27,True
ikhsanqthii,7658579024762981652,https://www.tiktok.com/@ikhsanqthii/video/7658579024762981652,2026-07-04 14:58:03,True
ikhsanqthii,7658280604445936916,https://www.tiktok.com/@ikhsanqthii/video/7658280604445936916,2026-07-03 19:40:02,True
ikhsanqthii,7658218963368725781,https://www.tiktok.com/@ikhsanqthii/video/7658218963368725781,2026-07-03 15:40:50,True
ikhsanqthii,7657891254897741077,https://www.tiktok.com/@ikhsanqthii/video/7657891254897741077,2026-07-02 18:29:09,True
ikhsanqthii,7657793069416287508,https://www.tiktok.com/@ikhsanqthii/video/7657793069416287508,2026-07-02 12:08:09,True
ikhsanqthii,7657400470973041936,https://www.tiktok.com/@ikhsanqthii/video/7657400470973041936,2026-07-01 10:44:40,True
ikhsanqthii,7657174905988943125,https://www.tiktok.com/@ikhsanqthii/video/7657174905988943125,2026-06-30 20:09:21,True
ikhsanqthii,7657044683692068117,https://www.tiktok.com/@ikhsanqthii/video/7657044683692068117,2026-06-30 11:44:02,True
ikhsanqthii,7656706054205541652,https://www.tiktok.com/@ikhsanqthii/video/7656706054205541652,2026-06-29 13:49:58,True
ikhsanqthii,7656460063451794709,https://www.tiktok.com/@ikhsanqthii/video/7656460063451794709,2026-06-28 21:55:24,True
ikhsanqthii,7656356475861798164,https://www.tiktok.com/@ikhsanqthii/video/7656356475861798164,2026-06-28 15:13:26,True
ikhsanqthii,7656071571626315025,https://www.tiktok.com/@ikhsanqthii/video/7656071571626315025,2026-06-27 20:47:51,True
ikhsanqthii,7655920520289946901,https://www.tiktok.com/@ikhsanqthii/video/7655920520289946901,2026-06-27 11:01:42,True
ikhsanqthii,7655743073464487169,https://www.tiktok.com/@ikhsanqthii/video/7655743073464487169,2026-06-26 23:33:07,True
ikhsanqthii,7655632067161607425,https://www.tiktok.com/@ikhsanqthii/video/7655632067161607425,2026-06-26 16:22:21,True
ikhsanqthii,7655591469490785556,https://www.tiktok.com/@ikhsanqthii/video/7655591469490785556,2026-06-26 13:44:49,True
ikhsanqthii,7655511771528154369,https://www.tiktok.com/@ikhsanqthii/video/7655511771528154369,2026-06-26 08:35:33,True
ikhsanqthii,7655277786273238293,https://www.tiktok.com/@ikhsanqthii/video/7655277786273238293,2026-06-25 17:27:34,True
ikhsanqthii,7655150065320774932,https://www.tiktok.com/@ikhsanqthii/video/7655150065320774932,2026-06-25 09:11:56,True
ikhsanqthii,7654890182142872853,https://www.tiktok.com/@ikhsanqthii/video/7654890182142872853,2026-06-24 16:23:28,True
ikhsanqthii,7654802390788394260,https://www.tiktok.com/@ikhsanqthii/video/7654802390788394260,2026-06-24 10:42:47,True
ikhsanqthii,7654561654662909205,https://www.tiktok.com/@ikhsanqthii/video/7654561654662909205,2026-06-23 19:08:36,True
ikhsanqthii,7654368285319957781,https://www.tiktok.com/@ikhsanqthii/video/7654368285319957781,2026-06-23 06:38:14,True
ikhsanqthii,7654125406261398805,https://www.tiktok.com/@ikhsanqthii/video/7654125406261398805,2026-06-22 14:55:44,True
ikhsanqthii,7653866807740222741,https://www.tiktok.com/@ikhsanqthii/video/7653866807740222741,2026-06-21 22:12:15,True
ikhsanqthii,7653652980205505793,https://www.tiktok.com/@ikhsanqthii/video/7653652980205505793,2026-06-21 08:22:29,True
ikhsanqthii,7653338341324115201,https://www.tiktok.com/@ikhsanqthii/video/7653338341324115201,2026-06-20 12:01:32,True
ikhsanqthii,7653103239436537108,https://www.tiktok.com/@ikhsanqthii/video/7653103239436537108,2026-06-19 20:49:13,True
ikhsanqthii,7652949141139524885,https://www.tiktok.com/@ikhsanqthii/video/7652949141139524885,2026-06-19 10:51:14,True
ikhsanqthii,7652615074300939521,https://www.tiktok.com/@ikhsanqthii/video/7652615074300939521,2026-06-18 13:14:53,True
ikhsanqthii,7652514661371366676,https://www.tiktok.com/@ikhsanqthii/video/7652514661371366676,2026-06-18 06:45:14,True
ikhsanqthii,7652360626748099861,https://www.tiktok.com/@ikhsanqthii/video/7652360626748099861,2026-06-17 20:47:30,True
ikhsanqthii,7651626692062022933,https://www.tiktok.com/@ikhsanqthii/video/7651626692062022933,2026-06-15 21:19:27,True
ikhsanqthii,7651876939061316884,https://www.tiktok.com/@ikhsanqthii/video/7651876939061316884,2026-06-16 13:30:32,True
ikhsanqthii,7651425031360187669,https://www.tiktok.com/@ikhsanqthii/video/7651425031360187669,2026-06-15 08:16:54,True
ikhsanqthii,7651422306379648276,https://www.tiktok.com/@ikhsanqthii/video/7651422306379648276,2026-06-15 08:06:20,True
ikhsanqthii,7651232478878764309,https://www.tiktok.com/@ikhsanqthii/video/7651232478878764309,2026-06-14 19:49:42,True
ikhsanqthii,7651145602386152725,https://www.tiktok.com/@ikhsanqthii/video/7651145602386152725,2026-06-14 14:12:35,True
ikhsanqthii,7650872738302709008,https://www.tiktok.com/@ikhsanqthii/video/7650872738302709008,2026-06-13 20:33:44,True
ikhsanqthii,7650809741425331473,https://www.tiktok.com/@ikhsanqthii/video/7650809741425331473,2026-06-13 16:29:16,True
ikhsanqthii,7650523045618109716,https://www.tiktok.com/@ikhsanqthii/video/7650523045618109716,2026-06-12 21:56:45,True
ikhsanqthii,7650698552657579265,https://www.tiktok.com/@ikhsanqthii/video/7650698552657579265,2026-06-13 09:17:48,True
ikhsanqthii,7650284559845559573,https://www.tiktok.com/@ikhsanqthii/video/7650284559845559573,2026-06-12 06:31:18,True
ikhsanqthii,7650081275902217492,https://www.tiktok.com/@ikhsanqthii/video/7650081275902217492,2026-06-11 17:22:27,True
ikhsanqthii,7649763920571305233,https://www.tiktok.com/@ikhsanqthii/video/7649763920571305233,2026-06-10 20:50:57,True
ikhsanqthii,7649617178324454677,https://www.tiktok.com/@ikhsanqthii/video/7649617178324454677,2026-06-10 11:21:31,True
ikhsanqthii,7649440708973137153,https://www.tiktok.com/@ikhsanqthii/video/7649440708973137153,2026-06-09 23:56:43,True
ikhsanqthii,7649232898645675265,https://www.tiktok.com/@ikhsanqthii/video/7649232898645675265,2026-06-09 10:30:19,True
ikhsanqthii,7649040566663187732,https://www.tiktok.com/@ikhsanqthii/video/7649040566663187732,2026-06-08 22:03:58,True
ikhsanqthii,7648904269252398357,https://www.tiktok.com/@ikhsanqthii/video/7648904269252398357,2026-06-08 13:15:04,True
ikhsanqthii,7648635354550996244,https://www.tiktok.com/@ikhsanqthii/video/7648635354550996244,2026-06-07 19:51:32,True
ikhsanqthii,7648625393376742676,https://www.tiktok.com/@ikhsanqthii/video/7648625393376742676,2026-06-07 19:12:53,True
ikhsanqthii,7648608576352636181,https://www.tiktok.com/@ikhsanqthii/video/7648608576352636181,2026-06-07 18:07:37,True
ikhsanqthii,7648299375352990992,https://www.tiktok.com/@ikhsanqthii/video/7648299375352990992,2026-06-06 22:07:46,True
ikhsanqthii,7648112990121692437,https://www.tiktok.com/@ikhsanqthii/video/7648112990121692437,2026-06-06 10:04:30,True
ikhsanqthii,7647697541059972368,https://www.tiktok.com/@ikhsanqthii/video/7647697541059972368,2026-06-05 07:12:20,True
ikhsanqthii,7647568679227444501,https://www.tiktok.com/@ikhsanqthii/video/7647568679227444501,2026-06-04 22:52:17,True
ikhsanqthii,7647483026665901329,https://www.tiktok.com/@ikhsanqthii/video/7647483026665901329,2026-06-04 17:19:55,True
ikhsanqthii,7647433713978051860,https://www.tiktok.com/@ikhsanqthii/video/7647433713978051860,2026-06-04 14:08:33,True
ikhsanqthii,7647176837646355732,https://www.tiktok.com/@ikhsanqthii/video/7647176837646355732,2026-06-03 21:31:45,True
ikhsanqthii,7646989329587293460,https://www.tiktok.com/@ikhsanqthii/video/7646989329587293460,2026-06-03 09:24:07,True
ikhsanqthii,7646663360209079573,https://www.tiktok.com/@ikhsanqthii/video/7646663360209079573,2026-06-02 12:19:11,True
ikhsanqthii,7646378961978526996,https://www.tiktok.com/@ikhsanqthii/video/7646378961978526996,2026-06-01 17:55:35,True
ikhsanqthii,7646320970860465429,https://www.tiktok.com/@ikhsanqthii/video/7646320970860465429,2026-06-01 14:10:33,True
ikhsanqthii,7646056387713289493,https://www.tiktok.com/@ikhsanqthii/video/7646056387713289493,2026-05-31 21:03:50,True
ikhsanqthii,7646005631127768340,https://www.tiktok.com/@ikhsanqthii/video/7646005631127768340,2026-05-31 17:46:52,True
ikhsanqthii,7645708788376292609,https://www.tiktok.com/@ikhsanqthii/video/7645708788376292609,2026-05-30 22:34:58,True
ikhsanqthii,7645568336754953492,https://www.tiktok.com/@ikhsanqthii/video/7645568336754953492,2026-05-30 13:29:56,True
ikhsanqthii,7644894664302071061,https://www.tiktok.com/@ikhsanqthii/video/7644894664302071061,2026-05-28 17:55:45,True
ikhsanqthii,7644835237192600852,https://www.tiktok.com/@ikhsanqthii/video/7644835237192600852,2026-05-28 14:05:08,True
ikhsanqthii,7644525797864262932,https://www.tiktok.com/@ikhsanqthii/video/7644525797864262932,2026-05-27 18:04:21,True
ikhsanqthii,7644403391703158032,https://www.tiktok.com/@ikhsanqthii/video/7644403391703158032,2026-05-27 10:09:22,True
ikhsanqthii,7644003826986454293,https://www.tiktok.com/@ikhsanqthii/video/7644003826986454293,2026-05-26 08:18:51,True
ikhsanqthii,7643823691024911637,https://www.tiktok.com/@ikhsanqthii/video/7643823691024911637,2026-05-25 20:39:49,True
ikhsanqthii,7643664166581996821,https://www.tiktok.com/@ikhsanqthii/video/7643664166581996821,2026-05-25 10:20:47,True
ikhsanqthii,7643652027003735316,https://www.tiktok.com/@ikhsanqthii/video/7643652027003735316,2026-05-25 09:33:41,True
ikhsanqthii,7643378058577300756,https://www.tiktok.com/@ikhsanqthii/video/7643378058577300756,2026-05-24 15:50:33,True
ikhsanqthii,7643285529173265680,https://www.tiktok.com/@ikhsanqthii/video/7643285529173265680,2026-05-24 09:51:29,True
ikhsanqthii,7643067432222854421,https://www.tiktok.com/@ikhsanqthii/video/7643067432222854421,2026-05-23 19:45:09,True
ikhsanqthii,7642881459258264852,https://www.tiktok.com/@ikhsanqthii/video/7642881459258264852,2026-05-23 07:43:29,True
ikhsanqthii,7642729763978743060,https://www.tiktok.com/@ikhsanqthii/video/7642729763978743060,2026-05-22 21:54:50,True
ikhsanqthii,7642675418524388628,https://www.tiktok.com/@ikhsanqthii/video/7642675418524388628,2026-05-22 18:23:56,True
ikhsanqthii,7642613229557927169,https://www.tiktok.com/@ikhsanqthii/video/7642613229557927169,2026-05-22 14:22:37,True
ikhsanqthii,7642359020430347537,https://www.tiktok.com/@ikhsanqthii/video/7642359020430347537,2026-05-21 21:56:09,True
ikhsanqthii,7642334951177719056,https://www.tiktok.com/@ikhsanqthii/video/7642334951177719056,2026-05-21 20:22:45,True
ikhsanqthii,7641922948730866964,https://www.tiktok.com/@ikhsanqthii/video/7641922948730866964,2026-05-20 17:43:58,True
ikhsanqthii,7641862595841936656,https://www.tiktok.com/@ikhsanqthii/video/7641862595841936656,2026-05-20 13:49:46,True
ikhsanqthii,7641587102383082772,https://www.tiktok.com/@ikhsanqthii/video/7641587102383082772,2026-05-19 20:00:43,True
ikhsanqthii,7641571326204972308,https://www.tiktok.com/@ikhsanqthii/video/7641571326204972308,2026-05-19 18:59:30,True
ikhsanqthii,7641479374704807189,https://www.tiktok.com/@ikhsanqthii/video/7641479374704807189,2026-05-19 13:02:41,True
ikhsanqthii,7641252043893640469,https://www.tiktok.com/@ikhsanqthii/video/7641252043893640469,2026-05-18 22:20:31,True
ikhsanqthii,7641212498028383509,https://www.tiktok.com/@ikhsanqthii/video/7641212498028383509,2026-05-18 19:47:04,True
ikhsanqthii,7641037136497560852,https://www.tiktok.com/@ikhsanqthii/video/7641037136497560852,2026-05-18 08:26:34,True
ikhsanqthii,7640852384759008528,https://www.tiktok.com/@ikhsanqthii/video/7640852384759008528,2026-05-17 20:29:38,True
ikhsanqthii,7640485914023677204,https://www.tiktok.com/@ikhsanqthii/video/7640485914023677204,2026-05-16 20:47:33,True
ikhsanqthii,7640307956650724625,https://www.tiktok.com/@ikhsanqthii/video/7640307956650724625,2026-05-16 09:16:59,True
ikhsanqthii,7640064805096738068,https://www.tiktok.com/@ikhsanqthii/video/7640064805096738068,2026-05-15 17:33:26,True
ikhsanqthii,7639537631130438929,https://www.tiktok.com/@ikhsanqthii/video/7639537631130438929,2026-05-14 07:27:43,True
ikhsanqthii,7639361532316454160,https://www.tiktok.com/@ikhsanqthii/video/7639361532316454160,2026-05-13 20:04:22,True
ikhsanqthii,7638951203455405332,https://www.tiktok.com/@ikhsanqthii/video/7638951203455405332,2026-05-12 17:32:05,True
ikhsanqthii,7638907474736663829,https://www.tiktok.com/@ikhsanqthii/video/7638907474736663829,2026-05-12 14:42:24,True
ikhsanqthii,7638605135870053653,https://www.tiktok.com/@ikhsanqthii/video/7638605135870053653,2026-05-11 19:09:10,True
ikhsanqthii,7638164579255618837,https://www.tiktok.com/@ikhsanqthii/video/7638164579255618837,2026-05-10 14:39:35,True
ikhsanqthii,7637890545473408277,https://www.tiktok.com/@ikhsanqthii/video/7637890545473408277,2026-05-09 20:56:11,True
ikhsanqthii,7637861784480763156,https://www.tiktok.com/@ikhsanqthii/video/7637861784480763156,2026-05-09 19:04:35,True
ikhsanqthii,7637799199702043921,https://www.tiktok.com/@ikhsanqthii/video/7637799199702043921,2026-05-09 15:01:43,True
ikhsanqthii,7637528984271457556,https://www.tiktok.com/@ikhsanqthii/video/7637528984271457556,2026-05-08 21:33:09,True
ikhsanqthii,7637443425976978708,https://www.tiktok.com/@ikhsanqthii/video/7637443425976978708,2026-05-08 16:01:08,True
ikhsanqthii,7636659146703703317,https://www.tiktok.com/@ikhsanqthii/video/7636659146703703317,2026-05-06 13:17:44,True
ikhsanqthii,7636386212487384340,https://www.tiktok.com/@ikhsanqthii/video/7636386212487384340,2026-05-05 19:38:37,True
ikhsanqthii,7636023515254181136,https://www.tiktok.com/@ikhsanqthii/video/7636023515254181136,2026-05-04 20:11:10,True
ikhsanqthii,7635595954506206481,https://www.tiktok.com/@ikhsanqthii/video/7635595954506206481,2026-05-03 16:32:00,True
ikhsanqthii,7635656771930983701,https://www.tiktok.com/@ikhsanqthii/video/7635656771930983701,2026-05-03 20:28:00,True
ikhsanqthii,7635593601510116628,https://www.tiktok.com/@ikhsanqthii/video/7635593601510116628,2026-05-03 16:22:52,True
ikhsanqthii,7635281541035298068,https://www.tiktok.com/@ikhsanqthii/video/7635281541035298068,2026-05-02 20:11:55,True
ikhsanqthii,7635161534494280981,https://www.tiktok.com/@ikhsanqthii/video/7635161534494280981,2026-05-02 12:26:14,True
ikhsanqthii,7634875296864423189,https://www.tiktok.com/@ikhsanqthii/video/7634875296864423189,2026-05-01 17:55:29,True
ikhsanqthii,7634524355132706068,https://www.tiktok.com/@ikhsanqthii/video/7634524355132706068,2026-04-30 19:13:39,True
ikhsanqthii,7634379487454596373,https://www.tiktok.com/@ikhsanqthii/video/7634379487454596373,2026-04-30 09:51:29,True
ikhsanqthii,7634212746736831764,https://www.tiktok.com/@ikhsanqthii/video/7634212746736831764,2026-04-29 23:04:27,True
ikhsanqthii,7634149273226988821,https://www.tiktok.com/@ikhsanqthii/video/7634149273226988821,2026-04-29 18:58:09,True
ikhsanqthii,7633629884740308241,https://www.tiktok.com/@ikhsanqthii/video/7633629884740308241,2026-04-28 09:22:39,True
ikhsanqthii,7633037216398298388,https://www.tiktok.com/@ikhsanqthii/video/7633037216398298388,2026-04-26 19:02:48,True
ikhsanqthii,7633023378227481877,https://www.tiktok.com/@ikhsanqthii/video/7633023378227481877,2026-04-26 18:09:06,True
ikhsanqthii,7632540271074479380,https://www.tiktok.com/@ikhsanqthii/video/7632540271074479380,2026-04-25 10:54:24,True
ikhsanqthii,7632354273455590673,https://www.tiktok.com/@ikhsanqthii/video/7632354273455590673,2026-04-24 22:52:38,True
ikhsanqthii,7632224366780058881,https://www.tiktok.com/@ikhsanqthii/video/7632224366780058881,2026-04-24 14:28:31,True
ikhsanqthii,7631742886987484436,https://www.tiktok.com/@ikhsanqthii/video/7631742886987484436,2026-04-23 07:20:08,True
ikhsanqthii,7631822417274342677,https://www.tiktok.com/@ikhsanqthii/video/7631822417274342677,2026-04-23 12:28:45,True
ikhsanqthii,7631397068803673361,https://www.tiktok.com/@ikhsanqthii/video/7631397068803673361,2026-04-22 08:58:11,True
ikhsanqthii,7631183768501505300,https://www.tiktok.com/@ikhsanqthii/video/7631183768501505300,2026-04-21 19:10:28,True
ikhsanqthii,7631037237140000020,https://www.tiktok.com/@ikhsanqthii/video/7631037237140000020,2026-04-21 09:41:51,True
ikhsanqthii,7630835850779086097,https://www.tiktok.com/@ikhsanqthii/video/7630835850779086097,2026-04-20 20:40:22,True
ikhsanqthii,7630431500936236309,https://www.tiktok.com/@ikhsanqthii/video/7630431500936236309,2026-04-19 18:31:17,True
ikhsanqthii,7630082701311200533,https://www.tiktok.com/@ikhsanqthii/video/7630082701311200533,2026-04-18 19:57:46,True
ikhsanqthii,7630023838155296020,https://www.tiktok.com/@ikhsanqthii/video/7630023838155296020,2026-04-18 16:09:21,True
ikhsanqthii,7629516633328979221,https://www.tiktok.com/@ikhsanqthii/video/7629516633328979221,2026-04-17 07:21:08,True
ikhsanqthii,7629383768851205396,https://www.tiktok.com/@ikhsanqthii/video/7629383768851205396,2026-04-16 22:45:33,True
ikhsanqthii,7629175493924785425,https://www.tiktok.com/@ikhsanqthii/video/7629175493924785425,2026-04-16 09:17:20,True
ikhsanqthii,7628924805529472276,https://www.tiktok.com/@ikhsanqthii/video/7628924805529472276,2026-04-15 17:04:32,True
ikhsanqthii,7628435996698332417,https://www.tiktok.com/@ikhsanqthii/video/7628435996698332417,2026-04-14 09:27:43,True
ikhsanqthii,7628111362882899216,https://www.tiktok.com/@ikhsanqthii/video/7628111362882899216,2026-04-13 12:27:58,True
ikhsanqthii,7627843438062685461,https://www.tiktok.com/@ikhsanqthii/video/7627843438062685461,2026-04-12 19:08:17,True
ikhsanqthii,7627459902327262485,https://www.tiktok.com/@ikhsanqthii/video/7627459902327262485,2026-04-11 18:19:58,True
ikhsanqthii,7627085444919954689,https://www.tiktok.com/@ikhsanqthii/video/7627085444919954689,2026-04-10 18:06:53,True
ikhsanqthii,7626949496127229204,https://www.tiktok.com/@ikhsanqthii/video/7626949496127229204,2026-04-10 09:19:20,True
ikhsanqthii,7626616356942712085,https://www.tiktok.com/@ikhsanqthii/video/7626616356942712085,2026-04-09 11:46:35,True
ikhsanqthii,7626347338679782657,https://www.tiktok.com/@ikhsanqthii/video/7626347338679782657,2026-04-08 18:22:39,True
ikhsanqthii,7626020379328351504,https://www.tiktok.com/@ikhsanqthii/video/7626020379328351504,2026-04-07 21:13:53,True
ikhsanqthii,7625642022581456148,https://www.tiktok.com/@ikhsanqthii/video/7625642022581456148,2026-04-06 20:45:40,True
ikhsanqthii,7625509514120301845,https://www.tiktok.com/@ikhsanqthii/video/7625509514120301845,2026-04-06 12:11:28,True
ikhsanqthii,7625233385224555777,https://www.tiktok.com/@ikhsanqthii/video/7625233385224555777,2026-04-05 18:19:57,True
ikhsanqthii,7624835441526574357,https://www.tiktok.com/@ikhsanqthii/video/7624835441526574357,2026-04-04 16:35:43,True
ikhsanqthii,7624683672301571344,https://www.tiktok.com/@ikhsanqthii/video/7624683672301571344,2026-04-04 06:46:47,True
ikhsanqthii,7624513483119267092,https://www.tiktok.com/@ikhsanqthii/video/7624513483119267092,2026-04-03 19:46:21,True
ikhsanqthii,7624485976433380629,https://www.tiktok.com/@ikhsanqthii/video/7624485976433380629,2026-04-03 17:59:37,True
ikhsanqthii,7624157641656241429,https://www.tiktok.com/@ikhsanqthii/video/7624157641656241429,2026-04-02 20:45:31,True
ikhsanqthii,7623763050381806869,https://www.tiktok.com/@ikhsanqthii/video/7623763050381806869,2026-04-01 19:14:18,True
ikhsanqthii,7623734093447990548,https://www.tiktok.com/@ikhsanqthii/video/7623734093447990548,2026-04-01 17:21:56,True
ikhsanqthii,7623405650831691028,https://www.tiktok.com/@ikhsanqthii/video/7623405650831691028,2026-03-31 20:07:24,True
ikhsanqthii,7623410859490200853,https://www.tiktok.com/@ikhsanqthii/video/7623410859490200853,2026-03-31 20:27:37,True
ikhsanqthii,7623208327757008149,https://www.tiktok.com/@ikhsanqthii/video/7623208327757008149,2026-03-31 07:21:41,True
ikhsanqthii,7622935631018118420,https://www.tiktok.com/@ikhsanqthii/video/7622935631018118420,2026-03-30 13:43:29,True
ikhsanqthii,7622728890800262421,https://www.tiktok.com/@ikhsanqthii/video/7622728890800262421,2026-03-30 00:21:14,True
ikhsanqthii,7622630826668313877,https://www.tiktok.com/@ikhsanqthii/video/7622630826668313877,2026-03-29 18:00:41,True
ikhsanqthii,7621470951422709013,https://www.tiktok.com/@ikhsanqthii/video/7621470951422709013,2026-03-26 14:59:47,True
ikhsanqthii,7621417033518861589,https://www.tiktok.com/@ikhsanqthii/video/7621417033518861589,2026-03-26 11:30:33,True
ikhsanqthii,7621128922616352020,https://www.tiktok.com/@ikhsanqthii/video/7621128922616352020,2026-03-25 16:52:32,True
ikhsanqthii,7620789490285579541,https://www.tiktok.com/@ikhsanqthii/video/7620789490285579541,2026-03-24 18:55:22,True
ikhsanqthii,7620408411909295380,https://www.tiktok.com/@ikhsanqthii/video/7620408411909295380,2026-03-23 18:16:35,True
ikhsanqthii,7620446289980968213,https://www.tiktok.com/@ikhsanqthii/video/7620446289980968213,2026-03-23 20:43:34,True
ikhsanqthii,7620326892104617236,https://www.tiktok.com/@ikhsanqthii/video/7620326892104617236,2026-03-23 13:00:15,True
ikhsanqthii,7620032576597544212,https://www.tiktok.com/@ikhsanqthii/video/7620032576597544212,2026-03-22 17:58:09,True
ikhsanqthii,7620004784891776276,https://www.tiktok.com/@ikhsanqthii/video/7620004784891776276,2026-03-22 16:10:18,True
ikhsanqthii,7619573561774312724,https://www.tiktok.com/@ikhsanqthii/video/7619573561774312724,2026-03-21 12:16:56,True
ikhsanqthii,7619355105493617941,https://www.tiktok.com/@ikhsanqthii/video/7619355105493617941,2026-03-20 22:09:13,True
ikhsanqthii,7619078555372195092,https://www.tiktok.com/@ikhsanqthii/video/7619078555372195092,2026-03-20 04:16:04,True
ikhsanqthii,7618995390414671124,https://www.tiktok.com/@ikhsanqthii/video/7618995390414671124,2026-03-19 22:53:20,True
ikhsanqthii,7618889417066892565,https://www.tiktok.com/@ikhsanqthii/video/7618889417066892565,2026-03-19 16:02:06,True
ikhsanqthii,7618821687395519761,https://www.tiktok.com/@ikhsanqthii/video/7618821687395519761,2026-03-19 11:39:17,True
ikhsanqthii,7618560664470031636,https://www.tiktok.com/@ikhsanqthii/video/7618560664470031636,2026-03-18 18:46:23,True
ikhsanqthii,7618186474802007316,https://www.tiktok.com/@ikhsanqthii/video/7618186474802007316,2026-03-17 18:34:20,True
ikhsanqthii,7618169787897711873,https://www.tiktok.com/@ikhsanqthii/video/7618169787897711873,2026-03-17 17:29:35,True
ikhsanqthii,7617748741734337813,https://www.tiktok.com/@ikhsanqthii/video/7617748741734337813,2026-03-16 14:15:42,True
ikhsanqthii,7617783629736906004,https://www.tiktok.com/@ikhsanqthii/video/7617783629736906004,2026-03-16 16:31:05,True
ikhsanqthii,7617742259685035285,https://www.tiktok.com/@ikhsanqthii/video/7617742259685035285,2026-03-16 13:50:33,True
ikhsanqthii,7617379811379481872,https://www.tiktok.com/@ikhsanqthii/video/7617379811379481872,2026-03-15 14:24:04,True
ikhsanqthii,7617238224552889620,https://www.tiktok.com/@ikhsanqthii/video/7617238224552889620,2026-03-15 05:14:38,True
ikhsanqthii,7617055439607352597,https://www.tiktok.com/@ikhsanqthii/video/7617055439607352597,2026-03-14 17:25:20,True
ikhsanqthii,7616752609331842305,https://www.tiktok.com/@ikhsanqthii/video/7616752609331842305,2026-03-13 21:50:12,True
ikhsanqthii,7616615107874786580,https://www.tiktok.com/@ikhsanqthii/video/7616615107874786580,2026-03-13 12:56:38,True
ikhsanqthii,7616502230325153044,https://www.tiktok.com/@ikhsanqthii/video/7616502230325153044,2026-03-13 05:38:36,True
ikhsanqthii,7616321215640210709,https://www.tiktok.com/@ikhsanqthii/video/7616321215640210709,2026-03-12 17:56:10,True
ikhsanqthii,7616191841708313877,https://www.tiktok.com/@ikhsanqthii/video/7616191841708313877,2026-03-12 09:34:08,True
ikhsanqthii,7615868446227631381,https://www.tiktok.com/@ikhsanqthii/video/7615868446227631381,2026-03-11 12:39:12,True
ikhsanqthii,7615758937471585556,https://www.tiktok.com/@ikhsanqthii/video/7615758937471585556,2026-03-11 05:34:15,True
ikhsanqthii,7615486722121420053,https://www.tiktok.com/@ikhsanqthii/video/7615486722121420053,2026-03-10 11:57:55,True
ikhsanqthii,7615381016290626832,https://www.tiktok.com/@ikhsanqthii/video/7615381016290626832,2026-03-10 05:07:43,True
ikhsanqthii,7615188158371663125,https://www.tiktok.com/@ikhsanqthii/video/7615188158371663125,2026-03-09 16:39:20,True
ikhsanqthii,7615010087999917333,https://www.tiktok.com/@ikhsanqthii/video/7615010087999917333,2026-03-09 05:08:20,True
ikhsanqthii,7614839105934920981,https://www.tiktok.com/@ikhsanqthii/video/7614839105934920981,2026-03-08 18:04:50,True
ikhsanqthii,7614839919030177045,https://www.tiktok.com/@ikhsanqthii/video/7614839919030177045,2026-03-08 18:07:59,True
ikhsanqthii,7614468379721600257,https://www.tiktok.com/@ikhsanqthii/video/7614468379721600257,2026-03-07 18:06:13,True
ikhsanqthii,7614317122994425109,https://www.tiktok.com/@ikhsanqthii/video/7614317122994425109,2026-03-07 08:19:16,True
ikhsanqthii,7614018787863530773,https://www.tiktok.com/@ikhsanqthii/video/7614018787863530773,2026-03-06 13:01:35,True
ikhsanqthii,7613742843504495892,https://www.tiktok.com/@ikhsanqthii/video/7613742843504495892,2026-03-05 19:10:46,True
ikhsanqthii,7613663652608085269,https://www.tiktok.com/@ikhsanqthii/video/7613663652608085269,2026-03-05 14:03:28,True
ikhsanqthii,7613360470149385488,https://www.tiktok.com/@ikhsanqthii/video/7613360470149385488,2026-03-04 18:26:58,True
ikhsanqthii,7613081496030563585,https://www.tiktok.com/@ikhsanqthii/video/7613081496030563585,2026-03-04 00:24:24,True
ikhsanqthii,7612884067641494805,https://www.tiktok.com/@ikhsanqthii/video/7612884067641494805,2026-03-03 11:38:17,True
ikhsanqthii,7611495826417847573,https://www.tiktok.com/@ikhsanqthii/video/7611495826417847573,2026-02-27 17:51:12,True
ikhsanqthii,7612181416838810900,https://www.tiktok.com/@ikhsanqthii/video/7612181416838810900,2026-03-01 14:11:38,True
ikhsanqthii,7611495500608539924,https://www.tiktok.com/@ikhsanqthii/video/7611495500608539924,2026-02-27 17:49:56,True
ikhsanqthii,7611495563703438612,https://www.tiktok.com/@ikhsanqthii/video/7611495563703438612,2026-02-27 17:50:11,True
ikhsanqthii,7611494211191328020,https://www.tiktok.com/@ikhsanqthii/video/7611494211191328020,2026-02-27 17:44:56,True
ikhsanqthii,7610440170847866133,https://www.tiktok.com/@ikhsanqthii/video/7610440170847866133,2026-02-24 21:34:43,True
ikhsanqthii,7611115580862532884,https://www.tiktok.com/@ikhsanqthii/video/7611115580862532884,2026-02-26 17:15:39,True
ikhsanqthii,7610978814306356500,https://www.tiktok.com/@ikhsanqthii/video/7610978814306356500,2026-02-26 08:24:56,True
ikhsanqthii,7610790683829488916,https://www.tiktok.com/@ikhsanqthii/video/7610790683829488916,2026-02-25 20:14:53,True
ikhsanqthii,7610621675293445397,https://www.tiktok.com/@ikhsanqthii/video/7610621675293445397,2026-02-25 09:19:03,True
ikhsanqthii,7610441092466511124,https://www.tiktok.com/@ikhsanqthii/video/7610441092466511124,2026-02-24 21:38:18,True
ikhsanqthii,7610326454810823957,https://www.tiktok.com/@ikhsanqthii/video/7610326454810823957,2026-02-24 14:13:26,True
ikhsanqthii,7610284739756379412,https://www.tiktok.com/@ikhsanqthii/video/7610284739756379412,2026-02-24 11:31:34,True
ikhsanqthii,7610014219177577729,https://www.tiktok.com/@ikhsanqthii/video/7610014219177577729,2026-02-23 18:01:48,True
ikhsanqthii,7609860348983643408,https://www.tiktok.com/@ikhsanqthii/video/7609860348983643408,2026-02-23 08:04:43,True
ikhsanqthii,7609705326757170453,https://www.tiktok.com/@ikhsanqthii/video/7609705326757170453,2026-02-22 22:03:09,True
ikhsanqthii,7609613228091493652,https://www.tiktok.com/@ikhsanqthii/video/7609613228091493652,2026-02-22 16:05:45,True
ikhsanqthii,7609116430541376789,https://www.tiktok.com/@ikhsanqthii/video/7609116430541376789,2026-02-21 07:57:56,True
ikhsanqthii,7608803762882268437,https://www.tiktok.com/@ikhsanqthii/video/7608803762882268437,2026-02-20 11:44:37,True
ikhsanqthii,7608596282789186837,https://www.tiktok.com/@ikhsanqthii/video/7608596282789186837,2026-02-19 22:19:29,True
ikhsanqthii,7608515112047086865,https://www.tiktok.com/@ikhsanqthii/video/7608515112047086865,2026-02-19 17:04:30,True
ikhsanqthii,7608424750376963349,https://www.tiktok.com/@ikhsanqthii/video/7608424750376963349,2026-02-19 11:13:51,True
ikhsanqthii,7608222633255046421,https://www.tiktok.com/@ikhsanqthii/video/7608222633255046421,2026-02-18 22:09:32,True
ikhsanqthii,7608159833505664257,https://www.tiktok.com/@ikhsanqthii/video/7608159833505664257,2026-02-18 18:05:51,True
ikhsanqthii,7607796870076812565,https://www.tiktok.com/@ikhsanqthii/video/7607796870076812565,2026-02-17 18:37:22,True
ikhsanqthii,7607423362800913685,https://www.tiktok.com/@ikhsanqthii/video/7607423362800913685,2026-02-16 18:27:58,True
ikhsanqthii,7607414790062984449,https://www.tiktok.com/@ikhsanqthii/video/7607414790062984449,2026-02-16 17:54:42,True
ikhsanqthii,7607324030323952916,https://www.tiktok.com/@ikhsanqthii/video/7607324030323952916,2026-02-16 12:02:30,True
ikhsanqthii,7606937808762146068,https://www.tiktok.com/@ikhsanqthii/video/7606937808762146068,2026-02-15 11:03:46,True
ikhsanqthii,7606682462814555412,https://www.tiktok.com/@ikhsanqthii/video/7606682462814555412,2026-02-14 18:32:53,True
ikhsanqthii,7606302690951367957,https://www.tiktok.com/@ikhsanqthii/video/7606302690951367957,2026-02-13 17:59:11,True
ikhsanqthii,7605955993809308949,https://www.tiktok.com/@ikhsanqthii/video/7605955993809308949,2026-02-12 19:33:49,True
ikhsanqthii,7605898363728317717,https://www.tiktok.com/@ikhsanqthii/video/7605898363728317717,2026-02-12 15:50:11,True
ikhsanqthii,7605825367923756309,https://www.tiktok.com/@ikhsanqthii/video/7605825367923756309,2026-02-12 11:06:55,True
ikhsanqthii,7605564183131819265,https://www.tiktok.com/@ikhsanqthii/video/7605564183131819265,2026-02-11 18:13:24,True
ikhsanqthii,7605260625496788244,https://www.tiktok.com/@ikhsanqthii/video/7605260625496788244,2026-02-10 22:35:26,True
ikhsanqthii,7605160759345057025,https://www.tiktok.com/@ikhsanqthii/video/7605160759345057025,2026-02-10 16:07:54,True
ikhsanqthii,7604865409686310164,https://www.tiktok.com/@ikhsanqthii/video/7604865409686310164,2026-02-09 21:01:48,True
ikhsanqthii,7604678714332335376,https://www.tiktok.com/@ikhsanqthii/video/7604678714332335376,2026-02-09 08:57:19,True
ikhsanqthii,7604014226063068437,https://www.tiktok.com/@ikhsanqthii/video/7604014226063068437,2026-02-07 13:58:46,True
ikhsanqthii,7604004745069595925,https://www.tiktok.com/@ikhsanqthii/video/7604004745069595925,2026-02-07 13:21:59,True
ikhsanqthii,7603747683127348500,https://www.tiktok.com/@ikhsanqthii/video/7603747683127348500,2026-02-06 20:44:27,True
ikhsanqthii,7603631758751321345,https://www.tiktok.com/@ikhsanqthii/video/7603631758751321345,2026-02-06 13:14:36,True
ikhsanqthii,7603366060061904149,https://www.tiktok.com/@ikhsanqthii/video/7603366060061904149,2026-02-05 20:03:33,True
ikhsanqthii,7603335039622876433,https://www.tiktok.com/@ikhsanqthii/video/7603335039622876433,2026-02-05 18:03:11,True
ikhsanqthii,7603204834275249429,https://www.tiktok.com/@ikhsanqthii/video/7603204834275249429,2026-02-05 09:37:55,True
ikhsanqthii,7602972218120768788,https://www.tiktok.com/@ikhsanqthii/video/7602972218120768788,2026-02-04 18:35:15,True
ikhsanqthii,7602601430133771537,https://www.tiktok.com/@ikhsanqthii/video/7602601430133771537,2026-02-03 18:36:24,True
ikhsanqthii,7602489517332876564,https://www.tiktok.com/@ikhsanqthii/video/7602489517332876564,2026-02-03 11:22:07,True
ikhsanqthii,7602098051376745749,https://www.tiktok.com/@ikhsanqthii/video/7602098051376745749,2026-02-02 10:03:02,True
ikhsanqthii,7601531469579832593,https://www.tiktok.com/@ikhsanqthii/video/7601531469579832593,2026-01-31 21:24:24,True
ikhsanqthii,7601355860849315089,https://www.tiktok.com/@ikhsanqthii/video/7601355860849315089,2026-01-31 10:02:57,True
ikhsanqthii,7600694364729347348,https://www.tiktok.com/@ikhsanqthii/video/7600694364729347348,2026-01-29 15:16:01,True
ikhsanqthii,7600419699536465172,https://www.tiktok.com/@ikhsanqthii/video/7600419699536465172,2026-01-28 21:30:10,True
ikhsanqthii,7600380578059259157,https://www.tiktok.com/@ikhsanqthii/video/7600380578059259157,2026-01-28 18:58:22,True
ikhsanqthii,7600069151306124564,https://www.tiktok.com/@ikhsanqthii/video/7600069151306124564,2026-01-27 22:49:52,True
ikhsanqthii,7599677252984474900,https://www.tiktok.com/@ikhsanqthii/video/7599677252984474900,2026-01-26 21:29:06,True
ikhsanqthii,7599497642342714640,https://www.tiktok.com/@ikhsanqthii/video/7599497642342714640,2026-01-26 09:52:07,True
ikhsanqthii,7599295662152256788,https://www.tiktok.com/@ikhsanqthii/video/7599295662152256788,2026-01-25 20:48:20,True
ikhsanqthii,7599164306231397652,https://www.tiktok.com/@ikhsanqthii/video/7599164306231397652,2026-01-25 12:18:36,True
ikhsanqthii,7598937093707943189,https://www.tiktok.com/@ikhsanqthii/video/7598937093707943189,2026-01-24 21:36:54,True
ikhsanqthii,7598845567560633617,https://www.tiktok.com/@ikhsanqthii/video/7598845567560633617,2026-01-24 15:41:44,True
ikhsanqthii,7598567526729108757,https://www.tiktok.com/@ikhsanqthii/video/7598567526729108757,2026-01-23 21:42:48,True
ikhsanqthii,7598485115802602768,https://www.tiktok.com/@ikhsanqthii/video/7598485115802602768,2026-01-23 16:23:00,True
ikhsanqthii,7598187390867459344,https://www.tiktok.com/@ikhsanqthii/video/7598187390867459344,2026-01-22 21:07:40,True
ikhsanqthii,7598071812156591381,https://www.tiktok.com/@ikhsanqthii/video/7598071812156591381,2026-01-22 13:39:10,True
ikhsanqthii,7597741634675477780,https://www.tiktok.com/@ikhsanqthii/video/7597741634675477780,2026-01-21 16:17:55,True
ikhsanqthii,7597367437654379796,https://www.tiktok.com/@ikhsanqthii/video/7597367437654379796,2026-01-20 16:05:50,True
ikhsanqthii,7597033504177736981,https://www.tiktok.com/@ikhsanqthii/video/7597033504177736981,2026-01-19 18:30:00,True
ikhsanqthii,7596917550345112853,https://www.tiktok.com/@ikhsanqthii/video/7596917550345112853,2026-01-19 11:00:03,True
ikhsanqthii,7596647068274380052,https://www.tiktok.com/@ikhsanqthii/video/7596647068274380052,2026-01-18 17:30:26,True
ikhsanqthii,7596632615369657601,https://www.tiktok.com/@ikhsanqthii/video/7596632615369657601,2026-01-18 16:34:21,True
ikhsanqthii,7596177377646873876,https://www.tiktok.com/@ikhsanqthii/video/7596177377646873876,2026-01-17 11:07:48,True
ikhsanqthii,7595987151188167957,https://www.tiktok.com/@ikhsanqthii/video/7595987151188167957,2026-01-16 22:49:37,True
ikhsanqthii,7595842762314960145,https://www.tiktok.com/@ikhsanqthii/video/7595842762314960145,2026-01-16 13:29:19,True
ikhsanqthii,7595603911034064145,https://www.tiktok.com/@ikhsanqthii/video/7595603911034064145,2026-01-15 22:02:27,True
ikhsanqthii,7595447927426829569,https://www.tiktok.com/@ikhsanqthii/video/7595447927426829569,2026-01-15 11:57:09,True
ikhsanqthii,7595205373854797057,https://www.tiktok.com/@ikhsanqthii/video/7595205373854797057,2026-01-14 20:15:55,True
ikhsanqthii,7595055268304637204,https://www.tiktok.com/@ikhsanqthii/video/7595055268304637204,2026-01-14 10:33:26,True
ikhsanqthii,7594779909331881237,https://www.tiktok.com/@ikhsanqthii/video/7594779909331881237,2026-01-13 16:44:54,True
ikhsanqthii,7594686295452978449,https://www.tiktok.com/@ikhsanqthii/video/7594686295452978449,2026-01-13 10:41:38,True
ikhsanqthii,7594469392595914004,https://www.tiktok.com/@ikhsanqthii/video/7594469392595914004,2026-01-12 20:39:56,True
ikhsanqthii,7594331504445082896,https://www.tiktok.com/@ikhsanqthii/video/7594331504445082896,2026-01-12 11:44:52,True
ikhsanqthii,7593934014839409921,https://www.tiktok.com/@ikhsanqthii/video/7593934014839409921,2026-01-11 10:02:24,True
ikhsanqthii,7593723155437473041,https://www.tiktok.com/@ikhsanqthii/video/7593723155437473041,2026-01-10 20:24:10,True
ikhsanqthii,7593571923716492561,https://www.tiktok.com/@ikhsanqthii/video/7593571923716492561,2026-01-10 10:37:18,True
ikhsanqthii,7593322498784087297,https://www.tiktok.com/@ikhsanqthii/video/7593322498784087297,2026-01-09 18:29:24,True
ikhsanqthii,7593212510321265941,https://www.tiktok.com/@ikhsanqthii/video/7593212510321265941,2026-01-09 11:22:36,True
ikhsanqthii,7592807739387055376,https://www.tiktok.com/@ikhsanqthii/video/7592807739387055376,2026-01-08 09:11:53,True
ikhsanqthii,7592604562998070549,https://www.tiktok.com/@ikhsanqthii/video/7592604562998070549,2026-01-07 20:03:27,True
ikhsanqthii,7592554454361148689,https://www.tiktok.com/@ikhsanqthii/video/7592554454361148689,2026-01-07 16:49:00,True
ikhsanqthii,7592497092338273557,https://www.tiktok.com/@ikhsanqthii/video/7592497092338273557,2026-01-07 13:06:24,True
ikhsanqthii,7592254864105803024,https://www.tiktok.com/@ikhsanqthii/video/7592254864105803024,2026-01-06 21:26:26,True
ikhsanqthii,7592188190069394689,https://www.tiktok.com/@ikhsanqthii/video/7592188190069394689,2026-01-06 17:07:43,True
ikhsanqthii,7591886633075526933,https://www.tiktok.com/@ikhsanqthii/video/7591886633075526933,2026-01-05 21:37:31,True
ikhsanqthii,7591693699495496980,https://www.tiktok.com/@ikhsanqthii/video/7591693699495496980,2026-01-05 09:08:50,True
ikhsanqthii,7591523453987982613,https://www.tiktok.com/@ikhsanqthii/video/7591523453987982613,2026-01-04 22:08:12,True
ikhsanqthii,7591512976486665492,https://www.tiktok.com/@ikhsanqthii/video/7591512976486665492,2026-01-04 21:27:32,True
ikhsanqthii,7591393457260956948,https://www.tiktok.com/@ikhsanqthii/video/7591393457260956948,2026-01-04 13:43:44,True
ikhsanqthii,7591110475409083668,https://www.tiktok.com/@ikhsanqthii/video/7591110475409083668,2026-01-03 19:25:38,True
ikhsanqthii,7590925471764811029,https://www.tiktok.com/@ikhsanqthii/video/7590925471764811029,2026-01-03 07:27:43,True
ikhsanqthii,7590615398236622100,https://www.tiktok.com/@ikhsanqthii/video/7590615398236622100,2026-01-02 11:24:28,True
ikhsanqthii,7590346572249042196,https://www.tiktok.com/@ikhsanqthii/video/7590346572249042196,2026-01-01 18:01:17,True
ikhsanqthii,7590023847852772629,https://www.tiktok.com/@ikhsanqthii/video/7590023847852772629,2025-12-31 21:08:57,False
itsdoktermuda,7679390600596049169,https://www.tiktok.com/@itsdoktermuda/video/7679390600596049169,2026-08-29 16:57:36,True
itsdoktermuda,7679377299950685456,https://www.tiktok.com/@itsdoktermuda/video/7679377299950685456,2026-08-29 16:05:59,True
itsdoktermuda,7678851974476975376,https://www.tiktok.com/@itsdoktermuda/video/7678851974476975376,2026-08-28 06:07:27,True
itsdoktermuda,7678202158608600336,https://www.tiktok.com/@itsdoktermuda/video/7678202158608600336,2026-08-26 12:05:50,True
itsdoktermuda,7677794792578862337,https://www.tiktok.com/@itsdoktermuda/video/7677794792578862337,2026-08-25 09:45:03,True
itsdoktermuda,7676682670729989392,https://www.tiktok.com/@itsdoktermuda/video/7676682670729989392,2026-08-22 09:49:27,True
itsdoktermuda,7676679943647956240,https://www.tiktok.com/@itsdoktermuda/video/7676679943647956240,2026-08-22 09:38:52,True
itsdoktermuda,7676664168757431569,https://www.tiktok.com/@itsdoktermuda/video/7676664168757431569,2026-08-22 08:37:39,True
itsdoktermuda,7676663008474516752,https://www.tiktok.com/@itsdoktermuda/video/7676663008474516752,2026-08-22 08:33:09,True
itsdoktermuda,7676089730915634433,https://www.tiktok.com/@itsdoktermuda/video/7676089730915634433,2026-08-20 19:28:32,True
itsdoktermuda,7676045686000962837,https://www.tiktok.com/@itsdoktermuda/video/7676045686000962837,2026-08-20 16:37:37,True
itsdoktermuda,7675183319704685841,https://www.tiktok.com/@itsdoktermuda/video/7675183319704685841,2026-08-18 08:51:12,True
itsdoktermuda,7675179021289704705,https://www.tiktok.com/@itsdoktermuda/video/7675179021289704705,2026-08-18 08:34:31,True
itsdoktermuda,7674496698567183636,https://www.tiktok.com/@itsdoktermuda/video/7674496698567183636,2026-08-16 12:26:46,True
itsdoktermuda,7674208992071109904,https://www.tiktok.com/@itsdoktermuda/video/7674208992071109904,2026-08-15 17:50:19,True
itsdoktermuda,7673477648869231889,https://www.tiktok.com/@itsdoktermuda/video/7673477648869231889,2026-08-13 18:32:20,True
itsdoktermuda,7673025672243105025,https://www.tiktok.com/@itsdoktermuda/video/7673025672243105025,2026-08-12 13:18:26,True
itsdoktermuda,7671938483509923073,https://www.tiktok.com/@itsdoktermuda/video/7671938483509923073,2026-08-09 14:59:35,True
itsdoktermuda,7673017899501620496,https://www.tiktok.com/@itsdoktermuda/video/7673017899501620496,2026-08-12 12:48:16,True
itsdoktermuda,7671926492288322817,https://www.tiktok.com/@itsdoktermuda/video/7671926492288322817,2026-08-09 14:13:03,True
itsdoktermuda,7672738198694464784,https://www.tiktok.com/@itsdoktermuda/video/7672738198694464784,2026-08-11 18:42:53,True
itsdoktermuda,7671917236344425745,https://www.tiktok.com/@itsdoktermuda/video/7671917236344425745,2026-08-09 13:37:08,True
itsdoktermuda,7672329085317664001,https://www.tiktok.com/@itsdoktermuda/video/7672329085317664001,2026-08-10 16:15:19,True
itsdoktermuda,7669589658581404944,https://www.tiktok.com/@itsdoktermuda/video/7669589658581404944,2026-08-03 07:04:56,True
itsdoktermuda,7671901187821554961,https://www.tiktok.com/@itsdoktermuda/video/7671901187821554961,2026-08-09 12:34:51,True
itsdoktermuda,7670800260532423937,https://www.tiktok.com/@itsdoktermuda/video/7670800260532423937,2026-08-06 13:22:42,True
itsdoktermuda,7669581512412499216,https://www.tiktok.com/@itsdoktermuda/video/7669581512412499216,2026-08-03 06:33:20,True
itsdoktermuda,7669345234777656577,https://www.tiktok.com/@itsdoktermuda/video/7669345234777656577,2026-08-02 15:16:27,True
itsdoktermuda,7670793110963752193,https://www.tiktok.com/@itsdoktermuda/video/7670793110963752193,2026-08-06 12:54:57,True
itsdoktermuda,7669422632952958225,https://www.tiktok.com/@itsdoktermuda/video/7669422632952958225,2026-08-02 20:16:48,True
itsdoktermuda,7669293676580850960,https://www.tiktok.com/@itsdoktermuda/video/7669293676580850960,2026-08-02 11:56:23,True
itsdoktermuda,7670041403484917008,https://www.tiktok.com/@itsdoktermuda/video/7670041403484917008,2026-08-04 12:17:56,True
itsdoktermuda,7666837541265378577,https://www.tiktok.com/@itsdoktermuda/video/7666837541265378577,2026-07-26 21:05:19,True
itsdoktermuda,7668627821992119553,https://www.tiktok.com/@itsdoktermuda/video/7668627821992119553,2026-07-31 16:52:31,True
itsdoktermuda,7666834140716616977,https://www.tiktok.com/@itsdoktermuda/video/7666834140716616977,2026-07-26 20:52:07,True
itsdoktermuda,7668301591694380305,https://www.tiktok.com/@itsdoktermuda/video/7668301591694380305,2026-07-30 19:46:35,True
itsdoktermuda,7668273099548200193,https://www.tiktok.com/@itsdoktermuda/video/7668273099548200193,2026-07-30 17:56:01,True
itsdoktermuda,7666754007720840465,https://www.tiktok.com/@itsdoktermuda/video/7666754007720840465,2026-07-26 15:41:10,True
itsdoktermuda,7667375544845012225,https://www.tiktok.com/@itsdoktermuda/video/7667375544845012225,2026-07-28 07:53:03,True
itsdoktermuda,7666745218271546640,https://www.tiktok.com/@itsdoktermuda/video/7666745218271546640,2026-07-26 15:07:03,True
itsdoktermuda,7666695915733896464,https://www.tiktok.com/@itsdoktermuda/video/7666695915733896464,2026-07-26 11:55:44,True
itsdoktermuda,7664134544961867024,https://www.tiktok.com/@itsdoktermuda/video/7664134544961867024,2026-07-19 14:16:19,True
itsdoktermuda,7664066637204688145,https://www.tiktok.com/@itsdoktermuda/video/7664066637204688145,2026-07-19 09:52:48,True
itsdoktermuda,7665288989745745169,https://www.tiktok.com/@itsdoktermuda/video/7665288989745745169,2026-07-22 16:56:09,True
itsdoktermuda,7663745263403633921,https://www.tiktok.com/@itsdoktermuda/video/7663745263403633921,2026-07-18 13:05:42,True
itsdoktermuda,7663642945026837780,https://www.tiktok.com/@itsdoktermuda/video/7663642945026837780,2026-07-18 06:28:39,True
itsdoktermuda,7663460296396115221,https://www.tiktok.com/@itsdoktermuda/video/7663460296396115221,2026-07-17 18:39:53,True
itsdoktermuda,7662238906233949441,https://www.tiktok.com/@itsdoktermuda/video/7662238906233949441,2026-07-14 11:40:16,True
itsdoktermuda,7662240343756246273,https://www.tiktok.com/@itsdoktermuda/video/7662240343756246273,2026-07-14 11:45:51,True
itsdoktermuda,7662239801189354753,https://www.tiktok.com/@itsdoktermuda/video/7662239801189354753,2026-07-14 11:43:44,True
itsdoktermuda,7662154739722865937,https://www.tiktok.com/@itsdoktermuda/video/7662154739722865937,2026-07-14 06:13:39,True
itsdoktermuda,7661201026078346517,https://www.tiktok.com/@itsdoktermuda/video/7661201026078346517,2026-07-11 16:32:46,True
itsdoktermuda,7659706453468433665,https://www.tiktok.com/@itsdoktermuda/video/7659706453468433665,2026-07-07 15:53:03,True
itsdoktermuda,7659407932345437441,https://www.tiktok.com/@itsdoktermuda/video/7659407932345437441,2026-07-06 20:34:38,True
itsdoktermuda,7658847601642540289,https://www.tiktok.com/@itsdoktermuda/video/7658847601642540289,2026-07-05 08:20:16,True
itsdoktermuda,7658453716814564628,https://www.tiktok.com/@itsdoktermuda/video/7658453716814564628,2026-07-04 06:51:48,True
itsdoktermuda,7657794063596391696,https://www.tiktok.com/@itsdoktermuda/video/7657794063596391696,2026-07-02 12:12:00,True
itsdoktermuda,7657841188887629072,https://www.tiktok.com/@itsdoktermuda/video/7657841188887629072,2026-07-02 15:14:53,True
itsdoktermuda,7657718418627448084,https://www.tiktok.com/@itsdoktermuda/video/7657718418627448084,2026-07-02 07:18:28,True
itsdoktermuda,7657064666216025360,https://www.tiktok.com/@itsdoktermuda/video/7657064666216025360,2026-06-30 13:01:34,True
itsdoktermuda,7654938892356816148,https://www.tiktok.com/@itsdoktermuda/video/7654938892356816148,2026-06-24 19:32:29,True
itsdoktermuda,7654936759121235220,https://www.tiktok.com/@itsdoktermuda/video/7654936759121235220,2026-06-24 19:24:12,True
itsdoktermuda,7654923209552416020,https://www.tiktok.com/@itsdoktermuda/video/7654923209552416020,2026-06-24 18:31:38,True
itsdoktermuda,7654078094986333460,https://www.tiktok.com/@itsdoktermuda/video/7654078094986333460,2026-06-22 11:52:09,True
itsdoktermuda,7653348067474820373,https://www.tiktok.com/@itsdoktermuda/video/7653348067474820373,2026-06-20 12:39:16,True
itsdoktermuda,7653347934033005845,https://www.tiktok.com/@itsdoktermuda/video/7653347934033005845,2026-06-20 12:38:45,True
itsdoktermuda,7652199553822723348,https://www.tiktok.com/@itsdoktermuda/video/7652199553822723348,2026-06-17 10:22:27,True
itsdoktermuda,7652934642307484949,https://www.tiktok.com/@itsdoktermuda/video/7652934642307484949,2026-06-19 09:54:58,True
itsdoktermuda,7652180882186308884,https://www.tiktok.com/@itsdoktermuda/video/7652180882186308884,2026-06-17 09:10:00,True
itsdoktermuda,7652179311323008277,https://www.tiktok.com/@itsdoktermuda/video/7652179311323008277,2026-06-17 09:03:54,True
itsdoktermuda,7651847915652042004,https://www.tiktok.com/@itsdoktermuda/video/7651847915652042004,2026-06-16 11:37:55,True
itsdoktermuda,7651510300528725269,https://www.tiktok.com/@itsdoktermuda/video/7651510300528725269,2026-06-15 13:47:48,True
itsdoktermuda,7651255074672430357,https://www.tiktok.com/@itsdoktermuda/video/7651255074672430357,2026-06-14 21:17:23,True
itsdoktermuda,7650861207401827605,https://www.tiktok.com/@itsdoktermuda/video/7650861207401827605,2026-06-13 19:48:59,True
itsdoktermuda,7650442411491003665,https://www.tiktok.com/@itsdoktermuda/video/7650442411491003665,2026-06-12 16:43:50,True
itsdoktermuda,7649767560648461588,https://www.tiktok.com/@itsdoktermuda/video/7649767560648461588,2026-06-10 21:05:04,True
itsdoktermuda,7649712642419854612,https://www.tiktok.com/@itsdoktermuda/video/7649712642419854612,2026-06-10 17:31:58,True
itsdoktermuda,7649631707527662869,https://www.tiktok.com/@itsdoktermuda/video/7649631707527662869,2026-06-10 12:17:54,True
itsdoktermuda,7649372692705119508,https://www.tiktok.com/@itsdoktermuda/video/7649372692705119508,2026-06-09 19:32:47,True
itsdoktermuda,7649265567093755137,https://www.tiktok.com/@itsdoktermuda/video/7649265567093755137,2026-06-09 12:37:05,True
itsdoktermuda,7648871734585609492,https://www.tiktok.com/@itsdoktermuda/video/7648871734585609492,2026-06-08 11:08:49,True
itsdoktermuda,7647150543307132181,https://www.tiktok.com/@itsdoktermuda/video/7647150543307132181,2026-06-03 19:49:43,True
itsdoktermuda,7647148964390636820,https://www.tiktok.com/@itsdoktermuda/video/7647148964390636820,2026-06-03 19:43:35,True
itsdoktermuda,7647150238536437013,https://www.tiktok.com/@itsdoktermuda/video/7647150238536437013,2026-06-03 19:48:32,True
itsdoktermuda,7646646818834615572,https://www.tiktok.com/@itsdoktermuda/video/7646646818834615572,2026-06-02 11:15:00,True
itsdoktermuda,7646048742054825236,https://www.tiktok.com/@itsdoktermuda/video/7646048742054825236,2026-05-31 20:34:10,True
itsdoktermuda,7645672637854698772,https://www.tiktok.com/@itsdoktermuda/video/7645672637854698772,2026-05-30 20:14:41,True
itsdoktermuda,7645490666390179092,https://www.tiktok.com/@itsdoktermuda/video/7645490666390179092,2026-05-30 08:28:32,True
itsdoktermuda,7644865132790566164,https://www.tiktok.com/@itsdoktermuda/video/7644865132790566164,2026-05-28 16:01:09,True
itsdoktermuda,7644103326216342805,https://www.tiktok.com/@itsdoktermuda/video/7644103326216342805,2026-05-26 14:44:57,True
itsdoktermuda,7644025477065198869,https://www.tiktok.com/@itsdoktermuda/video/7644025477065198869,2026-05-26 09:42:51,True
itsdoktermuda,7643778563522514197,https://www.tiktok.com/@itsdoktermuda/video/7643778563522514197,2026-05-25 17:44:42,True
itsdoktermuda,7642872687722843413,https://www.tiktok.com/@itsdoktermuda/video/7642872687722843413,2026-05-23 07:09:27,True
itsdoktermuda,7642536099562245396,https://www.tiktok.com/@itsdoktermuda/video/7642536099562245396,2026-05-22 09:23:19,True
itsdoktermuda,7642277800153615637,https://www.tiktok.com/@itsdoktermuda/video/7642277800153615637,2026-05-21 16:40:59,True
itsdoktermuda,7641828688455060757,https://www.tiktok.com/@itsdoktermuda/video/7641828688455060757,2026-05-20 11:38:12,True
itsdoktermuda,7641490090451029268,https://www.tiktok.com/@itsdoktermuda/video/7641490090451029268,2026-05-19 13:44:16,True
itsdoktermuda,7641056930395360532,https://www.tiktok.com/@itsdoktermuda/video/7641056930395360532,2026-05-18 09:43:23,True
itsdoktermuda,7639945845630094612,https://www.tiktok.com/@itsdoktermuda/video/7639945845630094612,2026-05-15 09:51:48,True
itsdoktermuda,7639748869026336020,https://www.tiktok.com/@itsdoktermuda/video/7639748869026336020,2026-05-14 21:07:26,True
itsdoktermuda,7639362541763988757,https://www.tiktok.com/@itsdoktermuda/video/7639362541763988757,2026-05-13 20:08:17,True
itsdoktermuda,7639226015453334804,https://www.tiktok.com/@itsdoktermuda/video/7639226015453334804,2026-05-13 11:18:30,True
itsdoktermuda,7638589136395357460,https://www.tiktok.com/@itsdoktermuda/video/7638589136395357460,2026-05-11 18:07:05,True
itsdoktermuda,7637905600550030612,https://www.tiktok.com/@itsdoktermuda/video/7637905600550030612,2026-05-09 21:54:37,True
itsdoktermuda,7637461259058679060,https://www.tiktok.com/@itsdoktermuda/video/7637461259058679060,2026-05-08 17:10:20,True
itsdoktermuda,7636298786171653396,https://www.tiktok.com/@itsdoktermuda/video/7636298786171653396,2026-05-05 13:59:21,True
itsdoktermuda,7636293435699268885,https://www.tiktok.com/@itsdoktermuda/video/7636293435699268885,2026-05-05 13:38:35,True
itsdoktermuda,7634391693613141268,https://www.tiktok.com/@itsdoktermuda/video/7634391693613141268,2026-04-30 10:38:51,True
itsdoktermuda,7634654099501321492,https://www.tiktok.com/@itsdoktermuda/video/7634654099501321492,2026-05-01 03:37:08,True
itsdoktermuda,7633678856557366548,https://www.tiktok.com/@itsdoktermuda/video/7633678856557366548,2026-04-28 12:32:41,True
itsdoktermuda,7633089029637950741,https://www.tiktok.com/@itsdoktermuda/video/7633089029637950741,2026-04-26 22:23:51,True
itsdoktermuda,7631889636708584724,https://www.tiktok.com/@itsdoktermuda/video/7631889636708584724,2026-04-23 16:49:36,True
itsdoktermuda,7631820351508450581,https://www.tiktok.com/@itsdoktermuda/video/7631820351508450581,2026-04-23 12:20:44,True
itsdoktermuda,7629946341036133653,https://www.tiktok.com/@itsdoktermuda/video/7629946341036133653,2026-04-18 11:08:37,True
itsdoktermuda,7628255288319134996,https://www.tiktok.com/@itsdoktermuda/video/7628255288319134996,2026-04-13 21:46:28,True
itsdoktermuda,7627796335319731477,https://www.tiktok.com/@itsdoktermuda/video/7627796335319731477,2026-04-12 16:05:30,True
itsdoktermuda,7627015397585341716,https://www.tiktok.com/@itsdoktermuda/video/7627015397585341716,2026-04-10 13:35:04,True
itsdoktermuda,7626637637708811541,https://www.tiktok.com/@itsdoktermuda/video/7626637637708811541,2026-04-09 13:09:10,True
itsdoktermuda,7625464713060650260,https://www.tiktok.com/@itsdoktermuda/video/7625464713060650260,2026-04-06 09:17:37,True
itsdoktermuda,7625108825896488213,https://www.tiktok.com/@itsdoktermuda/video/7625108825896488213,2026-04-05 10:16:35,True
itsdoktermuda,7625083622730534165,https://www.tiktok.com/@itsdoktermuda/video/7625083622730534165,2026-04-05 08:38:47,True
itsdoktermuda,7624850333021326613,https://www.tiktok.com/@itsdoktermuda/video/7624850333021326613,2026-04-04 17:33:30,True
itsdoktermuda,7624828002769341717,https://www.tiktok.com/@itsdoktermuda/video/7624828002769341717,2026-04-04 16:06:51,True
itsdoktermuda,7624028360246594836,https://www.tiktok.com/@itsdoktermuda/video/7624028360246594836,2026-04-02 12:23:50,True
itsdoktermuda,7623724003777219861,https://www.tiktok.com/@itsdoktermuda/video/7623724003777219861,2026-04-01 16:42:46,True
itsdoktermuda,7623230976700714261,https://www.tiktok.com/@itsdoktermuda/video/7623230976700714261,2026-03-31 08:49:35,True
itsdoktermuda,7622853091288812821,https://www.tiktok.com/@itsdoktermuda/video/7622853091288812821,2026-03-30 08:23:11,True
itsdoktermuda,7622334705370778900,https://www.tiktok.com/@itsdoktermuda/video/7622334705370778900,2026-03-28 22:51:35,True
itsdoktermuda,7619959650657635604,https://www.tiktok.com/@itsdoktermuda/video/7619959650657635604,2026-03-22 13:15:10,True
itsdoktermuda,7618875676409498900,https://www.tiktok.com/@itsdoktermuda/video/7618875676409498900,2026-03-19 15:08:47,True
itsdoktermuda,7618566357608713493,https://www.tiktok.com/@itsdoktermuda/video/7618566357608713493,2026-03-18 19:08:28,True
itsdoktermuda,7618166067013373205,https://www.tiktok.com/@itsdoktermuda/video/7618166067013373205,2026-03-17 17:15:08,True
itsdoktermuda,7617378028435426580,https://www.tiktok.com/@itsdoktermuda/video/7617378028435426580,2026-03-15 14:17:09,True
itsdoktermuda,7616774013406154005,https://www.tiktok.com/@itsdoktermuda/video/7616774013406154005,2026-03-13 23:13:16,True
itsdoktermuda,7616370254234782996,https://www.tiktok.com/@itsdoktermuda/video/7616370254234782996,2026-03-12 21:06:28,True
itsdoktermuda,7614918874865208597,https://www.tiktok.com/@itsdoktermuda/video/7614918874865208597,2026-03-08 23:14:23,True
itsdoktermuda,7613086419795348757,https://www.tiktok.com/@itsdoktermuda/video/7613086419795348757,2026-03-04 00:43:31,True
itsdoktermuda,7612935938452229396,https://www.tiktok.com/@itsdoktermuda/video/7612935938452229396,2026-03-03 14:59:34,True
itsdoktermuda,7612526580723715349,https://www.tiktok.com/@itsdoktermuda/video/7612526580723715349,2026-03-02 12:31:03,True
itsdoktermuda,7612215801285790996,https://www.tiktok.com/@itsdoktermuda/video/7612215801285790996,2026-03-01 16:25:04,True
itsdoktermuda,7611122523429768469,https://www.tiktok.com/@itsdoktermuda/video/7611122523429768469,2026-02-26 17:42:36,True
itsdoktermuda,7610743102503980308,https://www.tiktok.com/@itsdoktermuda/video/7610743102503980308,2026-02-25 17:10:15,True
itsdoktermuda,7610314966809201941,https://www.tiktok.com/@itsdoktermuda/video/7610314966809201941,2026-02-24 13:28:52,True
itsdoktermuda,7609669006479445268,https://www.tiktok.com/@itsdoktermuda/video/7609669006479445268,2026-02-22 19:42:12,True
itsdoktermuda,7609335263042571540,https://www.tiktok.com/@itsdoktermuda/video/7609335263042571540,2026-02-21 22:07:07,True
itsdoktermuda,7608984472767302932,https://www.tiktok.com/@itsdoktermuda/video/7608984472767302932,2026-02-20 23:25:52,True
itsdoktermuda,7608542078783589652,https://www.tiktok.com/@itsdoktermuda/video/7608542078783589652,2026-02-19 18:49:09,True
itsdoktermuda,7608513297159114005,https://www.tiktok.com/@itsdoktermuda/video/7608513297159114005,2026-02-19 16:57:28,True
itsdoktermuda,7607414321005514004,https://www.tiktok.com/@itsdoktermuda/video/7607414321005514004,2026-02-16 17:52:52,True
itsdoktermuda,7606744290131332373,https://www.tiktok.com/@itsdoktermuda/video/7606744290131332373,2026-02-14 22:32:49,True
itsdoktermuda,7606326222800309525,https://www.tiktok.com/@itsdoktermuda/video/7606326222800309525,2026-02-13 19:30:30,True
itsdoktermuda,7605870444960402708,https://www.tiktok.com/@itsdoktermuda/video/7605870444960402708,2026-02-12 14:01:51,True
itsdoktermuda,7605505554378689812,https://www.tiktok.com/@itsdoktermuda/video/7605505554378689812,2026-02-11 14:25:53,True
itsdoktermuda,7605211735238216980,https://www.tiktok.com/@itsdoktermuda/video/7605211735238216980,2026-02-10 19:25:43,True
itsdoktermuda,7604885706208447764,https://www.tiktok.com/@itsdoktermuda/video/7604885706208447764,2026-02-09 22:20:33,True
itsdoktermuda,7604171573037223188,https://www.tiktok.com/@itsdoktermuda/video/7604171573037223188,2026-02-08 00:09:21,True
itsdoktermuda,7603345019017121044,https://www.tiktok.com/@itsdoktermuda/video/7603345019017121044,2026-02-05 18:41:54,True
itsdoktermuda,7603066715278232852,https://www.tiktok.com/@itsdoktermuda/video/7603066715278232852,2026-02-05 00:41:57,True
itsdoktermuda,7603015346471111956,https://www.tiktok.com/@itsdoktermuda/video/7603015346471111956,2026-02-04 21:22:36,True
itsdoktermuda,7602639083843702037,https://www.tiktok.com/@itsdoktermuda/video/7602639083843702037,2026-02-03 21:02:31,True
itsdoktermuda,7601731440279145748,https://www.tiktok.com/@itsdoktermuda/video/7601731440279145748,2026-02-01 10:20:24,True
itsdoktermuda,7601111913388477717,https://www.tiktok.com/@itsdoktermuda/video/7601111913388477717,2026-01-30 18:16:19,True
itsdoktermuda,7600663536158788884,https://www.tiktok.com/@itsdoktermuda/video/7600663536158788884,2026-01-29 13:16:23,True
itsdoktermuda,7600418609084501269,https://www.tiktok.com/@itsdoktermuda/video/7600418609084501269,2026-01-28 21:25:56,True
itsdoktermuda,7600289939330223381,https://www.tiktok.com/@itsdoktermuda/video/7600289939330223381,2026-01-28 13:06:38,True
itsdoktermuda,7599471362251558164,https://www.tiktok.com/@itsdoktermuda/video/7599471362251558164,2026-01-26 08:10:08,True
itsdoktermuda,7599100387315944725,https://www.tiktok.com/@itsdoktermuda/video/7599100387315944725,2026-01-25 08:10:34,True
itsdoktermuda,7598190960434023701,https://www.tiktok.com/@itsdoktermuda/video/7598190960434023701,2026-01-22 21:21:31,True
itsdoktermuda,7597724894368910612,https://www.tiktok.com/@itsdoktermuda/video/7597724894368910612,2026-01-21 15:12:57,True
itsdoktermuda,7597477389270142229,https://www.tiktok.com/@itsdoktermuda/video/7597477389270142229,2026-01-20 23:12:30,True
itsdoktermuda,7597424594953276693,https://www.tiktok.com/@itsdoktermuda/video/7597424594953276693,2026-01-20 19:47:38,True
itsdoktermuda,7596912902120967445,https://www.tiktok.com/@itsdoktermuda/video/7596912902120967445,2026-01-19 10:42:00,True
itsdoktermuda,7596350661348887828,https://www.tiktok.com/@itsdoktermuda/video/7596350661348887828,2026-01-17 22:20:13,True
itsdoktermuda,7596261098563685653,https://www.tiktok.com/@itsdoktermuda/video/7596261098563685653,2026-01-17 16:32:40,True
itsdoktermuda,7595809154309164308,https://www.tiktok.com/@itsdoktermuda/video/7595809154309164308,2026-01-16 11:18:54,True
itsdoktermuda,7595228641030704404,https://www.tiktok.com/@itsdoktermuda/video/7595228641030704404,2026-01-14 21:46:13,True
itsdoktermuda,7595159806403415317,https://www.tiktok.com/@itsdoktermuda/video/7595159806403415317,2026-01-14 17:19:06,True
itsdoktermuda,7594866604085710101,https://www.tiktok.com/@itsdoktermuda/video/7594866604085710101,2026-01-13 22:21:19,True
itsdoktermuda,7594815274407251221,https://www.tiktok.com/@itsdoktermuda/video/7594815274407251221,2026-01-13 19:02:08,True
itsdoktermuda,7594128369105587476,https://www.tiktok.com/@itsdoktermuda/video/7594128369105587476,2026-01-11 22:36:36,True
itsdoktermuda,7593349003648044308,https://www.tiktok.com/@itsdoktermuda/video/7593349003648044308,2026-01-09 20:12:16,True
itsdoktermuda,7592989091113766165,https://www.tiktok.com/@itsdoktermuda/video/7592989091113766165,2026-01-08 20:55:37,True
itsdoktermuda,7592299992530930965,https://www.tiktok.com/@itsdoktermuda/video/7592299992530930965,2026-01-07 00:21:34,True
itsdoktermuda,7591888689572089109,https://www.tiktok.com/@itsdoktermuda/video/7591888689572089109,2026-01-05 21:45:30,True
itsdoktermuda,7591825854360079636,https://www.tiktok.com/@itsdoktermuda/video/7591825854360079636,2026-01-05 17:41:40,True
itsdoktermuda,7590964693498481940,https://www.tiktok.com/@itsdoktermuda/video/7590964693498481940,2026-01-03 09:59:55,True
itsdoktermuda,7590358985354579220,https://www.tiktok.com/@itsdoktermuda/video/7590358985354579220,2026-01-01 18:49:28,True
itsdoktermuda,7589982507685285141,https://www.tiktok.com/@itsdoktermuda/video/7589982507685285141,2025-12-31 18:28:32,False
jamilatussadiyah,7251551469260786949,https://www.tiktok.com/@jamilatussadiyah/video/7251551469260786949,2023-07-03 18:23:16,False
jamilatussadiyah,7180739975539936538,https://www.tiktok.com/@jamilatussadiyah/video/7180739975539936538,2022-12-24 22:38:30,False
jamilatussadiyah,7179627650359561499,https://www.tiktok.com/@jamilatussadiyah/video/7179627650359561499,2022-12-21 22:42:07,False
jamilatussadiyah,7680154216152714504,https://www.tiktok.com/@jamilatussadiyah/video/7680154216152714504,2026-08-31 18:20:49,True
jamilatussadiyah,7680153738811673864,https://www.tiktok.com/@jamilatussadiyah/video/7680153738811673864,2026-08-31 18:18:58,True
jamilatussadiyah,7678626145142705415,https://www.tiktok.com/@jamilatussadiyah/video/7678626145142705415,2026-08-27 15:31:07,True
jamilatussadiyah,7676012105861975303,https://www.tiktok.com/@jamilatussadiyah/video/7676012105861975303,2026-08-20 14:27:19,True
jamilatussadiyah,7672279718997036295,https://www.tiktok.com/@jamilatussadiyah/video/7672279718997036295,2026-08-10 13:03:45,True
jamilatussadiyah,7662912928579849490,https://www.tiktok.com/@jamilatussadiyah/video/7662912928579849490,2026-07-16 07:15:49,True
jamilatussadiyah,7647875152566406408,https://www.tiktok.com/@jamilatussadiyah/video/7647875152566406408,2026-06-05 18:41:34,True
jamilatussadiyah,7646976026714590482,https://www.tiktok.com/@jamilatussadiyah/video/7646976026714590482,2026-06-03 08:32:30,True
jamilatussadiyah,7643055869952855303,https://www.tiktok.com/@jamilatussadiyah/video/7643055869952855303,2026-05-23 19:00:17,True
jamilatussadiyah,7637855976908934418,https://www.tiktok.com/@jamilatussadiyah/video/7637855976908934418,2026-05-09 18:42:03,True
jamilatussadiyah,7637100493629705480,https://www.tiktok.com/@jamilatussadiyah/video/7637100493629705480,2026-05-07 17:50:23,True
jamilatussadiyah,7631593979963788551,https://www.tiktok.com/@jamilatussadiyah/video/7631593979963788551,2026-04-22 21:42:18,True
jamilatussadiyah,7626764693817838866,https://www.tiktok.com/@jamilatussadiyah/video/7626764693817838866,2026-04-09 21:22:12,True
jamilatussadiyah,7624850088442989832,https://www.tiktok.com/@jamilatussadiyah/video/7624850088442989832,2026-04-04 17:32:33,True
jamilatussadiyah,7623033520377646356,https://www.tiktok.com/@jamilatussadiyah/video/7623033520377646356,2026-03-30 20:03:21,True
jamilatussadiyah,7617839311718796564,https://www.tiktok.com/@jamilatussadiyah/video/7617839311718796564,2026-03-16 20:07:10,True
jamilatussadiyah,7614502104476011796,https://www.tiktok.com/@jamilatussadiyah/video/7614502104476011796,2026-03-07 20:17:06,True
jamilatussadiyah,7614501639424249109,https://www.tiktok.com/@jamilatussadiyah/video/7614501639424249109,2026-03-07 20:15:17,True
jamilatussadiyah,7611505324603886868,https://www.tiktok.com/@jamilatussadiyah/video/7611505324603886868,2026-02-27 18:28:03,True
jamilatussadiyah,7611423965730311445,https://www.tiktok.com/@jamilatussadiyah/video/7611423965730311445,2026-02-27 13:12:21,True
jamilatussadiyah,7610546094421937428,https://www.tiktok.com/@jamilatussadiyah/video/7610546094421937428,2026-02-25 04:25:45,True
jamilatussadiyah,7610178650264145173,https://www.tiktok.com/@jamilatussadiyah/video/7610178650264145173,2026-02-24 04:39:53,True
jamilatussadiyah,7609855968125455636,https://www.tiktok.com/@jamilatussadiyah/video/7609855968125455636,2026-02-23 07:47:43,True
jamilatussadiyah,7609336456078724372,https://www.tiktok.com/@jamilatussadiyah/video/7609336456078724372,2026-02-21 22:11:44,True
jamilatussadiyah,7608888679389564180,https://www.tiktok.com/@jamilatussadiyah/video/7608888679389564180,2026-02-20 17:14:08,True
jamilatussadiyah,7608491283954355476,https://www.tiktok.com/@jamilatussadiyah/video/7608491283954355476,2026-02-19 15:32:02,True
jamilatussadiyah,7608090015968546068,https://www.tiktok.com/@jamilatussadiyah/video/7608090015968546068,2026-02-18 13:34:55,True
jamilatussadiyah,7607801725809872148,https://www.tiktok.com/@jamilatussadiyah/video/7607801725809872148,2026-02-17 18:56:12,True
jamilatussadiyah,7607249803461823764,https://www.tiktok.com/@jamilatussadiyah/video/7607249803461823764,2026-02-16 07:14:28,True
jamilatussadiyah,7607001292237589781,https://www.tiktok.com/@jamilatussadiyah/video/7607001292237589781,2026-02-15 15:10:07,True
jamilatussadiyah,7607000257259523349,https://www.tiktok.com/@jamilatussadiyah/video/7607000257259523349,2026-02-15 15:06:06,True
jamilatussadiyah,7606999963058375956,https://www.tiktok.com/@jamilatussadiyah/video/7606999963058375956,2026-02-15 15:04:57,True
jamilatussadiyah,7599621227870735637,https://www.tiktok.com/@jamilatussadiyah/video/7599621227870735637,2026-01-26 17:51:42,True
jamilatussadiyah,7596190101231783189,https://www.tiktok.com/@jamilatussadiyah/video/7596190101231783189,2026-01-17 11:57:10,True
jamilatussadiyah,7595159599997799700,https://www.tiktok.com/@jamilatussadiyah/video/7595159599997799700,2026-01-14 17:18:18,True
jamilatussadiyah,7592207434467265812,https://www.tiktok.com/@jamilatussadiyah/video/7592207434467265812,2026-01-06 18:22:23,True
jamilatussadiyah,7591889766669503764,https://www.tiktok.com/@jamilatussadiyah/video/7591889766669503764,2026-01-05 21:49:40,True
jamilatussadiyah,7591434282720152853,https://www.tiktok.com/@jamilatussadiyah/video/7591434282720152853,2026-01-04 16:22:10,True
jamilatussadiyah,7590389014545403156,https://www.tiktok.com/@jamilatussadiyah/video/7590389014545403156,2026-01-01 20:45:59,True
jamilatussadiyah,7589314337819430165,https://www.tiktok.com/@jamilatussadiyah/video/7589314337819430165,2025-12-29 23:15:42,False
roozzaak,7679714657971522836,https://www.tiktok.com/@roozzaak/video/7679714657971522836,2026-08-30 13:55:06,True
roozzaak,7679711683643739413,https://www.tiktok.com/@roozzaak/video/7679711683643739413,2026-08-30 13:43:34,True
roozzaak,7679709947545914644,https://www.tiktok.com/@roozzaak/video/7679709947545914644,2026-08-30 13:36:50,True
roozzaak,7679236688933145877,https://www.tiktok.com/@roozzaak/video/7679236688933145877,2026-08-29 07:00:21,True
roozzaak,7678513370823216405,https://www.tiktok.com/@roozzaak/video/7678513370823216405,2026-08-27 08:13:30,True
roozzaak,7677026290708303125,https://www.tiktok.com/@roozzaak/video/7677026290708303125,2026-08-23 08:02:52,True
roozzaak,7677021883363085589,https://www.tiktok.com/@roozzaak/video/7677021883363085589,2026-08-23 07:45:46,True
roozzaak,7676375501849677077,https://www.tiktok.com/@roozzaak/video/7676375501849677077,2026-08-21 13:57:29,True
roozzaak,7676058434210516245,https://www.tiktok.com/@roozzaak/video/7676058434210516245,2026-08-20 17:27:05,True
roozzaak,7675204200330038548,https://www.tiktok.com/@roozzaak/video/7675204200330038548,2026-08-18 10:12:14,True
roozzaak,7674840439702195476,https://www.tiktok.com/@roozzaak/video/7674840439702195476,2026-08-17 10:40:39,True
roozzaak,7674411896811867412,https://www.tiktok.com/@roozzaak/video/7674411896811867412,2026-08-16 06:57:41,True
roozzaak,7673837139045502228,https://www.tiktok.com/@roozzaak/video/7673837139045502228,2026-08-14 17:47:20,True
roozzaak,7671230071553772821,https://www.tiktok.com/@roozzaak/video/7671230071553772821,2026-08-07 17:10:35,True
roozzaak,7671224637031730453,https://www.tiktok.com/@roozzaak/video/7671224637031730453,2026-08-07 16:49:29,True
roozzaak,7671223025034857748,https://www.tiktok.com/@roozzaak/video/7671223025034857748,2026-08-07 16:43:14,True
roozzaak,7671221208704224532,https://www.tiktok.com/@roozzaak/video/7671221208704224532,2026-08-07 16:36:11,True
roozzaak,7671220521924594964,https://www.tiktok.com/@roozzaak/video/7671220521924594964,2026-08-07 16:33:31,True
roozzaak,7671218519186459924,https://www.tiktok.com/@roozzaak/video/7671218519186459924,2026-08-07 16:25:45,True
roozzaak,7669618210446134548,https://www.tiktok.com/@roozzaak/video/7669618210446134548,2026-08-03 08:55:44,True
roozzaak,7669616944848375060,https://www.tiktok.com/@roozzaak/video/7669616944848375060,2026-08-03 08:50:49,True
roozzaak,7669615700251512084,https://www.tiktok.com/@roozzaak/video/7669615700251512084,2026-08-03 08:46:00,True
roozzaak,7669608732212382996,https://www.tiktok.com/@roozzaak/video/7669608732212382996,2026-08-03 08:18:57,True
roozzaak,7669619973702077717,https://www.tiktok.com/@roozzaak/video/7669619973702077717,2026-08-03 09:02:35,True
roozzaak,7669614069011402004,https://www.tiktok.com/@roozzaak/video/7669614069011402004,2026-08-03 08:39:40,True
roozzaak,7669613436145339668,https://www.tiktok.com/@roozzaak/video/7669613436145339668,2026-08-03 08:37:12,True
roozzaak,7669607473694641428,https://www.tiktok.com/@roozzaak/video/7669607473694641428,2026-08-03 08:14:04,True
roozzaak,7667598457208573205,https://www.tiktok.com/@roozzaak/video/7667598457208573205,2026-07-28 22:18:04,True
roozzaak,7667014269673737493,https://www.tiktok.com/@roozzaak/video/7667014269673737493,2026-07-27 08:31:07,True
roozzaak,7667014460955184405,https://www.tiktok.com/@roozzaak/video/7667014460955184405,2026-07-27 08:31:51,True
roozzaak,7667011626612165908,https://www.tiktok.com/@roozzaak/video/7667011626612165908,2026-07-27 08:20:51,True
roozzaak,7667009222348934420,https://www.tiktok.com/@roozzaak/video/7667009222348934420,2026-07-27 08:11:32,True
roozzaak,7667006406935006485,https://www.tiktok.com/@roozzaak/video/7667006406935006485,2026-07-27 08:00:36,True
roozzaak,7664787447137570069,https://www.tiktok.com/@roozzaak/video/7664787447137570069,2026-07-21 08:29:54,True
roozzaak,7664778180502277397,https://www.tiktok.com/@roozzaak/video/7664778180502277397,2026-07-21 07:53:57,True
roozzaak,7664418836862602516,https://www.tiktok.com/@roozzaak/video/7664418836862602516,2026-07-20 08:39:31,True
roozzaak,7664421577529953556,https://www.tiktok.com/@roozzaak/video/7664421577529953556,2026-07-20 08:50:09,True
roozzaak,7664792156497775892,https://www.tiktok.com/@roozzaak/video/7664792156497775892,2026-07-21 08:48:11,True
roozzaak,7664784953623842068,https://www.tiktok.com/@roozzaak/video/7664784953623842068,2026-07-21 08:20:14,True
roozzaak,7664783195560267029,https://www.tiktok.com/@roozzaak/video/7664783195560267029,2026-07-21 08:13:24,True
roozzaak,7664412792694312213,https://www.tiktok.com/@roozzaak/video/7664412792694312213,2026-07-20 08:16:03,True
roozzaak,7663305614772292885,https://www.tiktok.com/@roozzaak/video/7663305614772292885,2026-07-17 08:39:38,True
roozzaak,7664416953557093652,https://www.tiktok.com/@roozzaak/video/7664416953557093652,2026-07-20 08:32:12,True
roozzaak,7664411366975098132,https://www.tiktok.com/@roozzaak/video/7664411366975098132,2026-07-20 08:10:31,True
roozzaak,7663421585709387029,https://www.tiktok.com/@roozzaak/video/7663421585709387029,2026-07-17 16:09:40,True
roozzaak,7663301890007944469,https://www.tiktok.com/@roozzaak/video/7663301890007944469,2026-07-17 08:25:11,True
roozzaak,7663307510069103892,https://www.tiktok.com/@roozzaak/video/7663307510069103892,2026-07-17 08:47:00,True
roozzaak,7663296995242577173,https://www.tiktok.com/@roozzaak/video/7663296995242577173,2026-07-17 08:06:11,True
roozzaak,7662191761942498580,https://www.tiktok.com/@roozzaak/video/7662191761942498580,2026-07-14 08:37:19,True
roozzaak,7662190471120276757,https://www.tiktok.com/@roozzaak/video/7662190471120276757,2026-07-14 08:32:19,True
roozzaak,7662188063027662101,https://www.tiktok.com/@roozzaak/video/7662188063027662101,2026-07-14 08:22:58,True
roozzaak,7660743833482693909,https://www.tiktok.com/@roozzaak/video/7660743833482693909,2026-07-10 10:58:37,True
roozzaak,7660742821086776597,https://www.tiktok.com/@roozzaak/video/7660742821086776597,2026-07-10 10:54:41,True
roozzaak,7660702401321651477,https://www.tiktok.com/@roozzaak/video/7660702401321651477,2026-07-10 08:17:50,True
roozzaak,7660740888280288533,https://www.tiktok.com/@roozzaak/video/7660740888280288533,2026-07-10 10:47:11,True
roozzaak,7660737704828701973,https://www.tiktok.com/@roozzaak/video/7660737704828701973,2026-07-10 10:34:50,True
roozzaak,7660733833532181780,https://www.tiktok.com/@roozzaak/video/7660733833532181780,2026-07-10 10:19:49,True
roozzaak,7660706897032400148,https://www.tiktok.com/@roozzaak/video/7660706897032400148,2026-07-10 08:35:17,True
roozzaak,7660699981212290324,https://www.tiktok.com/@roozzaak/video/7660699981212290324,2026-07-10 08:08:27,True
roozzaak,7660332953054039316,https://www.tiktok.com/@roozzaak/video/7660332953054039316,2026-07-09 08:24:12,True
roozzaak,7660315323773586709,https://www.tiktok.com/@roozzaak/video/7660315323773586709,2026-07-09 07:15:47,True
roozzaak,7659449235426807061,https://www.tiktok.com/@roozzaak/video/7659449235426807061,2026-07-06 23:14:55,True
roozzaak,7658447562000715028,https://www.tiktok.com/@roozzaak/video/7658447562000715028,2026-07-04 06:27:55,True
roozzaak,7658084679702088980,https://www.tiktok.com/@roozzaak/video/7658084679702088980,2026-07-03 06:59:45,True
roozzaak,7657490328336829716,https://www.tiktok.com/@roozzaak/video/7657490328336829716,2026-07-01 16:33:21,True
roozzaak,7656648603603062036,https://www.tiktok.com/@roozzaak/video/7656648603603062036,2026-06-29 10:07:02,True
roozzaak,7655974913731317013,https://www.tiktok.com/@roozzaak/video/7655974913731317013,2026-06-27 14:32:46,True
roozzaak,7655475252734004500,https://www.tiktok.com/@roozzaak/video/7655475252734004500,2026-06-26 06:13:50,True
roozzaak,7655178365640428820,https://www.tiktok.com/@roozzaak/video/7655178365640428820,2026-06-25 11:01:46,True
roozzaak,7654748247663086869,https://www.tiktok.com/@roozzaak/video/7654748247663086869,2026-06-24 07:12:41,True
roozzaak,7654110801141288213,https://www.tiktok.com/@roozzaak/video/7654110801141288213,2026-06-22 13:59:04,True
roozzaak,7654106049561103637,https://www.tiktok.com/@roozzaak/video/7654106049561103637,2026-06-22 13:40:38,True
roozzaak,7654101910433139989,https://www.tiktok.com/@roozzaak/video/7654101910433139989,2026-06-22 13:24:34,True
roozzaak,7654001633516424468,https://www.tiktok.com/@roozzaak/video/7654001633516424468,2026-06-22 06:55:26,True
roozzaak,7651413228324392212,https://www.tiktok.com/@roozzaak/video/7651413228324392212,2026-06-15 07:31:06,True
roozzaak,7651413070471793941,https://www.tiktok.com/@roozzaak/video/7651413070471793941,2026-06-15 07:30:30,True
roozzaak,7651412727847570709,https://www.tiktok.com/@roozzaak/video/7651412727847570709,2026-06-15 07:29:10,True
roozzaak,7652560956760788245,https://www.tiktok.com/@roozzaak/video/7652560956760788245,2026-06-18 09:44:53,True
roozzaak,7652546341649845524,https://www.tiktok.com/@roozzaak/video/7652546341649845524,2026-06-18 08:48:10,True
roozzaak,7651412520032308500,https://www.tiktok.com/@roozzaak/video/7651412520032308500,2026-06-15 07:28:21,True
roozzaak,7651412129211354388,https://www.tiktok.com/@roozzaak/video/7651412129211354388,2026-06-15 07:26:50,True
roozzaak,7651831654343838997,https://www.tiktok.com/@roozzaak/video/7651831654343838997,2026-06-16 10:34:49,True
roozzaak,7651818203475086613,https://www.tiktok.com/@roozzaak/video/7651818203475086613,2026-06-16 09:42:37,True
roozzaak,7651823611514326292,https://www.tiktok.com/@roozzaak/video/7651823611514326292,2026-06-16 10:03:36,True
roozzaak,7651828595115052309,https://www.tiktok.com/@roozzaak/video/7651828595115052309,2026-06-16 10:22:56,True
roozzaak,7651826923558997268,https://www.tiktok.com/@roozzaak/video/7651826923558997268,2026-06-16 10:16:27,True
roozzaak,7651411886168116500,https://www.tiktok.com/@roozzaak/video/7651411886168116500,2026-06-15 07:25:54,True
roozzaak,7646373954277461268,https://www.tiktok.com/@roozzaak/video/7646373954277461268,2026-06-01 17:36:09,True
roozzaak,7646353999859354900,https://www.tiktok.com/@roozzaak/video/7646353999859354900,2026-06-01 16:18:43,True
roozzaak,7650770358563392789,https://www.tiktok.com/@roozzaak/video/7650770358563392789,2026-06-13 13:56:27,True
roozzaak,7646345286457036053,https://www.tiktok.com/@roozzaak/video/7646345286457036053,2026-06-01 15:44:54,True
roozzaak,7646345172241878292,https://www.tiktok.com/@roozzaak/video/7646345172241878292,2026-06-01 15:44:28,True
roozzaak,7646345084333493524,https://www.tiktok.com/@roozzaak/video/7646345084333493524,2026-06-01 15:44:07,True
roozzaak,7646344846088637717,https://www.tiktok.com/@roozzaak/video/7646344846088637717,2026-06-01 15:43:12,True
roozzaak,7649501181131181333,https://www.tiktok.com/@roozzaak/video/7649501181131181333,2026-06-10 03:51:23,True
roozzaak,7644047190524054805,https://www.tiktok.com/@roozzaak/video/7644047190524054805,2026-05-26 11:07:07,True
roozzaak,7648967415778331925,https://www.tiktok.com/@roozzaak/video/7648967415778331925,2026-06-08 17:20:06,True
roozzaak,7648962942397926676,https://www.tiktok.com/@roozzaak/video/7648962942397926676,2026-06-08 17:02:45,True
roozzaak,7644047519202217236,https://www.tiktok.com/@roozzaak/video/7644047519202217236,2026-05-26 11:08:24,True
roozzaak,7644023234022608148,https://www.tiktok.com/@roozzaak/video/7644023234022608148,2026-05-26 09:34:09,True
roozzaak,7648118101661322516,https://www.tiktok.com/@roozzaak/video/7648118101661322516,2026-06-06 10:24:20,True
roozzaak,7648116350593862932,https://www.tiktok.com/@roozzaak/video/7648116350593862932,2026-06-06 10:17:32,True
roozzaak,7644023134814801172,https://www.tiktok.com/@roozzaak/video/7644023134814801172,2026-05-26 09:33:46,True
roozzaak,7647733162621029652,https://www.tiktok.com/@roozzaak/video/7647733162621029652,2026-06-05 09:30:34,True
roozzaak,7647726693704027413,https://www.tiktok.com/@roozzaak/video/7647726693704027413,2026-06-05 09:05:28,True
roozzaak,7647721479685164309,https://www.tiktok.com/@roozzaak/video/7647721479685164309,2026-06-05 08:45:14,True
roozzaak,7647719936177048853,https://www.tiktok.com/@roozzaak/video/7647719936177048853,2026-06-05 08:39:15,True
roozzaak,7644020262752636180,https://www.tiktok.com/@roozzaak/video/7644020262752636180,2026-05-26 09:22:37,True
roozzaak,7647177659734068500,https://www.tiktok.com/@roozzaak/video/7647177659734068500,2026-06-03 21:34:56,True
roozzaak,7638565842447355156,https://www.tiktok.com/@roozzaak/video/7638565842447355156,2026-05-11 16:36:41,True
roozzaak,7646344444991524116,https://www.tiktok.com/@roozzaak/video/7646344444991524116,2026-06-01 15:41:38,True
roozzaak,7638565804178410772,https://www.tiktok.com/@roozzaak/video/7638565804178410772,2026-05-11 16:36:32,True
roozzaak,7646337555868241173,https://www.tiktok.com/@roozzaak/video/7646337555868241173,2026-06-01 15:14:54,True
roozzaak,7646332639628070164,https://www.tiktok.com/@roozzaak/video/7646332639628070164,2026-06-01 14:55:50,True
roozzaak,7638558101263699220,https://www.tiktok.com/@roozzaak/video/7638558101263699220,2026-05-11 16:06:39,True
roozzaak,7646332149221707028,https://www.tiktok.com/@roozzaak/video/7646332149221707028,2026-06-01 14:53:55,True
roozzaak,7646335518380248340,https://www.tiktok.com/@roozzaak/video/7646335518380248340,2026-06-01 15:07:00,True
roozzaak,7645653659178568980,https://www.tiktok.com/@roozzaak/video/7645653659178568980,2026-05-30 19:01:02,True
roozzaak,7638565243353861397,https://www.tiktok.com/@roozzaak/video/7638565243353861397,2026-05-11 16:34:22,True
roozzaak,7646042327139585300,https://www.tiktok.com/@roozzaak/video/7646042327139585300,2026-05-31 20:09:16,True
roozzaak,7645878661031234836,https://www.tiktok.com/@roozzaak/video/7645878661031234836,2026-05-31 09:34:09,True
roozzaak,7646001473133890836,https://www.tiktok.com/@roozzaak/video/7646001473133890836,2026-05-31 17:30:44,True
roozzaak,7645956902890835220,https://www.tiktok.com/@roozzaak/video/7645956902890835220,2026-05-31 14:37:47,True
roozzaak,7645959488633146645,https://www.tiktok.com/@roozzaak/video/7645959488633146645,2026-05-31 14:47:49,True
roozzaak,7645652319861886229,https://www.tiktok.com/@roozzaak/video/7645652319861886229,2026-05-30 18:55:50,True
roozzaak,7638557146031951125,https://www.tiktok.com/@roozzaak/video/7638557146031951125,2026-05-11 16:02:56,True
roozzaak,7645620908195040532,https://www.tiktok.com/@roozzaak/video/7645620908195040532,2026-05-30 16:53:57,True
roozzaak,7645529884898479381,https://www.tiktok.com/@roozzaak/video/7645529884898479381,2026-05-30 11:00:44,True
roozzaak,7645475388944026900,https://www.tiktok.com/@roozzaak/video/7645475388944026900,2026-05-30 07:29:15,True
roozzaak,7638556629360807188,https://www.tiktok.com/@roozzaak/video/7638556629360807188,2026-05-11 16:00:56,True
roozzaak,7645162357441694996,https://www.tiktok.com/@roozzaak/video/7645162357441694996,2026-05-29 11:14:32,True
roozzaak,7638556185163091221,https://www.tiktok.com/@roozzaak/video/7638556185163091221,2026-05-11 15:59:13,True
roozzaak,7638555756886773013,https://www.tiktok.com/@roozzaak/video/7638555756886773013,2026-05-11 15:57:33,True
roozzaak,7644478082585267476,https://www.tiktok.com/@roozzaak/video/7644478082585267476,2026-05-27 14:59:12,True
roozzaak,7638555208905182484,https://www.tiktok.com/@roozzaak/video/7638555208905182484,2026-05-11 15:55:25,True
roozzaak,7644019651441151253,https://www.tiktok.com/@roozzaak/video/7644019651441151253,2026-05-26 09:20:15,True
roozzaak,7644017589512834324,https://www.tiktok.com/@roozzaak/video/7644017589512834324,2026-05-26 09:12:15,True
roozzaak,7644016215249194261,https://www.tiktok.com/@roozzaak/video/7644016215249194261,2026-05-26 09:06:55,True
roozzaak,7644013357430852884,https://www.tiktok.com/@roozzaak/video/7644013357430852884,2026-05-26 08:55:50,True
roozzaak,7644011377836756245,https://www.tiktok.com/@roozzaak/video/7644011377836756245,2026-05-26 08:48:09,True
roozzaak,7638554704858893588,https://www.tiktok.com/@roozzaak/video/7638554704858893588,2026-05-11 15:53:28,True
roozzaak,7638554257280470293,https://www.tiktok.com/@roozzaak/video/7638554257280470293,2026-05-11 15:51:44,True
roozzaak,7643351068025408788,https://www.tiktok.com/@roozzaak/video/7643351068025408788,2026-05-24 14:05:48,True
roozzaak,7643349940088868117,https://www.tiktok.com/@roozzaak/video/7643349940088868117,2026-05-24 14:01:26,True
roozzaak,7643347802092883220,https://www.tiktok.com/@roozzaak/video/7643347802092883220,2026-05-24 13:53:08,True
roozzaak,7638553897694547221,https://www.tiktok.com/@roozzaak/video/7638553897694547221,2026-05-11 15:50:20,True
roozzaak,7642875978846424341,https://www.tiktok.com/@roozzaak/video/7642875978846424341,2026-05-23 07:22:13,True
roozzaak,7634944442360778005,https://www.tiktok.com/@roozzaak/video/7634944442360778005,2026-05-01 22:23:48,True
roozzaak,7634389810832035092,https://www.tiktok.com/@roozzaak/video/7634389810832035092,2026-04-30 10:31:33,True
roozzaak,7642281992431734037,https://www.tiktok.com/@roozzaak/video/7642281992431734037,2026-05-21 16:57:15,True
roozzaak,7634389540404317461,https://www.tiktok.com/@roozzaak/video/7634389540404317461,2026-04-30 10:30:30,True
roozzaak,7633377775029636372,https://www.tiktok.com/@roozzaak/video/7633377775029636372,2026-04-27 17:04:20,True
roozzaak,7641172941761350933,https://www.tiktok.com/@roozzaak/video/7641172941761350933,2026-05-18 17:13:34,True
roozzaak,7633236254477339924,https://www.tiktok.com/@roozzaak/video/7633236254477339924,2026-04-27 07:55:10,True
roozzaak,7641171110469307669,https://www.tiktok.com/@roozzaak/video/7641171110469307669,2026-05-18 17:06:27,True
roozzaak,7641034635115236628,https://www.tiktok.com/@roozzaak/video/7641034635115236628,2026-05-18 08:16:52,True
roozzaak,7633232410758417685,https://www.tiktok.com/@roozzaak/video/7633232410758417685,2026-04-27 07:40:15,True
roozzaak,7633232053168885012,https://www.tiktok.com/@roozzaak/video/7633232053168885012,2026-04-27 07:38:52,True
roozzaak,7633231686901468437,https://www.tiktok.com/@roozzaak/video/7633231686901468437,2026-04-27 07:37:26,True
roozzaak,7639938297225170197,https://www.tiktok.com/@roozzaak/video/7639938297225170197,2026-05-15 09:22:31,True
roozzaak,7633230930294983957,https://www.tiktok.com/@roozzaak/video/7633230930294983957,2026-04-27 07:34:30,True
roozzaak,7639537677875924245,https://www.tiktok.com/@roozzaak/video/7639537677875924245,2026-05-14 07:27:54,True
roozzaak,7639543346829987093,https://www.tiktok.com/@roozzaak/video/7639543346829987093,2026-05-14 07:49:54,True
roozzaak,7633230712484760852,https://www.tiktok.com/@roozzaak/video/7633230712484760852,2026-04-27 07:33:39,True
roozzaak,7639270894447201557,https://www.tiktok.com/@roozzaak/video/7639270894447201557,2026-05-13 14:12:39,True
roozzaak,7633230151785925909,https://www.tiktok.com/@roozzaak/video/7633230151785925909,2026-04-27 07:31:29,True
roozzaak,7638565644526538005,https://www.tiktok.com/@roozzaak/video/7638565644526538005,2026-05-11 16:35:55,True
roozzaak,7633229775791836436,https://www.tiktok.com/@roozzaak/video/7633229775791836436,2026-04-27 07:30:01,True
roozzaak,7638490280135642388,https://www.tiktok.com/@roozzaak/video/7638490280135642388,2026-05-11 11:43:28,True
roozzaak,7638488265233812756,https://www.tiktok.com/@roozzaak/video/7638488265233812756,2026-05-11 11:35:39,True
roozzaak,7638485393993633044,https://www.tiktok.com/@roozzaak/video/7638485393993633044,2026-05-11 11:24:30,True
roozzaak,7638477130094988565,https://www.tiktok.com/@roozzaak/video/7638477130094988565,2026-05-11 10:52:26,True
roozzaak,7638457333923810580,https://www.tiktok.com/@roozzaak/video/7638457333923810580,2026-05-11 09:35:37,True
roozzaak,7638475885213158677,https://www.tiktok.com/@roozzaak/video/7638475885213158677,2026-05-11 10:47:36,True
roozzaak,7638094574493256981,https://www.tiktok.com/@roozzaak/video/7638094574493256981,2026-05-10 10:07:56,True
roozzaak,7633228901086530837,https://www.tiktok.com/@roozzaak/video/7633228901086530837,2026-04-27 07:26:38,True
roozzaak,7637707685428776213,https://www.tiktok.com/@roozzaak/video/7637707685428776213,2026-05-09 09:06:36,True
roozzaak,7637701946295487765,https://www.tiktok.com/@roozzaak/video/7637701946295487765,2026-05-09 08:44:20,True
roozzaak,7637700599881944340,https://www.tiktok.com/@roozzaak/video/7637700599881944340,2026-05-09 08:39:06,True
roozzaak,7637742248578370836,https://www.tiktok.com/@roozzaak/video/7637742248578370836,2026-05-09 11:20:43,True
roozzaak,7637699285785611540,https://www.tiktok.com/@roozzaak/video/7637699285785611540,2026-05-09 08:34:00,True
roozzaak,7633228539235470612,https://www.tiktok.com/@roozzaak/video/7633228539235470612,2026-04-27 07:25:13,True
roozzaak,7637412115157929237,https://www.tiktok.com/@roozzaak/video/7637412115157929237,2026-05-08 13:59:38,True
roozzaak,7637318764849024276,https://www.tiktok.com/@roozzaak/video/7637318764849024276,2026-05-08 07:57:23,True
roozzaak,7637326531823471892,https://www.tiktok.com/@roozzaak/video/7637326531823471892,2026-05-08 08:27:32,True
roozzaak,7637328883246845204,https://www.tiktok.com/@roozzaak/video/7637328883246845204,2026-05-08 08:36:39,True
roozzaak,7637322503504825621,https://www.tiktok.com/@roozzaak/video/7637322503504825621,2026-05-08 08:11:54,True
roozzaak,7637320970574794005,https://www.tiktok.com/@roozzaak/video/7637320970574794005,2026-05-08 08:05:57,True
roozzaak,7633228358482005269,https://www.tiktok.com/@roozzaak/video/7633228358482005269,2026-04-27 07:24:31,True
roozzaak,7629909328757083412,https://www.tiktok.com/@roozzaak/video/7629909328757083412,2026-04-18 08:45:00,True
roozzaak,7636561220681682196,https://www.tiktok.com/@roozzaak/video/7636561220681682196,2026-05-06 06:57:44,True
roozzaak,7636558617923128596,https://www.tiktok.com/@roozzaak/video/7636558617923128596,2026-05-06 06:47:38,True
roozzaak,7629909233101737236,https://www.tiktok.com/@roozzaak/video/7629909233101737236,2026-04-18 08:44:37,True
roozzaak,7629909111278439701,https://www.tiktok.com/@roozzaak/video/7629909111278439701,2026-04-18 08:44:09,True
roozzaak,7629908995477703957,https://www.tiktok.com/@roozzaak/video/7629908995477703957,2026-04-18 08:43:42,True
roozzaak,7625852069760617749,https://www.tiktok.com/@roozzaak/video/7625852069760617749,2026-04-07 10:20:45,True
roozzaak,7635126549364296980,https://www.tiktok.com/@roozzaak/video/7635126549364296980,2026-05-02 10:10:28,True
roozzaak,7635125575585254676,https://www.tiktok.com/@roozzaak/video/7635125575585254676,2026-05-02 10:06:42,True
roozzaak,7635124272184282388,https://www.tiktok.com/@roozzaak/video/7635124272184282388,2026-05-02 10:01:38,True
roozzaak,7625586558766451988,https://www.tiktok.com/@roozzaak/video/7625586558766451988,2026-04-06 17:10:26,True
roozzaak,7634816847363411220,https://www.tiktok.com/@roozzaak/video/7634816847363411220,2026-05-01 14:08:40,True
roozzaak,7634816868175351061,https://www.tiktok.com/@roozzaak/video/7634816868175351061,2026-05-01 14:08:45,True
roozzaak,7634813398961769748,https://www.tiktok.com/@roozzaak/video/7634813398961769748,2026-05-01 13:55:17,True
roozzaak,7634810987584965908,https://www.tiktok.com/@roozzaak/video/7634810987584965908,2026-05-01 13:45:56,True
roozzaak,7625585341549858069,https://www.tiktok.com/@roozzaak/video/7625585341549858069,2026-04-06 17:05:43,True
roozzaak,7634444595912396053,https://www.tiktok.com/@roozzaak/video/7634444595912396053,2026-04-30 14:04:09,True
roozzaak,7634441950745070868,https://www.tiktok.com/@roozzaak/video/7634441950745070868,2026-04-30 13:53:53,True
roozzaak,7634439635183127828,https://www.tiktok.com/@roozzaak/video/7634439635183127828,2026-04-30 13:44:54,True
roozzaak,7634438583671098645,https://www.tiktok.com/@roozzaak/video/7634438583671098645,2026-04-30 13:40:49,True
roozzaak,7634373036182916373,https://www.tiktok.com/@roozzaak/video/7634373036182916373,2026-04-30 09:26:27,True
roozzaak,7634360371234508052,https://www.tiktok.com/@roozzaak/video/7634360371234508052,2026-04-30 08:37:19,True
roozzaak,7634358819610496277,https://www.tiktok.com/@roozzaak/video/7634358819610496277,2026-04-30 08:31:17,True
roozzaak,7634356900859022612,https://www.tiktok.com/@roozzaak/video/7634356900859022612,2026-04-30 08:23:51,True
roozzaak,7624869152888605972,https://www.tiktok.com/@roozzaak/video/7624869152888605972,2026-04-04 18:46:32,True
roozzaak,7634093326462913812,https://www.tiktok.com/@roozzaak/video/7634093326462913812,2026-04-29 15:21:02,True
roozzaak,7633960023206432021,https://www.tiktok.com/@roozzaak/video/7633960023206432021,2026-04-29 06:43:45,True
roozzaak,7633960014792625429,https://www.tiktok.com/@roozzaak/video/7633960014792625429,2026-04-29 06:43:43,True
roozzaak,7624868500020022548,https://www.tiktok.com/@roozzaak/video/7624868500020022548,2026-04-04 18:44:00,True
roozzaak,7624868038810160405,https://www.tiktok.com/@roozzaak/video/7624868038810160405,2026-04-04 18:42:13,True
roozzaak,7633287336272448788,https://www.tiktok.com/@roozzaak/video/7633287336272448788,2026-04-27 11:13:23,True
roozzaak,7632885569147784469,https://www.tiktok.com/@roozzaak/video/7632885569147784469,2026-04-26 09:14:20,True
roozzaak,7624867120706358549,https://www.tiktok.com/@roozzaak/video/7624867120706358549,2026-04-04 18:38:39,True
roozzaak,7632913535756012821,https://www.tiktok.com/@roozzaak/video/7632913535756012821,2026-04-26 11:02:51,True
roozzaak,7632920798059171093,https://www.tiktok.com/@roozzaak/video/7632920798059171093,2026-04-26 11:31:02,True
roozzaak,7632919370817228052,https://www.tiktok.com/@roozzaak/video/7632919370817228052,2026-04-26 11:25:30,True
roozzaak,7632886057226210581,https://www.tiktok.com/@roozzaak/video/7632886057226210581,2026-04-26 09:16:13,True
roozzaak,7632917492641385749,https://www.tiktok.com/@roozzaak/video/7632917492641385749,2026-04-26 11:18:12,True
roozzaak,7624866498976304405,https://www.tiktok.com/@roozzaak/video/7624866498976304405,2026-04-04 18:36:14,True
roozzaak,7632229817697570069,https://www.tiktok.com/@roozzaak/video/7632229817697570069,2026-04-24 14:49:40,True
roozzaak,7624824844093246740,https://www.tiktok.com/@roozzaak/video/7624824844093246740,2026-04-04 15:54:36,True
roozzaak,7632127068569898260,https://www.tiktok.com/@roozzaak/video/7632127068569898260,2026-04-24 08:10:57,True
roozzaak,7632139379472911637,https://www.tiktok.com/@roozzaak/video/7632139379472911637,2026-04-24 08:58:44,True
roozzaak,7632137866700705045,https://www.tiktok.com/@roozzaak/video/7632137866700705045,2026-04-24 08:52:51,True
roozzaak,7632132135834357013,https://www.tiktok.com/@roozzaak/video/7632132135834357013,2026-04-24 08:30:37,True
roozzaak,7632130576916516116,https://www.tiktok.com/@roozzaak/video/7632130576916516116,2026-04-24 08:24:34,True
roozzaak,7632120113466199316,https://www.tiktok.com/@roozzaak/video/7632120113466199316,2026-04-24 07:43:58,True
roozzaak,7624824419856305429,https://www.tiktok.com/@roozzaak/video/7624824419856305429,2026-04-04 15:52:57,True
roozzaak,7624825050855935252,https://www.tiktok.com/@roozzaak/video/7624825050855935252,2026-04-04 15:55:24,True
roozzaak,7631462856017317141,https://www.tiktok.com/@roozzaak/video/7631462856017317141,2026-04-22 13:13:28,True
roozzaak,7624004261084433684,https://www.tiktok.com/@roozzaak/video/7624004261084433684,2026-04-02 10:50:19,True
roozzaak,7624004037897227540,https://www.tiktok.com/@roozzaak/video/7624004037897227540,2026-04-02 10:49:27,True
roozzaak,7624003318771207445,https://www.tiktok.com/@roozzaak/video/7624003318771207445,2026-04-02 10:46:39,True
roozzaak,7630434683054066965,https://www.tiktok.com/@roozzaak/video/7630434683054066965,2026-04-19 18:43:38,True
roozzaak,7624002769984228628,https://www.tiktok.com/@roozzaak/video/7624002769984228628,2026-04-02 10:44:32,True
roozzaak,7629898571822927125,https://www.tiktok.com/@roozzaak/video/7629898571822927125,2026-04-18 08:03:15,True
roozzaak,7629896729902484757,https://www.tiktok.com/@roozzaak/video/7629896729902484757,2026-04-18 07:56:06,True
roozzaak,7629894998724578581,https://www.tiktok.com/@roozzaak/video/7629894998724578581,2026-04-18 07:49:23,True
roozzaak,7624002377175026965,https://www.tiktok.com/@roozzaak/video/7624002377175026965,2026-04-02 10:43:00,True
roozzaak,7629544509533162772,https://www.tiktok.com/@roozzaak/video/7629544509533162772,2026-04-17 09:09:18,True
roozzaak,7629539949867552021,https://www.tiktok.com/@roozzaak/video/7629539949867552021,2026-04-17 08:51:37,True
roozzaak,7629537860223372565,https://www.tiktok.com/@roozzaak/video/7629537860223372565,2026-04-17 08:43:30,True
roozzaak,7629532795748257045,https://www.tiktok.com/@roozzaak/video/7629532795748257045,2026-04-17 08:23:51,True
roozzaak,7629531221806091540,https://www.tiktok.com/@roozzaak/video/7629531221806091540,2026-04-17 08:17:45,True
roozzaak,7624001962563898644,https://www.tiktok.com/@roozzaak/video/7624001962563898644,2026-04-02 10:41:24,True
roozzaak,7623958731511827732,https://www.tiktok.com/@roozzaak/video/7623958731511827732,2026-04-02 07:53:38,True
roozzaak,7623958595318648084,https://www.tiktok.com/@roozzaak/video/7623958595318648084,2026-04-02 07:53:06,True
roozzaak,7628123696330312981,https://www.tiktok.com/@roozzaak/video/7628123696330312981,2026-04-13 13:15:50,True
roozzaak,7623199566325714197,https://www.tiktok.com/@roozzaak/video/7623199566325714197,2026-03-31 06:47:41,True
roozzaak,7628216449831570708,https://www.tiktok.com/@roozzaak/video/7628216449831570708,2026-04-13 19:15:45,True
roozzaak,7628019671672868116,https://www.tiktok.com/@roozzaak/video/7628019671672868116,2026-04-13 06:32:09,True
roozzaak,7628018929553706260,https://www.tiktok.com/@roozzaak/video/7628018929553706260,2026-04-13 06:29:17,True
roozzaak,7628119106155334932,https://www.tiktok.com/@roozzaak/video/7628119106155334932,2026-04-13 12:58:01,True
roozzaak,7628015753958083861,https://www.tiktok.com/@roozzaak/video/7628015753958083861,2026-04-13 06:16:57,True
roozzaak,7628014586666568981,https://www.tiktok.com/@roozzaak/video/7628014586666568981,2026-04-13 06:12:26,True
roozzaak,7622992484221717780,https://www.tiktok.com/@roozzaak/video/7622992484221717780,2026-03-30 17:24:06,True
roozzaak,7627662698821455125,https://www.tiktok.com/@roozzaak/video/7627662698821455125,2026-04-12 07:26:55,True
roozzaak,7627658474989587732,https://www.tiktok.com/@roozzaak/video/7627658474989587732,2026-04-12 07:10:32,True
roozzaak,7627658487388032276,https://www.tiktok.com/@roozzaak/video/7627658487388032276,2026-04-12 07:10:35,True
roozzaak,7622688980693208340,https://www.tiktok.com/@roozzaak/video/7622688980693208340,2026-03-29 21:46:21,True
roozzaak,7627394340461071637,https://www.tiktok.com/@roozzaak/video/7627394340461071637,2026-04-11 14:05:33,True
roozzaak,7627393332267765013,https://www.tiktok.com/@roozzaak/video/7627393332267765013,2026-04-11 14:01:38,True
roozzaak,7627392169216609557,https://www.tiktok.com/@roozzaak/video/7627392169216609557,2026-04-11 13:57:08,True
roozzaak,7622688034529578261,https://www.tiktok.com/@roozzaak/video/7622688034529578261,2026-03-29 21:42:41,True
roozzaak,7625851834401377557,https://www.tiktok.com/@roozzaak/video/7625851834401377557,2026-04-07 10:19:51,True
roozzaak,7626904997007035669,https://www.tiktok.com/@roozzaak/video/7626904997007035669,2026-04-10 06:26:39,True
roozzaak,7622585721227873556,https://www.tiktok.com/@roozzaak/video/7622585721227873556,2026-03-29 15:05:39,True
roozzaak,7625851277825690901,https://www.tiktok.com/@roozzaak/video/7625851277825690901,2026-04-07 10:17:41,True
roozzaak,7622504134398364948,https://www.tiktok.com/@roozzaak/video/7622504134398364948,2026-03-29 09:49:03,True
roozzaak,7619963579432815892,https://www.tiktok.com/@roozzaak/video/7619963579432815892,2026-03-22 13:30:24,True
roozzaak,7625830887032229140,https://www.tiktok.com/@roozzaak/video/7625830887032229140,2026-04-07 08:58:33,True
roozzaak,7625826753960873237,https://www.tiktok.com/@roozzaak/video/7625826753960873237,2026-04-07 08:42:31,True
roozzaak,7625825762880359701,https://www.tiktok.com/@roozzaak/video/7625825762880359701,2026-04-07 08:38:40,True
roozzaak,7625825712787770645,https://www.tiktok.com/@roozzaak/video/7625825712787770645,2026-04-07 08:38:29,True
roozzaak,7625822821498883349,https://www.tiktok.com/@roozzaak/video/7625822821498883349,2026-04-07 08:27:15,True
roozzaak,7625820994397113620,https://www.tiktok.com/@roozzaak/video/7625820994397113620,2026-04-07 08:20:10,True
roozzaak,7619503752206241045,https://www.tiktok.com/@roozzaak/video/7619503752206241045,2026-03-21 07:46:02,True
roozzaak,7625579924438469909,https://www.tiktok.com/@roozzaak/video/7625579924438469909,2026-04-06 16:44:42,True
roozzaak,7625578156799413525,https://www.tiktok.com/@roozzaak/video/7625578156799413525,2026-04-06 16:37:50,True
roozzaak,7619503480880762133,https://www.tiktok.com/@roozzaak/video/7619503480880762133,2026-03-21 07:44:59,True
roozzaak,7619175347640159508,https://www.tiktok.com/@roozzaak/video/7619175347640159508,2026-03-20 10:31:40,True
roozzaak,7624823738470534420,https://www.tiktok.com/@roozzaak/video/7624823738470534420,2026-04-04 15:50:18,True
roozzaak,7624366969227152661,https://www.tiktok.com/@roozzaak/video/7624366969227152661,2026-04-03 10:17:48,True
roozzaak,7624746698136358165,https://www.tiktok.com/@roozzaak/video/7624746698136358165,2026-04-04 10:51:21,True
roozzaak,7619172713185152276,https://www.tiktok.com/@roozzaak/video/7619172713185152276,2026-03-20 10:21:26,True
roozzaak,7623965437335801109,https://www.tiktok.com/@roozzaak/video/7623965437335801109,2026-04-02 08:19:39,True
roozzaak,7624335203909127444,https://www.tiktok.com/@roozzaak/video/7624335203909127444,2026-04-03 08:14:32,True
roozzaak,7618856461086526740,https://www.tiktok.com/@roozzaak/video/7618856461086526740,2026-03-19 13:54:13,True
roozzaak,7623200171068869909,https://www.tiktok.com/@roozzaak/video/7623200171068869909,2026-03-31 06:50:02,True
roozzaak,7623968487706266901,https://www.tiktok.com/@roozzaak/video/7623968487706266901,2026-04-02 08:31:30,True
roozzaak,7623967145273068821,https://www.tiktok.com/@roozzaak/video/7623967145273068821,2026-04-02 08:26:17,True
roozzaak,7618043704061824276,https://www.tiktok.com/@roozzaak/video/7618043704061824276,2026-03-17 09:20:19,True
roozzaak,7623681141500841237,https://www.tiktok.com/@roozzaak/video/7623681141500841237,2026-04-01 13:56:27,True
roozzaak,7622987281292479765,https://www.tiktok.com/@roozzaak/video/7622987281292479765,2026-03-30 17:03:55,True
roozzaak,7617705689795923221,https://www.tiktok.com/@roozzaak/video/7617705689795923221,2026-03-16 11:28:38,True
roozzaak,7622985677805751572,https://www.tiktok.com/@roozzaak/video/7622985677805751572,2026-03-30 16:57:41,True
roozzaak,7622981939158453525,https://www.tiktok.com/@roozzaak/video/7622981939158453525,2026-03-30 16:43:11,True
roozzaak,7617705274257771796,https://www.tiktok.com/@roozzaak/video/7617705274257771796,2026-03-16 11:27:02,True
roozzaak,7622980503465004309,https://www.tiktok.com/@roozzaak/video/7622980503465004309,2026-03-30 16:37:37,True
roozzaak,7617678529957825812,https://www.tiktok.com/@roozzaak/video/7617678529957825812,2026-03-16 09:43:15,True
roozzaak,7622457352448429333,https://www.tiktok.com/@roozzaak/video/7622457352448429333,2026-03-29 06:47:31,True
roozzaak,7622459966162685205,https://www.tiktok.com/@roozzaak/video/7622459966162685205,2026-03-29 06:57:40,True
roozzaak,7622257363377982741,https://www.tiktok.com/@roozzaak/video/7622257363377982741,2026-03-28 17:51:28,True
roozzaak,7617678459204128020,https://www.tiktok.com/@roozzaak/video/7617678459204128020,2026-03-16 09:42:58,True
roozzaak,7622255202141228309,https://www.tiktok.com/@roozzaak/video/7622255202141228309,2026-03-28 17:43:04,True
roozzaak,7622251444946750741,https://www.tiktok.com/@roozzaak/video/7622251444946750741,2026-03-28 17:28:30,True
roozzaak,7622250017637698837,https://www.tiktok.com/@roozzaak/video/7622250017637698837,2026-03-28 17:22:57,True
roozzaak,7622248593788849429,https://www.tiktok.com/@roozzaak/video/7622248593788849429,2026-03-28 17:17:26,True
roozzaak,7622248446048652565,https://www.tiktok.com/@roozzaak/video/7622248446048652565,2026-03-28 17:16:51,True
roozzaak,7617311021363088660,https://www.tiktok.com/@roozzaak/video/7617311021363088660,2026-03-15 09:57:08,True
roozzaak,7611123916030971157,https://www.tiktok.com/@roozzaak/video/7611123916030971157,2026-02-26 17:48:00,True
roozzaak,7611122938531679508,https://www.tiktok.com/@roozzaak/video/7611122938531679508,2026-02-26 17:44:12,True
roozzaak,7610384105049509141,https://www.tiktok.com/@roozzaak/video/7610384105049509141,2026-02-24 17:57:09,True
roozzaak,7610383750240750869,https://www.tiktok.com/@roozzaak/video/7610383750240750869,2026-02-24 17:55:47,True
roozzaak,7610383573094305045,https://www.tiktok.com/@roozzaak/video/7610383573094305045,2026-02-24 17:55:05,True
roozzaak,7610383226728877332,https://www.tiktok.com/@roozzaak/video/7610383226728877332,2026-02-24 17:53:45,True
roozzaak,7619969922751352085,https://www.tiktok.com/@roozzaak/video/7619969922751352085,2026-03-22 13:55:01,True
roozzaak,7619971251695586580,https://www.tiktok.com/@roozzaak/video/7619971251695586580,2026-03-22 14:00:11,True
roozzaak,7619966180605906196,https://www.tiktok.com/@roozzaak/video/7619966180605906196,2026-03-22 13:40:30,True
roozzaak,7610382872532274453,https://www.tiktok.com/@roozzaak/video/7610382872532274453,2026-02-24 17:52:22,True
roozzaak,7608859263116512532,https://www.tiktok.com/@roozzaak/video/7608859263116512532,2026-02-20 15:19:59,True
roozzaak,7619184320388926740,https://www.tiktok.com/@roozzaak/video/7619184320388926740,2026-03-20 11:06:29,True
roozzaak,7619183555939290389,https://www.tiktok.com/@roozzaak/video/7619183555939290389,2026-03-20 11:03:31,True
roozzaak,7619179865220091156,https://www.tiktok.com/@roozzaak/video/7619179865220091156,2026-03-20 10:49:12,True
roozzaak,7619178574582533397,https://www.tiktok.com/@roozzaak/video/7619178574582533397,2026-03-20 10:44:11,True
roozzaak,7619176500042009877,https://www.tiktok.com/@roozzaak/video/7619176500042009877,2026-03-20 10:36:08,True
roozzaak,7619173793809845525,https://www.tiktok.com/@roozzaak/video/7619173793809845525,2026-03-20 10:25:38,True
roozzaak,7619120564237602068,https://www.tiktok.com/@roozzaak/video/7619120564237602068,2026-03-20 06:59:05,True
roozzaak,7619117451308977429,https://www.tiktok.com/@roozzaak/video/7619117451308977429,2026-03-20 06:47:00,True
roozzaak,7619113864956857621,https://www.tiktok.com/@roozzaak/video/7619113864956857621,2026-03-20 06:33:05,True
roozzaak,7608193847545449749,https://www.tiktok.com/@roozzaak/video/7608193847545449749,2026-02-18 20:17:50,True
roozzaak,7618755163871907093,https://www.tiktok.com/@roozzaak/video/7618755163871907093,2026-03-19 07:21:08,True
roozzaak,7618753227181378837,https://www.tiktok.com/@roozzaak/video/7618753227181378837,2026-03-19 07:13:37,True
roozzaak,7618750211602533652,https://www.tiktok.com/@roozzaak/video/7618750211602533652,2026-03-19 07:01:55,True
roozzaak,7618749614836944149,https://www.tiktok.com/@roozzaak/video/7618749614836944149,2026-03-19 06:59:36,True
roozzaak,7618748384563727636,https://www.tiktok.com/@roozzaak/video/7618748384563727636,2026-03-19 06:54:50,True
roozzaak,7608193630997744916,https://www.tiktok.com/@roozzaak/video/7608193630997744916,2026-02-18 20:17:00,True
roozzaak,7608192863318412564,https://www.tiktok.com/@roozzaak/video/7608192863318412564,2026-02-18 20:14:01,True
roozzaak,7618043708151221525,https://www.tiktok.com/@roozzaak/video/7618043708151221525,2026-03-17 09:20:19,True
roozzaak,7618043599871134997,https://www.tiktok.com/@roozzaak/video/7618043599871134997,2026-03-17 09:19:54,True
roozzaak,7618043620758703381,https://www.tiktok.com/@roozzaak/video/7618043620758703381,2026-03-17 09:19:59,True
roozzaak,7618019433612627220,https://www.tiktok.com/@roozzaak/video/7618019433612627220,2026-03-17 07:46:08,True
roozzaak,7608191893377273108,https://www.tiktok.com/@roozzaak/video/7608191893377273108,2026-02-18 20:10:15,True
roozzaak,7617700048901508372,https://www.tiktok.com/@roozzaak/video/7617700048901508372,2026-03-16 11:06:45,True
roozzaak,7617678194619223316,https://www.tiktok.com/@roozzaak/video/7617678194619223316,2026-03-16 09:41:57,True
roozzaak,7617677204171787540,https://www.tiktok.com/@roozzaak/video/7617677204171787540,2026-03-16 09:38:06,True
roozzaak,7608191965460499733,https://www.tiktok.com/@roozzaak/video/7608191965460499733,2026-02-18 20:10:32,True
roozzaak,7617307053068995860,https://www.tiktok.com/@roozzaak/video/7617307053068995860,2026-03-15 09:41:44,True
roozzaak,7617305669217193236,https://www.tiktok.com/@roozzaak/video/7617305669217193236,2026-03-15 09:36:21,True
roozzaak,7617294338904788244,https://www.tiktok.com/@roozzaak/video/7617294338904788244,2026-03-15 08:52:23,True
roozzaak,7617289696858770709,https://www.tiktok.com/@roozzaak/video/7617289696858770709,2026-03-15 08:34:23,True
roozzaak,7608188238053788948,https://www.tiktok.com/@roozzaak/video/7608188238053788948,2026-02-18 19:56:04,True
roozzaak,7608179055560494357,https://www.tiktok.com/@roozzaak/video/7608179055560494357,2026-02-18 19:20:26,True
roozzaak,7616194439706381589,https://www.tiktok.com/@roozzaak/video/7616194439706381589,2026-03-12 09:44:13,True
roozzaak,7616184783646821652,https://www.tiktok.com/@roozzaak/video/7616184783646821652,2026-03-12 09:06:45,True
roozzaak,7616182010670877972,https://www.tiktok.com/@roozzaak/video/7616182010670877972,2026-03-12 08:55:59,True
roozzaak,7616180045693865237,https://www.tiktok.com/@roozzaak/video/7616180045693865237,2026-03-12 08:48:22,True
roozzaak,7616179026108943636,https://www.tiktok.com/@roozzaak/video/7616179026108943636,2026-03-12 08:44:24,True
roozzaak,7616177546677275925,https://www.tiktok.com/@roozzaak/video/7616177546677275925,2026-03-12 08:38:40,True
roozzaak,7608178086336630036,https://www.tiktok.com/@roozzaak/video/7608178086336630036,2026-02-18 19:16:40,True
roozzaak,7608178202330107157,https://www.tiktok.com/@roozzaak/video/7608178202330107157,2026-02-18 19:17:07,True
roozzaak,7615509483376168212,https://www.tiktok.com/@roozzaak/video/7615509483376168212,2026-03-10 13:26:14,True
roozzaak,7615507792975219988,https://www.tiktok.com/@roozzaak/video/7615507792975219988,2026-03-10 13:19:41,True
roozzaak,7615504600119905556,https://www.tiktok.com/@roozzaak/video/7615504600119905556,2026-03-10 13:07:17,True
roozzaak,7615503086567656725,https://www.tiktok.com/@roozzaak/video/7615503086567656725,2026-03-10 13:01:25,True
roozzaak,7615501082755747092,https://www.tiktok.com/@roozzaak/video/7615501082755747092,2026-03-10 12:53:38,True
roozzaak,7615498855177604373,https://www.tiktok.com/@roozzaak/video/7615498855177604373,2026-03-10 12:45:00,True
roozzaak,7615497117267774741,https://www.tiktok.com/@roozzaak/video/7615497117267774741,2026-03-10 12:38:15,True
roozzaak,7615495880208059668,https://www.tiktok.com/@roozzaak/video/7615495880208059668,2026-03-10 12:33:27,True
roozzaak,7615493901947850004,https://www.tiktok.com/@roozzaak/video/7615493901947850004,2026-03-10 12:25:46,True
roozzaak,7608177084719975700,https://www.tiktok.com/@roozzaak/video/7608177084719975700,2026-02-18 19:12:47,True
roozzaak,7608176895712087316,https://www.tiktok.com/@roozzaak/video/7608176895712087316,2026-02-18 19:12:03,True
roozzaak,7614849677036375316,https://www.tiktok.com/@roozzaak/video/7614849677036375316,2026-03-08 18:45:51,True
roozzaak,7614806325746224405,https://www.tiktok.com/@roozzaak/video/7614806325746224405,2026-03-08 15:57:38,True
roozzaak,7614777264303082772,https://www.tiktok.com/@roozzaak/video/7614777264303082772,2026-03-08 14:04:51,True
roozzaak,7614775004412218644,https://www.tiktok.com/@roozzaak/video/7614775004412218644,2026-03-08 13:56:05,True
roozzaak,7614772488198819093,https://www.tiktok.com/@roozzaak/video/7614772488198819093,2026-03-08 13:46:19,True
roozzaak,7614766719566925077,https://www.tiktok.com/@roozzaak/video/7614766719566925077,2026-03-08 13:23:56,True
roozzaak,7608175345270836500,https://www.tiktok.com/@roozzaak/video/7608175345270836500,2026-02-18 19:06:02,True
roozzaak,7614462994377870612,https://www.tiktok.com/@roozzaak/video/7614462994377870612,2026-03-07 17:45:20,True
roozzaak,7614458014921149717,https://www.tiktok.com/@roozzaak/video/7614458014921149717,2026-03-07 17:26:00,True
roozzaak,7614456039936658708,https://www.tiktok.com/@roozzaak/video/7614456039936658708,2026-03-07 17:18:20,True
roozzaak,7614406328328506645,https://www.tiktok.com/@roozzaak/video/7614406328328506645,2026-03-07 14:05:26,True
roozzaak,7614401896693959957,https://www.tiktok.com/@roozzaak/video/7614401896693959957,2026-03-07 13:48:14,True
roozzaak,7614398866863017237,https://www.tiktok.com/@roozzaak/video/7614398866863017237,2026-03-07 13:36:29,True
roozzaak,7614352844002626836,https://www.tiktok.com/@roozzaak/video/7614352844002626836,2026-03-07 10:37:53,True
roozzaak,7614350950249057557,https://www.tiktok.com/@roozzaak/video/7614350950249057557,2026-03-07 10:30:32,True
roozzaak,7614349481101937941,https://www.tiktok.com/@roozzaak/video/7614349481101937941,2026-03-07 10:24:50,True
roozzaak,7614347218241375509,https://www.tiktok.com/@roozzaak/video/7614347218241375509,2026-03-07 10:16:03,True
roozzaak,7608174639042284821,https://www.tiktok.com/@roozzaak/video/7608174639042284821,2026-02-18 19:03:18,True
roozzaak,7608175036612054293,https://www.tiktok.com/@roozzaak/video/7608175036612054293,2026-02-18 19:04:50,True
roozzaak,7613709684045892885,https://www.tiktok.com/@roozzaak/video/7613709684045892885,2026-03-05 17:02:06,True
roozzaak,7613705539939208468,https://www.tiktok.com/@roozzaak/video/7613705539939208468,2026-03-05 16:46:01,True
roozzaak,7613705366697708820,https://www.tiktok.com/@roozzaak/video/7613705366697708820,2026-03-05 16:45:21,True
roozzaak,7613692992817286421,https://www.tiktok.com/@roozzaak/video/7613692992817286421,2026-03-05 15:57:20,True
roozzaak,7613633223377128724,https://www.tiktok.com/@roozzaak/video/7613633223377128724,2026-03-05 12:05:23,True
roozzaak,7613632426337684757,https://www.tiktok.com/@roozzaak/video/7613632426337684757,2026-03-05 12:02:18,True
roozzaak,7613628867533720852,https://www.tiktok.com/@roozzaak/video/7613628867533720852,2026-03-05 11:48:29,True
roozzaak,7613625465428856084,https://www.tiktok.com/@roozzaak/video/7613625465428856084,2026-03-05 11:35:17,True
roozzaak,7613623502431587604,https://www.tiktok.com/@roozzaak/video/7613623502431587604,2026-03-05 11:27:40,True
roozzaak,7613618111371087124,https://www.tiktok.com/@roozzaak/video/7613618111371087124,2026-03-05 11:06:45,True
roozzaak,7608173977189731604,https://www.tiktok.com/@roozzaak/video/7608173977189731604,2026-02-18 19:00:44,True
roozzaak,7613423228563852564,https://www.tiktok.com/@roozzaak/video/7613423228563852564,2026-03-04 22:30:30,True
roozzaak,7608173913129946388,https://www.tiktok.com/@roozzaak/video/7608173913129946388,2026-02-18 19:00:29,True
roozzaak,7612875579641138453,https://www.tiktok.com/@roozzaak/video/7612875579641138453,2026-03-03 11:05:21,True
roozzaak,7612874020442328340,https://www.tiktok.com/@roozzaak/video/7612874020442328340,2026-03-03 10:59:18,True
roozzaak,7612873097422605588,https://www.tiktok.com/@roozzaak/video/7612873097422605588,2026-03-03 10:55:43,True
roozzaak,7612872284851686677,https://www.tiktok.com/@roozzaak/video/7612872284851686677,2026-03-03 10:52:34,True
roozzaak,7612869436285996309,https://www.tiktok.com/@roozzaak/video/7612869436285996309,2026-03-03 10:41:30,True
roozzaak,7612867776838962452,https://www.tiktok.com/@roozzaak/video/7612867776838962452,2026-03-03 10:35:04,True
roozzaak,7612866950485560597,https://www.tiktok.com/@roozzaak/video/7612866950485560597,2026-03-03 10:31:52,True
roozzaak,7608173712629763348,https://www.tiktok.com/@roozzaak/video/7608173712629763348,2026-02-18 18:59:42,True
roozzaak,7608173387160194325,https://www.tiktok.com/@roozzaak/video/7608173387160194325,2026-02-18 18:58:26,True
roozzaak,7612176660686851349,https://www.tiktok.com/@roozzaak/video/7612176660686851349,2026-03-01 13:53:11,True
roozzaak,7612175151395867924,https://www.tiktok.com/@roozzaak/video/7612175151395867924,2026-03-01 13:47:20,True
roozzaak,7612175054377553172,https://www.tiktok.com/@roozzaak/video/7612175054377553172,2026-03-01 13:46:57,True
roozzaak,7608171152724282644,https://www.tiktok.com/@roozzaak/video/7608171152724282644,2026-02-18 18:49:46,True
roozzaak,7608170125778373908,https://www.tiktok.com/@roozzaak/video/7608170125778373908,2026-02-18 18:45:47,True
roozzaak,7611354353567288597,https://www.tiktok.com/@roozzaak/video/7611354353567288597,2026-02-27 08:42:13,True
roozzaak,7611350430005611797,https://www.tiktok.com/@roozzaak/video/7611350430005611797,2026-02-27 08:26:59,True
roozzaak,7611348799352474900,https://www.tiktok.com/@roozzaak/video/7611348799352474900,2026-02-27 08:20:40,True
roozzaak,7608169566216211732,https://www.tiktok.com/@roozzaak/video/7608169566216211732,2026-02-18 18:43:37,True
roozzaak,7611122839667658004,https://www.tiktok.com/@roozzaak/video/7611122839667658004,2026-02-26 17:43:49,True
roozzaak,7611122676513623317,https://www.tiktok.com/@roozzaak/video/7611122676513623317,2026-02-26 17:43:11,True
roozzaak,7611105116661337365,https://www.tiktok.com/@roozzaak/video/7611105116661337365,2026-02-26 16:35:03,True
roozzaak,7610952293546052885,https://www.tiktok.com/@roozzaak/video/7610952293546052885,2026-02-26 06:42:01,True
roozzaak,7610956308556107028,https://www.tiktok.com/@roozzaak/video/7610956308556107028,2026-02-26 06:57:36,True
roozzaak,7610954584785194261,https://www.tiktok.com/@roozzaak/video/7610954584785194261,2026-02-26 06:50:54,True
roozzaak,7610951883498245396,https://www.tiktok.com/@roozzaak/video/7610951883498245396,2026-02-26 06:40:25,True
roozzaak,7610951856780594452,https://www.tiktok.com/@roozzaak/video/7610951856780594452,2026-02-26 06:40:19,True
roozzaak,7610951836727528724,https://www.tiktok.com/@roozzaak/video/7610951836727528724,2026-02-26 06:40:14,True
roozzaak,7610951767718694165,https://www.tiktok.com/@roozzaak/video/7610951767718694165,2026-02-26 06:39:58,True
roozzaak,7610951743316315412,https://www.tiktok.com/@roozzaak/video/7610951743316315412,2026-02-26 06:39:53,True
roozzaak,7608169353598586133,https://www.tiktok.com/@roozzaak/video/7608169353598586133,2026-02-18 18:42:47,True
roozzaak,7608169053730966804,https://www.tiktok.com/@roozzaak/video/7608169053730966804,2026-02-18 18:41:37,True
roozzaak,7610382357580762389,https://www.tiktok.com/@roozzaak/video/7610382357580762389,2026-02-24 17:50:22,True
roozzaak,7610381297516629268,https://www.tiktok.com/@roozzaak/video/7610381297516629268,2026-02-24 17:46:15,True
roozzaak,7610380252854029588,https://www.tiktok.com/@roozzaak/video/7610380252854029588,2026-02-24 17:42:12,True
roozzaak,7610378872898473236,https://www.tiktok.com/@roozzaak/video/7610378872898473236,2026-02-24 17:36:51,True
roozzaak,7610377000343112980,https://www.tiktok.com/@roozzaak/video/7610377000343112980,2026-02-24 17:29:35,True
roozzaak,7610376108864736532,https://www.tiktok.com/@roozzaak/video/7610376108864736532,2026-02-24 17:26:07,True
roozzaak,7607987736582081813,https://www.tiktok.com/@roozzaak/video/7607987736582081813,2026-02-18 06:58:01,True
roozzaak,7609859485250768148,https://www.tiktok.com/@roozzaak/video/7609859485250768148,2026-02-23 08:01:22,True
roozzaak,7609858254507625748,https://www.tiktok.com/@roozzaak/video/7609858254507625748,2026-02-23 07:56:35,True
roozzaak,7609857146523946260,https://www.tiktok.com/@roozzaak/video/7609857146523946260,2026-02-23 07:52:17,True
roozzaak,7609856411585023253,https://www.tiktok.com/@roozzaak/video/7609856411585023253,2026-02-23 07:49:26,True
roozzaak,7607403013417831700,https://www.tiktok.com/@roozzaak/video/7607403013417831700,2026-02-16 17:09:00,True
roozzaak,7607265145546444053,https://www.tiktok.com/@roozzaak/video/7607265145546444053,2026-02-16 08:14:00,True
roozzaak,7609192941776653589,https://www.tiktok.com/@roozzaak/video/7609192941776653589,2026-02-21 12:54:50,True
roozzaak,7609192506256837908,https://www.tiktok.com/@roozzaak/video/7609192506256837908,2026-02-21 12:53:08,True
roozzaak,7609192130707213588,https://www.tiktok.com/@roozzaak/video/7609192130707213588,2026-02-21 12:51:41,True
roozzaak,7609183664605400341,https://www.tiktok.com/@roozzaak/video/7609183664605400341,2026-02-21 12:18:50,True
roozzaak,7606895472652995861,https://www.tiktok.com/@roozzaak/video/7606895472652995861,2026-02-15 08:19:29,True
roozzaak,7608948619474963733,https://www.tiktok.com/@roozzaak/video/7608948619474963733,2026-02-20 21:06:44,True
roozzaak,7608863221616856341,https://www.tiktok.com/@roozzaak/video/7608863221616856341,2026-02-20 15:35:21,True
roozzaak,7608861438307863828,https://www.tiktok.com/@roozzaak/video/7608861438307863828,2026-02-20 15:28:26,True
roozzaak,7608742674539056404,https://www.tiktok.com/@roozzaak/video/7608742674539056404,2026-02-20 07:47:34,True
roozzaak,7606160296696122645,https://www.tiktok.com/@roozzaak/video/7606160296696122645,2026-02-13 08:46:37,True
roozzaak,7607997311976787220,https://www.tiktok.com/@roozzaak/video/7607997311976787220,2026-02-18 07:35:11,True
roozzaak,7607987765552237845,https://www.tiktok.com/@roozzaak/video/7607987765552237845,2026-02-18 06:58:08,True
roozzaak,7607987742747790613,https://www.tiktok.com/@roozzaak/video/7607987742747790613,2026-02-18 06:58:03,True
roozzaak,7607982697381776660,https://www.tiktok.com/@roozzaak/video/7607982697381776660,2026-02-18 06:38:28,True
roozzaak,7606159089533701396,https://www.tiktok.com/@roozzaak/video/7606159089533701396,2026-02-13 08:41:56,True
roozzaak,7606055540594052372,https://www.tiktok.com/@roozzaak/video/7606055540594052372,2026-02-13 02:00:07,True
roozzaak,7607402360519904533,https://www.tiktok.com/@roozzaak/video/7607402360519904533,2026-02-16 17:06:28,True
roozzaak,7605795531398401301,https://www.tiktok.com/@roozzaak/video/7605795531398401301,2026-02-12 09:11:09,True
roozzaak,7606897633495354645,https://www.tiktok.com/@roozzaak/video/7606897633495354645,2026-02-15 08:27:52,True
roozzaak,7606894160108342549,https://www.tiktok.com/@roozzaak/video/7606894160108342549,2026-02-15 08:14:23,True
roozzaak,7606887106115423508,https://www.tiktok.com/@roozzaak/video/7606887106115423508,2026-02-15 07:47:01,True
roozzaak,7606884759372926228,https://www.tiktok.com/@roozzaak/video/7606884759372926228,2026-02-15 07:37:54,True
roozzaak,7606941789517565204,https://www.tiktok.com/@roozzaak/video/7606941789517565204,2026-02-15 11:19:13,True
roozzaak,7606886991774436628,https://www.tiktok.com/@roozzaak/video/7606886991774436628,2026-02-15 07:46:34,True
roozzaak,7606879287018294548,https://www.tiktok.com/@roozzaak/video/7606879287018294548,2026-02-15 07:16:40,True
roozzaak,7604059114154642709,https://www.tiktok.com/@roozzaak/video/7604059114154642709,2026-02-07 16:52:57,True
roozzaak,7603953986965671189,https://www.tiktok.com/@roozzaak/video/7603953986965671189,2026-02-07 10:05:01,True
roozzaak,7604058100903021844,https://www.tiktok.com/@roozzaak/video/7604058100903021844,2026-02-07 16:49:02,True
roozzaak,7605914032897330452,https://www.tiktok.com/@roozzaak/video/7605914032897330452,2026-02-12 16:50:59,True
roozzaak,7605788317912747285,https://www.tiktok.com/@roozzaak/video/7605788317912747285,2026-02-12 08:43:09,True
roozzaak,7603691744743410965,https://www.tiktok.com/@roozzaak/video/7603691744743410965,2026-02-06 17:07:23,True
roozzaak,7602257538482031892,https://www.tiktok.com/@roozzaak/video/7602257538482031892,2026-02-02 20:21:55,True
roozzaak,7601675740261649685,https://www.tiktok.com/@roozzaak/video/7601675740261649685,2026-02-01 06:44:15,True
roozzaak,7601675264409603349,https://www.tiktok.com/@roozzaak/video/7601675264409603349,2026-02-01 06:42:24,True
roozzaak,7601674476111023381,https://www.tiktok.com/@roozzaak/video/7601674476111023381,2026-02-01 06:39:21,True
roozzaak,7601673322891365652,https://www.tiktok.com/@roozzaak/video/7601673322891365652,2026-02-01 06:34:52,True
roozzaak,7601672773328456981,https://www.tiktok.com/@roozzaak/video/7601672773328456981,2026-02-01 06:32:44,True
roozzaak,7601420256191761685,https://www.tiktok.com/@roozzaak/video/7601420256191761685,2026-01-31 14:12:50,True
roozzaak,7601338924245454101,https://www.tiktok.com/@roozzaak/video/7601338924245454101,2026-01-31 08:57:14,True
roozzaak,7601330037119323412,https://www.tiktok.com/@roozzaak/video/7601330037119323412,2026-01-31 08:22:45,True
roozzaak,7599887912724991253,https://www.tiktok.com/@roozzaak/video/7599887912724991253,2026-01-27 11:06:34,True
roozzaak,7599887523099184404,https://www.tiktok.com/@roozzaak/video/7599887523099184404,2026-01-27 11:05:03,True
roozzaak,7599887152305933589,https://www.tiktok.com/@roozzaak/video/7599887152305933589,2026-01-27 11:03:37,True
roozzaak,7599886575547190548,https://www.tiktok.com/@roozzaak/video/7599886575547190548,2026-01-27 11:01:23,True
roozzaak,7599886068099370260,https://www.tiktok.com/@roozzaak/video/7599886068099370260,2026-01-27 10:59:24,True
roozzaak,7599885512228474132,https://www.tiktok.com/@roozzaak/video/7599885512228474132,2026-01-27 10:57:15,True
roozzaak,7599884983842491668,https://www.tiktok.com/@roozzaak/video/7599884983842491668,2026-01-27 10:55:12,True
roozzaak,7599884570766478612,https://www.tiktok.com/@roozzaak/video/7599884570766478612,2026-01-27 10:53:36,True
roozzaak,7599884039067045140,https://www.tiktok.com/@roozzaak/video/7599884039067045140,2026-01-27 10:51:32,True
roozzaak,7599883784619642132,https://www.tiktok.com/@roozzaak/video/7599883784619642132,2026-01-27 10:50:33,True
roozzaak,7599883255336160532,https://www.tiktok.com/@roozzaak/video/7599883255336160532,2026-01-27 10:48:30,True
roozzaak,7599272355805859080,https://www.tiktok.com/@roozzaak/video/7599272355805859080,2026-01-25 19:17:53,True
roozzaak,7599272308649348359,https://www.tiktok.com/@roozzaak/video/7599272308649348359,2026-01-25 19:17:42,True
roozzaak,7599271493842881810,https://www.tiktok.com/@roozzaak/video/7599271493842881810,2026-01-25 19:14:33,True
roozzaak,7599271441950952712,https://www.tiktok.com/@roozzaak/video/7599271441950952712,2026-01-25 19:14:21,True
roozzaak,7599269844235734280,https://www.tiktok.com/@roozzaak/video/7599269844235734280,2026-01-25 19:08:09,True
roozzaak,7599269863256853778,https://www.tiktok.com/@roozzaak/video/7599269863256853778,2026-01-25 19:08:13,True
roozzaak,7598036488789527826,https://www.tiktok.com/@roozzaak/video/7598036488789527826,2026-01-22 11:22:06,True
roozzaak,7598035983233502471,https://www.tiktok.com/@roozzaak/video/7598035983233502471,2026-01-22 11:20:08,True
roozzaak,7598035558216060168,https://www.tiktok.com/@roozzaak/video/7598035558216060168,2026-01-22 11:18:29,True
roozzaak,7598034800804416775,https://www.tiktok.com/@roozzaak/video/7598034800804416775,2026-01-22 11:15:33,True
roozzaak,7598034358133460231,https://www.tiktok.com/@roozzaak/video/7598034358133460231,2026-01-22 11:13:50,True
roozzaak,7598034215006932232,https://www.tiktok.com/@roozzaak/video/7598034215006932232,2026-01-22 11:13:16,True
roozzaak,7598033582615170312,https://www.tiktok.com/@roozzaak/video/7598033582615170312,2026-01-22 11:10:49,True
roozzaak,7598033173347355911,https://www.tiktok.com/@roozzaak/video/7598033173347355911,2026-01-22 11:09:14,True
roozzaak,7598032510089530631,https://www.tiktok.com/@roozzaak/video/7598032510089530631,2026-01-22 11:06:39,True
roozzaak,7598032145277373714,https://www.tiktok.com/@roozzaak/video/7598032145277373714,2026-01-22 11:05:14,True
roozzaak,7598032844371332359,https://www.tiktok.com/@roozzaak/video/7598032844371332359,2026-01-22 11:07:57,True
roozzaak,7597960058282020104,https://www.tiktok.com/@roozzaak/video/7597960058282020104,2026-01-22 06:25:30,True
roozzaak,7597959544051977490,https://www.tiktok.com/@roozzaak/video/7597959544051977490,2026-01-22 06:23:31,True
roozzaak,7597958776485989640,https://www.tiktok.com/@roozzaak/video/7597958776485989640,2026-01-22 06:20:32,True
roozzaak,7597487109288578311,https://www.tiktok.com/@roozzaak/video/7597487109288578311,2026-01-20 23:50:13,True
roozzaak,7597487019941498119,https://www.tiktok.com/@roozzaak/video/7597487019941498119,2026-01-20 23:49:53,True
roozzaak,7597486848402803976,https://www.tiktok.com/@roozzaak/video/7597486848402803976,2026-01-20 23:49:13,True
roozzaak,7596870265485757704,https://www.tiktok.com/@roozzaak/video/7596870265485757704,2026-01-19 07:56:33,True
roozzaak,7597396697588845832,https://www.tiktok.com/@roozzaak/video/7597396697588845832,2026-01-20 17:59:23,True
roozzaak,7596869966931037448,https://www.tiktok.com/@roozzaak/video/7596869966931037448,2026-01-19 07:55:24,True
roozzaak,7596869601070288146,https://www.tiktok.com/@roozzaak/video/7596869601070288146,2026-01-19 07:53:58,True
roozzaak,7596520117433863442,https://www.tiktok.com/@roozzaak/video/7596520117433863442,2026-01-18 09:17:48,True
roozzaak,7596519977780399367,https://www.tiktok.com/@roozzaak/video/7596519977780399367,2026-01-18 09:17:15,True
roozzaak,7596520540941077778,https://www.tiktok.com/@roozzaak/video/7596520540941077778,2026-01-18 09:19:27,True
roozzaak,7595980264988331272,https://www.tiktok.com/@roozzaak/video/7595980264988331272,2026-01-16 22:22:54,True
roozzaak,7595979886511033618,https://www.tiktok.com/@roozzaak/video/7595979886511033618,2026-01-16 22:21:26,True
roozzaak,7596519462858149128,https://www.tiktok.com/@roozzaak/video/7596519462858149128,2026-01-18 09:15:16,True
roozzaak,7595979504066022663,https://www.tiktok.com/@roozzaak/video/7595979504066022663,2026-01-16 22:19:57,True
roozzaak,7595978609492299015,https://www.tiktok.com/@roozzaak/video/7595978609492299015,2026-01-16 22:16:28,True
roozzaak,7595977946318277895,https://www.tiktok.com/@roozzaak/video/7595977946318277895,2026-01-16 22:13:54,True
roozzaak,7595977103368080648,https://www.tiktok.com/@roozzaak/video/7595977103368080648,2026-01-16 22:10:38,True
roozzaak,7595976284191165714,https://www.tiktok.com/@roozzaak/video/7595976284191165714,2026-01-16 22:07:27,True
roozzaak,7585163057236610324,https://www.tiktok.com/@roozzaak/video/7585163057236610324,2025-12-18 18:46:36,False
spesialist.kesehatan,7605530274335575313,https://www.tiktok.com/@spesialist.kesehatan/video/7605530274335575313,2026-02-11 16:01:49,True
spesialist.kesehatan,7579986979903900929,https://www.tiktok.com/@spesialist.kesehatan/video/7579986979903900929,2025-12-04 20:00:47,False
spesialist.kesehatan,7579256308323388688,https://www.tiktok.com/@spesialist.kesehatan/video/7579256308323388688,2025-12-02 20:45:24,False
spesialist.kesehatan,7680496999304563984,https://www.tiktok.com/@spesialist.kesehatan/video/7680496999304563984,2026-09-01 16:30:59,False
spesialist.kesehatan,7680173413859675393,https://www.tiktok.com/@spesialist.kesehatan/video/7680173413859675393,2026-08-31 19:35:19,True
spesialist.kesehatan,7679434460219165953,https://www.tiktok.com/@spesialist.kesehatan/video/7679434460219165953,2026-08-29 19:47:48,True
spesialist.kesehatan,7679359022495059217,https://www.tiktok.com/@spesialist.kesehatan/video/7679359022495059217,2026-08-29 14:55:04,True
spesialist.kesehatan,7679055322924731664,https://www.tiktok.com/@spesialist.kesehatan/video/7679055322924731664,2026-08-28 19:16:33,True
spesialist.kesehatan,7678681253071031568,https://www.tiktok.com/@spesialist.kesehatan/video/7678681253071031568,2026-08-27 19:04:58,True
spesialist.kesehatan,7678316960890752257,https://www.tiktok.com/@spesialist.kesehatan/video/7678316960890752257,2026-08-26 19:31:20,True
spesialist.kesehatan,7677959170842217729,https://www.tiktok.com/@spesialist.kesehatan/video/7677959170842217729,2026-08-25 20:22:55,True
spesialist.kesehatan,7605090807636299009,https://www.tiktok.com/@spesialist.kesehatan/video/7605090807636299009,2026-02-10 11:36:27,True
spesialist.kesehatan,7600352104112327953,https://www.tiktok.com/@spesialist.kesehatan/video/7600352104112327953,2026-01-28 17:07:52,True
spesialist.kesehatan,7588525665964641537,https://www.tiktok.com/@spesialist.kesehatan/video/7588525665964641537,2025-12-27 20:15:15,False
tirtacipeng,7675619064739302676,https://www.tiktok.com/@tirtacipeng/video/7675619064739302676,2026-08-19 13:02:07,True
tirtacipeng,7675569675253665045,https://www.tiktok.com/@tirtacipeng/video/7675569675253665045,2026-08-19 09:50:27,True
tirtacipeng,7680067775364173076,https://www.tiktok.com/@tirtacipeng/video/7680067775364173076,2026-08-31 12:45:23,True
tirtacipeng,7679641498496814356,https://www.tiktok.com/@tirtacipeng/video/7679641498496814356,2026-08-30 09:11:13,True
tirtacipeng,7679350988909612309,https://www.tiktok.com/@tirtacipeng/video/7679350988909612309,2026-08-29 14:23:53,True
tirtacipeng,7678913858811038997,https://www.tiktok.com/@tirtacipeng/video/7678913858811038997,2026-08-28 10:07:36,True
tirtacipeng,7678524985136254229,https://www.tiktok.com/@tirtacipeng/video/7678524985136254229,2026-08-27 08:58:34,True
tirtacipeng,7677923858002758932,https://www.tiktok.com/@tirtacipeng/video/7677923858002758932,2026-08-25 18:05:53,True
tirtacipeng,7677923495820512532,https://www.tiktok.com/@tirtacipeng/video/7677923495820512532,2026-08-25 18:04:29,True
tirtacipeng,7677580098886765844,https://www.tiktok.com/@tirtacipeng/video/7677580098886765844,2026-08-24 19:51:56,True
tirtacipeng,7677460126520970516,https://www.tiktok.com/@tirtacipeng/video/7677460126520970516,2026-08-24 12:06:22,True
tirtacipeng,7677215741971614997,https://www.tiktok.com/@tirtacipeng/video/7677215741971614997,2026-08-23 20:18:02,True
tirtacipeng,7677215215938850069,https://www.tiktok.com/@tirtacipeng/video/7677215215938850069,2026-08-23 20:16:00,True
tirtacipeng,7676714249753939220,https://www.tiktok.com/@tirtacipeng/video/7676714249753939220,2026-08-22 11:51:59,True
tirtacipeng,7676367432956644628,https://www.tiktok.com/@tirtacipeng/video/7676367432956644628,2026-08-21 13:26:10,True
tirtacipeng,7676326727013977365,https://www.tiktok.com/@tirtacipeng/video/7676326727013977365,2026-08-21 10:48:12,True
tirtacipeng,7675924973638143252,https://www.tiktok.com/@tirtacipeng/video/7675924973638143252,2026-08-20 08:49:12,True
tirtacipeng,7675706925132139797,https://www.tiktok.com/@tirtacipeng/video/7675706925132139797,2026-08-19 18:43:03,True
tirtacipeng,7674975122414931220,https://www.tiktok.com/@tirtacipeng/video/7674975122414931220,2026-08-17 19:23:17,True
tirtacipeng,7674856090084887828,https://www.tiktok.com/@tirtacipeng/video/7674856090084887828,2026-08-17 11:41:23,True
tirtacipeng,7674846227241962773,https://www.tiktok.com/@tirtacipeng/video/7674846227241962773,2026-08-17 11:03:07,True
tirtacipeng,7674545116262059285,https://www.tiktok.com/@tirtacipeng/video/7674545116262059285,2026-08-16 15:34:39,True
tirtacipeng,7674243118715194645,https://www.tiktok.com/@tirtacipeng/video/7674243118715194645,2026-08-15 20:02:44,True
tirtacipeng,7674222668568153365,https://www.tiktok.com/@tirtacipeng/video/7674222668568153365,2026-08-15 18:43:23,True
tirtacipeng,7673783229266234645,https://www.tiktok.com/@tirtacipeng/video/7673783229266234645,2026-08-14 14:18:08,True
tirtacipeng,7673517908093308181,https://www.tiktok.com/@tirtacipeng/video/7673517908093308181,2026-08-13 21:08:33,True
tirtacipeng,7673324228602531093,https://www.tiktok.com/@tirtacipeng/video/7673324228602531093,2026-08-13 08:36:59,True
tirtacipeng,7672998902500478228,https://www.tiktok.com/@tirtacipeng/video/7672998902500478228,2026-08-12 11:34:33,True
tirtacipeng,7672738106495257876,https://www.tiktok.com/@tirtacipeng/video/7672738106495257876,2026-08-11 18:42:31,True
tirtacipeng,7672565905548676373,https://www.tiktok.com/@tirtacipeng/video/7672565905548676373,2026-08-11 07:34:18,True
tirtacipeng,7672341220055649557,https://www.tiktok.com/@tirtacipeng/video/7672341220055649557,2026-08-10 17:02:24,True
tirtacipeng,7672147583904533780,https://www.tiktok.com/@tirtacipeng/video/7672147583904533780,2026-08-10 04:31:00,True
tirtacipeng,7671824837500783892,https://www.tiktok.com/@tirtacipeng/video/7671824837500783892,2026-08-09 07:38:34,True
tirtacipeng,7671553651021761813,https://www.tiktok.com/@tirtacipeng/video/7671553651021761813,2026-08-08 14:06:14,True
tirtacipeng,7671485164643650837,https://www.tiktok.com/@tirtacipeng/video/7671485164643650837,2026-08-08 09:40:28,True
tirtacipeng,7671482151820332309,https://www.tiktok.com/@tirtacipeng/video/7671482151820332309,2026-08-08 09:28:47,True
tirtacipeng,7671202701409094933,https://www.tiktok.com/@tirtacipeng/video/7671202701409094933,2026-08-07 15:24:22,True
tirtacipeng,7671144157766831380,https://www.tiktok.com/@tirtacipeng/video/7671144157766831380,2026-08-07 11:37:11,True
tirtacipeng,7671143934063693077,https://www.tiktok.com/@tirtacipeng/video/7671143934063693077,2026-08-07 11:36:19,True
tirtacipeng,7670845346200734996,https://www.tiktok.com/@tirtacipeng/video/7670845346200734996,2026-08-06 16:17:39,True
tirtacipeng,7670129340687895829,https://www.tiktok.com/@tirtacipeng/video/7670129340687895829,2026-08-04 17:59:11,True
tirtacipeng,7669788032031083796,https://www.tiktok.com/@tirtacipeng/video/7669788032031083796,2026-08-03 19:54:44,True
tirtacipeng,7669412483630714132,https://www.tiktok.com/@tirtacipeng/video/7669412483630714132,2026-08-02 19:37:25,True
tirtacipeng,7669343555353070868,https://www.tiktok.com/@tirtacipeng/video/7669343555353070868,2026-08-02 15:09:56,True
tirtacipeng,7668540213395721493,https://www.tiktok.com/@tirtacipeng/video/7668540213395721493,2026-07-31 11:12:33,True
tirtacipeng,7668469576149126420,https://www.tiktok.com/@tirtacipeng/video/7668469576149126420,2026-07-31 06:38:27,True
tirtacipeng,7668137161148976404,https://www.tiktok.com/@tirtacipeng/video/7668137161148976404,2026-07-30 09:08:30,True
tirtacipeng,7667386476283415828,https://www.tiktok.com/@tirtacipeng/video/7667386476283415828,2026-07-28 08:35:28,True
tirtacipeng,7667178858277260564,https://www.tiktok.com/@tirtacipeng/video/7667178858277260564,2026-07-27 19:09:48,True
tirtacipeng,7667125869558648084,https://www.tiktok.com/@tirtacipeng/video/7667125869558648084,2026-07-27 15:44:11,True
tirtacipeng,7666849047541484821,https://www.tiktok.com/@tirtacipeng/video/7666849047541484821,2026-07-26 21:49:58,True
tirtacipeng,7666459180169202964,https://www.tiktok.com/@tirtacipeng/video/7666459180169202964,2026-07-25 20:37:05,True
tirtacipeng,7666319384226598164,https://www.tiktok.com/@tirtacipeng/video/7666319384226598164,2026-07-25 11:34:36,True
tirtacipeng,7666035450435456276,https://www.tiktok.com/@tirtacipeng/video/7666035450435456276,2026-07-24 17:12:48,True
tirtacipeng,7665910569483914517,https://www.tiktok.com/@tirtacipeng/video/7665910569483914517,2026-07-24 09:08:12,True
tirtacipeng,7665742083717614869,https://www.tiktok.com/@tirtacipeng/video/7665742083717614869,2026-07-23 22:14:23,True
tirtacipeng,7665238206841081108,https://www.tiktok.com/@tirtacipeng/video/7665238206841081108,2026-07-22 13:39:05,True
tirtacipeng,7664848783553072404,https://www.tiktok.com/@tirtacipeng/video/7664848783553072404,2026-07-21 12:27:55,True
tirtacipeng,7664802061451611413,https://www.tiktok.com/@tirtacipeng/video/7664802061451611413,2026-07-21 09:26:37,True
tirtacipeng,7664592223882743060,https://www.tiktok.com/@tirtacipeng/video/7664592223882743060,2026-07-20 19:52:20,True
tirtacipeng,7664480080206318868,https://www.tiktok.com/@tirtacipeng/video/7664480080206318868,2026-07-20 12:37:10,True
tirtacipeng,7664135106239499540,https://www.tiktok.com/@tirtacipeng/video/7664135106239499540,2026-07-19 14:18:29,True
tirtacipeng,7663347605098876180,https://www.tiktok.com/@tirtacipeng/video/7663347605098876180,2026-07-17 11:22:35,True
tirtacipeng,7663304402790354197,https://www.tiktok.com/@tirtacipeng/video/7663304402790354197,2026-07-17 08:34:56,True
tirtacipeng,7662945764817014036,https://www.tiktok.com/@tirtacipeng/video/7662945764817014036,2026-07-16 09:23:14,True
tirtacipeng,7662641675029794068,https://www.tiktok.com/@tirtacipeng/video/7662641675029794068,2026-07-15 13:43:13,True
tirtacipeng,7662279459579497748,https://www.tiktok.com/@tirtacipeng/video/7662279459579497748,2026-07-14 14:17:38,True
tirtacipeng,7662180207578664212,https://www.tiktok.com/@tirtacipeng/video/7662180207578664212,2026-07-14 07:52:29,True
tirtacipeng,7661568375943974165,https://www.tiktok.com/@tirtacipeng/video/7661568375943974165,2026-07-12 16:18:16,True
tirtacipeng,7661126765368151316,https://www.tiktok.com/@tirtacipeng/video/7661126765368151316,2026-07-11 11:44:35,True
tirtacipeng,7661118973521546516,https://www.tiktok.com/@tirtacipeng/video/7661118973521546516,2026-07-11 11:14:21,True
tirtacipeng,7660790677088865557,https://www.tiktok.com/@tirtacipeng/video/7660790677088865557,2026-07-10 14:00:24,True
tirtacipeng,7660079181044256021,https://www.tiktok.com/@tirtacipeng/video/7660079181044256021,2026-07-08 15:59:26,True
tirtacipeng,7659638255645773076,https://www.tiktok.com/@tirtacipeng/video/7659638255645773076,2026-07-07 11:28:25,True
tirtacipeng,7659632601065475348,https://www.tiktok.com/@tirtacipeng/video/7659632601065475348,2026-07-07 11:06:28,True
tirtacipeng,7659204580424551700,https://www.tiktok.com/@tirtacipeng/video/7659204580424551700,2026-07-06 07:25:32,True
tirtacipeng,7658469562077170964,https://www.tiktok.com/@tirtacipeng/video/7658469562077170964,2026-07-04 07:53:17,True
tirtacipeng,7658416735363616021,https://www.tiktok.com/@tirtacipeng/video/7658416735363616021,2026-07-04 04:28:17,True
tirtacipeng,7658219556355181845,https://www.tiktok.com/@tirtacipeng/video/7658219556355181845,2026-07-03 15:43:08,True
tirtacipeng,7658082702930873620,https://www.tiktok.com/@tirtacipeng/video/7658082702930873620,2026-07-03 06:52:04,True
tirtacipeng,7657807286924037397,https://www.tiktok.com/@tirtacipeng/video/7657807286924037397,2026-07-02 13:03:19,True
tirtacipeng,7657013522462739733,https://www.tiktok.com/@tirtacipeng/video/7657013522462739733,2026-06-30 09:43:06,True
tirtacipeng,7656639695815740692,https://www.tiktok.com/@tirtacipeng/video/7656639695815740692,2026-06-29 09:32:28,True
tirtacipeng,7656614138587696404,https://www.tiktok.com/@tirtacipeng/video/7656614138587696404,2026-06-29 07:53:18,True
tirtacipeng,7655527397743168789,https://www.tiktok.com/@tirtacipeng/video/7655527397743168789,2026-06-26 09:36:11,True
tirtacipeng,7655144050676239637,https://www.tiktok.com/@tirtacipeng/video/7655144050676239637,2026-06-25 08:48:36,True
tirtacipeng,7654979963812154644,https://www.tiktok.com/@tirtacipeng/video/7654979963812154644,2026-06-24 22:11:52,True
tirtacipeng,7654793214804921620,https://www.tiktok.com/@tirtacipeng/video/7654793214804921620,2026-06-24 10:07:11,True
tirtacipeng,7654191322605112596,https://www.tiktok.com/@tirtacipeng/video/7654191322605112596,2026-06-22 19:11:32,True
tirtacipeng,7653868242091379989,https://www.tiktok.com/@tirtacipeng/video/7653868242091379989,2026-06-21 22:17:49,True
tirtacipeng,7653369455296253205,https://www.tiktok.com/@tirtacipeng/video/7653369455296253205,2026-06-20 14:02:16,True
tirtacipeng,7652702713565760788,https://www.tiktok.com/@tirtacipeng/video/7652702713565760788,2026-06-18 18:54:58,True
tirtacipeng,7652631823226293525,https://www.tiktok.com/@tirtacipeng/video/7652631823226293525,2026-06-18 14:19:53,True
tirtacipeng,7652559050525150485,https://www.tiktok.com/@tirtacipeng/video/7652559050525150485,2026-06-18 09:37:29,True
tirtacipeng,7652534264524770581,https://www.tiktok.com/@tirtacipeng/video/7652534264524770581,2026-06-18 08:01:18,True
tirtacipeng,7652371370671639828,https://www.tiktok.com/@tirtacipeng/video/7652371370671639828,2026-06-17 21:29:11,True
tirtacipeng,7652006245607410965,https://www.tiktok.com/@tirtacipeng/video/7652006245607410965,2026-06-16 21:52:19,True
tirtacipeng,7651880938359590165,https://www.tiktok.com/@tirtacipeng/video/7651880938359590165,2026-06-16 13:46:04,True
tirtacipeng,7651525968594603285,https://www.tiktok.com/@tirtacipeng/video/7651525968594603285,2026-06-15 14:48:36,True
tirtacipeng,7650803972885761301,https://www.tiktok.com/@tirtacipeng/video/7650803972885761301,2026-06-13 16:06:53,True
tirtacipeng,7650728216461659413,https://www.tiktok.com/@tirtacipeng/video/7650728216461659413,2026-06-13 11:12:55,True
tirtacipeng,7650332450962345237,https://www.tiktok.com/@tirtacipeng/video/7650332450962345237,2026-06-12 09:37:08,True
tirtacipeng,7650096492862262548,https://www.tiktok.com/@tirtacipeng/video/7650096492862262548,2026-06-11 18:21:30,True
tirtacipeng,7650015358560013589,https://www.tiktok.com/@tirtacipeng/video/7650015358560013589,2026-06-11 13:06:39,True
tirtacipeng,7649953971318066452,https://www.tiktok.com/@tirtacipeng/video/7649953971318066452,2026-06-11 09:08:27,True
tirtacipeng,7649339565110709524,https://www.tiktok.com/@tirtacipeng/video/7649339565110709524,2026-06-09 17:24:14,True
tirtacipeng,7648633664452037909,https://www.tiktok.com/@tirtacipeng/video/7648633664452037909,2026-06-07 19:44:59,True
tirtacipeng,7648575118687489300,https://www.tiktok.com/@tirtacipeng/video/7648575118687489300,2026-06-07 15:57:47,True
tirtacipeng,7648199240467959060,https://www.tiktok.com/@tirtacipeng/video/7648199240467959060,2026-06-06 15:39:11,True
tirtacipeng,7647460017188179221,https://www.tiktok.com/@tirtacipeng/video/7647460017188179221,2026-06-04 15:50:38,True
tirtacipeng,7646964628051758357,https://www.tiktok.com/@tirtacipeng/video/7646964628051758357,2026-06-03 07:48:16,True
tirtacipeng,7646607287523560725,https://www.tiktok.com/@tirtacipeng/video/7646607287523560725,2026-06-02 08:41:36,True
tirtacipeng,7646342576903097620,https://www.tiktok.com/@tirtacipeng/video/7646342576903097620,2026-06-01 15:34:23,True
tirtacipeng,7646031294882942229,https://www.tiktok.com/@tirtacipeng/video/7646031294882942229,2026-05-31 19:26:27,True
tirtacipeng,7645534028673699093,https://www.tiktok.com/@tirtacipeng/video/7645534028673699093,2026-05-30 11:16:48,True
tirtacipeng,7645490071952575765,https://www.tiktok.com/@tirtacipeng/video/7645490071952575765,2026-05-30 08:26:14,True
tirtacipeng,7645255668005391637,https://www.tiktok.com/@tirtacipeng/video/7645255668005391637,2026-05-29 17:16:38,True
tirtacipeng,7644755368161152277,https://www.tiktok.com/@tirtacipeng/video/7644755368161152277,2026-05-28 08:55:12,True
tirtacipeng,7644111837977513237,https://www.tiktok.com/@tirtacipeng/video/7644111837977513237,2026-05-26 15:17:59,True
tirtacipeng,7643769966390512917,https://www.tiktok.com/@tirtacipeng/video/7643769966390512917,2026-05-25 17:11:21,True
tirtacipeng,7643696595078368532,https://www.tiktok.com/@tirtacipeng/video/7643696595078368532,2026-05-25 12:26:38,True
tirtacipeng,7643634489775656213,https://www.tiktok.com/@tirtacipeng/video/7643634489775656213,2026-05-25 08:25:38,True
tirtacipeng,7642542434601258261,https://www.tiktok.com/@tirtacipeng/video/7642542434601258261,2026-05-22 09:47:54,True
tirtacipeng,7642176576976653589,https://www.tiktok.com/@tirtacipeng/video/7642176576976653589,2026-05-21 10:08:11,True
tirtacipeng,7640079564525292821,https://www.tiktok.com/@tirtacipeng/video/7640079564525292821,2026-05-15 18:30:42,True
tirtacipeng,7639985584584330516,https://www.tiktok.com/@tirtacipeng/video/7639985584584330516,2026-05-15 12:26:01,True
tirtacipeng,7639350529004490005,https://www.tiktok.com/@tirtacipeng/video/7639350529004490005,2026-05-13 19:21:40,True
tirtacipeng,7639020547317239061,https://www.tiktok.com/@tirtacipeng/video/7639020547317239061,2026-05-12 22:01:10,True
tirtacipeng,7638924254209133845,https://www.tiktok.com/@tirtacipeng/video/7638924254209133845,2026-05-12 15:47:30,True
tirtacipeng,7638878543400783124,https://www.tiktok.com/@tirtacipeng/video/7638878543400783124,2026-05-12 12:50:08,True
tirtacipeng,7637973510656249109,https://www.tiktok.com/@tirtacipeng/video/7637973510656249109,2026-05-10 02:18:08,True
tirtacipeng,7637973169688661268,https://www.tiktok.com/@tirtacipeng/video/7637973169688661268,2026-05-10 02:16:49,True
tirtacipeng,7637888957690301717,https://www.tiktok.com/@tirtacipeng/video/7637888957690301717,2026-05-09 20:50:02,True
tirtacipeng,7637805782108605716,https://www.tiktok.com/@tirtacipeng/video/7637805782108605716,2026-05-09 15:27:16,True
tirtacipeng,7637083348275449109,https://www.tiktok.com/@tirtacipeng/video/7637083348275449109,2026-05-07 16:43:51,True
tirtacipeng,7636396183501507860,https://www.tiktok.com/@tirtacipeng/video/7636396183501507860,2026-05-05 20:17:18,True
tirtacipeng,7636151544005528852,https://www.tiktok.com/@tirtacipeng/video/7636151544005528852,2026-05-05 04:27:59,True
tirtacipeng,7636058991340178708,https://www.tiktok.com/@tirtacipeng/video/7636058991340178708,2026-05-04 22:28:49,True
tirtacipeng,7635895902678437140,https://www.tiktok.com/@tirtacipeng/video/7635895902678437140,2026-05-04 11:55:57,True
tirtacipeng,7635391178925542676,https://www.tiktok.com/@tirtacipeng/video/7635391178925542676,2026-05-03 03:17:22,True
tirtacipeng,7635242949319593237,https://www.tiktok.com/@tirtacipeng/video/7635242949319593237,2026-05-02 17:42:10,True
tirtacipeng,7634897754082266389,https://www.tiktok.com/@tirtacipeng/video/7634897754082266389,2026-05-01 19:22:38,True
tirtacipeng,7634810161827204372,https://www.tiktok.com/@tirtacipeng/video/7634810161827204372,2026-05-01 13:42:44,True
tirtacipeng,7634617926045273364,https://www.tiktok.com/@tirtacipeng/video/7634617926045273364,2026-05-01 01:16:45,True
tirtacipeng,7634180517306305812,https://www.tiktok.com/@tirtacipeng/video/7634180517306305812,2026-04-29 20:59:23,True
tirtacipeng,7632652214862908693,https://www.tiktok.com/@tirtacipeng/video/7632652214862908693,2026-04-25 18:08:47,True
tirtacipeng,7632605113458216213,https://www.tiktok.com/@tirtacipeng/video/7632605113458216213,2026-04-25 15:06:01,True
tirtacipeng,7632208410410257684,https://www.tiktok.com/@tirtacipeng/video/7632208410410257684,2026-04-24 13:26:36,True
tirtacipeng,7631393484733386005,https://www.tiktok.com/@tirtacipeng/video/7631393484733386005,2026-04-22 08:44:17,True
tirtacipeng,7630687707269696789,https://www.tiktok.com/@tirtacipeng/video/7630687707269696789,2026-04-20 11:05:30,True
tirtacipeng,7629935222703934741,https://www.tiktok.com/@tirtacipeng/video/7629935222703934741,2026-04-18 10:25:28,True
tirtacipeng,7629245453770476820,https://www.tiktok.com/@tirtacipeng/video/7629245453770476820,2026-04-16 13:48:49,True
tirtacipeng,7628854265896979733,https://www.tiktok.com/@tirtacipeng/video/7628854265896979733,2026-04-15 12:30:49,True
tirtacipeng,7628765602915634452,https://www.tiktok.com/@tirtacipeng/video/7628765602915634452,2026-04-15 06:46:45,True
tirtacipeng,7628210680889478421,https://www.tiktok.com/@tirtacipeng/video/7628210680889478421,2026-04-13 18:53:22,True
tirtacipeng,7628035045122460948,https://www.tiktok.com/@tirtacipeng/video/7628035045122460948,2026-04-13 07:31:49,True
tirtacipeng,7627849322712796436,https://www.tiktok.com/@tirtacipeng/video/7627849322712796436,2026-04-12 19:31:07,True
tirtacipeng,7627405558995356949,https://www.tiktok.com/@tirtacipeng/video/7627405558995356949,2026-04-11 14:49:05,True
tirtacipeng,7627125250324647189,https://www.tiktok.com/@tirtacipeng/video/7627125250324647189,2026-04-10 20:41:21,True
tirtacipeng,7626742611033787669,https://www.tiktok.com/@tirtacipeng/video/7626742611033787669,2026-04-09 19:56:31,True
tirtacipeng,7626037345493601556,https://www.tiktok.com/@tirtacipeng/video/7626037345493601556,2026-04-07 22:19:43,True
tirtacipeng,7625464620030889236,https://www.tiktok.com/@tirtacipeng/video/7625464620030889236,2026-04-06 09:17:15,True
tirtacipeng,7625181794458995988,https://www.tiktok.com/@tirtacipeng/video/7625181794458995988,2026-04-05 14:59:45,True
tirtacipeng,7625089991621807381,https://www.tiktok.com/@tirtacipeng/video/7625089991621807381,2026-04-05 09:03:30,True
tirtacipeng,7624791252923469076,https://www.tiktok.com/@tirtacipeng/video/7624791252923469076,2026-04-04 13:44:15,True
tirtacipeng,7624423738271878420,https://www.tiktok.com/@tirtacipeng/video/7624423738271878420,2026-04-03 13:58:06,True
tirtacipeng,7624079307589192981,https://www.tiktok.com/@tirtacipeng/video/7624079307589192981,2026-04-02 15:41:32,True
tirtacipeng,7623620852885622037,https://www.tiktok.com/@tirtacipeng/video/7623620852885622037,2026-04-01 10:02:30,True
tirtacipeng,7623394781770648852,https://www.tiktok.com/@tirtacipeng/video/7623394781770648852,2026-03-31 19:25:13,True
tirtacipeng,7622949354545876245,https://www.tiktok.com/@tirtacipeng/video/7622949354545876245,2026-03-30 14:36:44,True
tirtacipeng,7622513480695827733,https://www.tiktok.com/@tirtacipeng/video/7622513480695827733,2026-03-29 10:25:19,True
tirtacipeng,7622338463639080213,https://www.tiktok.com/@tirtacipeng/video/7622338463639080213,2026-03-28 23:06:10,True
tirtacipeng,7621863647538695445,https://www.tiktok.com/@tirtacipeng/video/7621863647538695445,2026-03-27 16:23:38,True
tirtacipeng,7621398739583880469,https://www.tiktok.com/@tirtacipeng/video/7621398739583880469,2026-03-26 10:19:34,True
tirtacipeng,7620860362434333973,https://www.tiktok.com/@tirtacipeng/video/7620860362434333973,2026-03-24 23:30:23,True
tirtacipeng,7620741712553512212,https://www.tiktok.com/@tirtacipeng/video/7620741712553512212,2026-03-24 15:49:58,True
tirtacipeng,7620490161054305557,https://www.tiktok.com/@tirtacipeng/video/7620490161054305557,2026-03-23 23:33:49,True
tirtacipeng,7620322110224829717,https://www.tiktok.com/@tirtacipeng/video/7620322110224829717,2026-03-23 12:41:41,True
tirtacipeng,7618877450595863828,https://www.tiktok.com/@tirtacipeng/video/7618877450595863828,2026-03-19 15:15:40,True
tirtacipeng,7618575609068801300,https://www.tiktok.com/@tirtacipeng/video/7618575609068801300,2026-03-18 19:44:22,True
tirtacipeng,7618141754285427989,https://www.tiktok.com/@tirtacipeng/video/7618141754285427989,2026-03-17 15:40:48,True
tirtacipeng,7617837119041588500,https://www.tiktok.com/@tirtacipeng/video/7617837119041588500,2026-03-16 19:58:39,True
tirtacipeng,7617353063149440276,https://www.tiktok.com/@tirtacipeng/video/7617353063149440276,2026-03-15 12:40:16,True
tirtacipeng,7616930077330197781,https://www.tiktok.com/@tirtacipeng/video/7616930077330197781,2026-03-14 09:18:52,True
tirtacipeng,7616615775360535828,https://www.tiktok.com/@tirtacipeng/video/7616615775360535828,2026-03-13 12:59:13,True
tirtacipeng,7616277751145745685,https://www.tiktok.com/@tirtacipeng/video/7616277751145745685,2026-03-12 15:07:31,True
tirtacipeng,7615856875682188565,https://www.tiktok.com/@tirtacipeng/video/7615856875682188565,2026-03-11 11:54:18,True
tirtacipeng,7615464952765189397,https://www.tiktok.com/@tirtacipeng/video/7615464952765189397,2026-03-10 10:33:26,True
tirtacipeng,7615117407455022357,https://www.tiktok.com/@tirtacipeng/video/7615117407455022357,2026-03-09 12:04:47,True
tirtacipeng,7614899548330167573,https://www.tiktok.com/@tirtacipeng/video/7614899548330167573,2026-03-08 21:59:23,True
tirtacipeng,7614407007004675349,https://www.tiktok.com/@tirtacipeng/video/7614407007004675349,2026-03-07 14:08:04,True
tirtacipeng,7613571120247344405,https://www.tiktok.com/@tirtacipeng/video/7613571120247344405,2026-03-05 08:04:24,True
tirtacipeng,7613248769391332628,https://www.tiktok.com/@tirtacipeng/video/7613248769391332628,2026-03-04 11:13:31,True
tirtacipeng,7612887240506707221,https://www.tiktok.com/@tirtacipeng/video/7612887240506707221,2026-03-03 11:50:36,True
tirtacipeng,7612831154332388628,https://www.tiktok.com/@tirtacipeng/video/7612831154332388628,2026-03-03 08:12:57,True
tirtacipeng,7611725792824888597,https://www.tiktok.com/@tirtacipeng/video/7611725792824888597,2026-02-28 08:43:35,True
tirtacipeng,7611444437159349525,https://www.tiktok.com/@tirtacipeng/video/7611444437159349525,2026-02-27 14:31:47,True
tirtacipeng,7611137884963228949,https://www.tiktok.com/@tirtacipeng/video/7611137884963228949,2026-02-26 18:42:12,True
tirtacipeng,7610875899600325908,https://www.tiktok.com/@tirtacipeng/video/7610875899600325908,2026-02-26 01:45:34,True
tirtacipeng,7610386839974841620,https://www.tiktok.com/@tirtacipeng/video/7610386839974841620,2026-02-24 18:07:46,True
tirtacipeng,7609982790414650645,https://www.tiktok.com/@tirtacipeng/video/7609982790414650645,2026-02-23 15:59:51,True
tirtacipeng,7609734789192584469,https://www.tiktok.com/@tirtacipeng/video/7609734789192584469,2026-02-22 23:57:29,True
tirtacipeng,7609638293948452116,https://www.tiktok.com/@tirtacipeng/video/7609638293948452116,2026-02-22 17:43:01,True
tirtacipeng,7609321906931600661,https://www.tiktok.com/@tirtacipeng/video/7609321906931600661,2026-02-21 21:15:17,True
tirtacipeng,7608544342747254036,https://www.tiktok.com/@tirtacipeng/video/7608544342747254036,2026-02-19 18:57:56,True
tirtacipeng,7608406729868479764,https://www.tiktok.com/@tirtacipeng/video/7608406729868479764,2026-02-19 10:03:56,True
tirtacipeng,7607712476297284884,https://www.tiktok.com/@tirtacipeng/video/7607712476297284884,2026-02-17 13:09:52,True
tirtacipeng,7607379093906050325,https://www.tiktok.com/@tirtacipeng/video/7607379093906050325,2026-02-16 15:36:10,True
tirtacipeng,7607292813125995796,https://www.tiktok.com/@tirtacipeng/video/7607292813125995796,2026-02-16 10:01:22,True
tirtacipeng,7604566521544789255,https://www.tiktok.com/@tirtacipeng/video/7604566521544789255,2026-02-09 01:41:57,True
tirtacipeng,7603711613706800391,https://www.tiktok.com/@tirtacipeng/video/7603711613706800391,2026-02-06 18:24:29,True
tirtacipeng,7603662139550698770,https://www.tiktok.com/@tirtacipeng/video/7603662139550698770,2026-02-06 15:12:30,True
tirtacipeng,7603239708231044360,https://www.tiktok.com/@tirtacipeng/video/7603239708231044360,2026-02-05 11:53:15,True
tirtacipeng,7602463652435791122,https://www.tiktok.com/@tirtacipeng/video/7602463652435791122,2026-02-03 09:41:45,True
tirtacipeng,7601765641456078098,https://www.tiktok.com/@tirtacipeng/video/7601765641456078098,2026-02-01 12:33:07,True
tirtacipeng,7600617877263224071,https://www.tiktok.com/@tirtacipeng/video/7600617877263224071,2026-01-29 10:19:12,True
tirtacipeng,7599512073655160082,https://www.tiktok.com/@tirtacipeng/video/7599512073655160082,2026-01-26 10:48:07,True
tirtacipeng,7599253885399665938,https://www.tiktok.com/@tirtacipeng/video/7599253885399665938,2026-01-25 18:06:13,True
tirtacipeng,7599013992253771026,https://www.tiktok.com/@tirtacipeng/video/7599013992253771026,2026-01-25 02:35:18,True
tirtacipeng,7598775185575103752,https://www.tiktok.com/@tirtacipeng/video/7598775185575103752,2026-01-24 11:08:37,True
tirtacipeng,7598372397242174727,https://www.tiktok.com/@tirtacipeng/video/7598372397242174727,2026-01-23 09:05:35,True
tirtacipeng,7598142463202659592,https://www.tiktok.com/@tirtacipeng/video/7598142463202659592,2026-01-22 18:13:20,True
tirtacipeng,7597983350447410439,https://www.tiktok.com/@tirtacipeng/video/7597983350447410439,2026-01-22 07:55:53,True
tirtacipeng,7597805519641857287,https://www.tiktok.com/@tirtacipeng/video/7597805519641857287,2026-01-21 20:25:49,True
tirtacipeng,7597641084356857096,https://www.tiktok.com/@tirtacipeng/video/7597641084356857096,2026-01-21 09:47:43,True
tirtacipeng,7597372665162190098,https://www.tiktok.com/@tirtacipeng/video/7597372665162190098,2026-01-20 16:26:07,True
tirtacipeng,7597352196228861202,https://www.tiktok.com/@tirtacipeng/video/7597352196228861202,2026-01-20 15:06:41,True
tirtacipeng,7597018708724321544,https://www.tiktok.com/@tirtacipeng/video/7597018708724321544,2026-01-19 17:32:35,True
tirtacipeng,7596849903532281106,https://www.tiktok.com/@tirtacipeng/video/7596849903532281106,2026-01-19 06:37:32,True
tirtacipeng,7596382881551813896,https://www.tiktok.com/@tirtacipeng/video/7596382881551813896,2026-01-18 00:25:15,True
tirtacipeng,7596233832655883528,https://www.tiktok.com/@tirtacipeng/video/7596233832655883528,2026-01-17 14:46:52,True
tirtacipeng,7596187816883686674,https://www.tiktok.com/@tirtacipeng/video/7596187816883686674,2026-01-17 11:48:18,True
tirtacipeng,7595900255686708498,https://www.tiktok.com/@tirtacipeng/video/7595900255686708498,2026-01-16 17:12:25,True
tirtacipeng,7595516855066955016,https://www.tiktok.com/@tirtacipeng/video/7595516855066955016,2026-01-15 16:24:38,True
tirtacipeng,7595197312930958610,https://www.tiktok.com/@tirtacipeng/video/7595197312930958610,2026-01-14 19:44:39,True
tirtacipeng,7595032165021224199,https://www.tiktok.com/@tirtacipeng/video/7595032165021224199,2026-01-14 09:03:47,True
tirtacipeng,7594764241844931848,https://www.tiktok.com/@tirtacipeng/video/7594764241844931848,2026-01-13 15:44:06,True
tirtacipeng,7594463416937385223,https://www.tiktok.com/@tirtacipeng/video/7594463416937385223,2026-01-12 20:16:45,True
tirtacipeng,7594252512622906631,https://www.tiktok.com/@tirtacipeng/video/7594252512622906631,2026-01-12 06:38:20,True
tirtacipeng,7594124925246442760,https://www.tiktok.com/@tirtacipeng/video/7594124925246442760,2026-01-11 22:23:14,True
tirtacipeng,7594002954089172242,https://www.tiktok.com/@tirtacipeng/video/7594002954089172242,2026-01-11 14:29:55,True
tirtacipeng,7593608940236115207,https://www.tiktok.com/@tirtacipeng/video/7593608940236115207,2026-01-10 13:00:57,True
tirtacipeng,7593365226905423122,https://www.tiktok.com/@tirtacipeng/video/7593365226905423122,2026-01-09 21:15:13,True
tirtacipeng,7593119727417937160,https://www.tiktok.com/@tirtacipeng/video/7593119727417937160,2026-01-09 05:22:33,True
tirtacipeng,7592901573039148296,https://www.tiktok.com/@tirtacipeng/video/7592901573039148296,2026-01-08 15:16:00,True
tirtacipeng,7592326956432084232,https://www.tiktok.com/@tirtacipeng/video/7592326956432084232,2026-01-07 02:06:12,True
tirtacipeng,7592185513071627538,https://www.tiktok.com/@tirtacipeng/video/7592185513071627538,2026-01-06 16:57:19,True
tirtacipeng,7592037457076555028,https://www.tiktok.com/@tirtacipeng/video/7592037457076555028,2026-01-06 07:22:47,True
tirtacipeng,7591729993034632469,https://www.tiktok.com/@tirtacipeng/video/7591729993034632469,2026-01-05 11:29:40,True
tirtacipeng,7590642952880409877,https://www.tiktok.com/@tirtacipeng/video/7590642952880409877,2026-01-02 13:11:24,True
tirtacipeng,7590612653563809044,https://www.tiktok.com/@tirtacipeng/video/7590612653563809044,2026-01-02 11:13:49,True
tirtacipeng,7589841360174206228,https://www.tiktok.com/@tirtacipeng/video/7589841360174206228,2025-12-31 09:20:49,False
wishdrboyke,7680462356656246023,https://www.tiktok.com/@wishdrboyke/video/7680462356656246023,2026-09-01 14:16:34,False
wishdrboyke,7680052205617024274,https://www.tiktok.com/@wishdrboyke/video/7680052205617024274,2026-08-31 11:44:58,True
wishdrboyke,7679613044728581394,https://www.tiktok.com/@wishdrboyke/video/7679613044728581394,2026-08-30 07:20:48,True
wishdrboyke,7678677921355140359,https://www.tiktok.com/@wishdrboyke/video/7678677921355140359,2026-08-27 18:52:02,True
wishdrboyke,7678587778094910727,https://www.tiktok.com/@wishdrboyke/video/7678587778094910727,2026-08-27 13:02:14,True
wishdrboyke,7678151955847384328,https://www.tiktok.com/@wishdrboyke/video/7678151955847384328,2026-08-26 08:51:01,True
wishdrboyke,7675629681726573831,https://www.tiktok.com/@wishdrboyke/video/7675629681726573831,2026-08-19 13:43:19,True
wishdrboyke,7672681078804450578,https://www.tiktok.com/@wishdrboyke/video/7672681078804450578,2026-08-11 15:01:14,True
wishdrboyke,7672381222173068562,https://www.tiktok.com/@wishdrboyke/video/7672381222173068562,2026-08-10 19:37:38,True
wishdrboyke,7670831607812525320,https://www.tiktok.com/@wishdrboyke/video/7670831607812525320,2026-08-06 15:24:20,True
wishdrboyke,7670072778351004935,https://www.tiktok.com/@wishdrboyke/video/7670072778351004935,2026-08-04 14:19:41,True
wishdrboyke,7669690824354974984,https://www.tiktok.com/@wishdrboyke/video/7669690824354974984,2026-08-03 13:37:31,True
wishdrboyke,7669635182349126930,https://www.tiktok.com/@wishdrboyke/video/7669635182349126930,2026-08-03 10:01:36,True
wishdrboyke,7668531161731239176,https://www.tiktok.com/@wishdrboyke/video/7668531161731239176,2026-07-31 10:37:26,True
wishdrboyke,7668228008553041160,https://www.tiktok.com/@wishdrboyke/video/7668228008553041160,2026-07-30 15:01:02,True
wishdrboyke,7665976240066792712,https://www.tiktok.com/@wishdrboyke/video/7665976240066792712,2026-07-24 13:23:02,True
wishdrboyke,7665250415801290002,https://www.tiktok.com/@wishdrboyke/video/7665250415801290002,2026-07-22 14:26:28,True
wishdrboyke,7664505314158431496,https://www.tiktok.com/@wishdrboyke/video/7664505314158431496,2026-07-20 14:15:05,True
wishdrboyke,7661971343797259528,https://www.tiktok.com/@wishdrboyke/video/7661971343797259528,2026-07-13 18:21:59,True
wishdrboyke,7660320937140587794,https://www.tiktok.com/@wishdrboyke/video/7660320937140587794,2026-07-09 07:37:34,True
wishdrboyke,7655491371217718536,https://www.tiktok.com/@wishdrboyke/video/7655491371217718536,2026-06-26 07:16:23,True
wishdrboyke,7653789902093569287,https://www.tiktok.com/@wishdrboyke/video/7653789902093569287,2026-06-21 17:13:49,True
wishdrboyke,7653307743150804242,https://www.tiktok.com/@wishdrboyke/video/7653307743150804242,2026-06-20 10:02:47,True
wishdrboyke,7647505217193250066,https://www.tiktok.com/@wishdrboyke/video/7647505217193250066,2026-06-04 18:46:02,True
wishdrboyke,7647148279465020679,https://www.tiktok.com/@wishdrboyke/video/7647148279465020679,2026-06-03 19:40:56,True
wishdrboyke,7645286693892934930,https://www.tiktok.com/@wishdrboyke/video/7645286693892934930,2026-05-29 19:17:01,True
wishdrboyke,7644155213519015175,https://www.tiktok.com/@wishdrboyke/video/7644155213519015175,2026-05-26 18:06:18,True
wishdrboyke,7643784708156935432,https://www.tiktok.com/@wishdrboyke/video/7643784708156935432,2026-05-25 18:08:33,True
wishdrboyke,7642909176745774343,https://www.tiktok.com/@wishdrboyke/video/7642909176745774343,2026-05-23 09:31:03,True
wishdrboyke,7642315729684942088,https://www.tiktok.com/@wishdrboyke/video/7642315729684942088,2026-05-21 19:08:10,True
wishdrboyke,7642205836177198354,https://www.tiktok.com/@wishdrboyke/video/7642205836177198354,2026-05-21 12:01:43,True
wishdrboyke,7639358655216815367,https://www.tiktok.com/@wishdrboyke/video/7639358655216815367,2026-05-13 19:53:12,True
wishdrboyke,7638904058375343367,https://www.tiktok.com/@wishdrboyke/video/7638904058375343367,2026-05-12 14:29:08,True
wishdrboyke,7638530743164996871,https://www.tiktok.com/@wishdrboyke/video/7638530743164996871,2026-05-11 14:20:29,True
wishdrboyke,7636730874670746888,https://www.tiktok.com/@wishdrboyke/video/7636730874670746888,2026-05-06 17:56:04,True
wishdrboyke,7636366143229299975,https://www.tiktok.com/@wishdrboyke/video/7636366143229299975,2026-05-05 18:20:44,True
wishdrboyke,7636233062719720722,https://www.tiktok.com/@wishdrboyke/video/7636233062719720722,2026-05-05 09:44:19,True
wishdrboyke,7634092253312503048,https://www.tiktok.com/@wishdrboyke/video/7634092253312503048,2026-04-29 15:16:53,True
wishdrboyke,7631542268192705810,https://www.tiktok.com/@wishdrboyke/video/7631542268192705810,2026-04-22 18:21:38,True
wishdrboyke,7630691274294627592,https://www.tiktok.com/@wishdrboyke/video/7630691274294627592,2026-04-20 11:19:20,True
wishdrboyke,7629691774713253128,https://www.tiktok.com/@wishdrboyke/video/7629691774713253128,2026-04-17 18:40:46,True
wishdrboyke,7628934733296078098,https://www.tiktok.com/@wishdrboyke/video/7628934733296078098,2026-04-15 17:43:04,True
wishdrboyke,7628814700368727314,https://www.tiktok.com/@wishdrboyke/video/7628814700368727314,2026-04-15 09:57:17,True
wishdrboyke,7628570249188625671,https://www.tiktok.com/@wishdrboyke/video/7628570249188625671,2026-04-14 18:08:41,True
wishdrboyke,7628204401357868306,https://www.tiktok.com/@wishdrboyke/video/7628204401357868306,2026-04-13 18:29:00,True
wishdrboyke,7628142249729166600,https://www.tiktok.com/@wishdrboyke/video/7628142249729166600,2026-04-13 14:27:49,True
wishdrboyke,7627754236478098696,https://www.tiktok.com/@wishdrboyke/video/7627754236478098696,2026-04-12 13:22:08,True
wishdrboyke,7627089406670769426,https://www.tiktok.com/@wishdrboyke/video/7627089406670769426,2026-04-10 18:22:15,True
wishdrboyke,7626346037095222546,https://www.tiktok.com/@wishdrboyke/video/7626346037095222546,2026-04-08 18:17:36,True
wishdrboyke,7625626841537072402,https://www.tiktok.com/@wishdrboyke/video/7625626841537072402,2026-04-06 19:46:45,True
wishdrboyke,7623367131802897672,https://www.tiktok.com/@wishdrboyke/video/7623367131802897672,2026-03-31 17:37:56,True
wishdrboyke,7622927384060120327,https://www.tiktok.com/@wishdrboyke/video/7622927384060120327,2026-03-30 13:11:29,True
wishdrboyke,7619167054578470162,https://www.tiktok.com/@wishdrboyke/video/7619167054578470162,2026-03-20 09:59:29,True
wishdrboyke,7618936671530274055,https://www.tiktok.com/@wishdrboyke/video/7618936671530274055,2026-03-19 19:05:29,True
wishdrboyke,7618566566069669128,https://www.tiktok.com/@wishdrboyke/video/7618566566069669128,2026-03-18 19:09:17,True
wishdrboyke,7618338985483586824,https://www.tiktok.com/@wishdrboyke/video/7618338985483586824,2026-03-18 04:26:09,True
wishdrboyke,7618218517141277959,https://www.tiktok.com/@wishdrboyke/video/7618218517141277959,2026-03-17 20:38:40,True
wishdrboyke,7618055649133350152,https://www.tiktok.com/@wishdrboyke/video/7618055649133350152,2026-03-17 10:06:40,True
wishdrboyke,7617840756920732946,https://www.tiktok.com/@wishdrboyke/video/7617840756920732946,2026-03-16 20:12:46,True
wishdrboyke,7617816563168857352,https://www.tiktok.com/@wishdrboyke/video/7617816563168857352,2026-03-16 18:38:53,True
wishdrboyke,7616708817291676935,https://www.tiktok.com/@wishdrboyke/video/7616708817291676935,2026-03-13 19:00:16,True
wishdrboyke,7616581404637285639,https://www.tiktok.com/@wishdrboyke/video/7616581404637285639,2026-03-13 10:45:50,True
wishdrboyke,7616246841360911634,https://www.tiktok.com/@wishdrboyke/video/7616246841360911634,2026-03-12 13:07:34,True
wishdrboyke,7615945810919853319,https://www.tiktok.com/@wishdrboyke/video/7615945810919853319,2026-03-11 17:39:25,True
wishdrboyke,7615620569865669895,https://www.tiktok.com/@wishdrboyke/video/7615620569865669895,2026-03-10 20:37:19,True
wishdrboyke,7615525168688958738,https://www.tiktok.com/@wishdrboyke/video/7615525168688958738,2026-03-10 14:27:06,True
wishdrboyke,7615135191673130248,https://www.tiktok.com/@wishdrboyke/video/7615135191673130248,2026-03-09 13:13:48,True
wishdrboyke,7613299211395730706,https://www.tiktok.com/@wishdrboyke/video/7613299211395730706,2026-03-04 14:29:15,True
wishdrboyke,7612915858012146962,https://www.tiktok.com/@wishdrboyke/video/7612915858012146962,2026-03-03 13:41:39,True
wishdrboyke,7612733727017389320,https://www.tiktok.com/@wishdrboyke/video/7612733727017389320,2026-03-03 01:54:53,True
wishdrboyke,7611379342324567303,https://www.tiktok.com/@wishdrboyke/video/7611379342324567303,2026-02-27 10:19:11,True
wishdrboyke,7610775569940172050,https://www.tiktok.com/@wishdrboyke/video/7610775569940172050,2026-02-25 19:16:14,True
wishdrboyke,7610332851023711495,https://www.tiktok.com/@wishdrboyke/video/7610332851023711495,2026-02-24 14:38:16,True
wishdrboyke,7609970659082505479,https://www.tiktok.com/@wishdrboyke/video/7609970659082505479,2026-02-23 15:12:46,True
wishdrboyke,7605799083114188040,https://www.tiktok.com/@wishdrboyke/video/7605799083114188040,2026-02-12 09:24:56,True
wishdrboyke,7605508794977651976,https://www.tiktok.com/@wishdrboyke/video/7605508794977651976,2026-02-11 14:38:28,True
wishdrboyke,7584771451610287367,https://www.tiktok.com/@wishdrboyke/video/7584771451610287367,2025-12-17 17:26:59,False
bidancynthia,7680161710635846932,https://www.tiktok.com/@bidancynthia/video/7680161710635846932,2026-08-31 18:49:54,True
bidancynthia,7680145638931090709,https://www.tiktok.com/@bidancynthia/video/7680145638931090709,2026-08-31 17:47:32,True
bidancynthia,7679848061115321620,https://www.tiktok.com/@bidancynthia/video/7679848061115321620,2026-08-30 22:32:47,True
bidancynthia,7679730707845156116,https://www.tiktok.com/@bidancynthia/video/7679730707845156116,2026-08-30 14:57:23,True
bidancynthia,7679671824942107924,https://www.tiktok.com/@bidancynthia/video/7679671824942107924,2026-08-30 11:08:54,True
bidancynthia,7679509318261181717,https://www.tiktok.com/@bidancynthia/video/7679509318261181717,2026-08-30 00:38:17,True
bidancynthia,7679310966491729172,https://www.tiktok.com/@bidancynthia/video/7679310966491729172,2026-08-29 11:48:35,True
bidancynthia,7679061677563776276,https://www.tiktok.com/@bidancynthia/video/7679061677563776276,2026-08-28 19:41:13,True
bidancynthia,7678992826004196628,https://www.tiktok.com/@bidancynthia/video/7678992826004196628,2026-08-28 15:14:02,True
bidancynthia,7678934414578994453,https://www.tiktok.com/@bidancynthia/video/7678934414578994453,2026-08-28 11:27:22,True
bidancynthia,7678701479594626325,https://www.tiktok.com/@bidancynthia/video/7678701479594626325,2026-08-27 20:23:27,True
bidancynthia,7678665968800894229,https://www.tiktok.com/@bidancynthia/video/7678665968800894229,2026-08-27 18:05:39,True
bidancynthia,7678355585410125077,https://www.tiktok.com/@bidancynthia/video/7678355585410125077,2026-08-26 22:01:13,True
bidancynthia,7678300479377476885,https://www.tiktok.com/@bidancynthia/video/7678300479377476885,2026-08-26 18:27:22,True
bidancynthia,7678296158640459028,https://www.tiktok.com/@bidancynthia/video/7678296158640459028,2026-08-26 18:10:36,True
bidancynthia,7677962362380455189,https://www.tiktok.com/@bidancynthia/video/7677962362380455189,2026-08-25 20:35:18,True
bidancynthia,7677913862556912917,https://www.tiktok.com/@bidancynthia/video/7677913862556912917,2026-08-25 17:27:06,True
bidancynthia,7677799611683196180,https://www.tiktok.com/@bidancynthia/video/7677799611683196180,2026-08-25 10:03:45,True
bidancynthia,7677605333849656597,https://www.tiktok.com/@bidancynthia/video/7677605333849656597,2026-08-24 21:29:51,True
bidancynthia,7677239101598354709,https://www.tiktok.com/@bidancynthia/video/7677239101598354709,2026-08-23 21:48:41,True
bidancynthia,7677020854294973716,https://www.tiktok.com/@bidancynthia/video/7677020854294973716,2026-08-23 07:41:46,True
bidancynthia,7676831932868513045,https://www.tiktok.com/@bidancynthia/video/7676831932868513045,2026-08-22 19:28:40,True
bidancynthia,7676832628888194324,https://www.tiktok.com/@bidancynthia/video/7676832628888194324,2026-08-22 19:31:22,True
bidancynthia,7676829758034054420,https://www.tiktok.com/@bidancynthia/video/7676829758034054420,2026-08-22 19:20:13,True
bidancynthia,7676537423580499221,https://www.tiktok.com/@bidancynthia/video/7676537423580499221,2026-08-22 00:25:49,True
bidancynthia,7676447239820037397,https://www.tiktok.com/@bidancynthia/video/7676447239820037397,2026-08-21 18:35:51,True
bidancynthia,7676367290316639509,https://www.tiktok.com/@bidancynthia/video/7676367290316639509,2026-08-21 13:25:37,True
bidancynthia,7676065566339386645,https://www.tiktok.com/@bidancynthia/video/7676065566339386645,2026-08-20 17:54:46,True
bidancynthia,7675902902736620820,https://www.tiktok.com/@bidancynthia/video/7675902902736620820,2026-08-20 07:23:33,True
bidancynthia,7675883536552938773,https://www.tiktok.com/@bidancynthia/video/7675883536552938773,2026-08-20 06:08:24,True
bidancynthia,7675697019410713877,https://www.tiktok.com/@bidancynthia/video/7675697019410713877,2026-08-19 18:04:37,True
bidancynthia,7675335199705681172,https://www.tiktok.com/@bidancynthia/video/7675335199705681172,2026-08-18 18:40:34,True
bidancynthia,7675215266590002453,https://www.tiktok.com/@bidancynthia/video/7675215266590002453,2026-08-18 10:55:10,True
bidancynthia,7674940469532478740,https://www.tiktok.com/@bidancynthia/video/7674940469532478740,2026-08-17 17:08:49,True
bidancynthia,7674868666659245332,https://www.tiktok.com/@bidancynthia/video/7674868666659245332,2026-08-17 12:30:11,True
bidancynthia,7674861643104324885,https://www.tiktok.com/@bidancynthia/video/7674861643104324885,2026-08-17 12:02:56,True
bidancynthia,7674578177691323668,https://www.tiktok.com/@bidancynthia/video/7674578177691323668,2026-08-16 17:42:56,True
bidancynthia,7674325953648200980,https://www.tiktok.com/@bidancynthia/video/7674325953648200980,2026-08-16 01:24:11,True
bidancynthia,7674214177396903189,https://www.tiktok.com/@bidancynthia/video/7674214177396903189,2026-08-15 18:10:26,True
bidancynthia,7674124637080456468,https://www.tiktok.com/@bidancynthia/video/7674124637080456468,2026-08-15 12:22:58,True
bidancynthia,7674086864953117973,https://www.tiktok.com/@bidancynthia/video/7674086864953117973,2026-08-15 09:56:24,True
bidancynthia,7673867623548996885,https://www.tiktok.com/@bidancynthia/video/7673867623548996885,2026-08-14 19:45:38,True
bidancynthia,7673749203071290645,https://www.tiktok.com/@bidancynthia/video/7673749203071290645,2026-08-14 12:06:06,True
bidancynthia,7673495190790917396,https://www.tiktok.com/@bidancynthia/video/7673495190790917396,2026-08-13 19:40:24,True
bidancynthia,7673491685598399765,https://www.tiktok.com/@bidancynthia/video/7673491685598399765,2026-08-13 19:26:48,True
bidancynthia,7673126906581093652,https://www.tiktok.com/@bidancynthia/video/7673126906581093652,2026-08-12 19:51:16,True
bidancynthia,7673123229644475669,https://www.tiktok.com/@bidancynthia/video/7673123229644475669,2026-08-12 19:37:00,True
bidancynthia,7672459884276763925,https://www.tiktok.com/@bidancynthia/video/7672459884276763925,2026-08-11 00:42:53,True
bidancynthia,7672454812012776724,https://www.tiktok.com/@bidancynthia/video/7672454812012776724,2026-08-11 00:23:12,True
bidancynthia,7672349209688935701,https://www.tiktok.com/@bidancynthia/video/7672349209688935701,2026-08-10 17:33:24,True
bidancynthia,7672224704370855188,https://www.tiktok.com/@bidancynthia/video/7672224704370855188,2026-08-10 09:30:16,True
bidancynthia,7671984427722886421,https://www.tiktok.com/@bidancynthia/video/7671984427722886421,2026-08-09 17:57:52,True
bidancynthia,7671980703524850965,https://www.tiktok.com/@bidancynthia/video/7671980703524850965,2026-08-09 17:43:25,True
bidancynthia,7671877576884751636,https://www.tiktok.com/@bidancynthia/video/7671877576884751636,2026-08-09 11:03:14,True
bidancynthia,7671794269123775764,https://www.tiktok.com/@bidancynthia/video/7671794269123775764,2026-08-09 05:39:57,True
bidancynthia,7671612809091796245,https://www.tiktok.com/@bidancynthia/video/7671612809091796245,2026-08-08 17:55:48,True
bidancynthia,7671516439114779925,https://www.tiktok.com/@bidancynthia/video/7671516439114779925,2026-08-08 11:41:50,True
bidancynthia,7671140444222328085,https://www.tiktok.com/@bidancynthia/video/7671140444222328085,2026-08-07 11:22:47,True
bidancynthia,7670582283576904981,https://www.tiktok.com/@bidancynthia/video/7670582283576904981,2026-08-05 23:16:50,True
bidancynthia,7670588558205259028,https://www.tiktok.com/@bidancynthia/video/7670588558205259028,2026-08-05 23:41:11,True
bidancynthia,7670584379495681301,https://www.tiktok.com/@bidancynthia/video/7670584379495681301,2026-08-05 23:24:58,True
bidancynthia,7670581546205646101,https://www.tiktok.com/@bidancynthia/video/7670581546205646101,2026-08-05 23:13:58,True
bidancynthia,7670499947149626645,https://www.tiktok.com/@bidancynthia/video/7670499947149626645,2026-08-05 17:57:19,True
bidancynthia,7670414126518127892,https://www.tiktok.com/@bidancynthia/video/7670414126518127892,2026-08-05 12:24:18,True
bidancynthia,7670236449240911125,https://www.tiktok.com/@bidancynthia/video/7670236449240911125,2026-08-05 00:54:49,True
bidancynthia,7669852017875029268,https://www.tiktok.com/@bidancynthia/video/7669852017875029268,2026-08-04 00:03:02,True
bidancynthia,7669848057235836180,https://www.tiktok.com/@bidancynthia/video/7669848057235836180,2026-08-03 23:47:39,True
bidancynthia,7669752180039011605,https://www.tiktok.com/@bidancynthia/video/7669752180039011605,2026-08-03 17:35:36,True
bidancynthia,7669378908277525781,https://www.tiktok.com/@bidancynthia/video/7669378908277525781,2026-08-02 17:27:07,True
bidancynthia,7669297542382849301,https://www.tiktok.com/@bidancynthia/video/7669297542382849301,2026-08-02 12:11:23,True
bidancynthia,7668914144480972053,https://www.tiktok.com/@bidancynthia/video/7668914144480972053,2026-08-01 11:23:36,True
bidancynthia,7668661951182032148,https://www.tiktok.com/@bidancynthia/video/7668661951182032148,2026-07-31 19:04:58,True
bidancynthia,7668470940497366293,https://www.tiktok.com/@bidancynthia/video/7668470940497366293,2026-07-31 06:43:44,True
bidancynthia,7668406045580201237,https://www.tiktok.com/@bidancynthia/video/7668406045580201237,2026-07-31 02:31:55,True
bidancynthia,7667878487293791509,https://www.tiktok.com/@bidancynthia/video/7667878487293791509,2026-07-29 16:24:43,True
bidancynthia,7667432238753107220,https://www.tiktok.com/@bidancynthia/video/7667432238753107220,2026-07-28 11:33:03,True
bidancynthia,7667155748215934228,https://www.tiktok.com/@bidancynthia/video/7667155748215934228,2026-07-27 17:40:07,True
bidancynthia,7667056607619976468,https://www.tiktok.com/@bidancynthia/video/7667056607619976468,2026-07-27 11:15:24,True
bidancynthia,7666816114743102740,https://www.tiktok.com/@bidancynthia/video/7666816114743102740,2026-07-26 19:42:10,True
bidancynthia,7666781917433335060,https://www.tiktok.com/@bidancynthia/video/7666781917433335060,2026-07-26 17:29:28,True
bidancynthia,7666696829077163284,https://www.tiktok.com/@bidancynthia/video/7666696829077163284,2026-07-26 11:59:17,True
bidancynthia,7666331924771753237,https://www.tiktok.com/@bidancynthia/video/7666331924771753237,2026-07-25 12:23:16,True
bidancynthia,7666152486193122581,https://www.tiktok.com/@bidancynthia/video/7666152486193122581,2026-07-25 00:46:57,True
bidancynthia,7666146806023261460,https://www.tiktok.com/@bidancynthia/video/7666146806023261460,2026-07-25 00:24:55,True
bidancynthia,7666022291272420628,https://www.tiktok.com/@bidancynthia/video/7666022291272420628,2026-07-24 16:21:44,True
bidancynthia,7665941392346189076,https://www.tiktok.com/@bidancynthia/video/7665941392346189076,2026-07-24 11:07:48,True
bidancynthia,7665776826911902997,https://www.tiktok.com/@bidancynthia/video/7665776826911902997,2026-07-24 00:29:12,True
bidancynthia,7665673433753177364,https://www.tiktok.com/@bidancynthia/video/7665673433753177364,2026-07-23 17:47:59,True
bidancynthia,7665567254603435284,https://www.tiktok.com/@bidancynthia/video/7665567254603435284,2026-07-23 10:55:57,True
bidancynthia,7665489593302551828,https://www.tiktok.com/@bidancynthia/video/7665489593302551828,2026-07-23 05:54:35,True
bidancynthia,7664921564067941653,https://www.tiktok.com/@bidancynthia/video/7664921564067941653,2026-07-21 17:10:21,True
bidancynthia,7664652447150787861,https://www.tiktok.com/@bidancynthia/video/7664652447150787861,2026-07-20 23:46:02,True
bidancynthia,7664423716356443412,https://www.tiktok.com/@bidancynthia/video/7664423716356443412,2026-07-20 08:58:27,True
bidancynthia,7664182325965507860,https://www.tiktok.com/@bidancynthia/video/7664182325965507860,2026-07-19 17:21:44,True
bidancynthia,7663925552562162964,https://www.tiktok.com/@bidancynthia/video/7663925552562162964,2026-07-19 00:45:19,True
bidancynthia,7663817252554214677,https://www.tiktok.com/@bidancynthia/video/7663817252554214677,2026-07-18 17:45:03,True
bidancynthia,7663539203384397077,https://www.tiktok.com/@bidancynthia/video/7663539203384397077,2026-07-17 23:46:05,True
bidancynthia,7663480496260746516,https://www.tiktok.com/@bidancynthia/video/7663480496260746516,2026-07-17 19:58:16,True
bidancynthia,7663285052494728469,https://www.tiktok.com/@bidancynthia/video/7663285052494728469,2026-07-17 07:19:51,True
bidancynthia,7662912464031337749,https://www.tiktok.com/@bidancynthia/video/7662912464031337749,2026-07-16 07:14:01,True
bidancynthia,7662729076896959764,https://www.tiktok.com/@bidancynthia/video/7662729076896959764,2026-07-15 19:22:23,True
bidancynthia,7662537321182432532,https://www.tiktok.com/@bidancynthia/video/7662537321182432532,2026-07-15 06:58:16,True
bidancynthia,7662404897790332180,https://www.tiktok.com/@bidancynthia/video/7662404897790332180,2026-07-14 22:24:24,True
bidancynthia,7662318744298917141,https://www.tiktok.com/@bidancynthia/video/7662318744298917141,2026-07-14 16:50:05,True
bidancynthia,7661961238691237140,https://www.tiktok.com/@bidancynthia/video/7661961238691237140,2026-07-13 17:42:46,True
bidancynthia,7661860042076917013,https://www.tiktok.com/@bidancynthia/video/7661860042076917013,2026-07-13 11:10:05,True
bidancynthia,7661496961152879893,https://www.tiktok.com/@bidancynthia/video/7661496961152879893,2026-07-12 11:41:08,True
bidancynthia,7661218031485373716,https://www.tiktok.com/@bidancynthia/video/7661218031485373716,2026-07-11 17:38:45,True
bidancynthia,7661126425537301781,https://www.tiktok.com/@bidancynthia/video/7661126425537301781,2026-07-11 11:43:16,True
bidancynthia,7661043757923470612,https://www.tiktok.com/@bidancynthia/video/7661043757923470612,2026-07-11 06:22:29,True
bidancynthia,7660743967104863508,https://www.tiktok.com/@bidancynthia/video/7660743967104863508,2026-07-10 10:59:08,True
bidancynthia,7660392948533579029,https://www.tiktok.com/@bidancynthia/video/7660392948533579029,2026-07-09 12:17:00,True
bidancynthia,7660221782435040532,https://www.tiktok.com/@bidancynthia/video/7660221782435040532,2026-07-09 01:12:48,True
bidancynthia,7660211650267647252,https://www.tiktok.com/@bidancynthia/video/7660211650267647252,2026-07-09 00:33:29,True
bidancynthia,7660104748388912405,https://www.tiktok.com/@bidancynthia/video/7660104748388912405,2026-07-08 17:38:39,True
bidancynthia,7659748982419115284,https://www.tiktok.com/@bidancynthia/video/7659748982419115284,2026-07-07 18:38:05,True
bidancynthia,7659501376438881556,https://www.tiktok.com/@bidancynthia/video/7659501376438881556,2026-07-07 02:37:15,True
bidancynthia,7659390981346823445,https://www.tiktok.com/@bidancynthia/video/7659390981346823445,2026-07-06 19:28:52,True
bidancynthia,7659260968676953365,https://www.tiktok.com/@bidancynthia/video/7659260968676953365,2026-07-06 11:04:21,True
bidancynthia,7659189978517228821,https://www.tiktok.com/@bidancynthia/video/7659189978517228821,2026-07-06 06:28:52,True
bidancynthia,7659021131772464404,https://www.tiktok.com/@bidancynthia/video/7659021131772464404,2026-07-05 19:33:39,True
bidancynthia,7658519748480683284,https://www.tiktok.com/@bidancynthia/video/7658519748480683284,2026-07-04 11:08:02,True
bidancynthia,7658360705107643668,https://www.tiktok.com/@bidancynthia/video/7658360705107643668,2026-07-04 00:50:52,True
bidancynthia,7658253241389419797,https://www.tiktok.com/@bidancynthia/video/7658253241389419797,2026-07-03 17:53:51,True
bidancynthia,7658174868197887253,https://www.tiktok.com/@bidancynthia/video/7658174868197887253,2026-07-03 12:49:43,True
bidancynthia,7658050037825522965,https://www.tiktok.com/@bidancynthia/video/7658050037825522965,2026-07-03 04:45:19,True
bidancynthia,7657836724436864277,https://www.tiktok.com/@bidancynthia/video/7657836724436864277,2026-07-02 14:57:33,True
bidancynthia,7657777625410145557,https://www.tiktok.com/@bidancynthia/video/7657777625410145557,2026-07-02 11:08:13,True
bidancynthia,7657508917580139796,https://www.tiktok.com/@bidancynthia/video/7657508917580139796,2026-07-01 17:45:30,True
bidancynthia,7657415513206820117,https://www.tiktok.com/@bidancynthia/video/7657415513206820117,2026-07-01 11:43:02,True
bidancynthia,7657183755488152853,https://www.tiktok.com/@bidancynthia/video/7657183755488152853,2026-06-30 20:43:42,True
bidancynthia,7657109683752340756,https://www.tiktok.com/@bidancynthia/video/7657109683752340756,2026-06-30 15:56:16,True
bidancynthia,7656848503439674645,https://www.tiktok.com/@bidancynthia/video/7656848503439674645,2026-06-29 23:02:45,True
bidancynthia,7656790892954520853,https://www.tiktok.com/@bidancynthia/video/7656790892954520853,2026-06-29 19:19:11,True
bidancynthia,7656575682776010004,https://www.tiktok.com/@bidancynthia/video/7656575682776010004,2026-06-29 05:24:04,True
bidancynthia,7656406346648014100,https://www.tiktok.com/@bidancynthia/video/7656406346648014100,2026-06-28 18:26:57,True
bidancynthia,7656285111914220820,https://www.tiktok.com/@bidancynthia/video/7656285111914220820,2026-06-28 10:36:30,True
bidancynthia,7656038532418620692,https://www.tiktok.com/@bidancynthia/video/7656038532418620692,2026-06-27 18:39:39,True
bidancynthia,7655746250100280596,https://www.tiktok.com/@bidancynthia/video/7655746250100280596,2026-06-26 23:45:27,True
bidancynthia,7655545224533413140,https://www.tiktok.com/@bidancynthia/video/7655545224533413140,2026-06-26 10:45:22,True
bidancynthia,7655276388475260181,https://www.tiktok.com/@bidancynthia/video/7655276388475260181,2026-06-25 17:22:08,True
bidancynthia,7655190176599264532,https://www.tiktok.com/@bidancynthia/video/7655190176599264532,2026-06-25 11:47:36,True
bidancynthia,7654937339621428500,https://www.tiktok.com/@bidancynthia/video/7654937339621428500,2026-06-24 19:26:27,True
bidancynthia,7654819115688922388,https://www.tiktok.com/@bidancynthia/video/7654819115688922388,2026-06-24 11:47:41,True
bidancynthia,7654611462949752085,https://www.tiktok.com/@bidancynthia/video/7654611462949752085,2026-06-23 22:21:53,True
bidancynthia,7654573850906184980,https://www.tiktok.com/@bidancynthia/video/7654573850906184980,2026-06-23 19:55:56,True
bidancynthia,7654535710732537109,https://www.tiktok.com/@bidancynthia/video/7654535710732537109,2026-06-23 17:27:56,True
bidancynthia,7654261462596111636,https://www.tiktok.com/@bidancynthia/video/7654261462596111636,2026-06-22 23:43:43,True
bidancynthia,7653899925888961812,https://www.tiktok.com/@bidancynthia/video/7653899925888961812,2026-06-22 00:20:46,True
bidancynthia,7653806205122383125,https://www.tiktok.com/@bidancynthia/video/7653806205122383125,2026-06-21 18:17:05,True
bidancynthia,7653534026174631189,https://www.tiktok.com/@bidancynthia/video/7653534026174631189,2026-06-21 00:40:53,True
bidancynthia,7653492955214368021,https://www.tiktok.com/@bidancynthia/video/7653492955214368021,2026-06-20 22:01:30,True
bidancynthia,7653428662015937813,https://www.tiktok.com/@bidancynthia/video/7653428662015937813,2026-06-20 17:52:01,True
bidancynthia,7653340443383647508,https://www.tiktok.com/@bidancynthia/video/7653340443383647508,2026-06-20 12:09:41,True
bidancynthia,7652995143783517460,https://www.tiktok.com/@bidancynthia/video/7652995143783517460,2026-06-19 13:49:45,True
bidancynthia,7652682517685832981,https://www.tiktok.com/@bidancynthia/video/7652682517685832981,2026-06-18 17:36:36,True
bidancynthia,7652411594030304532,https://www.tiktok.com/@bidancynthia/video/7652411594030304532,2026-06-18 00:05:16,True
bidancynthia,7652221532286094612,https://www.tiktok.com/@bidancynthia/video/7652221532286094612,2026-06-17 11:47:44,True
bidancynthia,7652140459434855700,https://www.tiktok.com/@bidancynthia/video/7652140459434855700,2026-06-17 06:33:08,True
bidancynthia,7651998623235935508,https://www.tiktok.com/@bidancynthia/video/7651998623235935508,2026-06-16 21:22:44,True
bidancynthia,7651852755199446293,https://www.tiktok.com/@bidancynthia/video/7651852755199446293,2026-06-16 11:56:42,True
bidancynthia,7651575598426508564,https://www.tiktok.com/@bidancynthia/video/7651575598426508564,2026-06-15 18:01:11,True
bidancynthia,7651363510949006613,https://www.tiktok.com/@bidancynthia/video/7651363510949006613,2026-06-15 04:18:11,True
bidancynthia,7651119066584747284,https://www.tiktok.com/@bidancynthia/video/7651119066584747284,2026-06-14 12:29:36,True
bidancynthia,7650905348450094356,https://www.tiktok.com/@bidancynthia/video/7650905348450094356,2026-06-13 22:40:16,True
bidancynthia,7650837009174416661,https://www.tiktok.com/@bidancynthia/video/7650837009174416661,2026-06-13 18:15:05,True
bidancynthia,7650744258256702740,https://www.tiktok.com/@bidancynthia/video/7650744258256702740,2026-06-13 12:15:10,True
bidancynthia,7650542928376368405,https://www.tiktok.com/@bidancynthia/video/7650542928376368405,2026-06-12 23:13:54,True
bidancynthia,7650293115672202516,https://www.tiktok.com/@bidancynthia/video/7650293115672202516,2026-06-12 07:04:30,True
bidancynthia,7650128549319314708,https://www.tiktok.com/@bidancynthia/video/7650128549319314708,2026-06-11 20:25:54,True
bidancynthia,7650004521673968917,https://www.tiktok.com/@bidancynthia/video/7650004521673968917,2026-06-11 12:24:36,True
bidancynthia,7649822281883176212,https://www.tiktok.com/@bidancynthia/video/7649822281883176212,2026-06-11 00:37:25,True
bidancynthia,7649625220495445268,https://www.tiktok.com/@bidancynthia/video/7649625220495445268,2026-06-10 11:52:43,True
bidancynthia,7649402889940684053,https://www.tiktok.com/@bidancynthia/video/7649402889940684053,2026-06-09 21:29:58,True
bidancynthia,7649245944571120916,https://www.tiktok.com/@bidancynthia/video/7649245944571120916,2026-06-09 11:20:56,True
bidancynthia,7649119829269613844,https://www.tiktok.com/@bidancynthia/video/7649119829269613844,2026-06-09 03:11:33,True
bidancynthia,7648975228206337300,https://www.tiktok.com/@bidancynthia/video/7648975228206337300,2026-06-08 17:50:25,True
bidancynthia,7648873892278193428,https://www.tiktok.com/@bidancynthia/video/7648873892278193428,2026-06-08 11:17:11,True
bidancynthia,7648598912638504212,https://www.tiktok.com/@bidancynthia/video/7648598912638504212,2026-06-07 17:30:07,True
bidancynthia,7648436934708088085,https://www.tiktok.com/@bidancynthia/video/7648436934708088085,2026-06-07 07:01:34,True
bidancynthia,7648242451341266197,https://www.tiktok.com/@bidancynthia/video/7648242451341266197,2026-06-06 18:26:52,True
bidancynthia,7647964969979464981,https://www.tiktok.com/@bidancynthia/video/7647964969979464981,2026-06-06 00:30:06,True
bidancynthia,7647859541316554005,https://www.tiktok.com/@bidancynthia/video/7647859541316554005,2026-06-05 17:40:59,True
bidancynthia,7647450622731488533,https://www.tiktok.com/@bidancynthia/video/7647450622731488533,2026-06-04 15:14:10,True
bidancynthia,7647419725391072532,https://www.tiktok.com/@bidancynthia/video/7647419725391072532,2026-06-04 13:14:16,True
bidancynthia,7647183365736647957,https://www.tiktok.com/@bidancynthia/video/7647183365736647957,2026-06-03 21:57:05,True
bidancynthia,7647092941499976981,https://www.tiktok.com/@bidancynthia/video/7647092941499976981,2026-06-03 16:06:11,True
bidancynthia,7647015123772640532,https://www.tiktok.com/@bidancynthia/video/7647015123772640532,2026-06-03 11:04:13,True
bidancynthia,7646781445532437781,https://www.tiktok.com/@bidancynthia/video/7646781445532437781,2026-06-02 19:57:25,True
bidancynthia,7646740609973243156,https://www.tiktok.com/@bidancynthia/video/7646740609973243156,2026-06-02 17:18:58,True
bidancynthia,7646646340834839828,https://www.tiktok.com/@bidancynthia/video/7646646340834839828,2026-06-02 11:13:09,True
bidancynthia,7646443468323212565,https://www.tiktok.com/@bidancynthia/video/7646443468323212565,2026-06-01 22:05:54,True
bidancynthia,7646420385235340564,https://www.tiktok.com/@bidancynthia/video/7646420385235340564,2026-06-01 20:36:19,True
bidancynthia,7646295457127238933,https://www.tiktok.com/@bidancynthia/video/7646295457127238933,2026-06-01 12:31:32,True
bidancynthia,7646069836786912533,https://www.tiktok.com/@bidancynthia/video/7646069836786912533,2026-05-31 21:56:01,True
bidancynthia,7645917289585364245,https://www.tiktok.com/@bidancynthia/video/7645917289585364245,2026-05-31 12:04:03,True
bidancynthia,7645915886968212757,https://www.tiktok.com/@bidancynthia/video/7645915886968212757,2026-05-31 11:58:37,True
bidancynthia,7645712851218255125,https://www.tiktok.com/@bidancynthia/video/7645712851218255125,2026-05-30 22:50:44,True
bidancynthia,7645547146300640532,https://www.tiktok.com/@bidancynthia/video/7645547146300640532,2026-05-30 12:07:43,True
bidancynthia,7645283199333043477,https://www.tiktok.com/@bidancynthia/video/7645283199333043477,2026-05-29 19:03:28,True
bidancynthia,7644989686842445076,https://www.tiktok.com/@bidancynthia/video/7644989686842445076,2026-05-29 00:04:29,True
bidancynthia,7644891451066879253,https://www.tiktok.com/@bidancynthia/video/7644891451066879253,2026-05-28 17:43:17,True
bidancynthia,7644626646670118165,https://www.tiktok.com/@bidancynthia/video/7644626646670118165,2026-05-28 00:35:42,True
bidancynthia,7644543477488864532,https://www.tiktok.com/@bidancynthia/video/7644543477488864532,2026-05-27 19:12:58,True
bidancynthia,7644433568214813973,https://www.tiktok.com/@bidancynthia/video/7644433568214813973,2026-05-27 12:06:28,True
bidancynthia,7644165422845070612,https://www.tiktok.com/@bidancynthia/video/7644165422845070612,2026-05-26 18:45:55,True
bidancynthia,7644041919609277717,https://www.tiktok.com/@bidancynthia/video/7644041919609277717,2026-05-26 10:46:40,True
bidancynthia,7643949291387538708,https://www.tiktok.com/@bidancynthia/video/7643949291387538708,2026-05-26 04:47:13,True
bidancynthia,7643696965254925589,https://www.tiktok.com/@bidancynthia/video/7643696965254925589,2026-05-25 12:28:04,True
bidancynthia,7643375909205986581,https://www.tiktok.com/@bidancynthia/video/7643375909205986581,2026-05-24 15:42:12,True
bidancynthia,7643304483430288660,https://www.tiktok.com/@bidancynthia/video/7643304483430288660,2026-05-24 11:05:02,True
bidancynthia,7643035436251729173,https://www.tiktok.com/@bidancynthia/video/7643035436251729173,2026-05-23 17:41:00,True
bidancynthia,7642681769132690709,https://www.tiktok.com/@bidancynthia/video/7642681769132690709,2026-05-22 18:48:35,True
bidancynthia,7642596282409815317,https://www.tiktok.com/@bidancynthia/video/7642596282409815317,2026-05-22 13:16:51,True
bidancynthia,7642213910346485012,https://www.tiktok.com/@bidancynthia/video/7642213910346485012,2026-05-21 12:33:03,True
bidancynthia,7642193933400886548,https://www.tiktok.com/@bidancynthia/video/7642193933400886548,2026-05-21 11:15:32,True
bidancynthia,7641746560715377941,https://www.tiktok.com/@bidancynthia/video/7641746560715377941,2026-05-20 06:19:30,True
bidancynthia,7641719430258396437,https://www.tiktok.com/@bidancynthia/video/7641719430258396437,2026-05-20 04:34:13,True
bidancynthia,7641628592761359636,https://www.tiktok.com/@bidancynthia/video/7641628592761359636,2026-05-19 22:41:43,True
bidancynthia,7641567487229791508,https://www.tiktok.com/@bidancynthia/video/7641567487229791508,2026-05-19 18:44:36,True
bidancynthia,7641450426214206740,https://www.tiktok.com/@bidancynthia/video/7641450426214206740,2026-05-19 11:10:21,True
bidancynthia,7641174568362872084,https://www.tiktok.com/@bidancynthia/video/7641174568362872084,2026-05-18 17:19:53,True
bidancynthia,7641086475458612500,https://www.tiktok.com/@bidancynthia/video/7641086475458612500,2026-05-18 11:38:02,True
bidancynthia,7640933489444949268,https://www.tiktok.com/@bidancynthia/video/7640933489444949268,2026-05-18 01:44:22,True
bidancynthia,7640762933538065685,https://www.tiktok.com/@bidancynthia/video/7640762933538065685,2026-05-17 14:42:31,True
bidancynthia,7640713092283780372,https://www.tiktok.com/@bidancynthia/video/7640713092283780372,2026-05-17 11:29:07,True
bidancynthia,7640466409495088405,https://www.tiktok.com/@bidancynthia/video/7640466409495088405,2026-05-16 19:31:51,True
bidancynthia,7640351904135908628,https://www.tiktok.com/@bidancynthia/video/7640351904135908628,2026-05-16 12:07:31,True
bidancynthia,7640089236233932053,https://www.tiktok.com/@bidancynthia/video/7640089236233932053,2026-05-15 19:08:14,True
bidancynthia,7639893011052236053,https://www.tiktok.com/@bidancynthia/video/7639893011052236053,2026-05-15 06:26:47,True
bidancynthia,7639767285984972053,https://www.tiktok.com/@bidancynthia/video/7639767285984972053,2026-05-14 22:18:54,True
bidancynthia,7639699090493689108,https://www.tiktok.com/@bidancynthia/video/7639699090493689108,2026-05-14 17:54:16,True
bidancynthia,7639579873752698133,https://www.tiktok.com/@bidancynthia/video/7639579873752698133,2026-05-14 10:11:39,True
bidancynthia,7639340236937383188,https://www.tiktok.com/@bidancynthia/video/7639340236937383188,2026-05-13 18:41:44,True
bidancynthia,7639211570433658132,https://www.tiktok.com/@bidancynthia/video/7639211570433658132,2026-05-13 10:22:26,True
bidancynthia,7639000570392595733,https://www.tiktok.com/@bidancynthia/video/7639000570392595733,2026-05-12 20:43:39,True
bidancynthia,7638875926134099220,https://www.tiktok.com/@bidancynthia/video/7638875926134099220,2026-05-12 12:39:58,True
bidancynthia,7638781921513721109,https://www.tiktok.com/@bidancynthia/video/7638781921513721109,2026-05-12 06:35:11,True
bidancynthia,7638631493627219221,https://www.tiktok.com/@bidancynthia/video/7638631493627219221,2026-05-11 20:51:27,True
bidancynthia,7638408211787189525,https://www.tiktok.com/@bidancynthia/video/7638408211787189525,2026-05-11 06:25:00,True
bidancynthia,7638214631718128916,https://www.tiktok.com/@bidancynthia/video/7638214631718128916,2026-05-10 17:53:49,True
bidancynthia,7638106865234349333,https://www.tiktok.com/@bidancynthia/video/7638106865234349333,2026-05-10 10:55:37,True
bidancynthia,7637980573004483860,https://www.tiktok.com/@bidancynthia/video/7637980573004483860,2026-05-10 02:45:33,True
bidancynthia,7637846636047338773,https://www.tiktok.com/@bidancynthia/video/7637846636047338773,2026-05-09 18:05:48,True
bidancynthia,7637752331383082261,https://www.tiktok.com/@bidancynthia/video/7637752331383082261,2026-05-09 11:59:51,True
bidancynthia,7637679525471522068,https://www.tiktok.com/@bidancynthia/video/7637679525471522068,2026-05-09 07:17:19,True
bidancynthia,7637404825486937365,https://www.tiktok.com/@bidancynthia/video/7637404825486937365,2026-05-08 13:31:21,True
bidancynthia,7637334256712305940,https://www.tiktok.com/@bidancynthia/video/7637334256712305940,2026-05-08 08:57:30,True
bidancynthia,7637193872522661140,https://www.tiktok.com/@bidancynthia/video/7637193872522661140,2026-05-07 23:52:45,True
bidancynthia,7637089059910847764,https://www.tiktok.com/@bidancynthia/video/7637089059910847764,2026-05-07 17:06:01,True
bidancynthia,7636977721188437269,https://www.tiktok.com/@bidancynthia/video/7636977721188437269,2026-05-07 09:53:58,True
bidancynthia,7636792443404373269,https://www.tiktok.com/@bidancynthia/video/7636792443404373269,2026-05-06 21:55:00,True
bidancynthia,7636717958978424084,https://www.tiktok.com/@bidancynthia/video/7636717958978424084,2026-05-06 17:05:57,True
bidancynthia,7636551809728875797,https://www.tiktok.com/@bidancynthia/video/7636551809728875797,2026-05-06 06:21:13,True
bidancynthia,7636403337197276436,https://www.tiktok.com/@bidancynthia/video/7636403337197276436,2026-05-05 20:45:04,True
bidancynthia,7636352203980082453,https://www.tiktok.com/@bidancynthia/video/7636352203980082453,2026-05-05 17:26:38,True
bidancynthia,7636251578135088405,https://www.tiktok.com/@bidancynthia/video/7636251578135088405,2026-05-05 10:56:10,True
bidancynthia,7635936221516139797,https://www.tiktok.com/@bidancynthia/video/7635936221516139797,2026-05-04 14:32:25,True
bidancynthia,7635955950729415957,https://www.tiktok.com/@bidancynthia/video/7635955950729415957,2026-05-04 15:48:58,True
bidancynthia,7635634327652551957,https://www.tiktok.com/@bidancynthia/video/7635634327652551957,2026-05-03 19:00:55,True
bidancynthia,7635457612242341141,https://www.tiktok.com/@bidancynthia/video/7635457612242341141,2026-05-03 07:35:10,True
bidancynthia,7635292986250628372,https://www.tiktok.com/@bidancynthia/video/7635292986250628372,2026-05-02 20:56:20,True
bidancynthia,7635156488851344660,https://www.tiktok.com/@bidancynthia/video/7635156488851344660,2026-05-02 12:06:39,True
bidancynthia,7634841024963366164,https://www.tiktok.com/@bidancynthia/video/7634841024963366164,2026-05-01 15:42:30,True
bidancynthia,7634771968495045909,https://www.tiktok.com/@bidancynthia/video/7634771968495045909,2026-05-01 11:14:31,True
bidancynthia,7634452998885805332,https://www.tiktok.com/@bidancynthia/video/7634452998885805332,2026-04-30 14:36:45,True
bidancynthia,7634419501827656980,https://www.tiktok.com/@bidancynthia/video/7634419501827656980,2026-04-30 12:26:46,True
bidancynthia,7634056285322824980,https://www.tiktok.com/@bidancynthia/video/7634056285322824980,2026-04-29 12:57:18,True
bidancynthia,7633804680417529108,https://www.tiktok.com/@bidancynthia/video/7633804680417529108,2026-04-28 20:40:57,True
bidancynthia,7633677704029637909,https://www.tiktok.com/@bidancynthia/video/7633677704029637909,2026-04-28 12:28:13,True
bidancynthia,7633453226402106644,https://www.tiktok.com/@bidancynthia/video/7633453226402106644,2026-04-27 21:57:08,True
bidancynthia,7633102082861567253,https://www.tiktok.com/@bidancynthia/video/7633102082861567253,2026-04-26 23:14:31,True
bidancynthia,7632916497962126612,https://www.tiktok.com/@bidancynthia/video/7632916497962126612,2026-04-26 11:14:21,True
bidancynthia,7632853352707001620,https://www.tiktok.com/@bidancynthia/video/7632853352707001620,2026-04-26 07:09:19,True
bidancynthia,7632662508909726997,https://www.tiktok.com/@bidancynthia/video/7632662508909726997,2026-04-25 18:48:44,True
bidancynthia,7632566432177409300,https://www.tiktok.com/@bidancynthia/video/7632566432177409300,2026-04-25 12:35:55,True
bidancynthia,7632271700859620628,https://www.tiktok.com/@bidancynthia/video/7632271700859620628,2026-04-24 17:32:12,True
bidancynthia,7632192304383577365,https://www.tiktok.com/@bidancynthia/video/7632192304383577365,2026-04-24 12:24:06,True
bidancynthia,7632106321067674900,https://www.tiktok.com/@bidancynthia/video/7632106321067674900,2026-04-24 06:50:27,True
bidancynthia,7631990085055008021,https://www.tiktok.com/@bidancynthia/video/7631990085055008021,2026-04-23 23:19:23,True
bidancynthia,7631809006364921108,https://www.tiktok.com/@bidancynthia/video/7631809006364921108,2026-04-23 11:36:43,True
bidancynthia,7631520286994631957,https://www.tiktok.com/@bidancynthia/video/7631520286994631957,2026-04-22 16:56:20,True
bidancynthia,7631201567202397461,https://www.tiktok.com/@bidancynthia/video/7631201567202397461,2026-04-21 20:19:32,True
bidancynthia,7631093317446552852,https://www.tiktok.com/@bidancynthia/video/7631093317446552852,2026-04-21 13:19:28,True
bidancynthia,7630832790946336020,https://www.tiktok.com/@bidancynthia/video/7630832790946336020,2026-04-20 20:28:30,True
bidancynthia,7630695569995992341,https://www.tiktok.com/@bidancynthia/video/7630695569995992341,2026-04-20 11:36:01,True
bidancynthia,7630414356093750549,https://www.tiktok.com/@bidancynthia/video/7630414356093750549,2026-04-19 17:24:45,True
bidancynthia,7630305219955477780,https://www.tiktok.com/@bidancynthia/video/7630305219955477780,2026-04-19 10:21:15,True
bidancynthia,7630078484311723284,https://www.tiktok.com/@bidancynthia/video/7630078484311723284,2026-04-18 19:41:24,True
bidancynthia,7629930788250717461,https://www.tiktok.com/@bidancynthia/video/7629930788250717461,2026-04-18 10:08:16,True
bidancynthia,7629690110774234389,https://www.tiktok.com/@bidancynthia/video/7629690110774234389,2026-04-17 18:34:19,True
bidancynthia,7629380861078768916,https://www.tiktok.com/@bidancynthia/video/7629380861078768916,2026-04-16 22:34:16,True
bidancynthia,7629372644738993429,https://www.tiktok.com/@bidancynthia/video/7629372644738993429,2026-04-16 22:02:23,True
bidancynthia,7629335543377087764,https://www.tiktok.com/@bidancynthia/video/7629335543377087764,2026-04-16 19:38:25,True
bidancynthia,7629215503252344085,https://www.tiktok.com/@bidancynthia/video/7629215503252344085,2026-04-16 11:52:36,True
bidancynthia,7628933502158769429,https://www.tiktok.com/@bidancynthia/video/7628933502158769429,2026-04-15 17:38:17,True
bidancynthia,7628756267623845127,https://www.tiktok.com/@bidancynthia/video/7628756267623845127,2026-04-15 06:10:32,True
bidancynthia,7628568450402733333,https://www.tiktok.com/@bidancynthia/video/7628568450402733333,2026-04-14 18:01:42,True
bidancynthia,7628465759584488725,https://www.tiktok.com/@bidancynthia/video/7628465759584488725,2026-04-14 11:23:12,True
bidancynthia,7628312690380786964,https://www.tiktok.com/@bidancynthia/video/7628312690380786964,2026-04-14 01:29:13,True
bidancynthia,7627904716554423573,https://www.tiktok.com/@bidancynthia/video/7627904716554423573,2026-04-12 23:06:04,True
bidancynthia,7627817389903695125,https://www.tiktok.com/@bidancynthia/video/7627817389903695125,2026-04-12 17:27:12,True
bidancynthia,7627645821294628117,https://www.tiktok.com/@bidancynthia/video/7627645821294628117,2026-04-12 06:21:26,True
bidancynthia,7627359720948682005,https://www.tiktok.com/@bidancynthia/video/7627359720948682005,2026-04-11 11:51:13,True
bidancynthia,7627091330375650581,https://www.tiktok.com/@bidancynthia/video/7627091330375650581,2026-04-10 18:29:43,True
bidancynthia,7626992738797653268,https://www.tiktok.com/@bidancynthia/video/7626992738797653268,2026-04-10 12:07:08,True
bidancynthia,7626764710955994389,https://www.tiktok.com/@bidancynthia/video/7626764710955994389,2026-04-09 21:22:16,True
bidancynthia,7626610692526738708,https://www.tiktok.com/@bidancynthia/video/7626610692526738708,2026-04-09 11:24:36,True
bidancynthia,7626334323540888852,https://www.tiktok.com/@bidancynthia/video/7626334323540888852,2026-04-08 17:32:09,True
bidancynthia,7626216812706860309,https://www.tiktok.com/@bidancynthia/video/7626216812706860309,2026-04-08 09:56:09,True
bidancynthia,7626007561451621652,https://www.tiktok.com/@bidancynthia/video/7626007561451621652,2026-04-07 20:24:09,True
bidancynthia,7625590139938557204,https://www.tiktok.com/@bidancynthia/video/7625590139938557204,2026-04-06 17:24:20,True
bidancynthia,7625248319719197972,https://www.tiktok.com/@bidancynthia/video/7625248319719197972,2026-04-05 19:17:54,True
bidancynthia,7625040799587372309,https://www.tiktok.com/@bidancynthia/video/7625040799587372309,2026-04-05 05:52:37,True
bidancynthia,7624892999616498964,https://www.tiktok.com/@bidancynthia/video/7624892999616498964,2026-04-04 20:19:04,True
bidancynthia,7624774430962568469,https://www.tiktok.com/@bidancynthia/video/7624774430962568469,2026-04-04 12:38:58,True
bidancynthia,7624762650345409812,https://www.tiktok.com/@bidancynthia/video/7624762650345409812,2026-04-04 11:53:15,True
bidancynthia,7624518756697640212,https://www.tiktok.com/@bidancynthia/video/7624518756697640212,2026-04-03 20:06:49,True
bidancynthia,7624376094887529748,https://www.tiktok.com/@bidancynthia/video/7624376094887529748,2026-04-03 10:53:13,True
bidancynthia,7624121746198727957,https://www.tiktok.com/@bidancynthia/video/7624121746198727957,2026-04-02 18:26:13,True
bidancynthia,7624022300265860373,https://www.tiktok.com/@bidancynthia/video/7624022300265860373,2026-04-02 12:00:19,True
bidancynthia,7623714573819956500,https://www.tiktok.com/@bidancynthia/video/7623714573819956500,2026-04-01 16:06:11,True
bidancynthia,7623365774656146709,https://www.tiktok.com/@bidancynthia/video/7623365774656146709,2026-03-31 17:32:40,True
bidancynthia,7623265119530667284,https://www.tiktok.com/@bidancynthia/video/7623265119530667284,2026-03-31 11:02:04,True
bidancynthia,7622986660753460500,https://www.tiktok.com/@bidancynthia/video/7622986660753460500,2026-03-30 17:01:30,True
bidancynthia,7622899364725427476,https://www.tiktok.com/@bidancynthia/video/7622899364725427476,2026-03-30 11:22:45,True
bidancynthia,7622708047315569940,https://www.tiktok.com/@bidancynthia/video/7622708047315569940,2026-03-29 23:00:21,True
bidancynthia,7622622378144632085,https://www.tiktok.com/@bidancynthia/video/7622622378144632085,2026-03-29 17:27:54,True
bidancynthia,7622273338928270613,https://www.tiktok.com/@bidancynthia/video/7622273338928270613,2026-03-28 18:53:27,True
bidancynthia,7622170313651965204,https://www.tiktok.com/@bidancynthia/video/7622170313651965204,2026-03-28 12:13:40,True
bidancynthia,7622086419779013909,https://www.tiktok.com/@bidancynthia/video/7622086419779013909,2026-03-28 06:48:07,True
bidancynthia,7621872584228900117,https://www.tiktok.com/@bidancynthia/video/7621872584228900117,2026-03-27 16:58:19,True
bidancynthia,7621559863327395092,https://www.tiktok.com/@bidancynthia/video/7621559863327395092,2026-03-26 20:44:48,True
bidancynthia,7621416877683739925,https://www.tiktok.com/@bidancynthia/video/7621416877683739925,2026-03-26 11:29:57,True
bidancynthia,7621168687130791189,https://www.tiktok.com/@bidancynthia/video/7621168687130791189,2026-03-25 19:26:50,True
bidancynthia,7620982654762011924,https://www.tiktok.com/@bidancynthia/video/7620982654762011924,2026-03-25 07:24:56,True
bidancynthia,7620799658331491604,https://www.tiktok.com/@bidancynthia/video/7620799658331491604,2026-03-24 19:34:49,True
bidancynthia,7620661792284413205,https://www.tiktok.com/@bidancynthia/video/7620661792284413205,2026-03-24 10:39:50,True
bidancynthia,7620412762782469397,https://www.tiktok.com/@bidancynthia/video/7620412762782469397,2026-03-23 18:33:28,True
bidancynthia,7620296603403832596,https://www.tiktok.com/@bidancynthia/video/7620296603403832596,2026-03-23 11:02:43,True
bidancynthia,7620020769258507540,https://www.tiktok.com/@bidancynthia/video/7620020769258507540,2026-03-22 17:12:20,True
bidancynthia,7619921615643528468,https://www.tiktok.com/@bidancynthia/video/7619921615643528468,2026-03-22 10:47:34,True
bidancynthia,7619492739633368341,https://www.tiktok.com/@bidancynthia/video/7619492739633368341,2026-03-21 07:03:18,True
bidancynthia,7619189393605119253,https://www.tiktok.com/@bidancynthia/video/7619189393605119253,2026-03-20 11:26:10,True
bidancynthia,7619000373050723604,https://www.tiktok.com/@bidancynthia/video/7619000373050723604,2026-03-19 23:12:40,True
bidancynthia,7618812580735503637,https://www.tiktok.com/@bidancynthia/video/7618812580735503637,2026-03-19 11:03:57,True
bidancynthia,7618533141644381460,https://www.tiktok.com/@bidancynthia/video/7618533141644381460,2026-03-18 16:59:35,True
bidancynthia,7618426039294823700,https://www.tiktok.com/@bidancynthia/video/7618426039294823700,2026-03-18 10:03:58,True
bidancynthia,7618166319313194260,https://www.tiktok.com/@bidancynthia/video/7618166319313194260,2026-03-17 17:16:07,True
bidancynthia,7618068451369831701,https://www.tiktok.com/@bidancynthia/video/7618068451369831701,2026-03-17 10:56:20,True
bidancynthia,7617755174823644436,https://www.tiktok.com/@bidancynthia/video/7617755174823644436,2026-03-16 14:40:40,True
bidancynthia,7617700569523834132,https://www.tiktok.com/@bidancynthia/video/7617700569523834132,2026-03-16 11:08:46,True
bidancynthia,7617329366145453332,https://www.tiktok.com/@bidancynthia/video/7617329366145453332,2026-03-15 11:08:19,True
bidancynthia,7617058118358404372,https://www.tiktok.com/@bidancynthia/video/7617058118358404372,2026-03-14 17:35:44,True
bidancynthia,7616852590478953749,https://www.tiktok.com/@bidancynthia/video/7616852590478953749,2026-03-14 04:18:11,True
bidancynthia,7616715104167513364,https://www.tiktok.com/@bidancynthia/video/7616715104167513364,2026-03-13 19:24:40,True
bidancynthia,7616603080695614740,https://www.tiktok.com/@bidancynthia/video/7616603080695614740,2026-03-13 12:09:57,True
bidancynthia,7616471570432773397,https://www.tiktok.com/@bidancynthia/video/7616471570432773397,2026-03-13 03:39:38,True
bidancynthia,7616220744036420884,https://www.tiktok.com/@bidancynthia/video/7616220744036420884,2026-03-12 11:26:18,True
bidancynthia,7615953218023214357,https://www.tiktok.com/@bidancynthia/video/7615953218023214357,2026-03-11 18:08:09,True
bidancynthia,7615843227677068564,https://www.tiktok.com/@bidancynthia/video/7615843227677068564,2026-03-11 11:01:20,True
bidancynthia,7615571452196195604,https://www.tiktok.com/@bidancynthia/video/7615571452196195604,2026-03-10 17:26:43,True
bidancynthia,7615470109972385044,https://www.tiktok.com/@bidancynthia/video/7615470109972385044,2026-03-10 10:53:27,True
bidancynthia,7615227916128963860,https://www.tiktok.com/@bidancynthia/video/7615227916128963860,2026-03-09 19:13:37,True
bidancynthia,7615083744633883925,https://www.tiktok.com/@bidancynthia/video/7615083744633883925,2026-03-09 09:54:09,True
bidancynthia,7614736211512446228,https://www.tiktok.com/@bidancynthia/video/7614736211512446228,2026-03-08 11:25:33,True
bidancynthia,7614479598662896917,https://www.tiktok.com/@bidancynthia/video/7614479598662896917,2026-03-07 18:49:46,True
bidancynthia,7614364951888612629,https://www.tiktok.com/@bidancynthia/video/7614364951888612629,2026-03-07 11:24:52,True
bidancynthia,7614107483052936468,https://www.tiktok.com/@bidancynthia/video/7614107483052936468,2026-03-06 18:45:46,True
bidancynthia,7613985648139275541,https://www.tiktok.com/@bidancynthia/video/7613985648139275541,2026-03-06 10:52:59,True
bidancynthia,7613751079204867348,https://www.tiktok.com/@bidancynthia/video/7613751079204867348,2026-03-05 19:42:44,True
bidancynthia,7613625125212114197,https://www.tiktok.com/@bidancynthia/video/7613625125212114197,2026-03-05 11:33:58,True
bidancynthia,7613396689096903957,https://www.tiktok.com/@bidancynthia/video/7613396689096903957,2026-03-04 20:47:31,True
bidancynthia,7613245826697088277,https://www.tiktok.com/@bidancynthia/video/7613245826697088277,2026-03-04 11:02:06,True
bidancynthia,7612954378948873493,https://www.tiktok.com/@bidancynthia/video/7612954378948873493,2026-03-03 16:11:08,True
bidancynthia,7612890388319178005,https://www.tiktok.com/@bidancynthia/video/7612890388319178005,2026-03-03 12:02:49,True
bidancynthia,7612612443096894741,https://www.tiktok.com/@bidancynthia/video/7612612443096894741,2026-03-02 18:04:15,True
bidancynthia,7612524260833168660,https://www.tiktok.com/@bidancynthia/video/7612524260833168660,2026-03-02 12:22:03,True
bidancynthia,7612271864857120021,https://www.tiktok.com/@bidancynthia/video/7612271864857120021,2026-03-01 20:02:37,True
bidancynthia,7612021030462229781,https://www.tiktok.com/@bidancynthia/video/7612021030462229781,2026-03-01 03:49:16,True
bidancynthia,7611855915733503252,https://www.tiktok.com/@bidancynthia/video/7611855915733503252,2026-02-28 17:08:32,True
bidancynthia,7611762511364345109,https://www.tiktok.com/@bidancynthia/video/7611762511364345109,2026-02-28 11:06:04,True
bidancynthia,7611487819109813525,https://www.tiktok.com/@bidancynthia/video/7611487819109813525,2026-02-27 17:20:08,True
bidancynthia,7611390270466280724,https://www.tiktok.com/@bidancynthia/video/7611390270466280724,2026-02-27 11:01:35,True
bidancynthia,7611128327721520404,https://www.tiktok.com/@bidancynthia/video/7611128327721520404,2026-02-26 18:05:07,True
bidancynthia,7611034589900901653,https://www.tiktok.com/@bidancynthia/video/7611034589900901653,2026-02-26 12:01:22,True
bidancynthia,7610791702340619541,https://www.tiktok.com/@bidancynthia/video/7610791702340619541,2026-02-25 20:18:50,True
bidancynthia,7610539383464267029,https://www.tiktok.com/@bidancynthia/video/7610539383464267029,2026-02-25 03:59:43,True
bidancynthia,7610401103238171925,https://www.tiktok.com/@bidancynthia/video/7610401103238171925,2026-02-24 19:03:07,True
bidancynthia,7610277676628053268,https://www.tiktok.com/@bidancynthia/video/7610277676628053268,2026-02-24 11:04:09,True
bidancynthia,7609921674988784917,https://www.tiktok.com/@bidancynthia/video/7609921674988784917,2026-02-23 12:02:41,True
bidancynthia,7609783512522034452,https://www.tiktok.com/@bidancynthia/video/7609783512522034452,2026-02-23 03:06:33,True
bidancynthia,7609641593544477972,https://www.tiktok.com/@bidancynthia/video/7609641593544477972,2026-02-22 17:55:50,True
bidancynthia,7609543559066389781,https://www.tiktok.com/@bidancynthia/video/7609543559066389781,2026-02-22 11:35:24,True
bidancynthia,7609269900451810580,https://www.tiktok.com/@bidancynthia/video/7609269900451810580,2026-02-21 17:53:28,True
bidancynthia,7609163039463591189,https://www.tiktok.com/@bidancynthia/video/7609163039463591189,2026-02-21 10:58:48,True
bidancynthia,7609055057698442516,https://www.tiktok.com/@bidancynthia/video/7609055057698442516,2026-02-21 03:59:46,True
bidancynthia,7608814345413217557,https://www.tiktok.com/@bidancynthia/video/7608814345413217557,2026-02-20 12:25:41,True
bidancynthia,7608679570455235861,https://www.tiktok.com/@bidancynthia/video/7608679570455235861,2026-02-20 03:42:41,True
bidancynthia,7608438695846317333,https://www.tiktok.com/@bidancynthia/video/7608438695846317333,2026-02-19 12:07:58,True
bidancynthia,7608315065107860756,https://www.tiktok.com/@bidancynthia/video/7608315065107860756,2026-02-19 04:08:13,True
bidancynthia,7608149678714113300,https://www.tiktok.com/@bidancynthia/video/7608149678714113300,2026-02-18 17:26:26,True
bidancynthia,7608056586153528597,https://www.tiktok.com/@bidancynthia/video/7608056586153528597,2026-02-18 11:25:11,True
bidancynthia,7607809889305464084,https://www.tiktok.com/@bidancynthia/video/7607809889305464084,2026-02-17 19:27:53,True
bidancynthia,7607690451725929749,https://www.tiktok.com/@bidancynthia/video/7607690451725929749,2026-02-17 11:44:24,True
bidancynthia,7607449139915656468,https://www.tiktok.com/@bidancynthia/video/7607449139915656468,2026-02-16 20:07:59,True
bidancynthia,7607393181981789461,https://www.tiktok.com/@bidancynthia/video/7607393181981789461,2026-02-16 16:30:51,True
bidancynthia,7607306291656051988,https://www.tiktok.com/@bidancynthia/video/7607306291656051988,2026-02-16 10:53:40,True
bidancynthia,7607068508173700373,https://www.tiktok.com/@bidancynthia/video/7607068508173700373,2026-02-15 19:30:57,True
bidancynthia,7606707941290396949,https://www.tiktok.com/@bidancynthia/video/7606707941290396949,2026-02-14 20:11:46,True
bidancynthia,7606577423479917845,https://www.tiktok.com/@bidancynthia/video/7606577423479917845,2026-02-14 11:45:17,True
bidancynthia,7606339285775764757,https://www.tiktok.com/@bidancynthia/video/7606339285775764757,2026-02-13 20:21:11,True
bidancynthia,7606213650172480789,https://www.tiktok.com/@bidancynthia/video/7606213650172480789,2026-02-13 12:13:39,True
bidancynthia,7606130870977563924,https://www.tiktok.com/@bidancynthia/video/7606130870977563924,2026-02-13 06:52:26,True
bidancynthia,7605957160572292373,https://www.tiktok.com/@bidancynthia/video/7605957160572292373,2026-02-12 19:38:21,True
bidancynthia,7605553481168030996,https://www.tiktok.com/@bidancynthia/video/7605553481168030996,2026-02-11 17:31:52,True
bidancynthia,7605188067204418836,https://www.tiktok.com/@bidancynthia/video/7605188067204418836,2026-02-10 17:53:52,True
bidancynthia,7604814471785286933,https://www.tiktok.com/@bidancynthia/video/7604814471785286933,2026-02-09 17:44:08,True
bidancynthia,7604723608149167381,https://www.tiktok.com/@bidancynthia/video/7604723608149167381,2026-02-09 11:51:32,True
bidancynthia,7604435929998069013,https://www.tiktok.com/@bidancynthia/video/7604435929998069013,2026-02-08 17:15:12,True
bidancynthia,7604142254889913620,https://www.tiktok.com/@bidancynthia/video/7604142254889913620,2026-02-07 22:15:35,True
bidancynthia,7603983040502795541,https://www.tiktok.com/@bidancynthia/video/7603983040502795541,2026-02-07 11:57:45,True
bidancynthia,7603902538856910101,https://www.tiktok.com/@bidancynthia/video/7603902538856910101,2026-02-07 06:45:22,True
bidancynthia,7603739373443632404,https://www.tiktok.com/@bidancynthia/video/7603739373443632404,2026-02-06 20:12:12,True
bidancynthia,7603616450674281748,https://www.tiktok.com/@bidancynthia/video/7603616450674281748,2026-02-06 12:15:12,True
bidancynthia,7603379948866260244,https://www.tiktok.com/@bidancynthia/video/7603379948866260244,2026-02-05 20:57:27,True
bidancynthia,7603324197464558868,https://www.tiktok.com/@bidancynthia/video/7603324197464558868,2026-02-05 17:21:06,True
bidancynthia,7602866494258777364,https://www.tiktok.com/@bidancynthia/video/7602866494258777364,2026-02-04 11:44:59,True
bidancynthia,7602797950888135956,https://www.tiktok.com/@bidancynthia/video/7602797950888135956,2026-02-04 07:19:00,True
bidancynthia,7602627066403638549,https://www.tiktok.com/@bidancynthia/video/7602627066403638549,2026-02-03 20:15:53,True
bidancynthia,7602497768325778708,https://www.tiktok.com/@bidancynthia/video/7602497768325778708,2026-02-03 11:54:08,True
bidancynthia,7602134002069228820,https://www.tiktok.com/@bidancynthia/video/7602134002069228820,2026-02-02 12:22:32,True
bidancynthia,7601836950219132180,https://www.tiktok.com/@bidancynthia/video/7601836950219132180,2026-02-01 17:09:50,True
bidancynthia,7601471761216965908,https://www.tiktok.com/@bidancynthia/video/7601471761216965908,2026-01-31 17:32:42,True
bidancynthia,7601085410441186580,https://www.tiktok.com/@bidancynthia/video/7601085410441186580,2026-01-30 16:33:28,True
bidancynthia,7600726896413904149,https://www.tiktok.com/@bidancynthia/video/7600726896413904149,2026-01-29 17:22:15,True
bidancynthia,7600635493319003412,https://www.tiktok.com/@bidancynthia/video/7600635493319003412,2026-01-29 11:27:34,True
bidancynthia,7600398417822616853,https://www.tiktok.com/@bidancynthia/video/7600398417822616853,2026-01-28 20:07:35,True
bidancynthia,7600256945563389204,https://www.tiktok.com/@bidancynthia/video/7600256945563389204,2026-01-28 10:58:36,True
bidancynthia,7599897429709786388,https://www.tiktok.com/@bidancynthia/video/7599897429709786388,2026-01-27 11:43:30,True
bidancynthia,7599820078196083988,https://www.tiktok.com/@bidancynthia/video/7599820078196083988,2026-01-27 06:43:20,True
bidancynthia,7599526733045402901,https://www.tiktok.com/@bidancynthia/video/7599526733045402901,2026-01-26 11:45:00,True
bidancynthia,7599210202059050260,https://www.tiktok.com/@bidancynthia/video/7599210202059050260,2026-01-25 15:16:42,True
bidancynthia,7599080972012850453,https://www.tiktok.com/@bidancynthia/video/7599080972012850453,2026-01-25 06:55:13,True
bidancynthia,7598878690377813268,https://www.tiktok.com/@bidancynthia/video/7598878690377813268,2026-01-24 17:50:16,True
bidancynthia,7598780173932170517,https://www.tiktok.com/@bidancynthia/video/7598780173932170517,2026-01-24 11:27:58,True
bidancynthia,7598502897021701396,https://www.tiktok.com/@bidancynthia/video/7598502897021701396,2026-01-23 17:32:00,True
bidancynthia,7598182314874588436,https://www.tiktok.com/@bidancynthia/video/7598182314874588436,2026-01-22 20:47:58,True
bidancynthia,7598130024507575573,https://www.tiktok.com/@bidancynthia/video/7598130024507575573,2026-01-22 17:25:04,True
bidancynthia,7598029322519121172,https://www.tiktok.com/@bidancynthia/video/7598029322519121172,2026-01-22 10:54:17,True
bidancynthia,7597673500282785044,https://www.tiktok.com/@bidancynthia/video/7597673500282785044,2026-01-21 11:53:31,True
bidancynthia,7597396747094084884,https://www.tiktok.com/@bidancynthia/video/7597396747094084884,2026-01-20 17:59:34,True
bidancynthia,7597309229032066324,https://www.tiktok.com/@bidancynthia/video/7597309229032066324,2026-01-20 12:19:57,True
bidancynthia,7597024342840511765,https://www.tiktok.com/@bidancynthia/video/7597024342840511765,2026-01-19 17:54:27,True
bidancynthia,7596853825143655700,https://www.tiktok.com/@bidancynthia/video/7596853825143655700,2026-01-19 06:52:45,True
bidancynthia,7596650451932646676,https://www.tiktok.com/@bidancynthia/video/7596650451932646676,2026-01-18 17:43:34,True
bidancynthia,7596555028492520725,https://www.tiktok.com/@bidancynthia/video/7596555028492520725,2026-01-18 11:33:16,True
bidancynthia,7596205227515120916,https://www.tiktok.com/@bidancynthia/video/7596205227515120916,2026-01-17 12:55:52,True
bidancynthia,7595930645390691605,https://www.tiktok.com/@bidancynthia/video/7595930645390691605,2026-01-16 19:10:21,True
bidancynthia,7595821045626457364,https://www.tiktok.com/@bidancynthia/video/7595821045626457364,2026-01-16 12:05:03,True
bidancynthia,7595546654757948692,https://www.tiktok.com/@bidancynthia/video/7595546654757948692,2026-01-15 18:20:16,True
bidancynthia,7595252544197217556,https://www.tiktok.com/@bidancynthia/video/7595252544197217556,2026-01-14 23:18:58,True
bidancynthia,7595172916539460884,https://www.tiktok.com/@bidancynthia/video/7595172916539460884,2026-01-14 18:09:58,True
bidancynthia,7594871247847034132,https://www.tiktok.com/@bidancynthia/video/7594871247847034132,2026-01-13 22:39:21,True
bidancynthia,7594429013528055061,https://www.tiktok.com/@bidancynthia/video/7594429013528055061,2026-01-12 18:03:15,True
bidancynthia,7594087331007597845,https://www.tiktok.com/@bidancynthia/video/7594087331007597845,2026-01-11 19:57:21,True
bidancynthia,7593775935476780309,https://www.tiktok.com/@bidancynthia/video/7593775935476780309,2026-01-10 23:48:58,True
bidancynthia,7593588532552437013,https://www.tiktok.com/@bidancynthia/video/7593588532552437013,2026-01-10 11:41:45,True
bidancynthia,7593366068073172244,https://www.tiktok.com/@bidancynthia/video/7593366068073172244,2026-01-09 21:18:29,True
bidancynthia,7593248270093192468,https://www.tiktok.com/@bidancynthia/video/7593248270093192468,2026-01-09 13:41:22,True
bidancynthia,7592927928196025621,https://www.tiktok.com/@bidancynthia/video/7592927928196025621,2026-01-08 16:58:16,True
bidancynthia,7592602069102562580,https://www.tiktok.com/@bidancynthia/video/7592602069102562580,2026-01-07 19:53:46,True
bidancynthia,7592285684845661461,https://www.tiktok.com/@bidancynthia/video/7592285684845661461,2026-01-06 23:26:02,True
bidancynthia,7592086285309807892,https://www.tiktok.com/@bidancynthia/video/7592086285309807892,2026-01-06 10:32:16,True
bidancynthia,7591835204931669268,https://www.tiktok.com/@bidancynthia/video/7591835204931669268,2026-01-05 18:17:57,True
bidancynthia,7591272067429879061,https://www.tiktok.com/@bidancynthia/video/7591272067429879061,2026-01-04 05:52:41,True
bidancynthia,7591119296428985621,https://www.tiktok.com/@bidancynthia/video/7591119296428985621,2026-01-03 19:59:51,True
bidancynthia,7590983355609533717,https://www.tiktok.com/@bidancynthia/video/7590983355609533717,2026-01-03 11:12:20,True
bidancynthia,7590741908775767317,https://www.tiktok.com/@bidancynthia/video/7590741908775767317,2026-01-02 19:35:24,True
bidancynthia,7590605579253452053,https://www.tiktok.com/@bidancynthia/video/7590605579253452053,2026-01-02 10:46:22,True
bidancynthia,7590385984743968020,https://www.tiktok.com/@bidancynthia/video/7590385984743968020,2026-01-01 20:34:14,True
bidancynthia,7590045882603588884,https://www.tiktok.com/@bidancynthia/video/7590045882603588884,2025-12-31 22:34:28,False
drhans_spesialisanak,7284548623738735878,https://www.tiktok.com/@drhans_spesialisanak/video/7284548623738735878,2023-09-30 16:29:04,False
drhans_spesialisanak,7674045500093484295,https://www.tiktok.com/@drhans_spesialisanak/video/7674045500093484295,2026-08-15 07:15:53,True
drhans_spesialisanak,7671577458285677842,https://www.tiktok.com/@drhans_spesialisanak/video/7671577458285677842,2026-08-08 15:38:37,True
drhans_spesialisanak,7669717381958176018,https://www.tiktok.com/@drhans_spesialisanak/video/7669717381958176018,2026-08-03 15:20:34,True
drhans_spesialisanak,7664817424021130514,https://www.tiktok.com/@drhans_spesialisanak/video/7664817424021130514,2026-07-21 10:26:14,True
drhans_spesialisanak,7664039437738724615,https://www.tiktok.com/@drhans_spesialisanak/video/7664039437738724615,2026-07-19 08:07:15,True
drhans_spesialisanak,7662172943186660616,https://www.tiktok.com/@drhans_spesialisanak/video/7662172943186660616,2026-07-14 07:24:18,True
drhans_spesialisanak,7661433545151237384,https://www.tiktok.com/@drhans_spesialisanak/video/7661433545151237384,2026-07-12 07:35:03,True
drhans_spesialisanak,7661069483217374471,https://www.tiktok.com/@drhans_spesialisanak/video/7661069483217374471,2026-07-11 08:02:18,True
drhans_spesialisanak,7655518989342346504,https://www.tiktok.com/@drhans_spesialisanak/video/7655518989342346504,2026-06-26 09:03:33,True
drhans_spesialisanak,7654874804348144914,https://www.tiktok.com/@drhans_spesialisanak/video/7654874804348144914,2026-06-24 15:23:47,True
drhans_spesialisanak,7654136746300689682,https://www.tiktok.com/@drhans_spesialisanak/video/7654136746300689682,2026-06-22 15:39:45,True
drhans_spesialisanak,7649613701871619335,https://www.tiktok.com/@drhans_spesialisanak/video/7649613701871619335,2026-06-10 11:08:01,True
drhans_spesialisanak,7648642388725943559,https://www.tiktok.com/@drhans_spesialisanak/video/7648642388725943559,2026-06-07 20:18:50,True
drhans_spesialisanak,7648179636295290120,https://www.tiktok.com/@drhans_spesialisanak/video/7648179636295290120,2026-06-06 14:23:07,True
drhans_spesialisanak,7647813150372302098,https://www.tiktok.com/@drhans_spesialisanak/video/7647813150372302098,2026-06-05 14:40:58,True
drhans_spesialisanak,7645920056043425032,https://www.tiktok.com/@drhans_spesialisanak/video/7645920056043425032,2026-05-31 12:14:47,True
drhans_spesialisanak,7644114290747755794,https://www.tiktok.com/@drhans_spesialisanak/video/7644114290747755794,2026-05-26 15:27:30,True
drhans_spesialisanak,7643744983299804423,https://www.tiktok.com/@drhans_spesialisanak/video/7643744983299804423,2026-05-25 15:34:24,True
drhans_spesialisanak,7642965591891922183,https://www.tiktok.com/@drhans_spesialisanak/video/7642965591891922183,2026-05-23 13:09:58,True
drhans_spesialisanak,7640450240214027528,https://www.tiktok.com/@drhans_spesialisanak/video/7640450240214027528,2026-05-16 18:29:07,True
drhans_spesialisanak,7639970058441149704,https://www.tiktok.com/@drhans_spesialisanak/video/7639970058441149704,2026-05-15 11:25:46,True
drhans_spesialisanak,7638614461770747143,https://www.tiktok.com/@drhans_spesialisanak/video/7638614461770747143,2026-05-11 19:45:21,True
drhans_spesialisanak,7637830706906811666,https://www.tiktok.com/@drhans_spesialisanak/video/7637830706906811666,2026-05-09 17:03:59,True
drhans_spesialisanak,7636347877391994119,https://www.tiktok.com/@drhans_spesialisanak/video/7636347877391994119,2026-05-05 17:09:51,True
drhans_spesialisanak,7634703124992724231,https://www.tiktok.com/@drhans_spesialisanak/video/7634703124992724231,2026-05-01 06:47:22,True
drhans_spesialisanak,7634133095666453767,https://www.tiktok.com/@drhans_spesialisanak/video/7634133095666453767,2026-04-29 17:55:22,True
drhans_spesialisanak,7633637502070377736,https://www.tiktok.com/@drhans_spesialisanak/video/7633637502070377736,2026-04-28 09:52:13,True
drhans_spesialisanak,7632615637189217544,https://www.tiktok.com/@drhans_spesialisanak/video/7632615637189217544,2026-04-25 15:46:51,True
drhans_spesialisanak,7631125693589376264,https://www.tiktok.com/@drhans_spesialisanak/video/7631125693589376264,2026-04-21 15:25:07,True
drhans_spesialisanak,7630073360545778952,https://www.tiktok.com/@drhans_spesialisanak/video/7630073360545778952,2026-04-18 19:21:31,True
drhans_spesialisanak,7628162950842322184,https://www.tiktok.com/@drhans_spesialisanak/video/7628162950842322184,2026-04-13 15:48:09,True
drhans_spesialisanak,7623337319747161352,https://www.tiktok.com/@drhans_spesialisanak/video/7623337319747161352,2026-03-31 15:42:14,True
drhans_spesialisanak,7618538896812625172,https://www.tiktok.com/@drhans_spesialisanak/video/7618538896812625172,2026-03-18 17:21:55,True
drhans_spesialisanak,7618164933125033237,https://www.tiktok.com/@drhans_spesialisanak/video/7618164933125033237,2026-03-17 17:10:44,True
drhans_spesialisanak,7617371265162120468,https://www.tiktok.com/@drhans_spesialisanak/video/7617371265162120468,2026-03-15 13:50:54,True
drhans_spesialisanak,7615543631599963399,https://www.tiktok.com/@drhans_spesialisanak/video/7615543631599963399,2026-03-10 15:38:45,True
drhans_spesialisanak,7612136868901162248,https://www.tiktok.com/@drhans_spesialisanak/video/7612136868901162248,2026-03-01 11:18:46,True
drhans_spesialisanak,7610048931564932359,https://www.tiktok.com/@drhans_spesialisanak/video/7610048931564932359,2026-02-23 20:16:30,True
drhans_spesialisanak,7600585443893071111,https://www.tiktok.com/@drhans_spesialisanak/video/7600585443893071111,2026-01-29 08:13:21,True
drhans_spesialisanak,7599905468458290450,https://www.tiktok.com/@drhans_spesialisanak/video/7599905468458290450,2026-01-27 12:14:41,True
drhans_spesialisanak,7599288991657020679,https://www.tiktok.com/@drhans_spesialisanak/video/7599288991657020679,2026-01-25 20:22:27,True
drhans_spesialisanak,7599193226787982599,https://www.tiktok.com/@drhans_spesialisanak/video/7599193226787982599,2026-01-25 14:10:50,True
drhans_spesialisanak,7597250621917465863,https://www.tiktok.com/@drhans_spesialisanak/video/7597250621917465863,2026-01-20 08:32:32,True
drhans_spesialisanak,7596682754675264776,https://www.tiktok.com/@drhans_spesialisanak/video/7596682754675264776,2026-01-18 19:48:55,True
drhans_spesialisanak,7594064546357087496,https://www.tiktok.com/@drhans_spesialisanak/video/7594064546357087496,2026-01-11 18:28:56,True
drhans_spesialisanak,7593276923803946258,https://www.tiktok.com/@drhans_spesialisanak/video/7593276923803946258,2026-01-09 15:32:33,True
drhans_spesialisanak,7592623335024921874,https://www.tiktok.com/@drhans_spesialisanak/video/7592623335024921874,2026-01-07 21:16:18,True
drhans_spesialisanak,7592100203226877192,https://www.tiktok.com/@drhans_spesialisanak/video/7592100203226877192,2026-01-06 11:26:17,True
drhans_spesialisanak,7590673174237351176,https://www.tiktok.com/@drhans_spesialisanak/video/7590673174237351176,2026-01-02 15:08:40,True
drhans_spesialisanak,7590018383383366920,https://www.tiktok.com/@drhans_spesialisanak/video/7590018383383366920,2025-12-31 20:47:45,False
guru.bidan.wulan,7565843610776734983,https://www.tiktok.com/@guru.bidan.wulan/video/7565843610776734983,2025-10-27 17:17:17,False
guru.bidan.wulan,7504995707032440069,https://www.tiktok.com/@guru.bidan.wulan/video/7504995707032440069,2025-05-16 17:56:21,False
guru.bidan.wulan,7503785378084703493,https://www.tiktok.com/@guru.bidan.wulan/video/7503785378084703493,2025-05-13 11:39:39,False
guru.bidan.wulan,7679787872152489237,https://www.tiktok.com/@guru.bidan.wulan/video/7679787872152489237,2026-08-30 18:39:13,True
guru.bidan.wulan,7679751086315408660,https://www.tiktok.com/@guru.bidan.wulan/video/7679751086315408660,2026-08-30 16:16:28,True
guru.bidan.wulan,7679696166203739412,https://www.tiktok.com/@guru.bidan.wulan/video/7679696166203739412,2026-08-30 12:43:21,True
guru.bidan.wulan,7679647345025223957,https://www.tiktok.com/@guru.bidan.wulan/video/7679647345025223957,2026-08-30 09:33:54,True
guru.bidan.wulan,7679433823179918612,https://www.tiktok.com/@guru.bidan.wulan/video/7679433823179918612,2026-08-29 19:45:19,True
guru.bidan.wulan,7679422560882314517,https://www.tiktok.com/@guru.bidan.wulan/video/7679422560882314517,2026-08-29 19:01:37,True
guru.bidan.wulan,7679298571505519892,https://www.tiktok.com/@guru.bidan.wulan/video/7679298571505519892,2026-08-29 11:00:29,True
guru.bidan.wulan,7679248492384029972,https://www.tiktok.com/@guru.bidan.wulan/video/7679248492384029972,2026-08-29 07:46:09,True
guru.bidan.wulan,7678689882033720596,https://www.tiktok.com/@guru.bidan.wulan/video/7678689882033720596,2026-08-27 19:38:27,True
guru.bidan.wulan,7677936388725132565,https://www.tiktok.com/@guru.bidan.wulan/video/7677936388725132565,2026-08-25 18:54:31,True
guru.bidan.wulan,7677901204646612245,https://www.tiktok.com/@guru.bidan.wulan/video/7677901204646612245,2026-08-25 16:37:59,True
guru.bidan.wulan,7677838659982347540,https://www.tiktok.com/@guru.bidan.wulan/video/7677838659982347540,2026-08-25 12:35:17,True
guru.bidan.wulan,7677781604554657044,https://www.tiktok.com/@guru.bidan.wulan/video/7677781604554657044,2026-08-25 08:53:52,True
guru.bidan.wulan,7677194811287293204,https://www.tiktok.com/@guru.bidan.wulan/video/7677194811287293204,2026-08-23 18:56:49,True
guru.bidan.wulan,7677161419871161621,https://www.tiktok.com/@guru.bidan.wulan/video/7677161419871161621,2026-08-23 16:47:14,True
guru.bidan.wulan,7677095963797884181,https://www.tiktok.com/@guru.bidan.wulan/video/7677095963797884181,2026-08-23 12:33:14,True
guru.bidan.wulan,7676831086818675989,https://www.tiktok.com/@guru.bidan.wulan/video/7676831086818675989,2026-08-22 19:25:23,True
guru.bidan.wulan,7676666841279843605,https://www.tiktok.com/@guru.bidan.wulan/video/7676666841279843605,2026-08-22 08:48:01,True
guru.bidan.wulan,7676483475624496404,https://www.tiktok.com/@guru.bidan.wulan/video/7676483475624496404,2026-08-21 20:56:28,True
guru.bidan.wulan,7676307125185907988,https://www.tiktok.com/@guru.bidan.wulan/video/7676307125185907988,2026-08-21 09:32:08,True
guru.bidan.wulan,7675690788235283732,https://www.tiktok.com/@guru.bidan.wulan/video/7675690788235283732,2026-08-19 17:40:26,True
guru.bidan.wulan,7675686795002137876,https://www.tiktok.com/@guru.bidan.wulan/video/7675686795002137876,2026-08-19 17:24:56,True
guru.bidan.wulan,7675683099686046997,https://www.tiktok.com/@guru.bidan.wulan/video/7675683099686046997,2026-08-19 17:10:36,True
guru.bidan.wulan,7675336860759100693,https://www.tiktok.com/@guru.bidan.wulan/video/7675336860759100693,2026-08-18 18:47:01,True
guru.bidan.wulan,7675270546271128853,https://www.tiktok.com/@guru.bidan.wulan/video/7675270546271128853,2026-08-18 14:29:41,True
guru.bidan.wulan,7675184540104641812,https://www.tiktok.com/@guru.bidan.wulan/video/7675184540104641812,2026-08-18 08:55:56,True
guru.bidan.wulan,7674979157171899669,https://www.tiktok.com/@guru.bidan.wulan/video/7674979157171899669,2026-08-17 19:38:57,True
guru.bidan.wulan,7674817689088527636,https://www.tiktok.com/@guru.bidan.wulan/video/7674817689088527636,2026-08-17 09:12:22,True
guru.bidan.wulan,7674600385188744469,https://www.tiktok.com/@guru.bidan.wulan/video/7674600385188744469,2026-08-16 19:09:07,True
guru.bidan.wulan,7674433122460536085,https://www.tiktok.com/@guru.bidan.wulan/video/7674433122460536085,2026-08-16 08:20:03,True
guru.bidan.wulan,7674243196930805013,https://www.tiktok.com/@guru.bidan.wulan/video/7674243196930805013,2026-08-15 20:03:03,True
guru.bidan.wulan,7674141991646645525,https://www.tiktok.com/@guru.bidan.wulan/video/7674141991646645525,2026-08-15 13:30:19,True
guru.bidan.wulan,7673503160803036437,https://www.tiktok.com/@guru.bidan.wulan/video/7673503160803036437,2026-08-13 20:11:20,True
guru.bidan.wulan,7672967656470891797,https://www.tiktok.com/@guru.bidan.wulan/video/7672967656470891797,2026-08-12 09:33:18,True
guru.bidan.wulan,7672747976237845781,https://www.tiktok.com/@guru.bidan.wulan/video/7672747976237845781,2026-08-11 19:20:49,True
guru.bidan.wulan,7672393101209652500,https://www.tiktok.com/@guru.bidan.wulan/video/7672393101209652500,2026-08-10 20:23:44,True
guru.bidan.wulan,7671136497092873492,https://www.tiktok.com/@guru.bidan.wulan/video/7671136497092873492,2026-08-07 11:07:28,True
guru.bidan.wulan,7671099579089145108,https://www.tiktok.com/@guru.bidan.wulan/video/7671099579089145108,2026-08-07 08:44:12,True
guru.bidan.wulan,7670882309540793621,https://www.tiktok.com/@guru.bidan.wulan/video/7670882309540793621,2026-08-06 18:41:05,True
guru.bidan.wulan,7670487031306325268,https://www.tiktok.com/@guru.bidan.wulan/video/7670487031306325268,2026-08-05 17:07:12,True
guru.bidan.wulan,7670352936030997780,https://www.tiktok.com/@guru.bidan.wulan/video/7670352936030997780,2026-08-05 08:26:51,True
guru.bidan.wulan,7670153232877980948,https://www.tiktok.com/@guru.bidan.wulan/video/7670153232877980948,2026-08-04 19:31:54,True
guru.bidan.wulan,7670115354605260052,https://www.tiktok.com/@guru.bidan.wulan/video/7670115354605260052,2026-08-04 17:04:54,True
guru.bidan.wulan,7670025952230984980,https://www.tiktok.com/@guru.bidan.wulan/video/7670025952230984980,2026-08-04 11:17:59,True
guru.bidan.wulan,7669970606825180436,https://www.tiktok.com/@guru.bidan.wulan/video/7669970606825180436,2026-08-04 07:43:13,True
guru.bidan.wulan,7669426820349168916,https://www.tiktok.com/@guru.bidan.wulan/video/7669426820349168916,2026-08-02 20:33:03,True
guru.bidan.wulan,7669404724365479189,https://www.tiktok.com/@guru.bidan.wulan/video/7669404724365479189,2026-08-02 19:07:18,True
guru.bidan.wulan,7669272783154580757,https://www.tiktok.com/@guru.bidan.wulan/video/7669272783154580757,2026-08-02 10:35:18,True
guru.bidan.wulan,7669258860904992021,https://www.tiktok.com/@guru.bidan.wulan/video/7669258860904992021,2026-08-02 09:41:16,True
guru.bidan.wulan,7668990691854388501,https://www.tiktok.com/@guru.bidan.wulan/video/7668990691854388501,2026-08-01 16:20:38,True
guru.bidan.wulan,7668868512030477588,https://www.tiktok.com/@guru.bidan.wulan/video/7668868512030477588,2026-08-01 08:26:31,True
guru.bidan.wulan,7668630961856335125,https://www.tiktok.com/@guru.bidan.wulan/video/7668630961856335125,2026-07-31 17:04:42,True
guru.bidan.wulan,7668523442148330773,https://www.tiktok.com/@guru.bidan.wulan/video/7668523442148330773,2026-07-31 10:07:28,True
guru.bidan.wulan,7668299936873843988,https://www.tiktok.com/@guru.bidan.wulan/video/7668299936873843988,2026-07-30 19:40:10,True
guru.bidan.wulan,7668159345741417749,https://www.tiktok.com/@guru.bidan.wulan/video/7668159345741417749,2026-07-30 10:34:36,True
guru.bidan.wulan,7667881999394147605,https://www.tiktok.com/@guru.bidan.wulan/video/7667881999394147605,2026-07-29 16:38:21,True
guru.bidan.wulan,7667778805431291156,https://www.tiktok.com/@guru.bidan.wulan/video/7667778805431291156,2026-07-29 09:57:54,True
guru.bidan.wulan,7667502693010738453,https://www.tiktok.com/@guru.bidan.wulan/video/7667502693010738453,2026-07-28 16:06:27,True
guru.bidan.wulan,7667386758681726229,https://www.tiktok.com/@guru.bidan.wulan/video/7667386758681726229,2026-07-28 08:36:34,True
guru.bidan.wulan,7667163429014326548,https://www.tiktok.com/@guru.bidan.wulan/video/7667163429014326548,2026-07-27 18:09:56,True
guru.bidan.wulan,7667072565554187540,https://www.tiktok.com/@guru.bidan.wulan/video/7667072565554187540,2026-07-27 12:17:20,True
guru.bidan.wulan,7667053016410836244,https://www.tiktok.com/@guru.bidan.wulan/video/7667053016410836244,2026-07-27 11:01:28,True
guru.bidan.wulan,7666709101006638344,https://www.tiktok.com/@guru.bidan.wulan/video/7666709101006638344,2026-07-26 12:46:54,True
guru.bidan.wulan,7666645103426981141,https://www.tiktok.com/@guru.bidan.wulan/video/7666645103426981141,2026-07-26 08:38:34,True
guru.bidan.wulan,7666402482607754516,https://www.tiktok.com/@guru.bidan.wulan/video/7666402482607754516,2026-07-25 16:57:04,True
guru.bidan.wulan,7666255133566815508,https://www.tiktok.com/@guru.bidan.wulan/video/7666255133566815508,2026-07-25 07:25:17,True
guru.bidan.wulan,7665955071653448980,https://www.tiktok.com/@guru.bidan.wulan/video/7665955071653448980,2026-07-24 12:00:53,True
guru.bidan.wulan,7665699934292888853,https://www.tiktok.com/@guru.bidan.wulan/video/7665699934292888853,2026-07-23 19:30:49,True
guru.bidan.wulan,7665626583213804821,https://www.tiktok.com/@guru.bidan.wulan/video/7665626583213804821,2026-07-23 14:46:11,True
guru.bidan.wulan,7665156964309323028,https://www.tiktok.com/@guru.bidan.wulan/video/7665156964309323028,2026-07-22 08:23:49,True
guru.bidan.wulan,7664541683081563413,https://www.tiktok.com/@guru.bidan.wulan/video/7664541683081563413,2026-07-20 16:36:13,True
guru.bidan.wulan,7663672043388325140,https://www.tiktok.com/@guru.bidan.wulan/video/7663672043388325140,2026-07-18 08:21:34,True
guru.bidan.wulan,7663291047681854741,https://www.tiktok.com/@guru.bidan.wulan/video/7663291047681854741,2026-07-17 07:43:07,True
guru.bidan.wulan,7662990237374647573,https://www.tiktok.com/@guru.bidan.wulan/video/7662990237374647573,2026-07-16 12:15:49,True
guru.bidan.wulan,7662701498031181077,https://www.tiktok.com/@guru.bidan.wulan/video/7662701498031181077,2026-07-15 17:35:21,True
guru.bidan.wulan,7662594712171236629,https://www.tiktok.com/@guru.bidan.wulan/video/7662594712171236629,2026-07-15 10:40:58,True
guru.bidan.wulan,7662330455533964565,https://www.tiktok.com/@guru.bidan.wulan/video/7662330455533964565,2026-07-14 17:35:31,True
guru.bidan.wulan,7661605404580924692,https://www.tiktok.com/@guru.bidan.wulan/video/7661605404580924692,2026-07-12 18:41:57,True
guru.bidan.wulan,7661558222993624340,https://www.tiktok.com/@guru.bidan.wulan/video/7661558222993624340,2026-07-12 15:38:52,True
guru.bidan.wulan,7661493298992778517,https://www.tiktok.com/@guru.bidan.wulan/video/7661493298992778517,2026-07-12 11:26:56,True
guru.bidan.wulan,7661438269514714389,https://www.tiktok.com/@guru.bidan.wulan/video/7661438269514714389,2026-07-12 07:53:23,True
guru.bidan.wulan,7660100352103976213,https://www.tiktok.com/@guru.bidan.wulan/video/7660100352103976213,2026-07-08 17:21:35,True
guru.bidan.wulan,7658938822671011093,https://www.tiktok.com/@guru.bidan.wulan/video/7658938822671011093,2026-07-05 14:14:15,True
guru.bidan.wulan,7658641542097227029,https://www.tiktok.com/@guru.bidan.wulan/video/7658641542097227029,2026-07-04 19:00:39,True
guru.bidan.wulan,7658592543692655893,https://www.tiktok.com/@guru.bidan.wulan/video/7658592543692655893,2026-07-04 15:50:31,True
guru.bidan.wulan,7658232139233692948,https://www.tiktok.com/@guru.bidan.wulan/video/7658232139233692948,2026-07-03 16:31:58,True
guru.bidan.wulan,7657944229548657940,https://www.tiktok.com/@guru.bidan.wulan/video/7657944229548657940,2026-07-02 21:54:44,True
guru.bidan.wulan,7657891163890011413,https://www.tiktok.com/@guru.bidan.wulan/video/7657891163890011413,2026-07-02 18:28:48,True
guru.bidan.wulan,7657760575157521684,https://www.tiktok.com/@guru.bidan.wulan/video/7657760575157521684,2026-07-02 10:02:03,True
guru.bidan.wulan,7657734130607738132,https://www.tiktok.com/@guru.bidan.wulan/video/7657734130607738132,2026-07-02 08:19:26,True
guru.bidan.wulan,7657206161770564884,https://www.tiktok.com/@guru.bidan.wulan/video/7657206161770564884,2026-06-30 22:10:39,True
guru.bidan.wulan,7656749922401651988,https://www.tiktok.com/@guru.bidan.wulan/video/7656749922401651988,2026-06-29 16:40:12,True
guru.bidan.wulan,7656078847523212564,https://www.tiktok.com/@guru.bidan.wulan/video/7656078847523212564,2026-06-27 21:16:05,True
guru.bidan.wulan,7655937735886245141,https://www.tiktok.com/@guru.bidan.wulan/video/7655937735886245141,2026-06-27 12:08:30,True
guru.bidan.wulan,7655559077526801685,https://www.tiktok.com/@guru.bidan.wulan/video/7655559077526801685,2026-06-26 11:39:07,True
guru.bidan.wulan,7655504211651611924,https://www.tiktok.com/@guru.bidan.wulan/video/7655504211651611924,2026-06-26 08:06:13,True
guru.bidan.wulan,7655270823657327892,https://www.tiktok.com/@guru.bidan.wulan/video/7655270823657327892,2026-06-25 17:00:33,True
guru.bidan.wulan,7654557974144290068,https://www.tiktok.com/@guru.bidan.wulan/video/7654557974144290068,2026-06-23 18:54:20,True
guru.bidan.wulan,7653816417216695573,https://www.tiktok.com/@guru.bidan.wulan/video/7653816417216695573,2026-06-21 18:56:42,True
guru.bidan.wulan,7653421984499453205,https://www.tiktok.com/@guru.bidan.wulan/video/7653421984499453205,2026-06-20 17:26:06,True
guru.bidan.wulan,7653364102558977300,https://www.tiktok.com/@guru.bidan.wulan/video/7653364102558977300,2026-06-20 13:41:30,True
guru.bidan.wulan,7652539790063324436,https://www.tiktok.com/@guru.bidan.wulan/video/7652539790063324436,2026-06-18 08:22:44,True
guru.bidan.wulan,7652295719218416916,https://www.tiktok.com/@guru.bidan.wulan/video/7652295719218416916,2026-06-17 16:35:37,True
guru.bidan.wulan,7650778725327392020,https://www.tiktok.com/@guru.bidan.wulan/video/7650778725327392020,2026-06-13 14:28:55,True
guru.bidan.wulan,7650693529160666389,https://www.tiktok.com/@guru.bidan.wulan/video/7650693529160666389,2026-06-13 08:58:18,True
guru.bidan.wulan,7650479430548131090,https://www.tiktok.com/@guru.bidan.wulan/video/7650479430548131090,2026-06-12 19:07:30,True
guru.bidan.wulan,7650377715790433556,https://www.tiktok.com/@guru.bidan.wulan/video/7650377715790433556,2026-06-12 12:32:47,True
guru.bidan.wulan,7650072254147005717,https://www.tiktok.com/@guru.bidan.wulan/video/7650072254147005717,2026-06-11 16:47:26,True
guru.bidan.wulan,7649969252077751572,https://www.tiktok.com/@guru.bidan.wulan/video/7649969252077751572,2026-06-11 10:07:44,True
guru.bidan.wulan,7649681371014761748,https://www.tiktok.com/@guru.bidan.wulan/video/7649681371014761748,2026-06-10 15:30:37,True
guru.bidan.wulan,7649566084370058517,https://www.tiktok.com/@guru.bidan.wulan/video/7649566084370058517,2026-06-10 08:03:15,True
guru.bidan.wulan,7649333021199437076,https://www.tiktok.com/@guru.bidan.wulan/video/7649333021199437076,2026-06-09 16:58:50,True
guru.bidan.wulan,7649235400858422549,https://www.tiktok.com/@guru.bidan.wulan/video/7649235400858422549,2026-06-09 10:40:01,True
guru.bidan.wulan,7648892942098189589,https://www.tiktok.com/@guru.bidan.wulan/video/7648892942098189589,2026-06-08 12:31:06,True
guru.bidan.wulan,7648856790074985749,https://www.tiktok.com/@guru.bidan.wulan/video/7648856790074985749,2026-06-08 10:10:49,True
guru.bidan.wulan,7648556269489491220,https://www.tiktok.com/@guru.bidan.wulan/video/7648556269489491220,2026-06-07 14:44:39,True
guru.bidan.wulan,7648460835081309461,https://www.tiktok.com/@guru.bidan.wulan/video/7648460835081309461,2026-06-07 08:34:19,True
guru.bidan.wulan,7648153594918604053,https://www.tiktok.com/@guru.bidan.wulan/video/7648153594918604053,2026-06-06 12:42:04,True
guru.bidan.wulan,7648084507551108373,https://www.tiktok.com/@guru.bidan.wulan/video/7648084507551108373,2026-06-06 08:13:58,True
guru.bidan.wulan,7647718228805864725,https://www.tiktok.com/@guru.bidan.wulan/video/7647718228805864725,2026-06-05 08:32:37,True
guru.bidan.wulan,7647375795165400340,https://www.tiktok.com/@guru.bidan.wulan/video/7647375795165400340,2026-06-04 10:23:48,True
guru.bidan.wulan,7647331330245528853,https://www.tiktok.com/@guru.bidan.wulan/video/7647331330245528853,2026-06-04 07:31:15,True
guru.bidan.wulan,7646983490235305237,https://www.tiktok.com/@guru.bidan.wulan/video/7646983490235305237,2026-06-03 09:01:28,True
guru.bidan.wulan,7646741209179884821,https://www.tiktok.com/@guru.bidan.wulan/video/7646741209179884821,2026-06-02 17:21:17,True
guru.bidan.wulan,7646646981426728213,https://www.tiktok.com/@guru.bidan.wulan/video/7646646981426728213,2026-06-02 11:15:38,True
guru.bidan.wulan,7646408816640183573,https://www.tiktok.com/@guru.bidan.wulan/video/7646408816640183573,2026-06-01 19:51:26,True
guru.bidan.wulan,7646322581926169876,https://www.tiktok.com/@guru.bidan.wulan/video/7646322581926169876,2026-06-01 14:16:48,True
guru.bidan.wulan,7645964963642641685,https://www.tiktok.com/@guru.bidan.wulan/video/7645964963642641685,2026-05-31 15:09:03,True
guru.bidan.wulan,7645649866617621781,https://www.tiktok.com/@guru.bidan.wulan/video/7645649866617621781,2026-05-30 18:46:19,True
guru.bidan.wulan,7645612305048161556,https://www.tiktok.com/@guru.bidan.wulan/video/7645612305048161556,2026-05-30 16:20:34,True
guru.bidan.wulan,7644010804643204373,https://www.tiktok.com/@guru.bidan.wulan/video/7644010804643204373,2026-05-26 08:45:55,True
guru.bidan.wulan,7643789392749874452,https://www.tiktok.com/@guru.bidan.wulan/video/7643789392749874452,2026-05-25 18:26:44,True
guru.bidan.wulan,7643388740412525844,https://www.tiktok.com/@guru.bidan.wulan/video/7643388740412525844,2026-05-24 16:32:00,True
guru.bidan.wulan,7643314610979982612,https://www.tiktok.com/@guru.bidan.wulan/video/7643314610979982612,2026-05-24 11:44:20,True
guru.bidan.wulan,7643064240160410900,https://www.tiktok.com/@guru.bidan.wulan/video/7643064240160410900,2026-05-23 19:32:46,True
guru.bidan.wulan,7642569898283126036,https://www.tiktok.com/@guru.bidan.wulan/video/7642569898283126036,2026-05-22 11:34:28,True
guru.bidan.wulan,7642160586557721877,https://www.tiktok.com/@guru.bidan.wulan/video/7642160586557721877,2026-05-21 09:06:08,True
guru.bidan.wulan,7641535000390667540,https://www.tiktok.com/@guru.bidan.wulan/video/7641535000390667540,2026-05-19 16:38:32,True
guru.bidan.wulan,7641150530714160404,https://www.tiktok.com/@guru.bidan.wulan/video/7641150530714160404,2026-05-18 15:46:36,True
guru.bidan.wulan,7641087973198548244,https://www.tiktok.com/@guru.bidan.wulan/video/7641087973198548244,2026-05-18 11:43:51,True
guru.bidan.wulan,7641037467440663828,https://www.tiktok.com/@guru.bidan.wulan/video/7641037467440663828,2026-05-18 08:27:51,True
guru.bidan.wulan,7640805954665106709,https://www.tiktok.com/@guru.bidan.wulan/video/7640805954665106709,2026-05-17 17:29:28,True
guru.bidan.wulan,7640750518968618260,https://www.tiktok.com/@guru.bidan.wulan/video/7640750518968618260,2026-05-17 13:54:21,True
guru.bidan.wulan,7640684975636909332,https://www.tiktok.com/@guru.bidan.wulan/video/7640684975636909332,2026-05-17 09:40:00,True
guru.bidan.wulan,7640402216381205778,https://www.tiktok.com/@guru.bidan.wulan/video/7640402216381205778,2026-05-16 15:22:45,True
guru.bidan.wulan,7640290080166563092,https://www.tiktok.com/@guru.bidan.wulan/video/7640290080166563092,2026-05-16 08:07:37,True
guru.bidan.wulan,7640110144906480916,https://www.tiktok.com/@guru.bidan.wulan/video/7640110144906480916,2026-05-15 20:29:22,True
guru.bidan.wulan,7640037871759510804,https://www.tiktok.com/@guru.bidan.wulan/video/7640037871759510804,2026-05-15 15:48:55,True
guru.bidan.wulan,7639948010314681620,https://www.tiktok.com/@guru.bidan.wulan/video/7639948010314681620,2026-05-15 10:00:12,True
guru.bidan.wulan,7639650716134477077,https://www.tiktok.com/@guru.bidan.wulan/video/7639650716134477077,2026-05-14 14:46:33,True
guru.bidan.wulan,7639571556112387349,https://www.tiktok.com/@guru.bidan.wulan/video/7639571556112387349,2026-05-14 09:39:22,True
guru.bidan.wulan,7639346177510542612,https://www.tiktok.com/@guru.bidan.wulan/video/7639346177510542612,2026-05-13 19:04:47,True
guru.bidan.wulan,7639279364336569620,https://www.tiktok.com/@guru.bidan.wulan/video/7639279364336569620,2026-05-13 14:45:31,True
guru.bidan.wulan,7639197626642009365,https://www.tiktok.com/@guru.bidan.wulan/video/7639197626642009365,2026-05-13 09:28:20,True
guru.bidan.wulan,7638891386804161813,https://www.tiktok.com/@guru.bidan.wulan/video/7638891386804161813,2026-05-12 13:39:58,True
guru.bidan.wulan,7638824883425692949,https://www.tiktok.com/@guru.bidan.wulan/video/7638824883425692949,2026-05-12 09:21:54,True
guru.bidan.wulan,7638525293795314965,https://www.tiktok.com/@guru.bidan.wulan/video/7638525293795314965,2026-05-11 13:59:20,True
guru.bidan.wulan,7638438833775725844,https://www.tiktok.com/@guru.bidan.wulan/video/7638438833775725844,2026-05-11 08:23:50,True
guru.bidan.wulan,7638162190259850514,https://www.tiktok.com/@guru.bidan.wulan/video/7638162190259850514,2026-05-10 14:30:19,True
guru.bidan.wulan,7638088527535820053,https://www.tiktok.com/@guru.bidan.wulan/video/7638088527535820053,2026-05-10 09:44:28,True
guru.bidan.wulan,7637807356696366357,https://www.tiktok.com/@guru.bidan.wulan/video/7637807356696366357,2026-05-09 15:33:22,True
guru.bidan.wulan,7637718582662548757,https://www.tiktok.com/@guru.bidan.wulan/video/7637718582662548757,2026-05-09 09:48:53,True
guru.bidan.wulan,7637379800780360981,https://www.tiktok.com/@guru.bidan.wulan/video/7637379800780360981,2026-05-08 11:54:14,True
guru.bidan.wulan,7637325443691040021,https://www.tiktok.com/@guru.bidan.wulan/video/7637325443691040021,2026-05-08 08:23:18,True
guru.bidan.wulan,7636985620262391060,https://www.tiktok.com/@guru.bidan.wulan/video/7636985620262391060,2026-05-07 10:24:37,True
guru.bidan.wulan,7636528383278599445,https://www.tiktok.com/@guru.bidan.wulan/video/7636528383278599445,2026-05-06 04:50:18,True
guru.bidan.wulan,7636233962985213205,https://www.tiktok.com/@guru.bidan.wulan/video/7636233962985213205,2026-05-05 09:47:48,True
guru.bidan.wulan,7635957091189935380,https://www.tiktok.com/@guru.bidan.wulan/video/7635957091189935380,2026-05-04 15:53:24,True
guru.bidan.wulan,7635495616256281877,https://www.tiktok.com/@guru.bidan.wulan/video/7635495616256281877,2026-05-03 10:02:38,True
guru.bidan.wulan,7635139634439212308,https://www.tiktok.com/@guru.bidan.wulan/video/7635139634439212308,2026-05-02 11:01:15,True
guru.bidan.wulan,7634011850329394453,https://www.tiktok.com/@guru.bidan.wulan/video/7634011850329394453,2026-04-29 10:04:52,True
guru.bidan.wulan,7633660650207759636,https://www.tiktok.com/@guru.bidan.wulan/video/7633660650207759636,2026-04-28 11:22:02,True
guru.bidan.wulan,7633293490612653320,https://www.tiktok.com/@guru.bidan.wulan/video/7633293490612653320,2026-04-27 11:37:16,True
guru.bidan.wulan,7632161416706821397,https://www.tiktok.com/@guru.bidan.wulan/video/7632161416706821397,2026-04-24 10:24:15,True
guru.bidan.wulan,7631469307591019796,https://www.tiktok.com/@guru.bidan.wulan/video/7631469307591019796,2026-04-22 13:38:30,True
guru.bidan.wulan,7631403480929897748,https://www.tiktok.com/@guru.bidan.wulan/video/7631403480929897748,2026-04-22 09:23:04,True
guru.bidan.wulan,7630830573472271637,https://www.tiktok.com/@guru.bidan.wulan/video/7630830573472271637,2026-04-20 20:19:54,True
guru.bidan.wulan,7630409224882752788,https://www.tiktok.com/@guru.bidan.wulan/video/7630409224882752788,2026-04-19 17:04:51,True
guru.bidan.wulan,7630305872396307733,https://www.tiktok.com/@guru.bidan.wulan/video/7630305872396307733,2026-04-19 10:23:47,True
guru.bidan.wulan,7628840004332047636,https://www.tiktok.com/@guru.bidan.wulan/video/7628840004332047636,2026-04-15 11:35:28,True
guru.bidan.wulan,7628137289171946773,https://www.tiktok.com/@guru.bidan.wulan/video/7628137289171946773,2026-04-13 14:08:34,True
guru.bidan.wulan,7628128303265680660,https://www.tiktok.com/@guru.bidan.wulan/video/7628128303265680660,2026-04-13 13:33:42,True
guru.bidan.wulan,7627347146882223381,https://www.tiktok.com/@guru.bidan.wulan/video/7627347146882223381,2026-04-11 11:02:25,True
guru.bidan.wulan,7627071379397152020,https://www.tiktok.com/@guru.bidan.wulan/video/7627071379397152020,2026-04-10 17:12:18,True
guru.bidan.wulan,7624405040043773202,https://www.tiktok.com/@guru.bidan.wulan/video/7624405040043773202,2026-04-03 12:45:32,True
guru.bidan.wulan,7623002649729977608,https://www.tiktok.com/@guru.bidan.wulan/video/7623002649729977608,2026-03-30 18:03:33,True
guru.bidan.wulan,7622929608593116423,https://www.tiktok.com/@guru.bidan.wulan/video/7622929608593116423,2026-03-30 13:20:07,True
guru.bidan.wulan,7622922449834806536,https://www.tiktok.com/@guru.bidan.wulan/video/7622922449834806536,2026-03-30 12:52:20,True
guru.bidan.wulan,7617781259623828756,https://www.tiktok.com/@guru.bidan.wulan/video/7617781259623828756,2026-03-16 16:21:53,True
guru.bidan.wulan,7616688811359374613,https://www.tiktok.com/@guru.bidan.wulan/video/7616688811359374613,2026-03-13 17:42:38,True
guru.bidan.wulan,7616549548386831637,https://www.tiktok.com/@guru.bidan.wulan/video/7616549548386831637,2026-03-13 08:42:13,True
guru.bidan.wulan,7614353097212579080,https://www.tiktok.com/@guru.bidan.wulan/video/7614353097212579080,2026-03-07 10:38:52,True
guru.bidan.wulan,7614065332864486663,https://www.tiktok.com/@guru.bidan.wulan/video/7614065332864486663,2026-03-06 16:02:12,True
guru.bidan.wulan,7612985125265067271,https://www.tiktok.com/@guru.bidan.wulan/video/7612985125265067271,2026-03-03 18:10:26,True
guru.bidan.wulan,7612874207688396039,https://www.tiktok.com/@guru.bidan.wulan/video/7612874207688396039,2026-03-03 11:00:01,True
guru.bidan.wulan,7611493240621124871,https://www.tiktok.com/@guru.bidan.wulan/video/7611493240621124871,2026-02-27 17:41:10,True
guru.bidan.wulan,7608893453186944263,https://www.tiktok.com/@guru.bidan.wulan/video/7608893453186944263,2026-02-20 17:32:40,True
guru.bidan.wulan,7608757814680472850,https://www.tiktok.com/@guru.bidan.wulan/video/7608757814680472850,2026-02-20 08:46:19,True
guru.bidan.wulan,7608024521789984007,https://www.tiktok.com/@guru.bidan.wulan/video/7608024521789984007,2026-02-18 09:20:46,True
guru.bidan.wulan,7607991694960774418,https://www.tiktok.com/@guru.bidan.wulan/video/7607991694960774418,2026-02-18 07:13:23,True
guru.bidan.wulan,7607727005072657672,https://www.tiktok.com/@guru.bidan.wulan/video/7607727005072657672,2026-02-17 14:06:15,True
guru.bidan.wulan,7606710785603046664,https://www.tiktok.com/@guru.bidan.wulan/video/7606710785603046664,2026-02-14 20:22:48,True
guru.bidan.wulan,7606306635618880776,https://www.tiktok.com/@guru.bidan.wulan/video/7606306635618880776,2026-02-13 18:14:29,True
guru.bidan.wulan,7605871491460189458,https://www.tiktok.com/@guru.bidan.wulan/video/7605871491460189458,2026-02-12 14:05:54,True
guru.bidan.wulan,7605799516314307858,https://www.tiktok.com/@guru.bidan.wulan/video/7605799516314307858,2026-02-12 09:26:36,True
guru.bidan.wulan,7605431501722782983,https://www.tiktok.com/@guru.bidan.wulan/video/7605431501722782983,2026-02-11 09:38:31,True
guru.bidan.wulan,7605184303466663175,https://www.tiktok.com/@guru.bidan.wulan/video/7605184303466663175,2026-02-10 17:39:16,True
guru.bidan.wulan,7603566606131694866,https://www.tiktok.com/@guru.bidan.wulan/video/7603566606131694866,2026-02-06 09:01:46,True
guru.bidan.wulan,7603277898115550471,https://www.tiktok.com/@guru.bidan.wulan/video/7603277898115550471,2026-02-05 14:21:26,True
guru.bidan.wulan,7603208816976612615,https://www.tiktok.com/@guru.bidan.wulan/video/7603208816976612615,2026-02-05 09:53:22,True
guru.bidan.wulan,7602998103024700679,https://www.tiktok.com/@guru.bidan.wulan/video/7602998103024700679,2026-02-04 20:15:42,True
guru.bidan.wulan,7602875882272722194,https://www.tiktok.com/@guru.bidan.wulan/video/7602875882272722194,2026-02-04 12:21:25,True
guru.bidan.wulan,7602476388125314322,https://www.tiktok.com/@guru.bidan.wulan/video/7602476388125314322,2026-02-03 10:31:10,True
guru.bidan.wulan,7602140864349015314,https://www.tiktok.com/@guru.bidan.wulan/video/7602140864349015314,2026-02-02 12:49:10,True
guru.bidan.wulan,7601708524531404039,https://www.tiktok.com/@guru.bidan.wulan/video/7601708524531404039,2026-02-01 08:51:28,True
guru.bidan.wulan,7601013123662810386,https://www.tiktok.com/@guru.bidan.wulan/video/7601013123662810386,2026-01-30 11:52:58,True
guru.bidan.wulan,7600957355882302738,https://www.tiktok.com/@guru.bidan.wulan/video/7600957355882302738,2026-01-30 08:16:33,True
guru.bidan.wulan,7600675679679679752,https://www.tiktok.com/@guru.bidan.wulan/video/7600675679679679752,2026-01-29 14:03:30,True
guru.bidan.wulan,7599982033447718162,https://www.tiktok.com/@guru.bidan.wulan/video/7599982033447718162,2026-01-27 17:11:48,True
guru.bidan.wulan,7599930824280116487,https://www.tiktok.com/@guru.bidan.wulan/video/7599930824280116487,2026-01-27 13:53:05,True
guru.bidan.wulan,7599844007371476242,https://www.tiktok.com/@guru.bidan.wulan/video/7599844007371476242,2026-01-27 08:16:11,True
guru.bidan.wulan,7599616128280759570,https://www.tiktok.com/@guru.bidan.wulan/video/7599616128280759570,2026-01-26 17:31:54,True
guru.bidan.wulan,7598887536487976210,https://www.tiktok.com/@guru.bidan.wulan/video/7598887536487976210,2026-01-24 18:24:36,True
guru.bidan.wulan,7598525209745837319,https://www.tiktok.com/@guru.bidan.wulan/video/7598525209745837319,2026-01-23 18:58:35,True
guru.bidan.wulan,7598494188522474770,https://www.tiktok.com/@guru.bidan.wulan/video/7598494188522474770,2026-01-23 16:58:12,True
guru.bidan.wulan,7597782394153864455,https://www.tiktok.com/@guru.bidan.wulan/video/7597782394153864455,2026-01-21 18:56:05,True
guru.bidan.wulan,7597743731738938631,https://www.tiktok.com/@guru.bidan.wulan/video/7597743731738938631,2026-01-21 16:26:03,True
guru.bidan.wulan,7597644208005991687,https://www.tiktok.com/@guru.bidan.wulan/video/7597644208005991687,2026-01-21 09:59:51,True
guru.bidan.wulan,7597382229127367943,https://www.tiktok.com/@guru.bidan.wulan/video/7597382229127367943,2026-01-20 17:03:14,True
guru.bidan.wulan,7596664543082728712,https://www.tiktok.com/@guru.bidan.wulan/video/7596664543082728712,2026-01-18 18:38:15,True
guru.bidan.wulan,7596612666949504264,https://www.tiktok.com/@guru.bidan.wulan/video/7596612666949504264,2026-01-18 15:16:56,True
guru.bidan.wulan,7596234434613939464,https://www.tiktok.com/@guru.bidan.wulan/video/7596234434613939464,2026-01-17 14:49:12,True
guru.bidan.wulan,7596127050344205575,https://www.tiktok.com/@guru.bidan.wulan/video/7596127050344205575,2026-01-17 07:52:30,True
guru.bidan.wulan,7595866074818579730,https://www.tiktok.com/@guru.bidan.wulan/video/7595866074818579730,2026-01-16 14:59:47,True
guru.bidan.wulan,7595835067889405202,https://www.tiktok.com/@guru.bidan.wulan/video/7595835067889405202,2026-01-16 12:59:27,True
guru.bidan.wulan,7595560165227990280,https://www.tiktok.com/@guru.bidan.wulan/video/7595560165227990280,2026-01-15 19:12:42,True
guru.bidan.wulan,7595402265091902728,https://www.tiktok.com/@guru.bidan.wulan/video/7595402265091902728,2026-01-15 08:59:58,True
guru.bidan.wulan,7595150033985473799,https://www.tiktok.com/@guru.bidan.wulan/video/7595150033985473799,2026-01-14 16:41:11,True
guru.bidan.wulan,7595104434321984786,https://www.tiktok.com/@guru.bidan.wulan/video/7595104434321984786,2026-01-14 13:44:14,True
guru.bidan.wulan,7594702625036094728,https://www.tiktok.com/@guru.bidan.wulan/video/7594702625036094728,2026-01-13 11:45:00,True
guru.bidan.wulan,7593916765218802952,https://www.tiktok.com/@guru.bidan.wulan/video/7593916765218802952,2026-01-11 08:55:28,True
guru.bidan.wulan,7593653733314039058,https://www.tiktok.com/@guru.bidan.wulan/video/7593653733314039058,2026-01-10 15:54:46,True
guru.bidan.wulan,7593617813022051591,https://www.tiktok.com/@guru.bidan.wulan/video/7593617813022051591,2026-01-10 13:35:23,True
guru.bidan.wulan,7593328601349557512,https://www.tiktok.com/@guru.bidan.wulan/video/7593328601349557512,2026-01-09 18:53:05,True
guru.bidan.wulan,7593195802453904658,https://www.tiktok.com/@guru.bidan.wulan/video/7593195802453904658,2026-01-09 10:17:46,True
guru.bidan.wulan,7592933044303006994,https://www.tiktok.com/@guru.bidan.wulan/video/7592933044303006994,2026-01-08 17:18:07,True
guru.bidan.wulan,7592857092466150664,https://www.tiktok.com/@guru.bidan.wulan/video/7592857092466150664,2026-01-08 12:23:24,True
guru.bidan.wulan,7592505482036776210,https://www.tiktok.com/@guru.bidan.wulan/video/7592505482036776210,2026-01-07 13:38:58,True
guru.bidan.wulan,7592474414143261959,https://www.tiktok.com/@guru.bidan.wulan/video/7592474414143261959,2026-01-07 11:38:24,True
guru.bidan.wulan,7592086785165888786,https://www.tiktok.com/@guru.bidan.wulan/video/7592086785165888786,2026-01-06 10:34:12,True
guru.bidan.wulan,7591846908641971463,https://www.tiktok.com/@guru.bidan.wulan/video/7591846908641971463,2026-01-05 19:03:22,True
guru.bidan.wulan,7591454083706408199,https://www.tiktok.com/@guru.bidan.wulan/video/7591454083706408199,2026-01-04 17:39:00,True
guru.bidan.wulan,7590978518461304071,https://www.tiktok.com/@guru.bidan.wulan/video/7590978518461304071,2026-01-03 10:53:34,True
guru.bidan.wulan,7590581872355200274,https://www.tiktok.com/@guru.bidan.wulan/video/7590581872355200274,2026-01-02 09:14:23,True
guru.bidan.wulan,7590240947305221394,https://www.tiktok.com/@guru.bidan.wulan/video/7590240947305221394,2026-01-01 11:11:25,True
guru.bidan.wulan,7589912917957414162,https://www.tiktok.com/@guru.bidan.wulan/video/7589912917957414162,2025-12-31 13:58:29,False
nisaobgyn,7367927402133064965,https://www.tiktok.com/@nisaobgyn/video/7367927402133064965,2024-05-12 09:01:19,False
nisaobgyn,7110801038378011930,https://www.tiktok.com/@nisaobgyn/video/7110801038378011930,2022-06-19 11:19:42,False
nisaobgyn,7670858061946359060,https://www.tiktok.com/@nisaobgyn/video/7670858061946359060,2026-08-06 17:06:59,True
nisaobgyn,7666417657066818837,https://www.tiktok.com/@nisaobgyn/video/7666417657066818837,2026-07-25 17:55:57,True
nisaobgyn,7665292425501494549,https://www.tiktok.com/@nisaobgyn/video/7665292425501494549,2026-07-22 17:09:29,True
nisaobgyn,7652757510255840533,https://www.tiktok.com/@nisaobgyn/video/7652757510255840533,2026-06-18 22:27:36,True
nisaobgyn,7646011104568675604,https://www.tiktok.com/@nisaobgyn/video/7646011104568675604,2026-05-31 18:08:06,True
nisaobgyn,7641551367596756245,https://www.tiktok.com/@nisaobgyn/video/7641551367596756245,2026-05-19 17:42:03,True
nisaobgyn,7631524211869207829,https://www.tiktok.com/@nisaobgyn/video/7631524211869207829,2026-04-22 17:11:34,True
nisaobgyn,7620612672018468117,https://www.tiktok.com/@nisaobgyn/video/7620612672018468117,2026-03-24 07:29:13,True
nisaobgyn,7612599756535188756,https://www.tiktok.com/@nisaobgyn/video/7612599756535188756,2026-03-02 17:15:01,True
nisaobgyn,7601859221893958932,https://www.tiktok.com/@nisaobgyn/video/7601859221893958932,2026-02-01 18:36:15,True
nisaobgyn,7589452210677796104,https://www.tiktok.com/@nisaobgyn/video/7589452210677796104,2025-12-30 08:10:43,False
nadialaydrus,7680484194006355221,https://www.tiktok.com/@nadialaydrus/video/7680484194006355221,2026-09-01 15:41:18,False
nadialaydrus,7680458960352070933,https://www.tiktok.com/@nadialaydrus/video/7680458960352070933,2026-09-01 14:03:23,False
nadialaydrus,7680443760806808852,https://www.tiktok.com/@nadialaydrus/video/7680443760806808852,2026-09-01 13:04:24,False
nadialaydrus,7680129067315678485,https://www.tiktok.com/@nadialaydrus/video/7680129067315678485,2026-08-31 16:43:14,True
nadialaydrus,7680156605354298645,https://www.tiktok.com/@nadialaydrus/video/7680156605354298645,2026-08-31 18:30:05,True
nadialaydrus,7680125419047374100,https://www.tiktok.com/@nadialaydrus/video/7680125419047374100,2026-08-31 16:29:04,True
nadialaydrus,7680103220957482261,https://www.tiktok.com/@nadialaydrus/video/7680103220957482261,2026-08-31 15:02:56,True
nadialaydrus,7680096831111597333,https://www.tiktok.com/@nadialaydrus/video/7680096831111597333,2026-08-31 14:38:08,True
nadialaydrus,7679357581340511509,https://www.tiktok.com/@nadialaydrus/video/7679357581340511509,2026-08-29 14:49:28,True
nadialaydrus,7679324033531251988,https://www.tiktok.com/@nadialaydrus/video/7679324033531251988,2026-08-29 12:39:17,True
nadialaydrus,7679027031174057237,https://www.tiktok.com/@nadialaydrus/video/7679027031174057237,2026-08-28 17:26:46,True
nadialaydrus,7679014951788252436,https://www.tiktok.com/@nadialaydrus/video/7679014951788252436,2026-08-28 16:39:53,True
nadialaydrus,7678989809724968213,https://www.tiktok.com/@nadialaydrus/video/7678989809724968213,2026-08-28 15:02:20,True
nadialaydrus,7678982597824826644,https://www.tiktok.com/@nadialaydrus/video/7678982597824826644,2026-08-28 14:34:20,True
nadialaydrus,7678691367429672212,https://www.tiktok.com/@nadialaydrus/video/7678691367429672212,2026-08-27 19:44:13,True
nadialaydrus,7678642543726202132,https://www.tiktok.com/@nadialaydrus/video/7678642543726202132,2026-08-27 16:34:45,True
nadialaydrus,7678625154297007381,https://www.tiktok.com/@nadialaydrus/video/7678625154297007381,2026-08-27 15:27:17,True
nadialaydrus,7678599258827754773,https://www.tiktok.com/@nadialaydrus/video/7678599258827754773,2026-08-27 13:46:47,True
nadialaydrus,7677934527515331861,https://www.tiktok.com/@nadialaydrus/video/7677934527515331861,2026-08-25 18:47:17,True
nadialaydrus,7677910859972152596,https://www.tiktok.com/@nadialaydrus/video/7677910859972152596,2026-08-25 17:15:27,True
nadialaydrus,7677585305171496212,https://www.tiktok.com/@nadialaydrus/video/7677585305171496212,2026-08-24 20:12:08,True
nadialaydrus,7677575478806351125,https://www.tiktok.com/@nadialaydrus/video/7677575478806351125,2026-08-24 19:34:00,True
nadialaydrus,7677182101992574229,https://www.tiktok.com/@nadialaydrus/video/7677182101992574229,2026-08-23 18:07:30,True
nadialaydrus,7677162130482711828,https://www.tiktok.com/@nadialaydrus/video/7677162130482711828,2026-08-23 16:50:00,True
nadialaydrus,7675327998798613781,https://www.tiktok.com/@nadialaydrus/video/7675327998798613781,2026-08-18 18:12:38,True
nadialaydrus,7675246815402544405,https://www.tiktok.com/@nadialaydrus/video/7675246815402544405,2026-08-18 12:57:36,True
nadialaydrus,7674223022357613845,https://www.tiktok.com/@nadialaydrus/video/7674223022357613845,2026-08-15 18:44:45,True
nadialaydrus,7674148928715017493,https://www.tiktok.com/@nadialaydrus/video/7674148928715017493,2026-08-15 13:57:14,True
nadialaydrus,7674134500409986325,https://www.tiktok.com/@nadialaydrus/video/7674134500409986325,2026-08-15 13:01:15,True
nadialaydrus,7673863582160866580,https://www.tiktok.com/@nadialaydrus/video/7673863582160866580,2026-08-14 19:29:57,True
nadialaydrus,7673831989744536853,https://www.tiktok.com/@nadialaydrus/video/7673831989744536853,2026-08-14 17:27:21,True
nadialaydrus,7673805852968586516,https://www.tiktok.com/@nadialaydrus/video/7673805852968586516,2026-08-14 15:45:56,True
nadialaydrus,7673505666727677204,https://www.tiktok.com/@nadialaydrus/video/7673505666727677204,2026-08-13 20:21:03,True
nadialaydrus,7673409797391240469,https://www.tiktok.com/@nadialaydrus/video/7673409797391240469,2026-08-13 14:09:02,True
nadialaydrus,7673134586481741077,https://www.tiktok.com/@nadialaydrus/video/7673134586481741077,2026-08-12 20:21:04,True
nadialaydrus,7673121400999169301,https://www.tiktok.com/@nadialaydrus/video/7673121400999169301,2026-08-12 19:29:54,True
nadialaydrus,7673062611541331220,https://www.tiktok.com/@nadialaydrus/video/7673062611541331220,2026-08-12 15:41:46,True
nadialaydrus,7672740450817559828,https://www.tiktok.com/@nadialaydrus/video/7672740450817559828,2026-08-11 18:51:37,True
nadialaydrus,7672699877985438997,https://www.tiktok.com/@nadialaydrus/video/7672699877985438997,2026-08-11 16:14:11,True
nadialaydrus,7672345189037460757,https://www.tiktok.com/@nadialaydrus/video/7672345189037460757,2026-08-10 17:17:48,True
nadialaydrus,7671618034913611028,https://www.tiktok.com/@nadialaydrus/video/7671618034913611028,2026-08-08 18:16:04,True
nadialaydrus,7671570237413690645,https://www.tiktok.com/@nadialaydrus/video/7671570237413690645,2026-08-08 15:10:36,True
nadialaydrus,7670918075184794901,https://www.tiktok.com/@nadialaydrus/video/7670918075184794901,2026-08-06 20:59:52,True
nadialaydrus,7670868426839100693,https://www.tiktok.com/@nadialaydrus/video/7670868426839100693,2026-08-06 17:47:13,True
nadialaydrus,7670816282048056596,https://www.tiktok.com/@nadialaydrus/video/7670816282048056596,2026-08-06 14:24:52,True
nadialaydrus,7670103655898418453,https://www.tiktok.com/@nadialaydrus/video/7670103655898418453,2026-08-04 16:19:31,True
nadialaydrus,7670073874335288597,https://www.tiktok.com/@nadialaydrus/video/7670073874335288597,2026-08-04 14:23:57,True
nadialaydrus,7669775969820871957,https://www.tiktok.com/@nadialaydrus/video/7669775969820871957,2026-08-03 19:07:55,True
nadialaydrus,7669753767839059220,https://www.tiktok.com/@nadialaydrus/video/7669753767839059220,2026-08-03 17:41:46,True
nadialaydrus,7669735267040824596,https://www.tiktok.com/@nadialaydrus/video/7669735267040824596,2026-08-03 16:29:58,True
nadialaydrus,7669335047551405333,https://www.tiktok.com/@nadialaydrus/video/7669335047551405333,2026-08-02 14:36:55,True
nadialaydrus,7669308235580460308,https://www.tiktok.com/@nadialaydrus/video/7669308235580460308,2026-08-02 12:52:52,True
nadialaydrus,7669023648753192212,https://www.tiktok.com/@nadialaydrus/video/7669023648753192212,2026-08-01 18:28:32,True
nadialaydrus,7668685894655921429,https://www.tiktok.com/@nadialaydrus/video/7668685894655921429,2026-07-31 20:37:52,True
nadialaydrus,7668601434400623893,https://www.tiktok.com/@nadialaydrus/video/7668601434400623893,2026-07-31 15:10:07,True
nadialaydrus,7668250574713916692,https://www.tiktok.com/@nadialaydrus/video/7668250574713916692,2026-07-30 16:28:37,True
nadialaydrus,7668215414790524180,https://www.tiktok.com/@nadialaydrus/video/7668215414790524180,2026-07-30 14:12:10,True
nadialaydrus,7668201523612028181,https://www.tiktok.com/@nadialaydrus/video/7668201523612028181,2026-07-30 13:18:16,True
nadialaydrus,7667935802973785364,https://www.tiktok.com/@nadialaydrus/video/7667935802973785364,2026-07-29 20:07:08,True
nadialaydrus,7667914705993747732,https://www.tiktok.com/@nadialaydrus/video/7667914705993747732,2026-07-29 18:45:16,True
nadialaydrus,7667889661875948820,https://www.tiktok.com/@nadialaydrus/video/7667889661875948820,2026-07-29 17:08:05,True
nadialaydrus,7667540244727745812,https://www.tiktok.com/@nadialaydrus/video/7667540244727745812,2026-07-28 18:32:10,True
nadialaydrus,7667512716973673749,https://www.tiktok.com/@nadialaydrus/video/7667512716973673749,2026-07-28 16:45:21,True
nadialaydrus,7667207265497156884,https://www.tiktok.com/@nadialaydrus/video/7667207265497156884,2026-07-27 21:00:02,True
nadialaydrus,7667102792170867988,https://www.tiktok.com/@nadialaydrus/video/7667102792170867988,2026-07-27 14:14:38,True
nadialaydrus,7666470135787572501,https://www.tiktok.com/@nadialaydrus/video/7666470135787572501,2026-07-25 21:19:36,True
nadialaydrus,7666452434343955733,https://www.tiktok.com/@nadialaydrus/video/7666452434343955733,2026-07-25 20:10:54,True
nadialaydrus,7666395068537900309,https://www.tiktok.com/@nadialaydrus/video/7666395068537900309,2026-07-25 16:28:18,True
nadialaydrus,7666359536462122261,https://www.tiktok.com/@nadialaydrus/video/7666359536462122261,2026-07-25 14:10:25,True
nadialaydrus,7666060686358891797,https://www.tiktok.com/@nadialaydrus/video/7666060686358891797,2026-07-24 18:50:43,True
nadialaydrus,7666040656326053140,https://www.tiktok.com/@nadialaydrus/video/7666040656326053140,2026-07-24 17:33:00,True
nadialaydrus,7665925656831790357,https://www.tiktok.com/@nadialaydrus/video/7665925656831790357,2026-07-24 10:06:44,True
nadialaydrus,7665693467581877524,https://www.tiktok.com/@nadialaydrus/video/7665693467581877524,2026-07-23 19:05:44,True
nadialaydrus,7665652349444115733,https://www.tiktok.com/@nadialaydrus/video/7665652349444115733,2026-07-23 16:26:10,True
nadialaydrus,7665609460001426708,https://www.tiktok.com/@nadialaydrus/video/7665609460001426708,2026-07-23 13:39:44,True
nadialaydrus,7665324672593956116,https://www.tiktok.com/@nadialaydrus/video/7665324672593956116,2026-07-22 19:14:37,True
nadialaydrus,7665291041452461333,https://www.tiktok.com/@nadialaydrus/video/7665291041452461333,2026-07-22 17:04:06,True
nadialaydrus,7664976693219708181,https://www.tiktok.com/@nadialaydrus/video/7664976693219708181,2026-07-21 20:44:17,True
nadialaydrus,7664938469017275669,https://www.tiktok.com/@nadialaydrus/video/7664938469017275669,2026-07-21 18:15:57,True
nadialaydrus,7664922437615652116,https://www.tiktok.com/@nadialaydrus/video/7664922437615652116,2026-07-21 17:13:44,True
nadialaydrus,7664918745231412501,https://www.tiktok.com/@nadialaydrus/video/7664918745231412501,2026-07-21 16:59:25,True
nadialaydrus,7664582047389814036,https://www.tiktok.com/@nadialaydrus/video/7664582047389814036,2026-07-20 19:12:51,True
nadialaydrus,7664577356203330836,https://www.tiktok.com/@nadialaydrus/video/7664577356203330836,2026-07-20 18:54:39,True
nadialaydrus,7664560273193274644,https://www.tiktok.com/@nadialaydrus/video/7664560273193274644,2026-07-20 17:48:21,True
nadialaydrus,7664535853909216533,https://www.tiktok.com/@nadialaydrus/video/7664535853909216533,2026-07-20 16:13:36,True
nadialaydrus,7664532401002908949,https://www.tiktok.com/@nadialaydrus/video/7664532401002908949,2026-07-20 16:00:12,True
nadialaydrus,7664183567768964372,https://www.tiktok.com/@nadialaydrus/video/7664183567768964372,2026-07-19 17:26:33,True
nadialaydrus,7663915766542126357,https://www.tiktok.com/@nadialaydrus/video/7663915766542126357,2026-07-19 00:07:20,True
nadialaydrus,7663837418038316309,https://www.tiktok.com/@nadialaydrus/video/7663837418038316309,2026-07-18 19:03:18,True
nadialaydrus,7663809171363515669,https://www.tiktok.com/@nadialaydrus/video/7663809171363515669,2026-07-18 17:13:42,True
nadialaydrus,7663767681404816661,https://www.tiktok.com/@nadialaydrus/video/7663767681404816661,2026-07-18 14:32:42,True
nadialaydrus,7663492118819704084,https://www.tiktok.com/@nadialaydrus/video/7663492118819704084,2026-07-17 20:43:22,True
nadialaydrus,7663458324557384980,https://www.tiktok.com/@nadialaydrus/video/7663458324557384980,2026-07-17 18:32:14,True
nadialaydrus,7663421780236750101,https://www.tiktok.com/@nadialaydrus/video/7663421780236750101,2026-07-17 16:10:25,True
nadialaydrus,7663410287898381588,https://www.tiktok.com/@nadialaydrus/video/7663410287898381588,2026-07-17 15:25:49,True
nadialaydrus,7663084817818373397,https://www.tiktok.com/@nadialaydrus/video/7663084817818373397,2026-07-16 18:22:50,True
nadialaydrus,7662356059234848020,https://www.tiktok.com/@nadialaydrus/video/7662356059234848020,2026-07-14 19:14:53,True
nadialaydrus,7662310058793094421,https://www.tiktok.com/@nadialaydrus/video/7662310058793094421,2026-07-14 16:16:22,True
nadialaydrus,7662270467188788500,https://www.tiktok.com/@nadialaydrus/video/7662270467188788500,2026-07-14 13:42:44,True
nadialaydrus,7662005086406626581,https://www.tiktok.com/@nadialaydrus/video/7662005086406626581,2026-07-13 20:32:55,True
nadialaydrus,7661990871889562900,https://www.tiktok.com/@nadialaydrus/video/7661990871889562900,2026-07-13 19:37:46,True
nadialaydrus,7661961352046497044,https://www.tiktok.com/@nadialaydrus/video/7661961352046497044,2026-07-13 17:43:13,True
nadialaydrus,7661613777628024084,https://www.tiktok.com/@nadialaydrus/video/7661613777628024084,2026-07-12 19:14:27,True
nadialaydrus,7661596032618204437,https://www.tiktok.com/@nadialaydrus/video/7661596032618204437,2026-07-12 18:05:35,True
nadialaydrus,7661223915456433429,https://www.tiktok.com/@nadialaydrus/video/7661223915456433429,2026-07-11 18:01:35,True
nadialaydrus,7660899992873258261,https://www.tiktok.com/@nadialaydrus/video/7660899992873258261,2026-07-10 21:04:36,True
nadialaydrus,7660840757460487444,https://www.tiktok.com/@nadialaydrus/video/7660840757460487444,2026-07-10 17:14:44,True
nadialaydrus,7660819973979360532,https://www.tiktok.com/@nadialaydrus/video/7660819973979360532,2026-07-10 15:54:05,True
nadialaydrus,7660496844014865684,https://www.tiktok.com/@nadialaydrus/video/7660496844014865684,2026-07-09 19:00:10,True
nadialaydrus,7660491949715033364,https://www.tiktok.com/@nadialaydrus/video/7660491949715033364,2026-07-09 18:41:11,True
nadialaydrus,7660456869697309973,https://www.tiktok.com/@nadialaydrus/video/7660456869697309973,2026-07-09 16:25:03,True
nadialaydrus,7660117162597584149,https://www.tiktok.com/@nadialaydrus/video/7660117162597584149,2026-07-08 18:26:49,True
nadialaydrus,7660102621386181908,https://www.tiktok.com/@nadialaydrus/video/7660102621386181908,2026-07-08 17:30:23,True
nadialaydrus,7659776772476652820,https://www.tiktok.com/@nadialaydrus/video/7659776772476652820,2026-07-07 20:25:56,True
nadialaydrus,7659729632593202453,https://www.tiktok.com/@nadialaydrus/video/7659729632593202453,2026-07-07 17:23:00,True
nadialaydrus,7659706370849180949,https://www.tiktok.com/@nadialaydrus/video/7659706370849180949,2026-07-07 15:52:44,True
nadialaydrus,7659372040717094165,https://www.tiktok.com/@nadialaydrus/video/7659372040717094165,2026-07-06 18:15:22,True
nadialaydrus,7659295116141645077,https://www.tiktok.com/@nadialaydrus/video/7659295116141645077,2026-07-06 13:16:51,True
nadialaydrus,7659001856529714452,https://www.tiktok.com/@nadialaydrus/video/7659001856529714452,2026-07-05 18:18:52,True
nadialaydrus,7658945494252637461,https://www.tiktok.com/@nadialaydrus/video/7658945494252637461,2026-07-05 14:40:09,True
nadialaydrus,7658649563884014868,https://www.tiktok.com/@nadialaydrus/video/7658649563884014868,2026-07-04 19:31:47,True
nadialaydrus,7658287636091915541,https://www.tiktok.com/@nadialaydrus/video/7658287636091915541,2026-07-03 20:07:19,True
nadialaydrus,7658252917111033108,https://www.tiktok.com/@nadialaydrus/video/7658252917111033108,2026-07-03 17:52:35,True
nadialaydrus,7658216246999125268,https://www.tiktok.com/@nadialaydrus/video/7658216246999125268,2026-07-03 15:30:18,True
nadialaydrus,7658199431325568276,https://www.tiktok.com/@nadialaydrus/video/7658199431325568276,2026-07-03 14:25:02,True
nadialaydrus,7657923457879133460,https://www.tiktok.com/@nadialaydrus/video/7657923457879133460,2026-07-02 20:34:07,True
nadialaydrus,7657903040065801493,https://www.tiktok.com/@nadialaydrus/video/7657903040065801493,2026-07-02 19:14:53,True
nadialaydrus,7657888976728116500,https://www.tiktok.com/@nadialaydrus/video/7657888976728116500,2026-07-02 18:20:19,True
nadialaydrus,7657836005881318677,https://www.tiktok.com/@nadialaydrus/video/7657836005881318677,2026-07-02 14:54:46,True
nadialaydrus,7657569154437893397,https://www.tiktok.com/@nadialaydrus/video/7657569154437893397,2026-07-01 21:39:15,True
nadialaydrus,7657525530714983700,https://www.tiktok.com/@nadialaydrus/video/7657525530714983700,2026-07-01 18:49:58,True
nadialaydrus,7657167257147067668,https://www.tiktok.com/@nadialaydrus/video/7657167257147067668,2026-06-30 19:39:41,True
nadialaydrus,7657128248240819477,https://www.tiktok.com/@nadialaydrus/video/7657128248240819477,2026-06-30 17:08:18,True
nadialaydrus,7657093173084261652,https://www.tiktok.com/@nadialaydrus/video/7657093173084261652,2026-06-30 14:52:12,True
nadialaydrus,7656838296185720085,https://www.tiktok.com/@nadialaydrus/video/7656838296185720085,2026-06-29 22:23:08,True
nadialaydrus,7656740119440903445,https://www.tiktok.com/@nadialaydrus/video/7656740119440903445,2026-06-29 16:02:10,True
nadialaydrus,7656437886258138388,https://www.tiktok.com/@nadialaydrus/video/7656437886258138388,2026-06-28 20:29:21,True
nadialaydrus,7656094509670878485,https://www.tiktok.com/@nadialaydrus/video/7656094509670878485,2026-06-27 22:16:52,True
nadialaydrus,7656049189599677717,https://www.tiktok.com/@nadialaydrus/video/7656049189599677717,2026-06-27 19:21:00,True
nadialaydrus,7655660069916413204,https://www.tiktok.com/@nadialaydrus/video/7655660069916413204,2026-06-26 18:11:01,True
nadialaydrus,7655633348072574229,https://www.tiktok.com/@nadialaydrus/video/7655633348072574229,2026-06-26 16:27:20,True
nadialaydrus,7655299564718673172,https://www.tiktok.com/@nadialaydrus/video/7655299564718673172,2026-06-25 18:52:05,True
nadialaydrus,7655237647647902997,https://www.tiktok.com/@nadialaydrus/video/7655237647647902997,2026-06-25 14:51:48,True
nadialaydrus,7654958630483021077,https://www.tiktok.com/@nadialaydrus/video/7654958630483021077,2026-06-24 20:49:05,True
nadialaydrus,7654930586477415700,https://www.tiktok.com/@nadialaydrus/video/7654930586477415700,2026-06-24 19:00:15,True
nadialaydrus,7654880120158604565,https://www.tiktok.com/@nadialaydrus/video/7654880120158604565,2026-06-24 15:44:25,True
nadialaydrus,7654865267092131092,https://www.tiktok.com/@nadialaydrus/video/7654865267092131092,2026-06-24 14:46:47,True
nadialaydrus,7654597681947430164,https://www.tiktok.com/@nadialaydrus/video/7654597681947430164,2026-06-23 21:28:25,True
nadialaydrus,7654546402562805012,https://www.tiktok.com/@nadialaydrus/video/7654546402562805012,2026-06-23 18:09:25,True
nadialaydrus,7654459329310969109,https://www.tiktok.com/@nadialaydrus/video/7654459329310969109,2026-06-23 12:31:32,True
nadialaydrus,7654235346947198229,https://www.tiktok.com/@nadialaydrus/video/7654235346947198229,2026-06-22 22:02:22,True
nadialaydrus,7654213168771747092,https://www.tiktok.com/@nadialaydrus/video/7654213168771747092,2026-06-22 20:36:18,True
nadialaydrus,7654208851331517716,https://www.tiktok.com/@nadialaydrus/video/7654208851331517716,2026-06-22 20:19:33,True
nadialaydrus,7653816335624899861,https://www.tiktok.com/@nadialaydrus/video/7653816335624899861,2026-06-21 18:56:23,True
nadialaydrus,7653789529966480661,https://www.tiktok.com/@nadialaydrus/video/7653789529966480661,2026-06-21 17:12:22,True
nadialaydrus,7653055437071322389,https://www.tiktok.com/@nadialaydrus/video/7653055437071322389,2026-06-19 17:43:43,True
nadialaydrus,7652682393496669460,https://www.tiktok.com/@nadialaydrus/video/7652682393496669460,2026-06-18 17:36:07,True
nadialaydrus,7652681282941422868,https://www.tiktok.com/@nadialaydrus/video/7652681282941422868,2026-06-18 17:31:48,True
nadialaydrus,7652393610834349332,https://www.tiktok.com/@nadialaydrus/video/7652393610834349332,2026-06-17 22:55:29,True
nadialaydrus,7652347747948907797,https://www.tiktok.com/@nadialaydrus/video/7652347747948907797,2026-06-17 19:57:31,True
nadialaydrus,7652313804419976468,https://www.tiktok.com/@nadialaydrus/video/7652313804419976468,2026-06-17 17:45:48,True
nadialaydrus,7651933741425773845,https://www.tiktok.com/@nadialaydrus/video/7651933741425773845,2026-06-16 17:10:58,True
nadialaydrus,7651407023879441685,https://www.tiktok.com/@nadialaydrus/video/7651407023879441685,2026-06-15 07:07:02,True
nadialaydrus,7651167382244838677,https://www.tiktok.com/@nadialaydrus/video/7651167382244838677,2026-06-14 15:37:06,True
nadialaydrus,7650846466340048149,https://www.tiktok.com/@nadialaydrus/video/7650846466340048149,2026-06-13 18:51:47,True
nadialaydrus,7650473722712722709,https://www.tiktok.com/@nadialaydrus/video/7650473722712722709,2026-06-12 18:45:21,True
nadialaydrus,7650131398136827157,https://www.tiktok.com/@nadialaydrus/video/7650131398136827157,2026-06-11 20:36:57,True
nadialaydrus,7650115354249137428,https://www.tiktok.com/@nadialaydrus/video/7650115354249137428,2026-06-11 19:34:41,True
nadialaydrus,7650100484396862740,https://www.tiktok.com/@nadialaydrus/video/7650100484396862740,2026-06-11 18:36:59,True
nadialaydrus,7650012173388778773,https://www.tiktok.com/@nadialaydrus/video/7650012173388778773,2026-06-11 12:54:18,True
nadialaydrus,7649729161946385685,https://www.tiktok.com/@nadialaydrus/video/7649729161946385685,2026-06-10 18:36:04,True
nadialaydrus,7649712511092002068,https://www.tiktok.com/@nadialaydrus/video/7649712511092002068,2026-06-10 17:31:27,True
nadialaydrus,7649343081732754708,https://www.tiktok.com/@nadialaydrus/video/7649343081732754708,2026-06-09 17:37:53,True
nadialaydrus,7649327205331373333,https://www.tiktok.com/@nadialaydrus/video/7649327205331373333,2026-06-09 16:36:16,True
nadialaydrus,7649247756896324884,https://www.tiktok.com/@nadialaydrus/video/7649247756896324884,2026-06-09 11:27:58,True
nadialaydrus,7648646073120034069,https://www.tiktok.com/@nadialaydrus/video/7648646073120034069,2026-06-07 20:33:08,True
nadialaydrus,7648247912606076181,https://www.tiktok.com/@nadialaydrus/video/7648247912606076181,2026-06-06 18:48:04,True
nadialaydrus,7646800897426738452,https://www.tiktok.com/@nadialaydrus/video/7646800897426738452,2026-06-02 21:12:54,True
nadialaydrus,7646755571911118101,https://www.tiktok.com/@nadialaydrus/video/7646755571911118101,2026-06-02 18:17:01,True
nadialaydrus,7646752085366557972,https://www.tiktok.com/@nadialaydrus/video/7646752085366557972,2026-06-02 18:03:29,True
nadialaydrus,7646711479584165141,https://www.tiktok.com/@nadialaydrus/video/7646711479584165141,2026-06-02 15:25:55,True
nadialaydrus,7646417904170323221,https://www.tiktok.com/@nadialaydrus/video/7646417904170323221,2026-06-01 20:26:42,True
nadialaydrus,7646027703291874581,https://www.tiktok.com/@nadialaydrus/video/7646027703291874581,2026-05-31 19:12:31,True
nadialaydrus,7645268006423137556,https://www.tiktok.com/@nadialaydrus/video/7645268006423137556,2026-05-29 18:04:30,True
nadialaydrus,7644900913089400085,https://www.tiktok.com/@nadialaydrus/video/7644900913089400085,2026-05-28 18:20:00,True
nadialaydrus,7644843309516868885,https://www.tiktok.com/@nadialaydrus/video/7644843309516868885,2026-05-28 14:36:28,True
nadialaydrus,7644839758996180245,https://www.tiktok.com/@nadialaydrus/video/7644839758996180245,2026-05-28 14:22:41,True
nadialaydrus,7644586518660549908,https://www.tiktok.com/@nadialaydrus/video/7644586518660549908,2026-05-27 21:59:59,True
nadialaydrus,7644549944925474069,https://www.tiktok.com/@nadialaydrus/video/7644549944925474069,2026-05-27 19:38:04,True
nadialaydrus,7644180338377313557,https://www.tiktok.com/@nadialaydrus/video/7644180338377313557,2026-05-26 19:43:48,True
nadialaydrus,7644137732293365013,https://www.tiktok.com/@nadialaydrus/video/7644137732293365013,2026-05-26 16:58:28,True
nadialaydrus,7643782405567876373,https://www.tiktok.com/@nadialaydrus/video/7643782405567876373,2026-05-25 17:59:37,True
nadialaydrus,7643764677687725333,https://www.tiktok.com/@nadialaydrus/video/7643764677687725333,2026-05-25 16:50:49,True
nadialaydrus,7643005339939474708,https://www.tiktok.com/@nadialaydrus/video/7643005339939474708,2026-05-23 15:44:12,True
nadialaydrus,7642715357559442708,https://www.tiktok.com/@nadialaydrus/video/7642715357559442708,2026-05-22 20:58:55,True
nadialaydrus,7642654557809495317,https://www.tiktok.com/@nadialaydrus/video/7642654557809495317,2026-05-22 17:02:59,True
nadialaydrus,7642319020900797716,https://www.tiktok.com/@nadialaydrus/video/7642319020900797716,2026-05-21 19:20:56,True
nadialaydrus,7641957035742907668,https://www.tiktok.com/@nadialaydrus/video/7641957035742907668,2026-05-20 19:56:15,True
nadialaydrus,7641581776841821460,https://www.tiktok.com/@nadialaydrus/video/7641581776841821460,2026-05-19 19:40:03,True
nadialaydrus,7641552081840524564,https://www.tiktok.com/@nadialaydrus/video/7641552081840524564,2026-05-19 17:44:49,True
nadialaydrus,7641439593258159381,https://www.tiktok.com/@nadialaydrus/video/7641439593258159381,2026-05-19 10:28:18,True
nadialaydrus,7641211496126745864,https://www.tiktok.com/@nadialaydrus/video/7641211496126745864,2026-05-18 19:43:10,True
nadialaydrus,7641186653234580756,https://www.tiktok.com/@nadialaydrus/video/7641186653234580756,2026-05-18 18:06:46,True
nadialaydrus,7640756123309821204,https://www.tiktok.com/@nadialaydrus/video/7640756123309821204,2026-05-17 14:16:06,True
nadialaydrus,7640347435226713364,https://www.tiktok.com/@nadialaydrus/video/7640347435226713364,2026-05-16 11:50:11,True
nadialaydrus,7640114828119461140,https://www.tiktok.com/@nadialaydrus/video/7640114828119461140,2026-05-15 20:47:33,True
nadialaydrus,7639998637032033557,https://www.tiktok.com/@nadialaydrus/video/7639998637032033557,2026-05-15 13:16:40,True
nadialaydrus,7639723064900554004,https://www.tiktok.com/@nadialaydrus/video/7639723064900554004,2026-05-14 19:27:18,True
nadialaydrus,7639607728004042005,https://www.tiktok.com/@nadialaydrus/video/7639607728004042005,2026-05-14 11:59:44,True
nadialaydrus,7639008586009414933,https://www.tiktok.com/@nadialaydrus/video/7639008586009414933,2026-05-12 21:14:45,True
nadialaydrus,7638940993391217941,https://www.tiktok.com/@nadialaydrus/video/7638940993391217941,2026-05-12 16:52:28,True
nadialaydrus,7638564635586612500,https://www.tiktok.com/@nadialaydrus/video/7638564635586612500,2026-05-11 16:32:00,True
nadialaydrus,7637875221915061511,https://www.tiktok.com/@nadialaydrus/video/7637875221915061511,2026-05-09 19:56:44,True
nadialaydrus,7637521923517353237,https://www.tiktok.com/@nadialaydrus/video/7637521923517353237,2026-05-08 21:05:45,True
nadialaydrus,7637499952645704981,https://www.tiktok.com/@nadialaydrus/video/7637499952645704981,2026-05-08 19:40:29,True
nadialaydrus,7637462080819383572,https://www.tiktok.com/@nadialaydrus/video/7637462080819383572,2026-05-08 17:13:32,True
nadialaydrus,7637112195729378580,https://www.tiktok.com/@nadialaydrus/video/7637112195729378580,2026-05-07 18:35:48,True
nadialaydrus,7637080988568341781,https://www.tiktok.com/@nadialaydrus/video/7637080988568341781,2026-05-07 16:34:42,True
nadialaydrus,7637044585868381460,https://www.tiktok.com/@nadialaydrus/video/7637044585868381460,2026-05-07 14:13:26,True
nadialaydrus,7636399955141299477,https://www.tiktok.com/@nadialaydrus/video/7636399955141299477,2026-05-05 20:31:56,True
nadialaydrus,7636385843124473109,https://www.tiktok.com/@nadialaydrus/video/7636385843124473109,2026-05-05 19:37:11,True
nadialaydrus,7636347098589449492,https://www.tiktok.com/@nadialaydrus/video/7636347098589449492,2026-05-05 17:06:50,True
nadialaydrus,7635985845006503189,https://www.tiktok.com/@nadialaydrus/video/7635985845006503189,2026-05-04 17:44:59,True
nadialaydrus,7635587775835688213,https://www.tiktok.com/@nadialaydrus/video/7635587775835688213,2026-05-03 16:00:16,True
nadialaydrus,7635182204968094996,https://www.tiktok.com/@nadialaydrus/video/7635182204968094996,2026-05-02 13:46:27,True
nadialaydrus,7634845135573880085,https://www.tiktok.com/@nadialaydrus/video/7634845135573880085,2026-05-01 15:58:27,True
nadialaydrus,7634463866109332757,https://www.tiktok.com/@nadialaydrus/video/7634463866109332757,2026-04-30 15:18:55,True
nadialaydrus,7634447357567864085,https://www.tiktok.com/@nadialaydrus/video/7634447357567864085,2026-04-30 14:14:52,True
nadialaydrus,7634170139361021204,https://www.tiktok.com/@nadialaydrus/video/7634170139361021204,2026-04-29 20:19:07,True
nadialaydrus,7634071133049900308,https://www.tiktok.com/@nadialaydrus/video/7634071133049900308,2026-04-29 13:54:55,True
nadialaydrus,7633793188716743943,https://www.tiktok.com/@nadialaydrus/video/7633793188716743943,2026-04-28 19:56:21,True
nadialaydrus,7633763106253999380,https://www.tiktok.com/@nadialaydrus/video/7633763106253999380,2026-04-28 17:59:37,True
nadialaydrus,7633745348770516245,https://www.tiktok.com/@nadialaydrus/video/7633745348770516245,2026-04-28 16:50:43,True
nadialaydrus,7633623478259748103,https://www.tiktok.com/@nadialaydrus/video/7633623478259748103,2026-04-28 08:57:47,True
nadialaydrus,7633066861017517332,https://www.tiktok.com/@nadialaydrus/video/7633066861017517332,2026-04-26 20:57:50,True
nadialaydrus,7633003359691197717,https://www.tiktok.com/@nadialaydrus/video/7633003359691197717,2026-04-26 16:51:25,True
nadialaydrus,7632870603409739029,https://www.tiktok.com/@nadialaydrus/video/7632870603409739029,2026-04-26 08:16:15,True
nadialaydrus,7632277607672745237,https://www.tiktok.com/@nadialaydrus/video/7632277607672745237,2026-04-24 17:55:07,True
nadialaydrus,7631907099462864149,https://www.tiktok.com/@nadialaydrus/video/7631907099462864149,2026-04-23 17:57:22,True
nadialaydrus,7631882579083365652,https://www.tiktok.com/@nadialaydrus/video/7631882579083365652,2026-04-23 16:22:13,True
nadialaydrus,7631552067437514005,https://www.tiktok.com/@nadialaydrus/video/7631552067437514005,2026-04-22 18:59:39,True
nadialaydrus,7631526081954172180,https://www.tiktok.com/@nadialaydrus/video/7631526081954172180,2026-04-22 17:18:49,True
nadialaydrus,7631158589888924948,https://www.tiktok.com/@nadialaydrus/video/7631158589888924948,2026-04-21 17:32:46,True
nadialaydrus,7631132107674242324,https://www.tiktok.com/@nadialaydrus/video/7631132107674242324,2026-04-21 15:50:00,True
nadialaydrus,7631098643575065876,https://www.tiktok.com/@nadialaydrus/video/7631098643575065876,2026-04-21 13:40:08,True
nadialaydrus,7631089090926071061,https://www.tiktok.com/@nadialaydrus/video/7631089090926071061,2026-04-21 13:03:04,True
nadialaydrus,7630836374991637781,https://www.tiktok.com/@nadialaydrus/video/7630836374991637781,2026-04-20 20:42:24,True
nadialaydrus,7630806586415402261,https://www.tiktok.com/@nadialaydrus/video/7630806586415402261,2026-04-20 18:46:49,True
nadialaydrus,7630459400112688405,https://www.tiktok.com/@nadialaydrus/video/7630459400112688405,2026-04-19 20:19:33,True
nadialaydrus,7630420924327578900,https://www.tiktok.com/@nadialaydrus/video/7630420924327578900,2026-04-19 17:50:15,True
nadialaydrus,7630407853022416149,https://www.tiktok.com/@nadialaydrus/video/7630407853022416149,2026-04-19 16:59:31,True
nadialaydrus,7630392601501256980,https://www.tiktok.com/@nadialaydrus/video/7630392601501256980,2026-04-19 16:00:20,True
nadialaydrus,7630031330293599508,https://www.tiktok.com/@nadialaydrus/video/7630031330293599508,2026-04-18 16:38:25,True
nadialaydrus,7629688638686694676,https://www.tiktok.com/@nadialaydrus/video/7629688638686694676,2026-04-17 18:28:36,True
nadialaydrus,7629661775725645077,https://www.tiktok.com/@nadialaydrus/video/7629661775725645077,2026-04-17 16:44:22,True
nadialaydrus,7629327240601406741,https://www.tiktok.com/@nadialaydrus/video/7629327240601406741,2026-04-16 19:06:12,True
nadialaydrus,7629311731491245333,https://www.tiktok.com/@nadialaydrus/video/7629311731491245333,2026-04-16 18:06:01,True
nadialaydrus,7629283803042794772,https://www.tiktok.com/@nadialaydrus/video/7629283803042794772,2026-04-16 16:17:38,True
nadialaydrus,7629240031575690517,https://www.tiktok.com/@nadialaydrus/video/7629240031575690517,2026-04-16 13:27:47,True
nadialaydrus,7628946727180995860,https://www.tiktok.com/@nadialaydrus/video/7628946727180995860,2026-04-15 18:29:36,True
nadialaydrus,7628938617825643796,https://www.tiktok.com/@nadialaydrus/video/7628938617825643796,2026-04-15 17:58:08,True
nadialaydrus,7628934990973193480,https://www.tiktok.com/@nadialaydrus/video/7628934990973193480,2026-04-15 17:44:04,True
nadialaydrus,7628874325927496981,https://www.tiktok.com/@nadialaydrus/video/7628874325927496981,2026-04-15 13:48:39,True
nadialaydrus,7628495373916572949,https://www.tiktok.com/@nadialaydrus/video/7628495373916572949,2026-04-14 13:18:08,True
nadialaydrus,7628182246037572884,https://www.tiktok.com/@nadialaydrus/video/7628182246037572884,2026-04-13 17:03:02,True
nadialaydrus,7627032611441069332,https://www.tiktok.com/@nadialaydrus/video/7627032611441069332,2026-04-10 14:41:52,True
nadialaydrus,7626730964646890772,https://www.tiktok.com/@nadialaydrus/video/7626730964646890772,2026-04-09 19:11:19,True
nadialaydrus,7626660036642639124,https://www.tiktok.com/@nadialaydrus/video/7626660036642639124,2026-04-09 14:36:05,True
nadialaydrus,7626374364996439317,https://www.tiktok.com/@nadialaydrus/video/7626374364996439317,2026-04-08 20:07:32,True
nadialaydrus,7626333988998745364,https://www.tiktok.com/@nadialaydrus/video/7626333988998745364,2026-04-08 17:30:51,True
nadialaydrus,7626289426339024149,https://www.tiktok.com/@nadialaydrus/video/7626289426339024149,2026-04-08 14:37:55,True
nadialaydrus,7626016993455426837,https://www.tiktok.com/@nadialaydrus/video/7626016993455426837,2026-04-07 21:00:45,True
nadialaydrus,7625983415166225685,https://www.tiktok.com/@nadialaydrus/video/7625983415166225685,2026-04-07 18:50:27,True
nadialaydrus,7625602258155179284,https://www.tiktok.com/@nadialaydrus/video/7625602258155179284,2026-04-06 18:11:22,True
nadialaydrus,7624862268190182677,https://www.tiktok.com/@nadialaydrus/video/7624862268190182677,2026-04-04 18:19:49,True
nadialaydrus,7624769920122899732,https://www.tiktok.com/@nadialaydrus/video/7624769920122899732,2026-04-04 12:21:28,True
nadialaydrus,7624553375094443285,https://www.tiktok.com/@nadialaydrus/video/7624553375094443285,2026-04-03 22:21:09,True
nadialaydrus,7624471795889982741,https://www.tiktok.com/@nadialaydrus/video/7624471795889982741,2026-04-03 17:04:35,True
nadialaydrus,7624038080038636821,https://www.tiktok.com/@nadialaydrus/video/7624038080038636821,2026-04-02 13:01:33,True
nadialaydrus,7623732041296710932,https://www.tiktok.com/@nadialaydrus/video/7623732041296710932,2026-04-01 17:13:58,True
nadialaydrus,7623027541443562772,https://www.tiktok.com/@nadialaydrus/video/7623027541443562772,2026-03-30 19:40:09,True
nadialaydrus,7622644885761363221,https://www.tiktok.com/@nadialaydrus/video/7622644885761363221,2026-03-29 18:55:15,True
nadialaydrus,7622247170950827284,https://www.tiktok.com/@nadialaydrus/video/7622247170950827284,2026-03-28 17:11:54,True
nadialaydrus,7622204503009381653,https://www.tiktok.com/@nadialaydrus/video/7622204503009381653,2026-03-28 14:26:20,True
nadialaydrus,7621903594924641557,https://www.tiktok.com/@nadialaydrus/video/7621903594924641557,2026-03-27 18:58:39,True
nadialaydrus,7621159944074693909,https://www.tiktok.com/@nadialaydrus/video/7621159944074693909,2026-03-25 18:52:55,True
nadialaydrus,7620779382541520149,https://www.tiktok.com/@nadialaydrus/video/7620779382541520149,2026-03-24 18:16:08,True
nadialaydrus,7620055967044209940,https://www.tiktok.com/@nadialaydrus/video/7620055967044209940,2026-03-22 19:28:55,True
nadialaydrus,7619965281904889108,https://www.tiktok.com/@nadialaydrus/video/7619965281904889108,2026-03-22 13:37:01,True
nadialaydrus,7619662738574347540,https://www.tiktok.com/@nadialaydrus/video/7619662738574347540,2026-03-21 18:02:59,True
nadialaydrus,7619295137776110869,https://www.tiktok.com/@nadialaydrus/video/7619295137776110869,2026-03-20 18:16:31,True
nadialaydrus,7619265142806564117,https://www.tiktok.com/@nadialaydrus/video/7619265142806564117,2026-03-20 16:20:07,True
nadialaydrus,7619203259651214613,https://www.tiktok.com/@nadialaydrus/video/7619203259651214613,2026-03-20 12:19:59,True
nadialaydrus,7618964438795750677,https://www.tiktok.com/@nadialaydrus/video/7618964438795750677,2026-03-19 20:53:14,True
nadialaydrus,7618949279775771925,https://www.tiktok.com/@nadialaydrus/video/7618949279775771925,2026-03-19 19:54:24,True
nadialaydrus,7618590904768564501,https://www.tiktok.com/@nadialaydrus/video/7618590904768564501,2026-03-18 20:43:44,True
nadialaydrus,7618558545281240340,https://www.tiktok.com/@nadialaydrus/video/7618558545281240340,2026-03-18 18:38:09,True
nadialaydrus,7618206991239941397,https://www.tiktok.com/@nadialaydrus/video/7618206991239941397,2026-03-17 19:53:57,True
nadialaydrus,7618184057611930901,https://www.tiktok.com/@nadialaydrus/video/7618184057611930901,2026-03-17 18:24:57,True
nadialaydrus,7618163833395252500,https://www.tiktok.com/@nadialaydrus/video/7618163833395252500,2026-03-17 17:06:28,True
nadialaydrus,7617857617821568277,https://www.tiktok.com/@nadialaydrus/video/7617857617821568277,2026-03-16 21:18:12,True
nadialaydrus,7617831015704186133,https://www.tiktok.com/@nadialaydrus/video/7617831015704186133,2026-03-16 19:34:58,True
nadialaydrus,7617451985234627861,https://www.tiktok.com/@nadialaydrus/video/7617451985234627861,2026-03-15 19:04:08,True
nadialaydrus,7616749582483000597,https://www.tiktok.com/@nadialaydrus/video/7616749582483000597,2026-03-13 21:38:27,True
nadialaydrus,7616730010203819284,https://www.tiktok.com/@nadialaydrus/video/7616730010203819284,2026-03-13 20:22:30,True
nadialaydrus,7616642996485836052,https://www.tiktok.com/@nadialaydrus/video/7616642996485836052,2026-03-13 14:44:51,True
nadialaydrus,7615997223331024149,https://www.tiktok.com/@nadialaydrus/video/7615997223331024149,2026-03-11 20:58:55,True
nadialaydrus,7615956132896509204,https://www.tiktok.com/@nadialaydrus/video/7615956132896509204,2026-03-11 18:19:28,True
nadialaydrus,7615632479805885717,https://www.tiktok.com/@nadialaydrus/video/7615632479805885717,2026-03-10 21:23:32,True
nadialaydrus,7615622664429800725,https://www.tiktok.com/@nadialaydrus/video/7615622664429800725,2026-03-10 20:45:26,True
nadialaydrus,7615230114241973525,https://www.tiktok.com/@nadialaydrus/video/7615230114241973525,2026-03-09 19:22:09,True
nadialaydrus,7614154850879687956,https://www.tiktok.com/@nadialaydrus/video/7614154850879687956,2026-03-06 21:49:34,True
nadialaydrus,7613367328067161365,https://www.tiktok.com/@nadialaydrus/video/7613367328067161365,2026-03-04 18:53:35,True
nadialaydrus,7613328215595060500,https://www.tiktok.com/@nadialaydrus/video/7613328215595060500,2026-03-04 16:21:48,True
nadialaydrus,7612324241568025876,https://www.tiktok.com/@nadialaydrus/video/7612324241568025876,2026-03-01 23:25:52,True
nadialaydrus,7612257525613874452,https://www.tiktok.com/@nadialaydrus/video/7612257525613874452,2026-03-01 19:06:59,True
nadialaydrus,7611587175313984788,https://www.tiktok.com/@nadialaydrus/video/7611587175313984788,2026-02-27 23:45:41,True
nadialaydrus,7611551782426266901,https://www.tiktok.com/@nadialaydrus/video/7611551782426266901,2026-02-27 21:28:20,True
nadialaydrus,7611119407225441556,https://www.tiktok.com/@nadialaydrus/video/7611119407225441556,2026-02-26 17:30:30,True
nadialaydrus,7609688908972018965,https://www.tiktok.com/@nadialaydrus/video/7609688908972018965,2026-02-22 20:59:26,True
nadialaydrus,7609660484391898388,https://www.tiktok.com/@nadialaydrus/video/7609660484391898388,2026-02-22 19:09:08,True
nadialaydrus,7609564820303613205,https://www.tiktok.com/@nadialaydrus/video/7609564820303613205,2026-02-22 12:57:55,True
nadialaydrus,7608940966447205652,https://www.tiktok.com/@nadialaydrus/video/7608940966447205652,2026-02-20 20:37:02,True
nadialaydrus,7608571174007917845,https://www.tiktok.com/@nadialaydrus/video/7608571174007917845,2026-02-19 20:42:03,True
nadialaydrus,7608544288795872532,https://www.tiktok.com/@nadialaydrus/video/7608544288795872532,2026-02-19 18:57:44,True
nadialaydrus,7607820889828101396,https://www.tiktok.com/@nadialaydrus/video/7607820889828101396,2026-02-17 20:10:34,True
nadialaydrus,7607363780091153685,https://www.tiktok.com/@nadialaydrus/video/7607363780091153685,2026-02-16 14:36:45,True
nadialaydrus,7607344149267795220,https://www.tiktok.com/@nadialaydrus/video/7607344149267795220,2026-02-16 13:20:34,True
nadialaydrus,7606329965923011848,https://www.tiktok.com/@nadialaydrus/video/7606329965923011848,2026-02-13 19:45:01,True
nadialaydrus,7605603766322121992,https://www.tiktok.com/@nadialaydrus/video/7605603766322121992,2026-02-11 20:47:00,True
nadialaydrus,7602623822365265159,https://www.tiktok.com/@nadialaydrus/video/7602623822365265159,2026-02-03 20:03:18,True
nadialaydrus,7600343531751869703,https://www.tiktok.com/@nadialaydrus/video/7600343531751869703,2026-01-28 16:34:36,True
nadialaydrus,7600323096448453896,https://www.tiktok.com/@nadialaydrus/video/7600323096448453896,2026-01-28 15:15:18,True
nadialaydrus,7599268931693513991,https://www.tiktok.com/@nadialaydrus/video/7599268931693513991,2026-01-25 19:04:36,True
nadialaydrus,7598522131466521863,https://www.tiktok.com/@nadialaydrus/video/7598522131466521863,2026-01-23 18:46:38,True
nadialaydrus,7598171796621364498,https://www.tiktok.com/@nadialaydrus/video/7598171796621364498,2026-01-22 20:07:10,True
nadialaydrus,7597758052434971912,https://www.tiktok.com/@nadialaydrus/video/7597758052434971912,2026-01-21 17:21:37,True
nadialaydrus,7597025180866694420,https://www.tiktok.com/@nadialaydrus/video/7597025180866694420,2026-01-19 17:57:42,True
nadialaydrus,7595587338781084936,https://www.tiktok.com/@nadialaydrus/video/7595587338781084936,2026-01-15 20:58:09,True
nadialaydrus,7595548511576280338,https://www.tiktok.com/@nadialaydrus/video/7595548511576280338,2026-01-15 18:27:28,True
nadialaydrus,7595206141290777874,https://www.tiktok.com/@nadialaydrus/video/7595206141290777874,2026-01-14 20:18:54,True
nadialaydrus,7594795569785097490,https://www.tiktok.com/@nadialaydrus/video/7594795569785097490,2026-01-13 17:45:40,True
nadialaydrus,7594376085479886088,https://www.tiktok.com/@nadialaydrus/video/7594376085479886088,2026-01-12 14:37:52,True
nadialaydrus,7593325122660994311,https://www.tiktok.com/@nadialaydrus/video/7593325122660994311,2026-01-09 18:39:35,True
nadialaydrus,7592943972113272072,https://www.tiktok.com/@nadialaydrus/video/7592943972113272072,2026-01-08 18:00:32,True
nadialaydrus,7592913997607783698,https://www.tiktok.com/@nadialaydrus/video/7592913997607783698,2026-01-08 16:04:13,True
nadialaydrus,7592237277653388562,https://www.tiktok.com/@nadialaydrus/video/7592237277653388562,2026-01-06 20:18:12,True
nadialaydrus,7591734606714539284,https://www.tiktok.com/@nadialaydrus/video/7591734606714539284,2026-01-05 11:47:34,True
nadialaydrus,7590004182661205268,https://www.tiktok.com/@nadialaydrus/video/7590004182661205268,2025-12-31 19:52:39,False
clarinhayes,7516202474114469126,https://www.tiktok.com/@clarinhayes/video/7516202474114469126,2025-06-15 22:44:19,False
clarinhayes,7478356620498472193,https://www.tiktok.com/@clarinhayes/video/7478356620498472193,2025-03-05 23:03:05,False
clarinhayes,7502488603214351623,https://www.tiktok.com/@clarinhayes/video/7502488603214351623,2025-05-09 23:47:30,False
clarinhayes,7517881582036765958,https://www.tiktok.com/@clarinhayes/video/7517881582036765958,2025-06-20 11:20:07,False
clarinhayes,7517836768524176696,https://www.tiktok.com/@clarinhayes/video/7517836768524176696,2025-06-20 08:26:13,False
clarinhayes,7517660348149746949,https://www.tiktok.com/@clarinhayes/video/7517660348149746949,2025-06-19 21:01:37,False
doktervito,7532746257501130040,https://www.tiktok.com/@doktervito/video/7532746257501130040,2025-07-30 12:42:39,False
doktervito,7519034530263616824,https://www.tiktok.com/@doktervito/video/7519034530263616824,2025-06-23 13:54:09,False
doktervito,7680463762020846869,https://www.tiktok.com/@doktervito/video/7680463762020846869,2026-09-01 14:22:01,False
doktervito,7677477024604278036,https://www.tiktok.com/@doktervito/video/7677477024604278036,2026-08-24 13:11:57,True
doktervito,7676416004976643349,https://www.tiktok.com/@doktervito/video/7676416004976643349,2026-08-21 16:34:39,True
doktervito,7673362154434825493,https://www.tiktok.com/@doktervito/video/7673362154434825493,2026-08-13 11:04:09,True
doktervito,7672322320219917589,https://www.tiktok.com/@doktervito/video/7672322320219917589,2026-08-10 15:49:04,True
doktervito,7670708114961878293,https://www.tiktok.com/@doktervito/video/7670708114961878293,2026-08-06 07:25:07,True
doktervito,7669740152771611924,https://www.tiktok.com/@doktervito/video/7669740152771611924,2026-08-03 16:48:56,True
doktervito,7668221564042759445,https://www.tiktok.com/@doktervito/video/7668221564042759445,2026-07-30 14:36:02,True
doktervito,7667042818833091860,https://www.tiktok.com/@doktervito/video/7667042818833091860,2026-07-27 10:21:54,True
doktervito,7664530450563583253,https://www.tiktok.com/@doktervito/video/7664530450563583253,2026-07-20 15:52:38,True
doktervito,7662918383729397012,https://www.tiktok.com/@doktervito/video/7662918383729397012,2026-07-16 07:36:59,True
doktervito,7660676363623451924,https://www.tiktok.com/@doktervito/video/7660676363623451924,2026-07-10 06:36:48,True
doktervito,7659981077771210005,https://www.tiktok.com/@doktervito/video/7659981077771210005,2026-07-08 09:38:44,True
doktervito,7659234191422344468,https://www.tiktok.com/@doktervito/video/7659234191422344468,2026-07-06 09:20:26,True
doktervito,7658487463089917205,https://www.tiktok.com/@doktervito/video/7658487463089917205,2026-07-04 09:02:45,True
doktervito,7658222477927140629,https://www.tiktok.com/@doktervito/video/7658222477927140629,2026-07-03 15:54:28,True
doktervito,7657736537521523988,https://www.tiktok.com/@doktervito/video/7657736537521523988,2026-07-02 08:28:46,True
doktervito,7657561151512775956,https://www.tiktok.com/@doktervito/video/7657561151512775956,2026-07-01 21:08:11,True
doktervito,7657075277536824597,https://www.tiktok.com/@doktervito/video/7657075277536824597,2026-06-30 13:42:45,True
doktervito,7654103652675636500,https://www.tiktok.com/@doktervito/video/7654103652675636500,2026-06-22 13:31:20,True
doktervito,7652542231567453461,https://www.tiktok.com/@doktervito/video/7652542231567453461,2026-06-18 08:32:13,True
doktervito,7650472492125097236,https://www.tiktok.com/@doktervito/video/7650472492125097236,2026-06-12 18:40:34,True
doktervito,7649622490985008405,https://www.tiktok.com/@doktervito/video/7649622490985008405,2026-06-10 11:42:08,True
doktervito,7649243205229399316,https://www.tiktok.com/@doktervito/video/7649243205229399316,2026-06-09 11:10:18,True
doktervito,7648970919934692628,https://www.tiktok.com/@doktervito/video/7648970919934692628,2026-06-08 17:33:42,True
doktervito,7647410629837344020,https://www.tiktok.com/@doktervito/video/7647410629837344020,2026-06-04 12:38:59,True
doktervito,7642950270019718421,https://www.tiktok.com/@doktervito/video/7642950270019718421,2026-05-23 12:10:30,True
doktervito,7638466916398468373,https://www.tiktok.com/@doktervito/video/7638466916398468373,2026-05-11 10:12:48,True
doktervito,7636291295257922837,https://www.tiktok.com/@doktervito/video/7636291295257922837,2026-05-05 13:30:17,True
doktervito,7635919280080555285,https://www.tiktok.com/@doktervito/video/7635919280080555285,2026-05-04 13:26:40,True
doktervito,7635147230420241684,https://www.tiktok.com/@doktervito/video/7635147230420241684,2026-05-02 11:30:44,True
doktervito,7634035201064127764,https://www.tiktok.com/@doktervito/video/7634035201064127764,2026-04-29 11:35:29,True
doktervito,7633268455822691604,https://www.tiktok.com/@doktervito/video/7633268455822691604,2026-04-27 10:00:07,True
doktervito,7632234494241541396,https://www.tiktok.com/@doktervito/video/7632234494241541396,2026-04-24 15:07:49,True
doktervito,7631752333487131925,https://www.tiktok.com/@doktervito/video/7631752333487131925,2026-04-23 07:56:48,True
doktervito,7630684839615794452,https://www.tiktok.com/@doktervito/video/7630684839615794452,2026-04-20 10:54:22,True
doktervito,7629231220009798933,https://www.tiktok.com/@doktervito/video/7629231220009798933,2026-04-16 12:53:35,True
doktervito,7628464278961458452,https://www.tiktok.com/@doktervito/video/7628464278961458452,2026-04-14 11:17:28,True
doktervito,7628096332292427029,https://www.tiktok.com/@doktervito/video/7628096332292427029,2026-04-13 11:29:38,True
doktervito,7626976792624057621,https://www.tiktok.com/@doktervito/video/7626976792624057621,2026-04-10 11:05:15,True
doktervito,7626296809597553941,https://www.tiktok.com/@doktervito/video/7626296809597553941,2026-04-08 15:06:34,True
doktervito,7625813489222962453,https://www.tiktok.com/@doktervito/video/7625813489222962453,2026-04-07 07:51:03,True
doktervito,7623275392492719380,https://www.tiktok.com/@doktervito/video/7623275392492719380,2026-03-31 11:41:56,True
doktervito,7622933605349723413,https://www.tiktok.com/@doktervito/video/7622933605349723413,2026-03-30 13:35:37,True
doktervito,7617739458657537300,https://www.tiktok.com/@doktervito/video/7617739458657537300,2026-03-16 13:39:41,True
doktervito,7616903034278448405,https://www.tiktok.com/@doktervito/video/7616903034278448405,2026-03-14 07:33:56,True
doktervito,7615109344971099413,https://www.tiktok.com/@doktervito/video/7615109344971099413,2026-03-09 11:33:30,True
doktervito,7612585076240518421,https://www.tiktok.com/@doktervito/video/7612585076240518421,2026-03-02 16:18:03,True
doktervito,7611863669093305621,https://www.tiktok.com/@doktervito/video/7611863669093305621,2026-02-28 17:38:37,True
doktervito,7610266880493817109,https://www.tiktok.com/@doktervito/video/7610266880493817109,2026-02-24 10:22:16,True
doktervito,7609937150531980564,https://www.tiktok.com/@doktervito/video/7609937150531980564,2026-02-23 13:02:44,True
doktervito,7608836327005588757,https://www.tiktok.com/@doktervito/video/7608836327005588757,2026-02-20 13:50:59,True
doktervito,7608491480763600148,https://www.tiktok.com/@doktervito/video/7608491480763600148,2026-02-19 15:32:48,True
doktervito,7608123999834426644,https://www.tiktok.com/@doktervito/video/7608123999834426644,2026-02-18 15:46:47,True
doktervito,7604775769662901524,https://www.tiktok.com/@doktervito/video/7604775769662901524,2026-02-09 15:13:57,True
doktervito,7603665111395437844,https://www.tiktok.com/@doktervito/video/7603665111395437844,2026-02-06 15:24:02,True
doktervito,7602855465835416852,https://www.tiktok.com/@doktervito/video/7602855465835416852,2026-02-04 11:02:11,True
doktervito,7601902566993087765,https://www.tiktok.com/@doktervito/video/7601902566993087765,2026-02-01 21:24:27,True
doktervito,7600177645015354645,https://www.tiktok.com/@doktervito/video/7600177645015354645,2026-01-28 05:50:52,True
doktervito,7600176741549608213,https://www.tiktok.com/@doktervito/video/7600176741549608213,2026-01-28 05:47:22,True
doktervito,7599943042753170709,https://www.tiktok.com/@doktervito/video/7599943042753170709,2026-01-27 14:40:30,True
doktervito,7599427828873973012,https://www.tiktok.com/@doktervito/video/7599427828873973012,2026-01-26 05:21:12,True
doktervito,7598095366671633685,https://www.tiktok.com/@doktervito/video/7598095366671633685,2026-01-22 15:10:34,True
doktervito,7597303841805094165,https://www.tiktok.com/@doktervito/video/7597303841805094165,2026-01-20 11:59:03,True
doktervito,7596095950360186133,https://www.tiktok.com/@doktervito/video/7596095950360186133,2026-01-17 05:51:49,True
doktervito,7595096860516371732,https://www.tiktok.com/@doktervito/video/7595096860516371732,2026-01-14 13:14:50,True
doktervito,7592521083912277269,https://www.tiktok.com/@doktervito/video/7592521083912277269,2026-01-07 14:39:30,True
doktervito,7589102999272770836,https://www.tiktok.com/@doktervito/video/7589102999272770836,2025-12-29 09:35:36,False
dr.saddam_ismail,7393355977501789446,https://www.tiktok.com/@dr.saddam_ismail/video/7393355977501789446,2024-07-19 21:37:11,False
dr.saddam_ismail,7338790093148261637,https://www.tiktok.com/@dr.saddam_ismail/video/7338790093148261637,2024-02-23 20:33:41,False
dr.saddam_ismail,7324645404262337797,https://www.tiktok.com/@dr.saddam_ismail/video/7324645404262337797,2024-01-16 17:45:04,False
dr.saddam_ismail,7680483248933309717,https://www.tiktok.com/@dr.saddam_ismail/video/7680483248933309717,2026-09-01 15:37:38,False
dr.saddam_ismail,7679377433258102036,https://www.tiktok.com/@dr.saddam_ismail/video/7679377433258102036,2026-08-29 16:06:30,True
dr.saddam_ismail,7679368530533338389,https://www.tiktok.com/@dr.saddam_ismail/video/7679368530533338389,2026-08-29 15:31:57,True
dr.saddam_ismail,7678968968689863954,https://www.tiktok.com/@dr.saddam_ismail/video/7678968968689863954,2026-08-28 13:41:27,True
dr.saddam_ismail,7678968139429956882,https://www.tiktok.com/@dr.saddam_ismail/video/7678968139429956882,2026-08-28 13:38:14,True
dr.saddam_ismail,7678964277411138823,https://www.tiktok.com/@dr.saddam_ismail/video/7678964277411138823,2026-08-28 13:23:15,True
dr.saddam_ismail,7678627299033468180,https://www.tiktok.com/@dr.saddam_ismail/video/7678627299033468180,2026-08-27 15:35:36,True
dr.saddam_ismail,7678625872844262676,https://www.tiktok.com/@dr.saddam_ismail/video/7678625872844262676,2026-08-27 15:30:04,True
dr.saddam_ismail,7678599055479508244,https://www.tiktok.com/@dr.saddam_ismail/video/7678599055479508244,2026-08-27 13:46:00,True
dr.saddam_ismail,7678248717081677073,https://www.tiktok.com/@dr.saddam_ismail/video/7678248717081677073,2026-08-26 15:06:30,True
dr.saddam_ismail,7678231549686385936,https://www.tiktok.com/@dr.saddam_ismail/video/7678231549686385936,2026-08-26 13:59:53,True
dr.saddam_ismail,7678204175976598800,https://www.tiktok.com/@dr.saddam_ismail/video/7678204175976598800,2026-08-26 12:13:40,True
dr.saddam_ismail,7677864877091736849,https://www.tiktok.com/@dr.saddam_ismail/video/7677864877091736849,2026-08-25 14:17:01,True
dr.saddam_ismail,7677848423596412176,https://www.tiktok.com/@dr.saddam_ismail/video/7677848423596412176,2026-08-25 13:13:10,True
dr.saddam_ismail,7677836066346274065,https://www.tiktok.com/@dr.saddam_ismail/video/7677836066346274065,2026-08-25 12:25:13,True
dr.saddam_ismail,7677507859738807559,https://www.tiktok.com/@dr.saddam_ismail/video/7677507859738807559,2026-08-24 15:11:36,True
dr.saddam_ismail,7677496668362640648,https://www.tiktok.com/@dr.saddam_ismail/video/7677496668362640648,2026-08-24 14:28:10,True
dr.saddam_ismail,7677491075090500872,https://www.tiktok.com/@dr.saddam_ismail/video/7677491075090500872,2026-08-24 14:06:28,True
dr.saddam_ismail,7676735046157438226,https://www.tiktok.com/@dr.saddam_ismail/video/7676735046157438226,2026-08-22 13:12:41,True
dr.saddam_ismail,7676029297328590100,https://www.tiktok.com/@dr.saddam_ismail/video/7676029297328590100,2026-08-20 15:34:02,True
dr.saddam_ismail,7675651006063021320,https://www.tiktok.com/@dr.saddam_ismail/video/7675651006063021320,2026-08-19 15:06:04,True
dr.saddam_ismail,7674148372068486408,https://www.tiktok.com/@dr.saddam_ismail/video/7674148372068486408,2026-08-15 13:55:04,True
dr.saddam_ismail,7674147170156580103,https://www.tiktok.com/@dr.saddam_ismail/video/7674147170156580103,2026-08-15 13:50:25,True
dr.saddam_ismail,7673802164376046869,https://www.tiktok.com/@dr.saddam_ismail/video/7673802164376046869,2026-08-14 15:31:37,True
dr.saddam_ismail,7673801356439833877,https://www.tiktok.com/@dr.saddam_ismail/video/7673801356439833877,2026-08-14 15:28:29,True
dr.saddam_ismail,7673396240297512200,https://www.tiktok.com/@dr.saddam_ismail/video/7673396240297512200,2026-08-13 13:16:25,True
dr.saddam_ismail,7672679613469969672,https://www.tiktok.com/@dr.saddam_ismail/video/7672679613469969672,2026-08-11 14:55:32,True
dr.saddam_ismail,7671573876664470792,https://www.tiktok.com/@dr.saddam_ismail/video/7671573876664470792,2026-08-08 15:24:43,True
dr.saddam_ismail,7671566476863737106,https://www.tiktok.com/@dr.saddam_ismail/video/7671566476863737106,2026-08-08 14:56:00,True
dr.saddam_ismail,7665941473598262529,https://www.tiktok.com/@dr.saddam_ismail/video/7665941473598262529,2026-07-24 11:08:07,True
dr.saddam_ismail,7658567372281777429,https://www.tiktok.com/@dr.saddam_ismail/video/7658567372281777429,2026-07-04 14:12:50,True
dr.saddam_ismail,7658566834085498133,https://www.tiktok.com/@dr.saddam_ismail/video/7658566834085498133,2026-07-04 14:10:45,True
dr.saddam_ismail,7657053778683743495,https://www.tiktok.com/@dr.saddam_ismail/video/7657053778683743495,2026-06-30 12:19:19,True
dr.saddam_ismail,7657053220878994695,https://www.tiktok.com/@dr.saddam_ismail/video/7657053220878994695,2026-06-30 12:17:09,True
dr.saddam_ismail,7657052701389294856,https://www.tiktok.com/@dr.saddam_ismail/video/7657052701389294856,2026-06-30 12:15:08,True
dr.saddam_ismail,7657051644508605714,https://www.tiktok.com/@dr.saddam_ismail/video/7657051644508605714,2026-06-30 12:11:02,True
dr.saddam_ismail,7655977374940482837,https://www.tiktok.com/@dr.saddam_ismail/video/7655977374940482837,2026-06-27 14:42:20,True
dr.saddam_ismail,7655976889416224020,https://www.tiktok.com/@dr.saddam_ismail/video/7655976889416224020,2026-06-27 14:40:26,True
dr.saddam_ismail,7655528914353196295,https://www.tiktok.com/@dr.saddam_ismail/video/7655528914353196295,2026-06-26 09:42:04,True
dr.saddam_ismail,7655246036344163591,https://www.tiktok.com/@dr.saddam_ismail/video/7655246036344163591,2026-06-25 15:24:21,True
dr.saddam_ismail,7651444024146005256,https://www.tiktok.com/@dr.saddam_ismail/video/7651444024146005256,2026-06-15 09:30:37,True
dr.saddam_ismail,7651443160559734024,https://www.tiktok.com/@dr.saddam_ismail/video/7651443160559734024,2026-06-15 09:27:15,True
dr.saddam_ismail,7644007743707385109,https://www.tiktok.com/@dr.saddam_ismail/video/7644007743707385109,2026-05-26 08:34:03,True
dr.saddam_ismail,7651440715150511368,https://www.tiktok.com/@dr.saddam_ismail/video/7651440715150511368,2026-06-15 09:17:46,True
dr.saddam_ismail,7651497632388402450,https://www.tiktok.com/@dr.saddam_ismail/video/7651497632388402450,2026-06-15 12:58:38,True
dr.saddam_ismail,7644005544574864660,https://www.tiktok.com/@dr.saddam_ismail/video/7644005544574864660,2026-05-26 08:25:31,True
dr.saddam_ismail,7651437798041324808,https://www.tiktok.com/@dr.saddam_ismail/video/7651437798041324808,2026-06-15 09:06:27,True
dr.saddam_ismail,7651436850728504583,https://www.tiktok.com/@dr.saddam_ismail/video/7651436850728504583,2026-06-15 09:02:46,True
dr.saddam_ismail,7651430359757884692,https://www.tiktok.com/@dr.saddam_ismail/video/7651430359757884692,2026-06-15 08:37:35,True
dr.saddam_ismail,7650732766413294866,https://www.tiktok.com/@dr.saddam_ismail/video/7650732766413294866,2026-06-13 11:30:34,True
dr.saddam_ismail,7650731980694375688,https://www.tiktok.com/@dr.saddam_ismail/video/7650731980694375688,2026-06-13 11:27:31,True
dr.saddam_ismail,7643738777801870613,https://www.tiktok.com/@dr.saddam_ismail/video/7643738777801870613,2026-05-25 15:10:19,True
dr.saddam_ismail,7650022466932231431,https://www.tiktok.com/@dr.saddam_ismail/video/7650022466932231431,2026-06-11 13:34:14,True
dr.saddam_ismail,7650020273575529735,https://www.tiktok.com/@dr.saddam_ismail/video/7650020273575529735,2026-06-11 13:25:44,True
dr.saddam_ismail,7643728095794547988,https://www.tiktok.com/@dr.saddam_ismail/video/7643728095794547988,2026-05-25 14:28:52,True
dr.saddam_ismail,7650012580659940626,https://www.tiktok.com/@dr.saddam_ismail/video/7650012580659940626,2026-06-11 12:55:53,True
dr.saddam_ismail,7643726546506763541,https://www.tiktok.com/@dr.saddam_ismail/video/7643726546506763541,2026-05-25 14:22:51,True
dr.saddam_ismail,7640027738102844692,https://www.tiktok.com/@dr.saddam_ismail/video/7640027738102844692,2026-05-15 15:09:35,True
dr.saddam_ismail,7643725390661422356,https://www.tiktok.com/@dr.saddam_ismail/video/7643725390661422356,2026-05-25 14:18:22,True
dr.saddam_ismail,7638450763575905556,https://www.tiktok.com/@dr.saddam_ismail/video/7638450763575905556,2026-05-11 09:10:07,True
dr.saddam_ismail,7643723468705385749,https://www.tiktok.com/@dr.saddam_ismail/video/7643723468705385749,2026-05-25 14:10:55,True
dr.saddam_ismail,7637011607029173512,https://www.tiktok.com/@dr.saddam_ismail/video/7637011607029173512,2026-05-07 12:05:28,True
dr.saddam_ismail,7647342614055881991,https://www.tiktok.com/@dr.saddam_ismail/video/7647342614055881991,2026-06-04 08:15:03,True
dr.saddam_ismail,7642922936294280469,https://www.tiktok.com/@dr.saddam_ismail/video/7642922936294280469,2026-05-23 10:24:26,True
dr.saddam_ismail,7646680081871424776,https://www.tiktok.com/@dr.saddam_ismail/video/7646680081871424776,2026-06-02 13:24:05,True
dr.saddam_ismail,7636629822030007560,https://www.tiktok.com/@dr.saddam_ismail/video/7636629822030007560,2026-05-06 11:23:56,True
dr.saddam_ismail,7646678798963985682,https://www.tiktok.com/@dr.saddam_ismail/video/7646678798963985682,2026-06-02 13:19:06,True
dr.saddam_ismail,7642922140265925909,https://www.tiktok.com/@dr.saddam_ismail/video/7642922140265925909,2026-05-23 10:21:21,True
dr.saddam_ismail,7645608688459320583,https://www.tiktok.com/@dr.saddam_ismail/video/7645608688459320583,2026-05-30 16:06:32,True
dr.saddam_ismail,7635882168593435921,https://www.tiktok.com/@dr.saddam_ismail/video/7635882168593435921,2026-05-04 11:02:40,True
dr.saddam_ismail,7645605601174736136,https://www.tiktok.com/@dr.saddam_ismail/video/7645605601174736136,2026-05-30 15:54:33,True
dr.saddam_ismail,7640014256649325844,https://www.tiktok.com/@dr.saddam_ismail/video/7640014256649325844,2026-05-15 14:17:16,True
dr.saddam_ismail,7645162859030236424,https://www.tiktok.com/@dr.saddam_ismail/video/7645162859030236424,2026-05-29 11:16:29,True
dr.saddam_ismail,7635875065334172929,https://www.tiktok.com/@dr.saddam_ismail/video/7635875065334172929,2026-05-04 10:35:06,True
dr.saddam_ismail,7645160711756270855,https://www.tiktok.com/@dr.saddam_ismail/video/7645160711756270855,2026-05-29 11:08:09,True
dr.saddam_ismail,7640013799696731412,https://www.tiktok.com/@dr.saddam_ismail/video/7640013799696731412,2026-05-15 14:15:30,True
dr.saddam_ismail,7634373390899481877,https://www.tiktok.com/@dr.saddam_ismail/video/7634373390899481877,2026-04-30 09:27:50,True
dr.saddam_ismail,7644120883811880200,https://www.tiktok.com/@dr.saddam_ismail/video/7644120883811880200,2026-05-26 15:53:05,True
dr.saddam_ismail,7640013155128806677,https://www.tiktok.com/@dr.saddam_ismail/video/7640013155128806677,2026-05-15 14:13:00,True
dr.saddam_ismail,7644123672105520392,https://www.tiktok.com/@dr.saddam_ismail/video/7644123672105520392,2026-05-26 16:03:54,True
dr.saddam_ismail,7633992226166607111,https://www.tiktok.com/@dr.saddam_ismail/video/7633992226166607111,2026-04-29 08:48:43,True
dr.saddam_ismail,7640012707948694805,https://www.tiktok.com/@dr.saddam_ismail/video/7640012707948694805,2026-05-15 14:11:16,True
dr.saddam_ismail,7633264286277602581,https://www.tiktok.com/@dr.saddam_ismail/video/7633264286277602581,2026-04-27 09:43:56,True
dr.saddam_ismail,7640012274161208597,https://www.tiktok.com/@dr.saddam_ismail/video/7640012274161208597,2026-05-15 14:09:35,True
dr.saddam_ismail,7631822029078990100,https://www.tiktok.com/@dr.saddam_ismail/video/7631822029078990100,2026-04-23 12:27:15,True
dr.saddam_ismail,7640011741769780500,https://www.tiktok.com/@dr.saddam_ismail/video/7640011741769780500,2026-05-15 14:07:31,True
dr.saddam_ismail,7631030947646934290,https://www.tiktok.com/@dr.saddam_ismail/video/7631030947646934290,2026-04-21 09:17:27,True
dr.saddam_ismail,7640009144191159572,https://www.tiktok.com/@dr.saddam_ismail/video/7640009144191159572,2026-05-15 13:57:26,True
dr.saddam_ismail,7631027963194068232,https://www.tiktok.com/@dr.saddam_ismail/video/7631027963194068232,2026-04-21 09:05:52,True
dr.saddam_ismail,7640008000677104916,https://www.tiktok.com/@dr.saddam_ismail/video/7640008000677104916,2026-05-15 13:53:00,True
dr.saddam_ismail,7630749498725223698,https://www.tiktok.com/@dr.saddam_ismail/video/7630749498725223698,2026-04-20 15:05:17,True
dr.saddam_ismail,7640006542418267412,https://www.tiktok.com/@dr.saddam_ismail/video/7640006542418267412,2026-05-15 13:47:20,True
dr.saddam_ismail,7638908221939387668,https://www.tiktok.com/@dr.saddam_ismail/video/7638908221939387668,2026-05-12 14:45:18,True
dr.saddam_ismail,7639288336070298901,https://www.tiktok.com/@dr.saddam_ismail/video/7639288336070298901,2026-05-13 15:20:20,True
dr.saddam_ismail,7630748563718360338,https://www.tiktok.com/@dr.saddam_ismail/video/7630748563718360338,2026-04-20 15:01:39,True
dr.saddam_ismail,7638900141725879572,https://www.tiktok.com/@dr.saddam_ismail/video/7638900141725879572,2026-05-12 14:13:56,True
dr.saddam_ismail,7638901112199908628,https://www.tiktok.com/@dr.saddam_ismail/video/7638901112199908628,2026-05-12 14:17:42,True
dr.saddam_ismail,7630746137816812808,https://www.tiktok.com/@dr.saddam_ismail/video/7630746137816812808,2026-04-20 14:52:14,True
dr.saddam_ismail,7638542213911203092,https://www.tiktok.com/@dr.saddam_ismail/video/7638542213911203092,2026-05-11 15:05:00,True
dr.saddam_ismail,7633709465786699028,https://www.tiktok.com/@dr.saddam_ismail/video/7633709465786699028,2026-04-28 14:31:28,True
dr.saddam_ismail,7630741949544238343,https://www.tiktok.com/@dr.saddam_ismail/video/7630741949544238343,2026-04-20 14:35:59,True
dr.saddam_ismail,7633635607067020564,https://www.tiktok.com/@dr.saddam_ismail/video/7633635607067020564,2026-04-28 09:44:51,True
dr.saddam_ismail,7630739040681184520,https://www.tiktok.com/@dr.saddam_ismail/video/7630739040681184520,2026-04-20 14:24:42,True
dr.saddam_ismail,7633623495959792917,https://www.tiktok.com/@dr.saddam_ismail/video/7633623495959792917,2026-04-28 08:57:51,True
dr.saddam_ismail,7636696469491207431,https://www.tiktok.com/@dr.saddam_ismail/video/7636696469491207431,2026-05-06 15:42:34,True
dr.saddam_ismail,7628076754984258832,https://www.tiktok.com/@dr.saddam_ismail/video/7628076754984258832,2026-04-13 10:13:40,True
dr.saddam_ismail,7636327509541391634,https://www.tiktok.com/@dr.saddam_ismail/video/7636327509541391634,2026-05-05 15:50:49,True
dr.saddam_ismail,7633612970748169492,https://www.tiktok.com/@dr.saddam_ismail/video/7633612970748169492,2026-04-28 08:17:01,True
dr.saddam_ismail,7628076219090652433,https://www.tiktok.com/@dr.saddam_ismail/video/7628076219090652433,2026-04-13 10:11:35,True
dr.saddam_ismail,7633338409381072148,https://www.tiktok.com/@dr.saddam_ismail/video/7633338409381072148,2026-04-27 14:31:35,True
dr.saddam_ismail,7628066541275319553,https://www.tiktok.com/@dr.saddam_ismail/video/7628066541275319553,2026-04-13 09:34:02,True
dr.saddam_ismail,7633336473911119125,https://www.tiktok.com/@dr.saddam_ismail/video/7633336473911119125,2026-04-27 14:24:04,True
dr.saddam_ismail,7628066070875639057,https://www.tiktok.com/@dr.saddam_ismail/video/7628066070875639057,2026-04-13 09:32:13,True
dr.saddam_ismail,7633335192236657940,https://www.tiktok.com/@dr.saddam_ismail/video/7633335192236657940,2026-04-27 14:19:06,True
dr.saddam_ismail,7628065426831936769,https://www.tiktok.com/@dr.saddam_ismail/video/7628065426831936769,2026-04-13 09:29:43,True
dr.saddam_ismail,7632165611870686471,https://www.tiktok.com/@dr.saddam_ismail/video/7632165611870686471,2026-04-24 10:40:31,True
dr.saddam_ismail,7628065008559164689,https://www.tiktok.com/@dr.saddam_ismail/video/7628065008559164689,2026-04-13 09:28:05,True
dr.saddam_ismail,7632156177618554120,https://www.tiktok.com/@dr.saddam_ismail/video/7632156177618554120,2026-04-24 10:03:55,True
dr.saddam_ismail,7628063555744582929,https://www.tiktok.com/@dr.saddam_ismail/video/7628063555744582929,2026-04-13 09:22:27,True
dr.saddam_ismail,7628063625327938833,https://www.tiktok.com/@dr.saddam_ismail/video/7628063625327938833,2026-04-13 09:22:43,True
dr.saddam_ismail,7630725198420970773,https://www.tiktok.com/@dr.saddam_ismail/video/7630725198420970773,2026-04-20 13:30:59,True
dr.saddam_ismail,7628062758310890768,https://www.tiktok.com/@dr.saddam_ismail/video/7628062758310890768,2026-04-13 09:19:21,True
dr.saddam_ismail,7628062435500363024,https://www.tiktok.com/@dr.saddam_ismail/video/7628062435500363024,2026-04-13 09:18:06,True
dr.saddam_ismail,7628062052115877136,https://www.tiktok.com/@dr.saddam_ismail/video/7628062052115877136,2026-04-13 09:16:37,True
dr.saddam_ismail,7628061608207600913,https://www.tiktok.com/@dr.saddam_ismail/video/7628061608207600913,2026-04-13 09:14:54,True
dr.saddam_ismail,7625855840821579025,https://www.tiktok.com/@dr.saddam_ismail/video/7625855840821579025,2026-04-07 10:35:23,True
dr.saddam_ismail,7627384647722290433,https://www.tiktok.com/@dr.saddam_ismail/video/7627384647722290433,2026-04-11 13:27:56,True
dr.saddam_ismail,7627389807639022864,https://www.tiktok.com/@dr.saddam_ismail/video/7627389807639022864,2026-04-11 13:47:58,True
dr.saddam_ismail,7627377182054042881,https://www.tiktok.com/@dr.saddam_ismail/video/7627377182054042881,2026-04-11 12:58:58,True
dr.saddam_ismail,7625853327913340177,https://www.tiktok.com/@dr.saddam_ismail/video/7625853327913340177,2026-04-07 10:25:38,True
dr.saddam_ismail,7627047187322572052,https://www.tiktok.com/@dr.saddam_ismail/video/7627047187322572052,2026-04-10 15:38:25,True
dr.saddam_ismail,7625863832631512336,https://www.tiktok.com/@dr.saddam_ismail/video/7625863832631512336,2026-04-07 11:06:24,True
dr.saddam_ismail,7625846593777896705,https://www.tiktok.com/@dr.saddam_ismail/video/7625846593777896705,2026-04-07 09:59:30,True
dr.saddam_ismail,7626312572853030162,https://www.tiktok.com/@dr.saddam_ismail/video/7626312572853030162,2026-04-08 16:07:45,True
dr.saddam_ismail,7625863312873426193,https://www.tiktok.com/@dr.saddam_ismail/video/7625863312873426193,2026-04-07 11:04:23,True
dr.saddam_ismail,7625839031581953281,https://www.tiktok.com/@dr.saddam_ismail/video/7625839031581953281,2026-04-07 09:30:10,True
dr.saddam_ismail,7625525328450014484,https://www.tiktok.com/@dr.saddam_ismail/video/7625525328450014484,2026-04-06 13:12:50,True
dr.saddam_ismail,7624722012610645269,https://www.tiktok.com/@dr.saddam_ismail/video/7624722012610645269,2026-04-04 09:15:33,True
dr.saddam_ismail,7624717612823481620,https://www.tiktok.com/@dr.saddam_ismail/video/7624717612823481620,2026-04-04 08:58:29,True
dr.saddam_ismail,7624083520679398657,https://www.tiktok.com/@dr.saddam_ismail/video/7624083520679398657,2026-04-02 15:57:53,True
dr.saddam_ismail,7624082993879010561,https://www.tiktok.com/@dr.saddam_ismail/video/7624082993879010561,2026-04-02 15:55:50,True
dr.saddam_ismail,7615063435834838273,https://www.tiktok.com/@dr.saddam_ismail/video/7615063435834838273,2026-03-09 08:35:21,True
dr.saddam_ismail,7612477847671737620,https://www.tiktok.com/@dr.saddam_ismail/video/7612477847671737620,2026-03-02 09:21:57,True
dr.saddam_ismail,7612477345534004501,https://www.tiktok.com/@dr.saddam_ismail/video/7612477345534004501,2026-03-02 09:20:00,True
dr.saddam_ismail,7611015370719186192,https://www.tiktok.com/@dr.saddam_ismail/video/7611015370719186192,2026-02-26 10:46:47,True
dr.saddam_ismail,7621107564985470229,https://www.tiktok.com/@dr.saddam_ismail/video/7621107564985470229,2026-03-25 15:29:39,True
dr.saddam_ismail,7618151135185997077,https://www.tiktok.com/@dr.saddam_ismail/video/7618151135185997077,2026-03-17 16:17:12,True
dr.saddam_ismail,7621106748354465045,https://www.tiktok.com/@dr.saddam_ismail/video/7621106748354465045,2026-03-25 15:26:29,True
dr.saddam_ismail,7609962395946978577,https://www.tiktok.com/@dr.saddam_ismail/video/7609962395946978577,2026-02-23 14:40:42,True
dr.saddam_ismail,7618149464359947540,https://www.tiktok.com/@dr.saddam_ismail/video/7618149464359947540,2026-03-17 16:10:43,True
dr.saddam_ismail,7609961742076071184,https://www.tiktok.com/@dr.saddam_ismail/video/7609961742076071184,2026-02-23 14:38:10,True
dr.saddam_ismail,7609960911540997393,https://www.tiktok.com/@dr.saddam_ismail/video/7609960911540997393,2026-02-23 14:34:57,True
dr.saddam_ismail,7615877879477341447,https://www.tiktok.com/@dr.saddam_ismail/video/7615877879477341447,2026-03-11 13:15:48,True
dr.saddam_ismail,7609960429586025744,https://www.tiktok.com/@dr.saddam_ismail/video/7609960429586025744,2026-02-23 14:33:05,True
dr.saddam_ismail,7615877216567676167,https://www.tiktok.com/@dr.saddam_ismail/video/7615877216567676167,2026-03-11 13:13:14,True
dr.saddam_ismail,7618140036353019157,https://www.tiktok.com/@dr.saddam_ismail/video/7618140036353019157,2026-03-17 15:34:08,True
dr.saddam_ismail,7615876457302068488,https://www.tiktok.com/@dr.saddam_ismail/video/7615876457302068488,2026-03-11 13:10:17,True
dr.saddam_ismail,7609946520258972945,https://www.tiktok.com/@dr.saddam_ismail/video/7609946520258972945,2026-02-23 13:39:06,True
dr.saddam_ismail,7615875755792272647,https://www.tiktok.com/@dr.saddam_ismail/video/7615875755792272647,2026-03-11 13:07:34,True
dr.saddam_ismail,7615827967146560775,https://www.tiktok.com/@dr.saddam_ismail/video/7615827967146560775,2026-03-11 10:02:07,True
dr.saddam_ismail,7615874966898216210,https://www.tiktok.com/@dr.saddam_ismail/video/7615874966898216210,2026-03-11 13:04:30,True
dr.saddam_ismail,7609946132646612241,https://www.tiktok.com/@dr.saddam_ismail/video/7609946132646612241,2026-02-23 13:37:36,True
dr.saddam_ismail,7615874394711248135,https://www.tiktok.com/@dr.saddam_ismail/video/7615874394711248135,2026-03-11 13:02:17,True
dr.saddam_ismail,7615827257008868616,https://www.tiktok.com/@dr.saddam_ismail/video/7615827257008868616,2026-03-11 09:59:22,True
dr.saddam_ismail,7615810212049521927,https://www.tiktok.com/@dr.saddam_ismail/video/7615810212049521927,2026-03-11 08:53:13,True
dr.saddam_ismail,7616599428253666580,https://www.tiktok.com/@dr.saddam_ismail/video/7616599428253666580,2026-03-13 11:55:47,True
dr.saddam_ismail,7609930963526733072,https://www.tiktok.com/@dr.saddam_ismail/video/7609930963526733072,2026-02-23 12:38:44,True
dr.saddam_ismail,7615809491602263304,https://www.tiktok.com/@dr.saddam_ismail/video/7615809491602263304,2026-03-11 08:50:25,True
dr.saddam_ismail,7613619110810881281,https://www.tiktok.com/@dr.saddam_ismail/video/7613619110810881281,2026-03-05 11:10:38,True
dr.saddam_ismail,7615825552221408520,https://www.tiktok.com/@dr.saddam_ismail/video/7615825552221408520,2026-03-11 09:52:45,True
dr.saddam_ismail,7615808746228321544,https://www.tiktok.com/@dr.saddam_ismail/video/7615808746228321544,2026-03-11 08:47:32,True
dr.saddam_ismail,7613609387474685185,https://www.tiktok.com/@dr.saddam_ismail/video/7613609387474685185,2026-03-05 10:32:54,True
dr.saddam_ismail,7609164382823632145,https://www.tiktok.com/@dr.saddam_ismail/video/7609164382823632145,2026-02-21 11:04:00,True
dr.saddam_ismail,7615635774876159252,https://www.tiktok.com/@dr.saddam_ismail/video/7615635774876159252,2026-03-10 21:36:19,True
dr.saddam_ismail,7615548502403190024,https://www.tiktok.com/@dr.saddam_ismail/video/7615548502403190024,2026-03-10 15:57:39,True
dr.saddam_ismail,7615545430599945480,https://www.tiktok.com/@dr.saddam_ismail/video/7615545430599945480,2026-03-10 15:45:44,True
dr.saddam_ismail,7613608020190268689,https://www.tiktok.com/@dr.saddam_ismail/video/7613608020190268689,2026-03-05 10:27:35,True
dr.saddam_ismail,7615166177970654485,https://www.tiktok.com/@dr.saddam_ismail/video/7615166177970654485,2026-03-09 15:14:02,True
dr.saddam_ismail,7613602509055102209,https://www.tiktok.com/@dr.saddam_ismail/video/7613602509055102209,2026-03-05 10:06:12,True
dr.saddam_ismail,7609163011982413057,https://www.tiktok.com/@dr.saddam_ismail/video/7609163011982413057,2026-02-21 10:58:41,True
dr.saddam_ismail,7614433356930911489,https://www.tiktok.com/@dr.saddam_ismail/video/7614433356930911489,2026-03-07 15:50:19,True
dr.saddam_ismail,7609176084604570897,https://www.tiktok.com/@dr.saddam_ismail/video/7609176084604570897,2026-02-21 11:49:25,True
dr.saddam_ismail,7614359667275336976,https://www.tiktok.com/@dr.saddam_ismail/video/7614359667275336976,2026-03-07 11:04:22,True
dr.saddam_ismail,7609158186821602577,https://www.tiktok.com/@dr.saddam_ismail/video/7609158186821602577,2026-02-21 10:39:58,True
dr.saddam_ismail,7609161512682261776,https://www.tiktok.com/@dr.saddam_ismail/video/7609161512682261776,2026-02-21 10:52:52,True
dr.saddam_ismail,7614049659887045904,https://www.tiktok.com/@dr.saddam_ismail/video/7614049659887045904,2026-03-06 15:01:23,True
dr.saddam_ismail,7609156713358445841,https://www.tiktok.com/@dr.saddam_ismail/video/7609156713358445841,2026-02-21 10:34:15,True
dr.saddam_ismail,7609150800622783761,https://www.tiktok.com/@dr.saddam_ismail/video/7609150800622783761,2026-02-21 10:11:18,True
dr.saddam_ismail,7608453591421947137,https://www.tiktok.com/@dr.saddam_ismail/video/7608453591421947137,2026-02-19 13:05:46,True
dr.saddam_ismail,7609149867021061393,https://www.tiktok.com/@dr.saddam_ismail/video/7609149867021061393,2026-02-21 10:07:41,True
dr.saddam_ismail,7609147308470570256,https://www.tiktok.com/@dr.saddam_ismail/video/7609147308470570256,2026-02-21 09:57:45,True
dr.saddam_ismail,7608453206867234065,https://www.tiktok.com/@dr.saddam_ismail/video/7608453206867234065,2026-02-19 13:04:17,True
dr.saddam_ismail,7609146194941562128,https://www.tiktok.com/@dr.saddam_ismail/video/7609146194941562128,2026-02-21 09:53:26,True
dr.saddam_ismail,7609145555758959889,https://www.tiktok.com/@dr.saddam_ismail/video/7609145555758959889,2026-02-21 09:50:57,True
dr.saddam_ismail,7608451669969407248,https://www.tiktok.com/@dr.saddam_ismail/video/7608451669969407248,2026-02-19 12:58:19,True
dr.saddam_ismail,7609142075182845200,https://www.tiktok.com/@dr.saddam_ismail/video/7609142075182845200,2026-02-21 09:37:27,True
dr.saddam_ismail,7609139374265044241,https://www.tiktok.com/@dr.saddam_ismail/video/7609139374265044241,2026-02-21 09:26:58,True
dr.saddam_ismail,7608451217391455489,https://www.tiktok.com/@dr.saddam_ismail/video/7608451217391455489,2026-02-19 12:56:34,True
dr.saddam_ismail,7609138667612835089,https://www.tiktok.com/@dr.saddam_ismail/video/7609138667612835089,2026-02-21 09:24:13,True
dr.saddam_ismail,7609136821867515152,https://www.tiktok.com/@dr.saddam_ismail/video/7609136821867515152,2026-02-21 09:17:03,True
dr.saddam_ismail,7608450897881910529,https://www.tiktok.com/@dr.saddam_ismail/video/7608450897881910529,2026-02-19 12:55:19,True
dr.saddam_ismail,7609136139915627777,https://www.tiktok.com/@dr.saddam_ismail/video/7609136139915627777,2026-02-21 09:14:25,True
dr.saddam_ismail,7607300317834956050,https://www.tiktok.com/@dr.saddam_ismail/video/7607300317834956050,2026-02-16 10:30:29,True
dr.saddam_ismail,7608450557967076609,https://www.tiktok.com/@dr.saddam_ismail/video/7608450557967076609,2026-02-19 12:54:00,True
dr.saddam_ismail,7607299704078044423,https://www.tiktok.com/@dr.saddam_ismail/video/7607299704078044423,2026-02-16 10:28:06,True
dr.saddam_ismail,7607299178414312712,https://www.tiktok.com/@dr.saddam_ismail/video/7607299178414312712,2026-02-16 10:26:04,True
dr.saddam_ismail,7603265221251058952,https://www.tiktok.com/@dr.saddam_ismail/video/7603265221251058952,2026-02-05 13:32:15,True
dr.saddam_ismail,7607298275393260818,https://www.tiktok.com/@dr.saddam_ismail/video/7607298275393260818,2026-02-16 10:22:33,True
dr.saddam_ismail,7607297414965267720,https://www.tiktok.com/@dr.saddam_ismail/video/7607297414965267720,2026-02-16 10:19:13,True
dr.saddam_ismail,7603264689019079944,https://www.tiktok.com/@dr.saddam_ismail/video/7603264689019079944,2026-02-05 13:30:11,True
dr.saddam_ismail,7607296824566680840,https://www.tiktok.com/@dr.saddam_ismail/video/7607296824566680840,2026-02-16 10:16:56,True
dr.saddam_ismail,7607296244498582792,https://www.tiktok.com/@dr.saddam_ismail/video/7607296244498582792,2026-02-16 10:14:41,True
dr.saddam_ismail,7602477937283042580,https://www.tiktok.com/@dr.saddam_ismail/video/7602477937283042580,2026-02-03 10:37:11,True
dr.saddam_ismail,7607295332652780808,https://www.tiktok.com/@dr.saddam_ismail/video/7607295332652780808,2026-02-16 10:11:08,True
dr.saddam_ismail,7604726018624081172,https://www.tiktok.com/@dr.saddam_ismail/video/7604726018624081172,2026-02-09 12:00:53,True
dr.saddam_ismail,7602475052654693652,https://www.tiktok.com/@dr.saddam_ismail/video/7602475052654693652,2026-02-03 10:25:59,True
dr.saddam_ismail,7604725373481291028,https://www.tiktok.com/@dr.saddam_ismail/video/7604725373481291028,2026-02-09 11:58:23,True
dr.saddam_ismail,7603945482569665800,https://www.tiktok.com/@dr.saddam_ismail/video/7603945482569665800,2026-02-07 09:32:01,True
dr.saddam_ismail,7602473382889737492,https://www.tiktok.com/@dr.saddam_ismail/video/7602473382889737492,2026-02-03 10:19:31,True
dr.saddam_ismail,7603944846407077128,https://www.tiktok.com/@dr.saddam_ismail/video/7603944846407077128,2026-02-07 09:29:32,True
dr.saddam_ismail,7603593116133674248,https://www.tiktok.com/@dr.saddam_ismail/video/7603593116133674248,2026-02-06 10:44:39,True
dr.saddam_ismail,7602473028974300437,https://www.tiktok.com/@dr.saddam_ismail/video/7602473028974300437,2026-02-03 10:18:08,True
dr.saddam_ismail,7603592384089279751,https://www.tiktok.com/@dr.saddam_ismail/video/7603592384089279751,2026-02-06 10:41:48,True
dr.saddam_ismail,7603591556146138376,https://www.tiktok.com/@dr.saddam_ismail/video/7603591556146138376,2026-02-06 10:38:36,True
dr.saddam_ismail,7602472578778680596,https://www.tiktok.com/@dr.saddam_ismail/video/7602472578778680596,2026-02-03 10:16:23,True
dr.saddam_ismail,7603590561550912776,https://www.tiktok.com/@dr.saddam_ismail/video/7603590561550912776,2026-02-06 10:34:44,True
dr.saddam_ismail,7603589768328383752,https://www.tiktok.com/@dr.saddam_ismail/video/7603589768328383752,2026-02-06 10:31:39,True
dr.saddam_ismail,7602472099566898452,https://www.tiktok.com/@dr.saddam_ismail/video/7602472099566898452,2026-02-03 10:14:32,True
dr.saddam_ismail,7603281277613051154,https://www.tiktok.com/@dr.saddam_ismail/video/7603281277613051154,2026-02-05 14:34:33,True
dr.saddam_ismail,7603280778021047559,https://www.tiktok.com/@dr.saddam_ismail/video/7603280778021047559,2026-02-05 14:32:37,True
dr.saddam_ismail,7602471518907501844,https://www.tiktok.com/@dr.saddam_ismail/video/7602471518907501844,2026-02-03 10:12:17,True
dr.saddam_ismail,7602465678091717908,https://www.tiktok.com/@dr.saddam_ismail/video/7602465678091717908,2026-02-03 09:49:37,True
dr.saddam_ismail,7602464417439173908,https://www.tiktok.com/@dr.saddam_ismail/video/7602464417439173908,2026-02-03 09:44:43,True
dr.saddam_ismail,7602470874402311444,https://www.tiktok.com/@dr.saddam_ismail/video/7602470874402311444,2026-02-03 10:09:47,True
dr.saddam_ismail,7602186520900144405,https://www.tiktok.com/@dr.saddam_ismail/video/7602186520900144405,2026-02-02 15:46:20,True
dr.saddam_ismail,7601391326340336916,https://www.tiktok.com/@dr.saddam_ismail/video/7601391326340336916,2026-01-31 12:20:35,True
dr.saddam_ismail,7601353561124982036,https://www.tiktok.com/@dr.saddam_ismail/video/7601353561124982036,2026-01-31 09:54:02,True
dr.saddam_ismail,7600972341408959764,https://www.tiktok.com/@dr.saddam_ismail/video/7600972341408959764,2026-01-30 09:14:42,True
dr.saddam_ismail,7600590373349641488,https://www.tiktok.com/@dr.saddam_ismail/video/7600590373349641488,2026-01-29 08:32:28,True
dr.saddam_ismail,7600332226487717136,https://www.tiktok.com/@dr.saddam_ismail/video/7600332226487717136,2026-01-28 15:50:44,True
dr.saddam_ismail,7599965400201317652,https://www.tiktok.com/@dr.saddam_ismail/video/7599965400201317652,2026-01-27 16:07:15,True
dr.saddam_ismail,7597363026701978901,https://www.tiktok.com/@dr.saddam_ismail/video/7597363026701978901,2026-01-20 15:48:43,True
dr.saddam_ismail,7597350089140620565,https://www.tiktok.com/@dr.saddam_ismail/video/7597350089140620565,2026-01-20 14:58:31,True
dr.saddam_ismail,7597347012975004948,https://www.tiktok.com/@dr.saddam_ismail/video/7597347012975004948,2026-01-20 14:46:35,True
dr.saddam_ismail,7593640878539803912,https://www.tiktok.com/@dr.saddam_ismail/video/7593640878539803912,2026-01-10 15:04:53,True
dr.saddam_ismail,7593595077948083457,https://www.tiktok.com/@dr.saddam_ismail/video/7593595077948083457,2026-01-10 12:07:09,True
dr.saddam_ismail,7593536518640209153,https://www.tiktok.com/@dr.saddam_ismail/video/7593536518640209153,2026-01-10 08:19:55,True
dr.saddam_ismail,7594023484573945106,https://www.tiktok.com/@dr.saddam_ismail/video/7594023484573945106,2026-01-11 15:49:35,True
dr.saddam_ismail,7593536199487212816,https://www.tiktok.com/@dr.saddam_ismail/video/7593536199487212816,2026-01-10 08:18:40,True
dr.saddam_ismail,7594023073125256456,https://www.tiktok.com/@dr.saddam_ismail/video/7594023073125256456,2026-01-11 15:48:00,True
dr.saddam_ismail,7594022458236144914,https://www.tiktok.com/@dr.saddam_ismail/video/7594022458236144914,2026-01-11 15:45:36,True
dr.saddam_ismail,7593196621291080968,https://www.tiktok.com/@dr.saddam_ismail/video/7593196621291080968,2026-01-09 10:20:56,True
dr.saddam_ismail,7594020455988628744,https://www.tiktok.com/@dr.saddam_ismail/video/7594020455988628744,2026-01-11 15:37:50,True
dr.saddam_ismail,7593190726704450824,https://www.tiktok.com/@dr.saddam_ismail/video/7593190726704450824,2026-01-09 09:58:04,True
dr.saddam_ismail,7590975381839170823,https://www.tiktok.com/@dr.saddam_ismail/video/7590975381839170823,2026-01-03 10:41:24,True
dr.saddam_ismail,7590974972886060306,https://www.tiktok.com/@dr.saddam_ismail/video/7590974972886060306,2026-01-03 10:39:48,True
dr.saddam_ismail,7590974620203781383,https://www.tiktok.com/@dr.saddam_ismail/video/7590974620203781383,2026-01-03 10:38:26,True
dr.saddam_ismail,7591000473692359954,https://www.tiktok.com/@dr.saddam_ismail/video/7591000473692359954,2026-01-03 12:18:46,True
dr.saddam_ismail,7590973894782094610,https://www.tiktok.com/@dr.saddam_ismail/video/7590973894782094610,2026-01-03 10:35:37,True
dr.saddam_ismail,7590999779748941064,https://www.tiktok.com/@dr.saddam_ismail/video/7590999779748941064,2026-01-03 12:16:04,True
dr.saddam_ismail,7590972972353998087,https://www.tiktok.com/@dr.saddam_ismail/video/7590972972353998087,2026-01-03 10:32:03,True
dr.saddam_ismail,7589558968553327892,https://www.tiktok.com/@dr.saddam_ismail/video/7589558968553327892,2025-12-30 15:04:59,False
jiemiardian,7485315524570746130,https://www.tiktok.com/@jiemiardian/video/7485315524570746130,2025-03-24 17:07:11,False
jiemiardian,7488638752810667271,https://www.tiktok.com/@jiemiardian/video/7488638752810667271,2025-04-02 16:03:00,False
jiemiardian,6939769504557780225,https://www.tiktok.com/@jiemiardian/video/6939769504557780225,2021-03-15 13:50:00,False
jiemiardian,7678996025872305428,https://www.tiktok.com/@jiemiardian/video/7678996025872305428,2026-08-28 15:26:27,True
jiemiardian,7676041360176106772,https://www.tiktok.com/@jiemiardian/video/7676041360176106772,2026-08-20 16:20:50,True
jiemiardian,7675288359840845077,https://www.tiktok.com/@jiemiardian/video/7675288359840845077,2026-08-18 15:38:49,True
jiemiardian,7673823179172941077,https://www.tiktok.com/@jiemiardian/video/7673823179172941077,2026-08-14 16:53:10,True
jiemiardian,7673047967086955796,https://www.tiktok.com/@jiemiardian/video/7673047967086955796,2026-08-12 14:44:56,True
jiemiardian,7672707443037654292,https://www.tiktok.com/@jiemiardian/video/7672707443037654292,2026-08-11 16:43:32,True
jiemiardian,7668600455290686740,https://www.tiktok.com/@jiemiardian/video/7668600455290686740,2026-07-31 15:06:19,True
jiemiardian,7667120069889199380,https://www.tiktok.com/@jiemiardian/video/7667120069889199380,2026-07-27 15:21:40,True
jiemiardian,7666028730199969044,https://www.tiktok.com/@jiemiardian/video/7666028730199969044,2026-07-24 16:46:43,True
jiemiardian,7664897574695931156,https://www.tiktok.com/@jiemiardian/video/7664897574695931156,2026-07-21 15:37:15,True
jiemiardian,7662671129277975828,https://www.tiktok.com/@jiemiardian/video/7662671129277975828,2026-07-15 15:37:31,True
jiemiardian,7661461597650488597,https://www.tiktok.com/@jiemiardian/video/7661461597650488597,2026-07-12 09:23:55,True
jiemiardian,7660344472856808725,https://www.tiktok.com/@jiemiardian/video/7660344472856808725,2026-07-09 09:08:54,True
jiemiardian,7660097197542755605,https://www.tiktok.com/@jiemiardian/video/7660097197542755605,2026-07-08 17:09:20,True
jiemiardian,7659331504299953429,https://www.tiktok.com/@jiemiardian/video/7659331504299953429,2026-07-06 15:38:04,True
jiemiardian,7657869760343887125,https://www.tiktok.com/@jiemiardian/video/7657869760343887125,2026-07-02 17:05:45,True
jiemiardian,7657121895556386068,https://www.tiktok.com/@jiemiardian/video/7657121895556386068,2026-06-30 16:43:39,True
jiemiardian,7656753792565677332,https://www.tiktok.com/@jiemiardian/video/7656753792565677332,2026-06-29 16:55:13,True
jiemiardian,7655633626876448020,https://www.tiktok.com/@jiemiardian/video/7655633626876448020,2026-06-26 16:28:24,True
jiemiardian,7654846738431315220,https://www.tiktok.com/@jiemiardian/video/7654846738431315220,2026-06-24 13:34:53,True
jiemiardian,7654135588664216852,https://www.tiktok.com/@jiemiardian/video/7654135588664216852,2026-06-22 15:35:15,True
jiemiardian,7652283252098518293,https://www.tiktok.com/@jiemiardian/video/7652283252098518293,2026-06-17 15:47:15,True
jiemiardian,7651185615827897620,https://www.tiktok.com/@jiemiardian/video/7651185615827897620,2026-06-14 16:47:51,True
jiemiardian,7649255638018624788,https://www.tiktok.com/@jiemiardian/video/7649255638018624788,2026-06-09 11:58:33,True
jiemiardian,7647368955627162901,https://www.tiktok.com/@jiemiardian/video/7647368955627162901,2026-06-04 09:57:16,True
jiemiardian,7647061714474749205,https://www.tiktok.com/@jiemiardian/video/7647061714474749205,2026-06-03 14:05:01,True
jiemiardian,7645901314781891860,https://www.tiktok.com/@jiemiardian/video/7645901314781891860,2026-05-31 11:02:04,True
jiemiardian,7645212296905542933,https://www.tiktok.com/@jiemiardian/video/7645212296905542933,2026-05-29 14:28:19,True
jiemiardian,7643682343625952532,https://www.tiktok.com/@jiemiardian/video/7643682343625952532,2026-05-25 11:31:19,True
jiemiardian,7641412053634190613,https://www.tiktok.com/@jiemiardian/video/7641412053634190613,2026-05-19 08:41:26,True
jiemiardian,7638545316593110293,https://www.tiktok.com/@jiemiardian/video/7638545316593110293,2026-05-11 15:17:02,True
jiemiardian,7635091901342944533,https://www.tiktok.com/@jiemiardian/video/7635091901342944533,2026-05-02 07:56:01,True
jiemiardian,7633346004011584789,https://www.tiktok.com/@jiemiardian/video/7633346004011584789,2026-04-27 15:01:03,True
jiemiardian,7629270100826213652,https://www.tiktok.com/@jiemiardian/video/7629270100826213652,2026-04-16 15:24:28,True
jiemiardian,7628533129657011476,https://www.tiktok.com/@jiemiardian/video/7628533129657011476,2026-04-14 15:44:38,True
jiemiardian,7627641818850610452,https://www.tiktok.com/@jiemiardian/video/7627641818850610452,2026-04-12 06:05:54,True
jiemiardian,7627009066522430740,https://www.tiktok.com/@jiemiardian/video/7627009066522430740,2026-04-10 13:10:30,True
jiemiardian,7626672390801575189,https://www.tiktok.com/@jiemiardian/video/7626672390801575189,2026-04-09 15:24:01,True
jiemiardian,7625494275240774932,https://www.tiktok.com/@jiemiardian/video/7625494275240774932,2026-04-06 11:12:20,True
jiemiardian,7624699591426100500,https://www.tiktok.com/@jiemiardian/video/7624699591426100500,2026-04-04 07:48:33,True
jiemiardian,7623993823328275732,https://www.tiktok.com/@jiemiardian/video/7623993823328275732,2026-04-02 10:09:49,True
jiemiardian,7622966155677928725,https://www.tiktok.com/@jiemiardian/video/7622966155677928725,2026-03-30 15:41:56,True
jiemiardian,7622327857477455124,https://www.tiktok.com/@jiemiardian/video/7622327857477455124,2026-03-28 22:25:01,True
jiemiardian,7620291532805000469,https://www.tiktok.com/@jiemiardian/video/7620291532805000469,2026-03-23 10:43:02,True
jiemiardian,7618403150889798933,https://www.tiktok.com/@jiemiardian/video/7618403150889798933,2026-03-18 08:35:09,True
jiemiardian,7617300919415311637,https://www.tiktok.com/@jiemiardian/video/7617300919415311637,2026-03-15 09:17:55,True
jiemiardian,7616906710665481492,https://www.tiktok.com/@jiemiardian/video/7616906710665481492,2026-03-14 07:48:12,True
jiemiardian,7615887198805691668,https://www.tiktok.com/@jiemiardian/video/7615887198805691668,2026-03-11 13:51:58,True
jiemiardian,7614680873983593748,https://www.tiktok.com/@jiemiardian/video/7614680873983593748,2026-03-08 07:50:49,True
jiemiardian,7613955263220960533,https://www.tiktok.com/@jiemiardian/video/7613955263220960533,2026-03-06 08:55:04,True
jiemiardian,7613183428078406933,https://www.tiktok.com/@jiemiardian/video/7613183428078406933,2026-03-04 06:59:57,True
jiemiardian,7612815707956333845,https://www.tiktok.com/@jiemiardian/video/7612815707956333845,2026-03-03 07:13:01,True
jiemiardian,7612439614405496084,https://www.tiktok.com/@jiemiardian/video/7612439614405496084,2026-03-02 06:53:35,True
jiemiardian,7611714789236051220,https://www.tiktok.com/@jiemiardian/video/7611714789236051220,2026-02-28 08:00:53,True
jiemiardian,7610586057448377620,https://www.tiktok.com/@jiemiardian/video/7610586057448377620,2026-02-25 07:00:50,True
jiemiardian,7610237170514726165,https://www.tiktok.com/@jiemiardian/video/7610237170514726165,2026-02-24 08:26:58,True
jiemiardian,7609484006177901844,https://www.tiktok.com/@jiemiardian/video/7609484006177901844,2026-02-22 07:44:19,True
jiemiardian,7608871798637169940,https://www.tiktok.com/@jiemiardian/video/7608871798637169940,2026-02-20 16:08:38,True
jiemiardian,7608510094401096980,https://www.tiktok.com/@jiemiardian/video/7608510094401096980,2026-02-19 16:45:02,True
jiemiardian,7608126475740400916,https://www.tiktok.com/@jiemiardian/video/7608126475740400916,2026-02-18 15:56:24,True
jiemiardian,7606837798745754900,https://www.tiktok.com/@jiemiardian/video/7606837798745754900,2026-02-15 04:35:40,True
jiemiardian,7605542353490758933,https://www.tiktok.com/@jiemiardian/video/7605542353490758933,2026-02-11 16:48:41,True
jiemiardian,7603330828537515285,https://www.tiktok.com/@jiemiardian/video/7603330828537515285,2026-02-05 17:46:50,True
jiemiardian,7601068100691397909,https://www.tiktok.com/@jiemiardian/video/7601068100691397909,2026-01-30 15:26:18,True
jiemiardian,7599606997654244629,https://www.tiktok.com/@jiemiardian/video/7599606997654244629,2026-01-26 16:56:28,True
jiemiardian,7598488832467586325,https://www.tiktok.com/@jiemiardian/video/7598488832467586325,2026-01-23 16:37:25,True
jiemiardian,7595885247430954261,https://www.tiktok.com/@jiemiardian/video/7595885247430954261,2026-01-16 16:14:11,True
jiemiardian,7595188344078880020,https://www.tiktok.com/@jiemiardian/video/7595188344078880020,2026-01-14 19:09:50,True
jiemiardian,7593681632264064276,https://www.tiktok.com/@jiemiardian/video/7593681632264064276,2026-01-10 17:43:02,True
jiemiardian,7591810363025558805,https://www.tiktok.com/@jiemiardian/video/7591810363025558805,2026-01-05 16:41:33,True
jiemiardian,7589827763687689493,https://www.tiktok.com/@jiemiardian/video/7589827763687689493,2025-12-31 08:28:03,False
dr.ndreamon,7439645182036806968,https://www.tiktok.com/@dr.ndreamon/video/7439645182036806968,2024-11-21 15:22:56,False
dr.ndreamon,7436952131321580855,https://www.tiktok.com/@dr.ndreamon/video/7436952131321580855,2024-11-14 09:12:31,False
dr.ndreamon,7434349700624518455,https://www.tiktok.com/@dr.ndreamon/video/7434349700624518455,2024-11-07 08:53:45,False
dr.ndreamon,7668246042164432149,https://www.tiktok.com/@dr.ndreamon/video/7668246042164432149,2026-07-30 16:11:01,True
dr.ndreamon,7667392266771696916,https://www.tiktok.com/@dr.ndreamon/video/7667392266771696916,2026-07-28 08:57:56,True
dr.ndreamon,7666392800421825812,https://www.tiktok.com/@dr.ndreamon/video/7666392800421825812,2026-07-25 16:19:30,True
dr.ndreamon,7664419668169444628,https://www.tiktok.com/@dr.ndreamon/video/7664419668169444628,2026-07-20 08:42:44,True
dr.ndreamon,7663788101872930068,https://www.tiktok.com/@dr.ndreamon/video/7663788101872930068,2026-07-18 15:51:56,True
dr.ndreamon,7663306111939923221,https://www.tiktok.com/@dr.ndreamon/video/7663306111939923221,2026-07-17 08:41:34,True
dr.ndreamon,7662926012329643285,https://www.tiktok.com/@dr.ndreamon/video/7662926012329643285,2026-07-16 08:06:35,True
dr.ndreamon,7661431693244484885,https://www.tiktok.com/@dr.ndreamon/video/7661431693244484885,2026-07-12 07:27:52,True
dr.ndreamon,7659254951612402965,https://www.tiktok.com/@dr.ndreamon/video/7659254951612402965,2026-07-06 10:41:00,True
dr.ndreamon,7658878773340671253,https://www.tiktok.com/@dr.ndreamon/video/7658878773340671253,2026-07-05 10:21:14,True
dr.ndreamon,7658503150810254613,https://www.tiktok.com/@dr.ndreamon/video/7658503150810254613,2026-07-04 10:03:38,True
dr.ndreamon,7656820112976235796,https://www.tiktok.com/@dr.ndreamon/video/7656820112976235796,2026-06-29 21:12:35,True
dr.ndreamon,7656044465940958484,https://www.tiktok.com/@dr.ndreamon/video/7656044465940958484,2026-06-27 19:02:40,True
dr.ndreamon,7655496932315401493,https://www.tiktok.com/@dr.ndreamon/video/7655496932315401493,2026-06-26 07:37:58,True
dr.ndreamon,7653639519563943188,https://www.tiktok.com/@dr.ndreamon/video/7653639519563943188,2026-06-21 07:30:15,True
dr.ndreamon,7650493939346197780,https://www.tiktok.com/@dr.ndreamon/video/7650493939346197780,2026-06-12 20:03:48,True
dr.ndreamon,7650387081079819540,https://www.tiktok.com/@dr.ndreamon/video/7650387081079819540,2026-06-12 13:09:08,True
dr.ndreamon,7648206313683717397,https://www.tiktok.com/@dr.ndreamon/video/7648206313683717397,2026-06-06 16:06:38,True
dr.ndreamon,7644549398034173204,https://www.tiktok.com/@dr.ndreamon/video/7644549398034173204,2026-05-27 19:35:56,True
dr.ndreamon,7642261057641204999,https://www.tiktok.com/@dr.ndreamon/video/7642261057641204999,2026-05-21 15:36:01,True
dr.ndreamon,7641089840053767445,https://www.tiktok.com/@dr.ndreamon/video/7641089840053767445,2026-05-18 11:51:05,True
dr.ndreamon,7640068022043954452,https://www.tiktok.com/@dr.ndreamon/video/7640068022043954452,2026-05-15 17:45:55,True
dr.ndreamon,7638117583174012181,https://www.tiktok.com/@dr.ndreamon/video/7638117583174012181,2026-05-10 11:37:13,True
dr.ndreamon,7634369756488912148,https://www.tiktok.com/@dr.ndreamon/video/7634369756488912148,2026-04-30 09:13:44,True
dr.ndreamon,7611876759864118549,https://www.tiktok.com/@dr.ndreamon/video/7611876759864118549,2026-02-28 18:29:25,True
dr.ndreamon,7608278778178964756,https://www.tiktok.com/@dr.ndreamon/video/7608278778178964756,2026-02-19 01:47:25,True
dr.ndreamon,7591065083854212373,https://www.tiktok.com/@dr.ndreamon/video/7591065083854212373,2026-01-03 16:29:29,True
dr.ndreamon,7585786183524044053,https://www.tiktok.com/@dr.ndreamon/video/7585786183524044053,2025-12-20 11:04:39,False
drluckyspa,7199641795838364954,https://www.tiktok.com/@drluckyspa/video/7199641795838364954,2023-02-13 21:07:13,False
drluckyspa,7267340537101962501,https://www.tiktok.com/@drluckyspa/video/7267340537101962501,2023-08-15 07:32:54,False
drluckyspa,7680130765484707092,https://www.tiktok.com/@drluckyspa/video/7680130765484707092,2026-08-31 16:49:49,True
drluckyspa,7677768513158778132,https://www.tiktok.com/@drluckyspa/video/7677768513158778132,2026-08-25 08:03:04,True
drluckyspa,7677567520403983637,https://www.tiktok.com/@drluckyspa/video/7677567520403983637,2026-08-24 19:03:07,True
drluckyspa,7676459076062055701,https://www.tiktok.com/@drluckyspa/video/7676459076062055701,2026-08-21 19:21:47,True
drluckyspa,7667519562149006612,https://www.tiktok.com/@drluckyspa/video/7667519562149006612,2026-07-28 17:11:54,True
drluckyspa,7665582560885476628,https://www.tiktok.com/@drluckyspa/video/7665582560885476628,2026-07-23 11:55:21,True
drluckyspa,7662606399809096981,https://www.tiktok.com/@drluckyspa/video/7662606399809096981,2026-07-15 11:26:20,True
drluckyspa,7660825950296247573,https://www.tiktok.com/@drluckyspa/video/7660825950296247573,2026-07-10 16:17:16,True
drluckyspa,7657449326716767508,https://www.tiktok.com/@drluckyspa/video/7657449326716767508,2026-07-01 13:54:15,True
drluckyspa,7657176744234962196,https://www.tiktok.com/@drluckyspa/video/7657176744234962196,2026-06-30 20:16:29,True
drluckyspa,7644097686798454036,https://www.tiktok.com/@drluckyspa/video/7644097686798454036,2026-05-26 14:23:04,True
drluckyspa,7642723551136664853,https://www.tiktok.com/@drluckyspa/video/7642723551136664853,2026-05-22 21:30:43,True
drluckyspa,7641563994247007508,https://www.tiktok.com/@drluckyspa/video/7641563994247007508,2026-05-19 18:31:03,True
drluckyspa,7641083507346771221,https://www.tiktok.com/@drluckyspa/video/7641083507346771221,2026-05-18 11:26:31,True
drluckyspa,7639014524905016597,https://www.tiktok.com/@drluckyspa/video/7639014524905016597,2026-05-12 21:37:48,True
drluckyspa,7635985148563033364,https://www.tiktok.com/@drluckyspa/video/7635985148563033364,2026-05-04 17:42:17,True
drluckyspa,7633625777287777556,https://www.tiktok.com/@drluckyspa/video/7633625777287777556,2026-04-28 09:06:43,True
drluckyspa,7633364482646986004,https://www.tiktok.com/@drluckyspa/video/7633364482646986004,2026-04-27 16:12:45,True
drluckyspa,7631835969590824212,https://www.tiktok.com/@drluckyspa/video/7631835969590824212,2026-04-23 13:21:21,True
drluckyspa,7625930852400319765,https://www.tiktok.com/@drluckyspa/video/7625930852400319765,2026-04-07 15:26:28,True
drluckyspa,7622563832166272277,https://www.tiktok.com/@drluckyspa/video/7622563832166272277,2026-03-29 13:40:43,True
drluckyspa,7615619773921201429,https://www.tiktok.com/@drluckyspa/video/7615619773921201429,2026-03-10 20:34:13,True
drluckyspa,7614088286365076757,https://www.tiktok.com/@drluckyspa/video/7614088286365076757,2026-03-06 17:31:16,True
drluckyspa,7613513436777024775,https://www.tiktok.com/@drluckyspa/video/7613513436777024775,2026-03-05 04:20:33,True
drluckyspa,7610430121593310482,https://www.tiktok.com/@drluckyspa/video/7610430121593310482,2026-02-24 20:55:43,True
drluckyspa,7607428521111211285,https://www.tiktok.com/@drluckyspa/video/7607428521111211285,2026-02-16 18:47:59,True
drluckyspa,7605770292673269012,https://www.tiktok.com/@drluckyspa/video/7605770292673269012,2026-02-12 07:33:12,True
drluckyspa,7605170899737726229,https://www.tiktok.com/@drluckyspa/video/7605170899737726229,2026-02-10 16:47:15,True
drluckyspa,7602837722050399509,https://www.tiktok.com/@drluckyspa/video/7602837722050399509,2026-02-04 09:53:20,True
drluckyspa,7600316138693725460,https://www.tiktok.com/@drluckyspa/video/7600316138693725460,2026-01-28 14:48:18,True
drluckyspa,7598349365282901256,https://www.tiktok.com/@drluckyspa/video/7598349365282901256,2026-01-23 07:36:13,True
drluckyspa,7598062935818358023,https://www.tiktok.com/@drluckyspa/video/7598062935818358023,2026-01-22 13:04:43,True
drluckyspa,7592125254424661266,https://www.tiktok.com/@drluckyspa/video/7592125254424661266,2026-01-06 13:03:29,True
drluckyspa,7586983567469677844,https://www.tiktok.com/@drluckyspa/video/7586983567469677844,2025-12-23 16:31:07,False
drluckyspa,7583689632206933268,https://www.tiktok.com/@drluckyspa/video/7583689632206933268,2025-12-14 19:28:58,False
drluckyspa,7582565149479832853,https://www.tiktok.com/@drluckyspa/video/7582565149479832853,2025-12-11 18:45:24,False
drluckyspa,7581449112273423634,https://www.tiktok.com/@drluckyspa/video/7581449112273423634,2025-12-08 18:34:36,False
drluckyspa,7579446155117907208,https://www.tiktok.com/@drluckyspa/video/7579446155117907208,2025-12-03 09:02:06,False
drluckyspa,7575876055324544274,https://www.tiktok.com/@drluckyspa/video/7575876055324544274,2025-11-23 18:08:18,False
drluckyspa,7573585504319311111,https://www.tiktok.com/@drluckyspa/video/7573585504319311111,2025-11-17 13:59:47,False
drluckyspa,7571073072283897096,https://www.tiktok.com/@drluckyspa/video/7571073072283897096,2025-11-10 19:30:16,False
drluckyspa,7570528929820298514,https://www.tiktok.com/@drluckyspa/video/7570528929820298514,2025-11-09 08:18:43,False
drluckyspa,7570354648612228359,https://www.tiktok.com/@drluckyspa/video/7570354648612228359,2025-11-08 21:02:25,False
drluckyspa,7569106256758050055,https://www.tiktok.com/@drluckyspa/video/7569106256758050055,2025-11-05 12:18:01,False
drluckyspa,7568826272244190472,https://www.tiktok.com/@drluckyspa/video/7568826272244190472,2025-11-04 18:11:32,False
drluckyspa,7568412593149316359,https://www.tiktok.com/@drluckyspa/video/7568412593149316359,2025-11-03 15:26:15,False
zickyneuro,7167364180130024730,https://www.tiktok.com/@zickyneuro/video/7167364180130024730,2022-11-18 21:33:35,False
zickyneuro,7174263291794001179,https://www.tiktok.com/@zickyneuro/video/7174263291794001179,2022-12-07 11:45:39,False
zickyneuro,7164309797414669594,https://www.tiktok.com/@zickyneuro/video/7164309797414669594,2022-11-10 16:01:01,False
zickyneuro,7679062075632520469,https://www.tiktok.com/@zickyneuro/video/7679062075632520469,2026-08-28 19:42:45,True
zickyneuro,7677575762181917972,https://www.tiktok.com/@zickyneuro/video/7677575762181917972,2026-08-24 19:35:06,True
zickyneuro,7672773627409960212,https://www.tiktok.com/@zickyneuro/video/7672773627409960212,2026-08-11 21:00:22,True
zickyneuro,7672570158048824597,https://www.tiktok.com/@zickyneuro/video/7672570158048824597,2026-08-11 07:50:48,True
zickyneuro,7666649863769328916,https://www.tiktok.com/@zickyneuro/video/7666649863769328916,2026-07-26 08:57:02,True
zickyneuro,7666067349887323412,https://www.tiktok.com/@zickyneuro/video/7666067349887323412,2026-07-24 19:16:35,True
zickyneuro,7654414153775435029,https://www.tiktok.com/@zickyneuro/video/7654414153775435029,2026-06-23 09:36:14,True
zickyneuro,7654162354804034836,https://www.tiktok.com/@zickyneuro/video/7654162354804034836,2026-06-22 17:19:07,True
zickyneuro,7650829501902966036,https://www.tiktok.com/@zickyneuro/video/7650829501902966036,2026-06-13 17:45:57,True
zickyneuro,7646661373497314581,https://www.tiktok.com/@zickyneuro/video/7646661373497314581,2026-06-02 12:11:29,True
zickyneuro,7644741896568442133,https://www.tiktok.com/@zickyneuro/video/7644741896568442133,2026-05-28 08:02:56,True
zickyneuro,7641445041315122453,https://www.tiktok.com/@zickyneuro/video/7641445041315122453,2026-05-19 10:49:27,True
zickyneuro,7636249011111922965,https://www.tiktok.com/@zickyneuro/video/7636249011111922965,2026-05-05 10:46:12,True
zickyneuro,7635469842996284693,https://www.tiktok.com/@zickyneuro/video/7635469842996284693,2026-05-03 08:22:38,True
zickyneuro,7634698061893143829,https://www.tiktok.com/@zickyneuro/video/7634698061893143829,2026-05-01 06:27:43,True
zickyneuro,7633354533887954196,https://www.tiktok.com/@zickyneuro/video/7633354533887954196,2026-04-27 15:34:09,True
zickyneuro,7631041972463258900,https://www.tiktok.com/@zickyneuro/video/7631041972463258900,2026-04-21 10:00:14,True
zickyneuro,7611100555498458389,https://www.tiktok.com/@zickyneuro/video/7611100555498458389,2026-02-26 16:17:21,True
zickyneuro,7600426408338361621,https://www.tiktok.com/@zickyneuro/video/7600426408338361621,2026-01-28 21:56:12,True
zickyneuro,7597020694332968213,https://www.tiktok.com/@zickyneuro/video/7597020694332968213,2026-01-19 17:40:18,True
zickyneuro,7594054354412342549,https://www.tiktok.com/@zickyneuro/video/7594054354412342549,2026-01-11 17:49:23,True
zickyneuro,7584039250186849556,https://www.tiktok.com/@zickyneuro/video/7584039250186849556,2025-12-15 18:05:40,False
zickyneuro,7558250283097230593,https://www.tiktok.com/@zickyneuro/video/7558250283097230593,2025-10-07 06:11:18,False
zickyneuro,7480892632105880839,https://www.tiktok.com/@zickyneuro/video/7480892632105880839,2025-03-12 19:04:06,False
zickyneuro,7480409359911079176,https://www.tiktok.com/@zickyneuro/video/7480409359911079176,2025-03-11 11:48:46,False
zickyneuro,7479856820568345863,https://www.tiktok.com/@zickyneuro/video/7479856820568345863,2025-03-10 00:04:37,False
zickyneuro,7479801315917368584,https://www.tiktok.com/@zickyneuro/video/7479801315917368584,2025-03-09 20:29:14,False
zickyneuro,7477394679256976648,https://www.tiktok.com/@zickyneuro/video/7477394679256976648,2025-03-03 08:50:16,False
putriemje,7326863212794744069,https://www.tiktok.com/@putriemje/video/7326863212794744069,2024-01-22 17:11:17,False
putriemje,7170086604646780186,https://www.tiktok.com/@putriemje/video/7170086604646780186,2022-11-26 05:37:59,False
putriemje,7113040535673195802,https://www.tiktok.com/@putriemje/video/7113040535673195802,2022-06-25 12:10:06,False
putriemje,7675693888065326357,https://www.tiktok.com/@putriemje/video/7675693888065326357,2026-08-19 17:52:28,True
putriemje,7672340078890470677,https://www.tiktok.com/@putriemje/video/7672340078890470677,2026-08-10 16:57:58,True
putriemje,7672038966861860116,https://www.tiktok.com/@putriemje/video/7672038966861860116,2026-08-09 21:29:30,True
putriemje,7671141420454989077,https://www.tiktok.com/@putriemje/video/7671141420454989077,2026-08-07 11:26:34,True
putriemje,7670845966739590420,https://www.tiktok.com/@putriemje/video/7670845966739590420,2026-08-06 16:20:03,True
putriemje,7664816018224712981,https://www.tiktok.com/@putriemje/video/7664816018224712981,2026-07-21 10:20:47,True
putriemje,7663500855336881429,https://www.tiktok.com/@putriemje/video/7663500855336881429,2026-07-17 21:17:16,True
putriemje,7662741078348500245,https://www.tiktok.com/@putriemje/video/7662741078348500245,2026-07-15 20:08:57,True
putriemje,7660009037370510612,https://www.tiktok.com/@putriemje/video/7660009037370510612,2026-07-08 11:27:14,True
putriemje,7658520042123857172,https://www.tiktok.com/@putriemje/video/7658520042123857172,2026-07-04 11:09:10,True
putriemje,7654901582101843221,https://www.tiktok.com/@putriemje/video/7654901582101843221,2026-06-24 17:07:42,True
putriemje,7648889477108223253,https://www.tiktok.com/@putriemje/video/7648889477108223253,2026-06-08 12:17:40,True
putriemje,7647153245265186069,https://www.tiktok.com/@putriemje/video/7647153245265186069,2026-06-03 20:00:12,True
putriemje,7645540127447551252,https://www.tiktok.com/@putriemje/video/7645540127447551252,2026-05-30 11:40:28,True
putriemje,7641495373726371093,https://www.tiktok.com/@putriemje/video/7641495373726371093,2026-05-19 14:04:46,True
putriemje,7640342583620734229,https://www.tiktok.com/@putriemje/video/7640342583620734229,2026-05-16 11:31:21,True
putriemje,7638599754309520661,https://www.tiktok.com/@putriemje/video/7638599754309520661,2026-05-11 18:48:17,True
putriemje,7635208807760563477,https://www.tiktok.com/@putriemje/video/7635208807760563477,2026-05-02 15:29:41,True
putriemje,7629560914282401045,https://www.tiktok.com/@putriemje/video/7629560914282401045,2026-04-17 10:12:58,True
putriemje,7627445782341340437,https://www.tiktok.com/@putriemje/video/7627445782341340437,2026-04-11 17:25:10,True
putriemje,7627440728213409045,https://www.tiktok.com/@putriemje/video/7627440728213409045,2026-04-11 17:05:34,True
putriemje,7626690338912095508,https://www.tiktok.com/@putriemje/video/7626690338912095508,2026-04-09 16:33:40,True
putriemje,7626163719633980692,https://www.tiktok.com/@putriemje/video/7626163719633980692,2026-04-08 06:30:07,True
putriemje,7625940467187780885,https://www.tiktok.com/@putriemje/video/7625940467187780885,2026-04-07 16:03:47,True
putriemje,7625876722755325204,https://www.tiktok.com/@putriemje/video/7625876722755325204,2026-04-07 11:56:25,True
putriemje,7625548784096808213,https://www.tiktok.com/@putriemje/video/7625548784096808213,2026-04-06 14:43:51,True
putriemje,7625118520862428436,https://www.tiktok.com/@putriemje/video/7625118520862428436,2026-04-05 10:54:13,True
putriemje,7624721484434427157,https://www.tiktok.com/@putriemje/video/7624721484434427157,2026-04-04 09:13:30,True
putriemje,7623037421311036692,https://www.tiktok.com/@putriemje/video/7623037421311036692,2026-03-30 20:18:29,True
putriemje,7622084303433829653,https://www.tiktok.com/@putriemje/video/7622084303433829653,2026-03-28 06:39:54,True
putriemje,7621808070422793493,https://www.tiktok.com/@putriemje/video/7621808070422793493,2026-03-27 12:47:58,True
putriemje,7621409511429147924,https://www.tiktok.com/@putriemje/video/7621409511429147924,2026-03-26 11:01:22,True
putriemje,7621040454854790421,https://www.tiktok.com/@putriemje/video/7621040454854790421,2026-03-25 11:09:14,True
putriemje,7620345722281430292,https://www.tiktok.com/@putriemje/video/7620345722281430292,2026-03-23 14:13:19,True
putriemje,7619956662236892437,https://www.tiktok.com/@putriemje/video/7619956662236892437,2026-03-22 13:03:34,True
putriemje,7617709877477133589,https://www.tiktok.com/@putriemje/video/7617709877477133589,2026-03-16 11:44:53,True
putriemje,7616672137658584341,https://www.tiktok.com/@putriemje/video/7616672137658584341,2026-03-13 16:37:56,True
putriemje,7614809254226201877,https://www.tiktok.com/@putriemje/video/7614809254226201877,2026-03-08 16:08:59,True
putriemje,7614134205307718933,https://www.tiktok.com/@putriemje/video/7614134205307718933,2026-03-06 20:29:27,True
putriemje,7613693882391350548,https://www.tiktok.com/@putriemje/video/7613693882391350548,2026-03-05 16:00:47,True
putriemje,7609973167733460245,https://www.tiktok.com/@putriemje/video/7609973167733460245,2026-02-23 15:22:30,True
putriemje,7609529791804345621,https://www.tiktok.com/@putriemje/video/7609529791804345621,2026-02-22 10:41:59,True
putriemje,7607805822764190997,https://www.tiktok.com/@putriemje/video/7607805822764190997,2026-02-17 19:12:06,True
putriemje,7607648030686219541,https://www.tiktok.com/@putriemje/video/7607648030686219541,2026-02-17 08:59:47,True
putriemje,7606943679961386260,https://www.tiktok.com/@putriemje/video/7606943679961386260,2026-02-15 11:26:33,True
putriemje,7605942063686814996,https://www.tiktok.com/@putriemje/video/7605942063686814996,2026-02-12 18:39:46,True
putriemje,7605534518186970389,https://www.tiktok.com/@putriemje/video/7605534518186970389,2026-02-11 16:18:17,True
putriemje,7605501680582642964,https://www.tiktok.com/@putriemje/video/7605501680582642964,2026-02-11 14:10:51,True
putriemje,7605183540183010581,https://www.tiktok.com/@putriemje/video/7605183540183010581,2026-02-10 17:36:18,True
putriemje,7603653035075685653,https://www.tiktok.com/@putriemje/video/7603653035075685653,2026-02-06 14:37:10,True
putriemje,7593360257917750549,https://www.tiktok.com/@putriemje/video/7593360257917750549,2026-01-09 20:55:56,True
putriemje,7591501340015168788,https://www.tiktok.com/@putriemje/video/7591501340015168788,2026-01-04 20:42:23,True
putriemje,7590662354480696596,https://www.tiktok.com/@putriemje/video/7590662354480696596,2026-01-02 14:26:41,True
putriemje,7583213502819568917,https://www.tiktok.com/@putriemje/video/7583213502819568917,2025-12-13 12:41:20,False
putriemje,7582955784632290581,https://www.tiktok.com/@putriemje/video/7582955784632290581,2025-12-12 20:01:16,False
putriemje,7579815339760913685,https://www.tiktok.com/@putriemje/video/7579815339760913685,2025-12-04 08:54:44,False
putriemje,7579561613867453717,https://www.tiktok.com/@putriemje/video/7579561613867453717,2025-12-03 16:30:09,False
putriemje,7578504755132091669,https://www.tiktok.com/@putriemje/video/7578504755132091669,2025-11-30 20:09:00,False
putriemje,7575107038754114837,https://www.tiktok.com/@putriemje/video/7575107038754114837,2025-11-21 16:24:07,False
putriemje,7573646898196647189,https://www.tiktok.com/@putriemje/video/7573646898196647189,2025-11-17 17:58:02,False
ekidarehanf,7286730994680417541,https://www.tiktok.com/@ekidarehanf/video/7286730994680417541,2023-10-06 13:37:47,False
ekidarehanf,7241810621950479621,https://www.tiktok.com/@ekidarehanf/video/7241810621950479621,2023-06-07 12:23:48,False
ekidarehanf,7293759686967381254,https://www.tiktok.com/@ekidarehanf/video/7293759686967381254,2023-10-25 12:12:42,False
ekidarehanf,7680496657628253461,https://www.tiktok.com/@ekidarehanf/video/7680496657628253461,2026-09-01 16:29:40,False
ekidarehanf,7680125230089506068,https://www.tiktok.com/@ekidarehanf/video/7680125230089506068,2026-08-31 16:28:20,True
ekidarehanf,7679743947995942164,https://www.tiktok.com/@ekidarehanf/video/7679743947995942164,2026-08-30 15:48:46,True
ekidarehanf,7679377273086119189,https://www.tiktok.com/@ekidarehanf/video/7679377273086119189,2026-08-29 16:05:53,True
ekidarehanf,7679083404335402261,https://www.tiktok.com/@ekidarehanf/video/7679083404335402261,2026-08-28 21:05:31,True
ekidarehanf,7679005102975536405,https://www.tiktok.com/@ekidarehanf/video/7679005102975536405,2026-08-28 16:01:40,True
ekidarehanf,7678601340322450709,https://www.tiktok.com/@ekidarehanf/video/7678601340322450709,2026-08-27 13:54:52,True
ekidarehanf,7678267911357631764,https://www.tiktok.com/@ekidarehanf/video/7678267911357631764,2026-08-26 16:20:59,True
ekidarehanf,7677152937151352085,https://www.tiktok.com/@ekidarehanf/video/7677152937151352085,2026-08-23 16:14:19,True
ekidarehanf,7676780484994583828,https://www.tiktok.com/@ekidarehanf/video/7676780484994583828,2026-08-22 16:09:01,True
ekidarehanf,7676399227924270357,https://www.tiktok.com/@ekidarehanf/video/7676399227924270357,2026-08-21 15:29:33,True
ekidarehanf,7676044440141712660,https://www.tiktok.com/@ekidarehanf/video/7676044440141712660,2026-08-20 16:32:47,True
ekidarehanf,7675669468541930773,https://www.tiktok.com/@ekidarehanf/video/7675669468541930773,2026-08-19 16:17:42,True
ekidarehanf,7675319717925571860,https://www.tiktok.com/@ekidarehanf/video/7675319717925571860,2026-08-18 17:40:30,True
ekidarehanf,7674920294963760405,https://www.tiktok.com/@ekidarehanf/video/7674920294963760405,2026-08-17 15:50:32,True
ekidarehanf,7674555498351430933,https://www.tiktok.com/@ekidarehanf/video/7674555498351430933,2026-08-16 16:14:56,True
ekidarehanf,7674182698637757716,https://www.tiktok.com/@ekidarehanf/video/7674182698637757716,2026-08-15 16:08:17,True
ekidarehanf,7673807290075516180,https://www.tiktok.com/@ekidarehanf/video/7673807290075516180,2026-08-14 15:51:30,True
ekidarehanf,7673449896619560213,https://www.tiktok.com/@ekidarehanf/video/7673449896619560213,2026-08-13 16:44:38,True
ekidarehanf,7673045414756699413,https://www.tiktok.com/@ekidarehanf/video/7673045414756699413,2026-08-12 14:35:02,True
ekidarehanf,7672710194563976469,https://www.tiktok.com/@ekidarehanf/video/7672710194563976469,2026-08-11 16:54:13,True
ekidarehanf,7672307079348030741,https://www.tiktok.com/@ekidarehanf/video/7672307079348030741,2026-08-10 14:49:55,True
ekidarehanf,7671960624989031700,https://www.tiktok.com/@ekidarehanf/video/7671960624989031700,2026-08-09 16:25:30,True
ekidarehanf,7671235181373558036,https://www.tiktok.com/@ekidarehanf/video/7671235181373558036,2026-08-07 17:30:24,True
ekidarehanf,7670856459621813524,https://www.tiktok.com/@ekidarehanf/video/7670856459621813524,2026-08-06 17:00:46,True
ekidarehanf,7670536793976114453,https://www.tiktok.com/@ekidarehanf/video/7670536793976114453,2026-08-05 20:20:18,True
ekidarehanf,7670450312888487188,https://www.tiktok.com/@ekidarehanf/video/7670450312888487188,2026-08-05 14:44:43,True
ekidarehanf,7669731329642122517,https://www.tiktok.com/@ekidarehanf/video/7669731329642122517,2026-08-03 16:14:42,True
ekidarehanf,7669358037332790548,https://www.tiktok.com/@ekidarehanf/video/7669358037332790548,2026-08-02 16:06:08,True
ekidarehanf,7668984225915276565,https://www.tiktok.com/@ekidarehanf/video/7668984225915276565,2026-08-01 15:55:33,True
ekidarehanf,7668634323037277461,https://www.tiktok.com/@ekidarehanf/video/7668634323037277461,2026-07-31 17:17:45,True
ekidarehanf,7667498805931035924,https://www.tiktok.com/@ekidarehanf/video/7667498805931035924,2026-07-28 15:51:22,True
ekidarehanf,7667132635478494485,https://www.tiktok.com/@ekidarehanf/video/7667132635478494485,2026-07-27 16:10:26,True
ekidarehanf,7666761983156440341,https://www.tiktok.com/@ekidarehanf/video/7666761983156440341,2026-07-26 16:12:07,True
ekidarehanf,7665649379277032725,https://www.tiktok.com/@ekidarehanf/video/7665649379277032725,2026-07-23 16:14:39,True
ekidarehanf,7664913865548909845,https://www.tiktok.com/@ekidarehanf/video/7664913865548909845,2026-07-21 16:40:28,True
ekidarehanf,7664167742630612245,https://www.tiktok.com/@ekidarehanf/video/7664167742630612245,2026-07-19 16:25:08,True
ekidarehanf,7663785560779001109,https://www.tiktok.com/@ekidarehanf/video/7663785560779001109,2026-07-18 15:42:04,True
ekidarehanf,7663423554603552021,https://www.tiktok.com/@ekidarehanf/video/7663423554603552021,2026-07-17 16:17:18,True
ekidarehanf,7663035502777339156,https://www.tiktok.com/@ekidarehanf/video/7663035502777339156,2026-07-16 15:11:28,True
ekidarehanf,7662684940475125013,https://www.tiktok.com/@ekidarehanf/video/7662684940475125013,2026-07-15 16:31:06,True
ekidarehanf,7661548767572675860,https://www.tiktok.com/@ekidarehanf/video/7661548767572675860,2026-07-12 15:02:10,True
ekidarehanf,7661184990213983509,https://www.tiktok.com/@ekidarehanf/video/7661184990213983509,2026-07-11 15:30:32,True
ekidarehanf,7660821854063463701,https://www.tiktok.com/@ekidarehanf/video/7660821854063463701,2026-07-10 16:01:23,True
ekidarehanf,7660005656769989908,https://www.tiktok.com/@ekidarehanf/video/7660005656769989908,2026-07-08 11:14:07,True
ekidarehanf,7658969241785240852,https://www.tiktok.com/@ekidarehanf/video/7658969241785240852,2026-07-05 16:12:18,True
ekidarehanf,7658597833481850132,https://www.tiktok.com/@ekidarehanf/video/7658597833481850132,2026-07-04 16:11:03,True
ekidarehanf,7658227315150785812,https://www.tiktok.com/@ekidarehanf/video/7658227315150785812,2026-07-03 16:13:15,True
ekidarehanf,7657488378958564628,https://www.tiktok.com/@ekidarehanf/video/7657488378958564628,2026-07-01 16:25:48,True
ekidarehanf,7657149409192316181,https://www.tiktok.com/@ekidarehanf/video/7657149409192316181,2026-06-30 18:30:25,True
ekidarehanf,7656725146383715605,https://www.tiktok.com/@ekidarehanf/video/7656725146383715605,2026-06-29 15:04:04,True
ekidarehanf,7656370889864383765,https://www.tiktok.com/@ekidarehanf/video/7656370889864383765,2026-06-28 16:09:22,True
ekidarehanf,7655983155622563093,https://www.tiktok.com/@ekidarehanf/video/7655983155622563093,2026-06-27 15:04:45,True
ekidarehanf,7655554639919615253,https://www.tiktok.com/@ekidarehanf/video/7655554639919615253,2026-06-26 11:21:54,True
ekidarehanf,7654505267454872853,https://www.tiktok.com/@ekidarehanf/video/7654505267454872853,2026-06-23 15:29:48,True
ekidarehanf,7653763583238556948,https://www.tiktok.com/@ekidarehanf/video/7653763583238556948,2026-06-21 15:31:41,True
ekidarehanf,7653405698419707156,https://www.tiktok.com/@ekidarehanf/video/7653405698419707156,2026-06-20 16:22:54,True
ekidarehanf,7653068864728698133,https://www.tiktok.com/@ekidarehanf/video/7653068864728698133,2026-06-19 18:35:49,True
ekidarehanf,7652665892584803604,https://www.tiktok.com/@ekidarehanf/video/7652665892584803604,2026-06-18 16:32:05,True
ekidarehanf,7651926290043358484,https://www.tiktok.com/@ekidarehanf/video/7651926290043358484,2026-06-16 16:42:03,True
ekidarehanf,7651180629853359381,https://www.tiktok.com/@ekidarehanf/video/7651180629853359381,2026-06-14 16:28:30,True
ekidarehanf,7650811015302483221,https://www.tiktok.com/@ekidarehanf/video/7650811015302483221,2026-06-13 16:34:13,True
ekidarehanf,7650441899211492629,https://www.tiktok.com/@ekidarehanf/video/7650441899211492629,2026-06-12 16:41:51,True
ekidarehanf,7649368929709640980,https://www.tiktok.com/@ekidarehanf/video/7649368929709640980,2026-06-09 19:18:11,True
ekidarehanf,7648562394561580308,https://www.tiktok.com/@ekidarehanf/video/7648562394561580308,2026-06-07 15:08:25,True
ekidarehanf,7648201568071863573,https://www.tiktok.com/@ekidarehanf/video/7648201568071863573,2026-06-06 15:48:13,True
ekidarehanf,7647825912486006036,https://www.tiktok.com/@ekidarehanf/video/7647825912486006036,2026-06-05 15:30:29,True
ekidarehanf,7647408643704671509,https://www.tiktok.com/@ekidarehanf/video/7647408643704671509,2026-06-04 12:31:16,True
ekidarehanf,7647380889877466389,https://www.tiktok.com/@ekidarehanf/video/7647380889877466389,2026-06-04 10:43:34,True
ekidarehanf,7647172140785077525,https://www.tiktok.com/@ekidarehanf/video/7647172140785077525,2026-06-03 21:13:31,True
ekidarehanf,7647095828531678485,https://www.tiktok.com/@ekidarehanf/video/7647095828531678485,2026-06-03 16:17:23,True
ekidarehanf,7647046876394556692,https://www.tiktok.com/@ekidarehanf/video/7647046876394556692,2026-06-03 13:07:26,True
ekidarehanf,7646715988913687829,https://www.tiktok.com/@ekidarehanf/video/7646715988913687829,2026-06-02 15:43:25,True
ekidarehanf,7646363025192013077,https://www.tiktok.com/@ekidarehanf/video/7646363025192013077,2026-06-01 16:53:44,True
ekidarehanf,7645980634464193813,https://www.tiktok.com/@ekidarehanf/video/7645980634464193813,2026-05-31 16:09:52,True
ekidarehanf,7645605319850347796,https://www.tiktok.com/@ekidarehanf/video/7645605319850347796,2026-05-30 15:53:27,True
ekidarehanf,7645240948263456021,https://www.tiktok.com/@ekidarehanf/video/7645240948263456021,2026-05-29 16:19:30,True
ekidarehanf,7644895620854992149,https://www.tiktok.com/@ekidarehanf/video/7644895620854992149,2026-05-28 17:59:28,True
ekidarehanf,7644482661372677396,https://www.tiktok.com/@ekidarehanf/video/7644482661372677396,2026-05-27 15:16:58,True
ekidarehanf,7644128796433730836,https://www.tiktok.com/@ekidarehanf/video/7644128796433730836,2026-05-26 16:23:47,True
ekidarehanf,7643748724375637268,https://www.tiktok.com/@ekidarehanf/video/7643748724375637268,2026-05-25 15:48:55,True
ekidarehanf,7643396327111478549,https://www.tiktok.com/@ekidarehanf/video/7643396327111478549,2026-05-24 17:01:26,True
ekidarehanf,7642650098983374100,https://www.tiktok.com/@ekidarehanf/video/7642650098983374100,2026-05-22 16:45:41,True
ekidarehanf,7642271546903448852,https://www.tiktok.com/@ekidarehanf/video/7642271546903448852,2026-05-21 16:16:43,True
ekidarehanf,7641891882875784469,https://www.tiktok.com/@ekidarehanf/video/7641891882875784469,2026-05-20 15:43:25,True
ekidarehanf,7641528496954625301,https://www.tiktok.com/@ekidarehanf/video/7641528496954625301,2026-05-19 16:13:18,True
ekidarehanf,7641154322893409556,https://www.tiktok.com/@ekidarehanf/video/7641154322893409556,2026-05-18 16:01:19,True
ekidarehanf,7640767007046094101,https://www.tiktok.com/@ekidarehanf/video/7640767007046094101,2026-05-17 14:58:20,True
ekidarehanf,7640432133407886612,https://www.tiktok.com/@ekidarehanf/video/7640432133407886612,2026-05-16 17:18:51,True
ekidarehanf,7640041074085432597,https://www.tiktok.com/@ekidarehanf/video/7640041074085432597,2026-05-15 16:01:20,True
ekidarehanf,7639675618694581524,https://www.tiktok.com/@ekidarehanf/video/7639675618694581524,2026-05-14 16:23:11,True
ekidarehanf,7639303876499344660,https://www.tiktok.com/@ekidarehanf/video/7639303876499344660,2026-05-13 16:20:38,True
ekidarehanf,7638931325629582612,https://www.tiktok.com/@ekidarehanf/video/7638931325629582612,2026-05-12 16:14:57,True
ekidarehanf,7638541833676672276,https://www.tiktok.com/@ekidarehanf/video/7638541833676672276,2026-05-11 15:03:31,True
ekidarehanf,7638193042616372500,https://www.tiktok.com/@ekidarehanf/video/7638193042616372500,2026-05-10 16:30:02,True
ekidarehanf,7637817411441298708,https://www.tiktok.com/@ekidarehanf/video/7637817411441298708,2026-05-09 16:12:24,True
ekidarehanf,7637589793102384405,https://www.tiktok.com/@ekidarehanf/video/7637589793102384405,2026-05-09 01:29:07,True
ekidarehanf,7637445678574112020,https://www.tiktok.com/@ekidarehanf/video/7637445678574112020,2026-05-08 16:09:53,True
ekidarehanf,7637073159971294484,https://www.tiktok.com/@ekidarehanf/video/7637073159971294484,2026-05-07 16:04:19,True
ekidarehanf,7636710693349231892,https://www.tiktok.com/@ekidarehanf/video/7636710693349231892,2026-05-06 16:37:46,True
ekidarehanf,7636294832046378261,https://www.tiktok.com/@ekidarehanf/video/7636294832046378261,2026-05-05 13:44:00,True
ekidarehanf,7635965530825952533,https://www.tiktok.com/@ekidarehanf/video/7635965530825952533,2026-05-04 16:26:09,True
ekidarehanf,7635610563028045077,https://www.tiktok.com/@ekidarehanf/video/7635610563028045077,2026-05-03 17:28:42,True
ekidarehanf,7633598541012765973,https://www.tiktok.com/@ekidarehanf/video/7633598541012765973,2026-04-28 07:21:01,True
ekidarehanf,7632999325865659668,https://www.tiktok.com/@ekidarehanf/video/7632999325865659668,2026-04-26 16:35:46,True
ekidarehanf,7632653862834375956,https://www.tiktok.com/@ekidarehanf/video/7632653862834375956,2026-04-25 18:15:11,True
ekidarehanf,7632204073021869333,https://www.tiktok.com/@ekidarehanf/video/7632204073021869333,2026-04-24 13:09:46,True
ekidarehanf,7631868537690148116,https://www.tiktok.com/@ekidarehanf/video/7631868537690148116,2026-04-23 15:27:43,True
ekidarehanf,7631508738372799765,https://www.tiktok.com/@ekidarehanf/video/7631508738372799765,2026-04-22 16:11:31,True
ekidarehanf,7631135061194198292,https://www.tiktok.com/@ekidarehanf/video/7631135061194198292,2026-04-21 16:01:28,True
ekidarehanf,7630771916407639316,https://www.tiktok.com/@ekidarehanf/video/7630771916407639316,2026-04-20 16:32:16,True
ekidarehanf,7630361608232963349,https://www.tiktok.com/@ekidarehanf/video/7630361608232963349,2026-04-19 14:00:04,True
ekidarehanf,7630040761492327700,https://www.tiktok.com/@ekidarehanf/video/7630040761492327700,2026-04-18 17:15:01,True
ekidarehanf,7629629303390571797,https://www.tiktok.com/@ekidarehanf/video/7629629303390571797,2026-04-17 14:38:21,True
ekidarehanf,7629248357743054100,https://www.tiktok.com/@ekidarehanf/video/7629248357743054100,2026-04-16 14:00:05,True
ekidarehanf,7628912205353782549,https://www.tiktok.com/@ekidarehanf/video/7628912205353782549,2026-04-15 16:15:39,True
ekidarehanf,7628539065037638933,https://www.tiktok.com/@ekidarehanf/video/7628539065037638933,2026-04-14 16:07:40,True
ekidarehanf,7628162849189252372,https://www.tiktok.com/@ekidarehanf/video/7628162849189252372,2026-04-13 15:47:46,True
ekidarehanf,7627768048707030292,https://www.tiktok.com/@ekidarehanf/video/7627768048707030292,2026-04-12 14:15:44,True
ekidarehanf,7627430174572743957,https://www.tiktok.com/@ekidarehanf/video/7627430174572743957,2026-04-11 16:24:36,True
ekidarehanf,7627056406688009493,https://www.tiktok.com/@ekidarehanf/video/7627056406688009493,2026-04-10 16:14:12,True
ekidarehanf,7626608701750742292,https://www.tiktok.com/@ekidarehanf/video/7626608701750742292,2026-04-09 11:16:52,True
ekidarehanf,7626302464928664852,https://www.tiktok.com/@ekidarehanf/video/7626302464928664852,2026-04-08 15:28:31,True
ekidarehanf,7625953578254961941,https://www.tiktok.com/@ekidarehanf/video/7625953578254961941,2026-04-07 16:54:40,True
ekidarehanf,7625574331631930645,https://www.tiktok.com/@ekidarehanf/video/7625574331631930645,2026-04-06 16:22:59,True
ekidarehanf,7625206801662807317,https://www.tiktok.com/@ekidarehanf/video/7625206801662807317,2026-04-05 16:36:47,True
ekidarehanf,7624829602837400852,https://www.tiktok.com/@ekidarehanf/video/7624829602837400852,2026-04-04 16:13:04,True
ekidarehanf,7624400805809949972,https://www.tiktok.com/@ekidarehanf/video/7624400805809949972,2026-04-03 12:29:07,True
ekidarehanf,7624071775155932437,https://www.tiktok.com/@ekidarehanf/video/7624071775155932437,2026-04-02 15:12:18,True
ekidarehanf,7623747560561233172,https://www.tiktok.com/@ekidarehanf/video/7623747560561233172,2026-04-01 18:14:11,True
ekidarehanf,7623346806126103828,https://www.tiktok.com/@ekidarehanf/video/7623346806126103828,2026-03-31 16:19:03,True
ekidarehanf,7623028036744711444,https://www.tiktok.com/@ekidarehanf/video/7623028036744711444,2026-03-30 19:42:04,True
ekidarehanf,7622237717182844181,https://www.tiktok.com/@ekidarehanf/video/7622237717182844181,2026-03-28 16:35:13,True
ekidarehanf,7621791602809310485,https://www.tiktok.com/@ekidarehanf/video/7621791602809310485,2026-03-27 11:44:04,True
ekidarehanf,7621491662535019784,https://www.tiktok.com/@ekidarehanf/video/7621491662535019784,2026-03-26 16:20:09,True
ekidarehanf,7621154701337267477,https://www.tiktok.com/@ekidarehanf/video/7621154701337267477,2026-03-25 18:32:34,True
ekidarehanf,7620766929145597204,https://www.tiktok.com/@ekidarehanf/video/7620766929145597204,2026-03-24 17:27:49,True
ekidarehanf,7619582050772864277,https://www.tiktok.com/@ekidarehanf/video/7619582050772864277,2026-03-21 12:49:53,True
ekidarehanf,7619267767342058773,https://www.tiktok.com/@ekidarehanf/video/7619267767342058773,2026-03-20 16:30:18,True
ekidarehanf,7618920853354368277,https://www.tiktok.com/@ekidarehanf/video/7618920853354368277,2026-03-19 18:04:06,True
ekidarehanf,7618573365879770388,https://www.tiktok.com/@ekidarehanf/video/7618573365879770388,2026-03-18 19:35:40,True
ekidarehanf,7618545965858966805,https://www.tiktok.com/@ekidarehanf/video/7618545965858966805,2026-03-18 17:49:20,True
ekidarehanf,7618153051001539861,https://www.tiktok.com/@ekidarehanf/video/7618153051001539861,2026-03-17 16:24:38,True
ekidarehanf,7617785252584426773,https://www.tiktok.com/@ekidarehanf/video/7617785252584426773,2026-03-16 16:37:23,True
ekidarehanf,7617408735694032148,https://www.tiktok.com/@ekidarehanf/video/7617408735694032148,2026-03-15 16:16:18,True
ekidarehanf,7617040077130190101,https://www.tiktok.com/@ekidarehanf/video/7617040077130190101,2026-03-14 16:25:43,True
ekidarehanf,7616676535243640084,https://www.tiktok.com/@ekidarehanf/video/7616676535243640084,2026-03-13 16:55:00,True
ekidarehanf,7616299959918382357,https://www.tiktok.com/@ekidarehanf/video/7616299959918382357,2026-03-12 16:33:41,True
ekidarehanf,7615920000477433109,https://www.tiktok.com/@ekidarehanf/video/7615920000477433109,2026-03-11 15:59:15,True
ekidarehanf,7615181545976122644,https://www.tiktok.com/@ekidarehanf/video/7615181545976122644,2026-03-09 16:13:40,True
ekidarehanf,7614777678285114644,https://www.tiktok.com/@ekidarehanf/video/7614777678285114644,2026-03-08 14:06:28,True
ekidarehanf,7614667235201781013,https://www.tiktok.com/@ekidarehanf/video/7614667235201781013,2026-03-08 06:57:53,True
ekidarehanf,7614390855989775636,https://www.tiktok.com/@ekidarehanf/video/7614390855989775636,2026-03-07 13:05:24,True
ekidarehanf,7614075531939613972,https://www.tiktok.com/@ekidarehanf/video/7614075531939613972,2026-03-06 16:41:46,True
ekidarehanf,7613689433107238164,https://www.tiktok.com/@ekidarehanf/video/7613689433107238164,2026-03-05 15:43:31,True
ekidarehanf,7612583007127391508,https://www.tiktok.com/@ekidarehanf/video/7612583007127391508,2026-03-02 16:10:01,True
ekidarehanf,7612210629713218836,https://www.tiktok.com/@ekidarehanf/video/7612210629713218836,2026-03-01 16:05:00,True
ekidarehanf,7611865891629927700,https://www.tiktok.com/@ekidarehanf/video/7611865891629927700,2026-02-28 17:47:14,True
ekidarehanf,7610728857297046804,https://www.tiktok.com/@ekidarehanf/video/7610728857297046804,2026-02-25 16:14:58,True
ekidarehanf,7610373617297132821,https://www.tiktok.com/@ekidarehanf/video/7610373617297132821,2026-02-24 17:16:27,True
ekidarehanf,7609618235251592469,https://www.tiktok.com/@ekidarehanf/video/7609618235251592469,2026-02-22 16:25:11,True
ekidarehanf,7609240175037893909,https://www.tiktok.com/@ekidarehanf/video/7609240175037893909,2026-02-21 15:58:07,True
ekidarehanf,7608870192311061781,https://www.tiktok.com/@ekidarehanf/video/7608870192311061781,2026-02-20 16:02:24,True
ekidarehanf,7608504624168914196,https://www.tiktok.com/@ekidarehanf/video/7608504624168914196,2026-02-19 16:23:48,True
ekidarehanf,7608189458529144085,https://www.tiktok.com/@ekidarehanf/video/7608189458529144085,2026-02-18 20:00:48,True
ekidarehanf,7607021398178991380,https://www.tiktok.com/@ekidarehanf/video/7607021398178991380,2026-02-15 16:28:08,True
ekidarehanf,7605918577811655954,https://www.tiktok.com/@ekidarehanf/video/7605918577811655954,2026-02-12 17:08:38,True
ekidarehanf,7604787105130286343,https://www.tiktok.com/@ekidarehanf/video/7604787105130286343,2026-02-09 15:57:56,True
ekidarehanf,7604397911274687752,https://www.tiktok.com/@ekidarehanf/video/7604397911274687752,2026-02-08 14:47:40,True
ekidarehanf,7604052411522616594,https://www.tiktok.com/@ekidarehanf/video/7604052411522616594,2026-02-07 16:26:57,True
ekidarehanf,7603680247304752392,https://www.tiktok.com/@ekidarehanf/video/7603680247304752392,2026-02-06 16:22:46,True
ekidarehanf,7603306762745154834,https://www.tiktok.com/@ekidarehanf/video/7603306762745154834,2026-02-05 16:13:27,True
ekidarehanf,7602938217398029586,https://www.tiktok.com/@ekidarehanf/video/7602938217398029586,2026-02-04 16:23:18,True
ekidarehanf,7602569467918290194,https://www.tiktok.com/@ekidarehanf/video/7602569467918290194,2026-02-03 16:32:22,True
ekidarehanf,7602136175339408661,https://www.tiktok.com/@ekidarehanf/video/7602136175339408661,2026-02-02 12:30:58,True
ekidarehanf,7601797648386968852,https://www.tiktok.com/@ekidarehanf/video/7601797648386968852,2026-02-01 14:37:19,True
ekidarehanf,7601083543288139029,https://www.tiktok.com/@ekidarehanf/video/7601083543288139029,2026-01-30 16:26:13,True
ekidarehanf,7600659767828335893,https://www.tiktok.com/@ekidarehanf/video/7600659767828335893,2026-01-29 13:01:45,True
ekidarehanf,7600249919814814996,https://www.tiktok.com/@ekidarehanf/video/7600249919814814996,2026-01-28 10:31:20,True
ekidarehanf,7599931977327774997,https://www.tiktok.com/@ekidarehanf/video/7599931977327774997,2026-01-27 13:57:34,True
ekidarehanf,7599661782944271637,https://www.tiktok.com/@ekidarehanf/video/7599661782944271637,2026-01-26 20:29:04,True
ekidarehanf,7599318582111063317,https://www.tiktok.com/@ekidarehanf/video/7599318582111063317,2026-01-25 22:17:16,True
ekidarehanf,7598774638734282002,https://www.tiktok.com/@ekidarehanf/video/7598774638734282002,2026-01-24 11:06:30,True
ekidarehanf,7598465717293354258,https://www.tiktok.com/@ekidarehanf/video/7598465717293354258,2026-01-23 15:07:43,True
ekidarehanf,7597735727987739922,https://www.tiktok.com/@ekidarehanf/video/7597735727987739922,2026-01-21 15:54:59,True
ekidarehanf,7597330830024772882,https://www.tiktok.com/@ekidarehanf/video/7597330830024772882,2026-01-20 13:43:47,True
ekidarehanf,7596973560908778760,https://www.tiktok.com/@ekidarehanf/video/7596973560908778760,2026-01-19 14:37:24,True
ekidarehanf,7596601898703015176,https://www.tiktok.com/@ekidarehanf/video/7596601898703015176,2026-01-18 14:35:09,True
meta.hanindita,7661946831340850450,https://www.tiktok.com/@meta.hanindita/video/7661946831340850450,2026-07-13 16:46:52,True
meta.hanindita,7641157845811023111,https://www.tiktok.com/@meta.hanindita/video/7641157845811023111,2026-05-18 16:14:59,True
meta.hanindita,7641128773038951688,https://www.tiktok.com/@meta.hanindita/video/7641128773038951688,2026-05-18 14:22:10,True
meta.hanindita,7626277016622337298,https://www.tiktok.com/@meta.hanindita/video/7626277016622337298,2026-04-08 13:49:46,True
meta.hanindita,7626275870449323271,https://www.tiktok.com/@meta.hanindita/video/7626275870449323271,2026-04-08 13:45:19,True
meta.hanindita,7617447240625425671,https://www.tiktok.com/@meta.hanindita/video/7617447240625425671,2026-03-15 18:45:44,True
meta.hanindita,7608546922651077906,https://www.tiktok.com/@meta.hanindita/video/7608546922651077906,2026-02-19 19:07:57,True
meta.hanindita,7605222020414147858,https://www.tiktok.com/@meta.hanindita/video/7605222020414147858,2026-02-10 20:05:38,True
meta.hanindita,7604806573487066376,https://www.tiktok.com/@meta.hanindita/video/7604806573487066376,2026-02-09 17:13:29,True
meta.hanindita,7604081393097854226,https://www.tiktok.com/@meta.hanindita/video/7604081393097854226,2026-02-07 18:19:25,True
meta.hanindita,7604080770516356370,https://www.tiktok.com/@meta.hanindita/video/7604080770516356370,2026-02-07 18:17:00,True
meta.hanindita,7600319623552109832,https://www.tiktok.com/@meta.hanindita/video/7600319623552109832,2026-01-28 15:01:49,True
meta.hanindita,7600319331351760136,https://www.tiktok.com/@meta.hanindita/video/7600319331351760136,2026-01-28 15:00:41,True
meta.hanindita,7592910545964109064,https://www.tiktok.com/@meta.hanindita/video/7592910545964109064,2026-01-08 15:50:49,True
meta.hanindita,7592910235489160455,https://www.tiktok.com/@meta.hanindita/video/7592910235489160455,2026-01-08 15:49:37,True
meta.hanindita,7587944449880165650,https://www.tiktok.com/@meta.hanindita/video/7587944449880165650,2025-12-26 06:39:50,False
meta.hanindita,7582911861662731528,https://www.tiktok.com/@meta.hanindita/video/7582911861662731528,2025-12-12 17:10:49,False
meta.hanindita,7582910717683141906,https://www.tiktok.com/@meta.hanindita/video/7582910717683141906,2025-12-12 17:06:23,False
meta.hanindita,7579134070299315463,https://www.tiktok.com/@meta.hanindita/video/7579134070299315463,2025-12-02 12:51:03,False
meta.hanindita,7579133648117501191,https://www.tiktok.com/@meta.hanindita/video/7579133648117501191,2025-12-02 12:49:25,False
meta.hanindita,7579132577315917064,https://www.tiktok.com/@meta.hanindita/video/7579132577315917064,2025-12-02 12:45:16,False
meta.hanindita,7574788286292446471,https://www.tiktok.com/@meta.hanindita/video/7574788286292446471,2025-11-20 19:47:12,False
reisabrotoasmoro,7649443670701116692,https://www.tiktok.com/@reisabrotoasmoro/video/7649443670701116692,2026-06-10 00:08:13,True
reisabrotoasmoro,7598820963559542037,https://www.tiktok.com/@reisabrotoasmoro/video/7598820963559542037,2026-01-24 14:06:15,True
reisabrotoasmoro,7680010459784793365,https://www.tiktok.com/@reisabrotoasmoro/video/7680010459784793365,2026-08-31 09:02:58,True
reisabrotoasmoro,7677251594123185429,https://www.tiktok.com/@reisabrotoasmoro/video/7677251594123185429,2026-08-23 22:37:10,True
reisabrotoasmoro,7675578726670765333,https://www.tiktok.com/@reisabrotoasmoro/video/7675578726670765333,2026-08-19 10:25:35,True
reisabrotoasmoro,7675138721750060308,https://www.tiktok.com/@reisabrotoasmoro/video/7675138721750060308,2026-08-18 05:58:08,True
reisabrotoasmoro,7674801430993079572,https://www.tiktok.com/@reisabrotoasmoro/video/7674801430993079572,2026-08-17 08:09:17,True
reisabrotoasmoro,7673900296027917589,https://www.tiktok.com/@reisabrotoasmoro/video/7673900296027917589,2026-08-14 21:52:25,True
reisabrotoasmoro,7673110515220253972,https://www.tiktok.com/@reisabrotoasmoro/video/7673110515220253972,2026-08-12 18:47:40,True
reisabrotoasmoro,7672948359258197268,https://www.tiktok.com/@reisabrotoasmoro/video/7672948359258197268,2026-08-12 08:18:25,True
reisabrotoasmoro,7671453431369846036,https://www.tiktok.com/@reisabrotoasmoro/video/7671453431369846036,2026-08-08 07:37:20,True
reisabrotoasmoro,7671452623534312724,https://www.tiktok.com/@reisabrotoasmoro/video/7671452623534312724,2026-08-08 07:34:12,True
reisabrotoasmoro,7667450844547271957,https://www.tiktok.com/@reisabrotoasmoro/video/7667450844547271957,2026-07-28 12:45:15,True
reisabrotoasmoro,7667394752530173205,https://www.tiktok.com/@reisabrotoasmoro/video/7667394752530173205,2026-07-28 09:07:35,True
reisabrotoasmoro,7666633917683813652,https://www.tiktok.com/@reisabrotoasmoro/video/7666633917683813652,2026-07-26 07:55:09,True
reisabrotoasmoro,7662416249309121813,https://www.tiktok.com/@reisabrotoasmoro/video/7662416249309121813,2026-07-14 23:08:27,True
reisabrotoasmoro,7662415856491580693,https://www.tiktok.com/@reisabrotoasmoro/video/7662415856491580693,2026-07-14 23:06:55,True
reisabrotoasmoro,7661665702729780501,https://www.tiktok.com/@reisabrotoasmoro/video/7661665702729780501,2026-07-12 22:35:57,True
reisabrotoasmoro,7659748961212845333,https://www.tiktok.com/@reisabrotoasmoro/video/7659748961212845333,2026-07-07 18:38:00,True
reisabrotoasmoro,7658287319585180948,https://www.tiktok.com/@reisabrotoasmoro/video/7658287319585180948,2026-07-03 20:06:05,True
reisabrotoasmoro,7656996440065002772,https://www.tiktok.com/@reisabrotoasmoro/video/7656996440065002772,2026-06-30 08:36:49,True
reisabrotoasmoro,7656776386962803988,https://www.tiktok.com/@reisabrotoasmoro/video/7656776386962803988,2026-06-29 18:22:54,True
reisabrotoasmoro,7656487252314541332,https://www.tiktok.com/@reisabrotoasmoro/video/7656487252314541332,2026-06-28 23:40:55,True
reisabrotoasmoro,7655670578694819092,https://www.tiktok.com/@reisabrotoasmoro/video/7655670578694819092,2026-06-26 18:51:48,True
reisabrotoasmoro,7654776149964426517,https://www.tiktok.com/@reisabrotoasmoro/video/7654776149964426517,2026-06-24 09:00:58,True
reisabrotoasmoro,7654550974622633236,https://www.tiktok.com/@reisabrotoasmoro/video/7654550974622633236,2026-06-23 18:27:10,True
reisabrotoasmoro,7654409382314134805,https://www.tiktok.com/@reisabrotoasmoro/video/7654409382314134805,2026-06-23 09:17:43,True
reisabrotoasmoro,7653817781132987669,https://www.tiktok.com/@reisabrotoasmoro/video/7653817781132987669,2026-06-21 19:02:00,True
reisabrotoasmoro,7653424248362503444,https://www.tiktok.com/@reisabrotoasmoro/video/7653424248362503444,2026-06-20 17:34:53,True
reisabrotoasmoro,7653422292168494357,https://www.tiktok.com/@reisabrotoasmoro/video/7653422292168494357,2026-06-20 17:27:18,True
reisabrotoasmoro,7653029974311587092,https://www.tiktok.com/@reisabrotoasmoro/video/7653029974311587092,2026-06-19 16:04:54,True
reisabrotoasmoro,7652204001676643604,https://www.tiktok.com/@reisabrotoasmoro/video/7652204001676643604,2026-06-17 10:39:43,True
reisabrotoasmoro,7650471354965232916,https://www.tiktok.com/@reisabrotoasmoro/video/7650471354965232916,2026-06-12 18:36:09,True
reisabrotoasmoro,7648689680288091413,https://www.tiktok.com/@reisabrotoasmoro/video/7648689680288091413,2026-06-07 23:22:21,True
reisabrotoasmoro,7648242023534742804,https://www.tiktok.com/@reisabrotoasmoro/video/7648242023534742804,2026-06-06 18:25:13,True
reisabrotoasmoro,7646757674943614229,https://www.tiktok.com/@reisabrotoasmoro/video/7646757674943614229,2026-06-02 18:25:11,True
reisabrotoasmoro,7646754720014470421,https://www.tiktok.com/@reisabrotoasmoro/video/7646754720014470421,2026-06-02 18:13:43,True
reisabrotoasmoro,7645996752604106004,https://www.tiktok.com/@reisabrotoasmoro/video/7645996752604106004,2026-05-31 17:12:25,True
reisabrotoasmoro,7644819083241819413,https://www.tiktok.com/@reisabrotoasmoro/video/7644819083241819413,2026-05-28 13:02:27,True
reisabrotoasmoro,7644817724161395989,https://www.tiktok.com/@reisabrotoasmoro/video/7644817724161395989,2026-05-28 12:57:11,True
reisabrotoasmoro,7644756945169157396,https://www.tiktok.com/@reisabrotoasmoro/video/7644756945169157396,2026-05-28 09:01:20,True
reisabrotoasmoro,7644138411678305557,https://www.tiktok.com/@reisabrotoasmoro/video/7644138411678305557,2026-05-26 17:01:06,True
reisabrotoasmoro,7643657445591633173,https://www.tiktok.com/@reisabrotoasmoro/video/7643657445591633173,2026-05-25 09:54:42,True
reisabrotoasmoro,7643395944037338388,https://www.tiktok.com/@reisabrotoasmoro/video/7643395944037338388,2026-05-24 16:59:57,True
reisabrotoasmoro,7642934503706643732,https://www.tiktok.com/@reisabrotoasmoro/video/7642934503706643732,2026-05-23 11:09:19,True
reisabrotoasmoro,7642271329047170325,https://www.tiktok.com/@reisabrotoasmoro/video/7642271329047170325,2026-05-21 16:15:52,True
reisabrotoasmoro,7641114040219045140,https://www.tiktok.com/@reisabrotoasmoro/video/7641114040219045140,2026-05-18 13:25:00,True
reisabrotoasmoro,7637495419336953109,https://www.tiktok.com/@reisabrotoasmoro/video/7637495419336953109,2026-05-08 19:22:54,True
reisabrotoasmoro,7637018128433564949,https://www.tiktok.com/@reisabrotoasmoro/video/7637018128433564949,2026-05-07 12:30:46,True
reisabrotoasmoro,7636327303521357077,https://www.tiktok.com/@reisabrotoasmoro/video/7636327303521357077,2026-05-05 15:50:01,True
reisabrotoasmoro,7636306117500374293,https://www.tiktok.com/@reisabrotoasmoro/video/7636306117500374293,2026-05-05 14:27:48,True
reisabrotoasmoro,7633151120621374741,https://www.tiktok.com/@reisabrotoasmoro/video/7633151120621374741,2026-04-27 02:24:48,True
reisabrotoasmoro,7632256303171144981,https://www.tiktok.com/@reisabrotoasmoro/video/7632256303171144981,2026-04-24 16:32:27,True
reisabrotoasmoro,7631874308394077461,https://www.tiktok.com/@reisabrotoasmoro/video/7631874308394077461,2026-04-23 15:50:07,True
reisabrotoasmoro,7630710122322496789,https://www.tiktok.com/@reisabrotoasmoro/video/7630710122322496789,2026-04-20 12:32:29,True
reisabrotoasmoro,7628938672062106900,https://www.tiktok.com/@reisabrotoasmoro/video/7628938672062106900,2026-04-15 17:58:21,True
reisabrotoasmoro,7625568415448632596,https://www.tiktok.com/@reisabrotoasmoro/video/7625568415448632596,2026-04-06 16:00:02,True
reisabrotoasmoro,7623996003347320084,https://www.tiktok.com/@reisabrotoasmoro/video/7623996003347320084,2026-04-02 10:18:16,True
reisabrotoasmoro,7622975275965664532,https://www.tiktok.com/@reisabrotoasmoro/video/7622975275965664532,2026-03-30 16:17:20,True
reisabrotoasmoro,7622554545003990292,https://www.tiktok.com/@reisabrotoasmoro/video/7622554545003990292,2026-03-29 13:04:41,True
reisabrotoasmoro,7622552082406640916,https://www.tiktok.com/@reisabrotoasmoro/video/7622552082406640916,2026-03-29 12:55:07,True
reisabrotoasmoro,7620994159553465620,https://www.tiktok.com/@reisabrotoasmoro/video/7620994159553465620,2026-03-25 08:09:35,True
reisabrotoasmoro,7620250865735159061,https://www.tiktok.com/@reisabrotoasmoro/video/7620250865735159061,2026-03-23 08:05:13,True
reisabrotoasmoro,7618952540834581781,https://www.tiktok.com/@reisabrotoasmoro/video/7618952540834581781,2026-03-19 20:07:04,True
reisabrotoasmoro,7618267899211336981,https://www.tiktok.com/@reisabrotoasmoro/video/7618267899211336981,2026-03-17 23:50:18,True
reisabrotoasmoro,7618109494035369237,https://www.tiktok.com/@reisabrotoasmoro/video/7618109494035369237,2026-03-17 13:35:36,True
reisabrotoasmoro,7617802071609380117,https://www.tiktok.com/@reisabrotoasmoro/video/7617802071609380117,2026-03-16 17:42:39,True
reisabrotoasmoro,7617847998457974036,https://www.tiktok.com/@reisabrotoasmoro/video/7617847998457974036,2026-03-16 20:40:52,True
reisabrotoasmoro,7617795137631948052,https://www.tiktok.com/@reisabrotoasmoro/video/7617795137631948052,2026-03-16 17:15:45,True
reisabrotoasmoro,7617436905730346260,https://www.tiktok.com/@reisabrotoasmoro/video/7617436905730346260,2026-03-15 18:05:37,True
reisabrotoasmoro,7615168709463723284,https://www.tiktok.com/@reisabrotoasmoro/video/7615168709463723284,2026-03-09 15:23:52,True
reisabrotoasmoro,7615160270264028423,https://www.tiktok.com/@reisabrotoasmoro/video/7615160270264028423,2026-03-09 14:51:07,True
reisabrotoasmoro,7614085175651126549,https://www.tiktok.com/@reisabrotoasmoro/video/7614085175651126549,2026-03-06 17:19:12,True
reisabrotoasmoro,7613544370784062740,https://www.tiktok.com/@reisabrotoasmoro/video/7613544370784062740,2026-03-05 06:20:36,True
reisabrotoasmoro,7613358696663502100,https://www.tiktok.com/@reisabrotoasmoro/video/7613358696663502100,2026-03-04 18:20:05,True
reisabrotoasmoro,7612983022266354965,https://www.tiktok.com/@reisabrotoasmoro/video/7612983022266354965,2026-03-03 18:02:17,True
reisabrotoasmoro,7612608744886799637,https://www.tiktok.com/@reisabrotoasmoro/video/7612608744886799637,2026-03-02 17:49:53,True
reisabrotoasmoro,7611808753062645012,https://www.tiktok.com/@reisabrotoasmoro/video/7611808753062645012,2026-02-28 14:05:31,True
reisabrotoasmoro,7611368914651516181,https://www.tiktok.com/@reisabrotoasmoro/video/7611368914651516181,2026-02-27 09:38:43,True
reisabrotoasmoro,7611082733179145493,https://www.tiktok.com/@reisabrotoasmoro/video/7611082733179145493,2026-02-26 15:08:11,True
reisabrotoasmoro,7609897325082774804,https://www.tiktok.com/@reisabrotoasmoro/video/7609897325082774804,2026-02-23 10:28:12,True
reisabrotoasmoro,7609515618223541524,https://www.tiktok.com/@reisabrotoasmoro/video/7609515618223541524,2026-02-22 09:46:59,True
reisabrotoasmoro,7609275472073035029,https://www.tiktok.com/@reisabrotoasmoro/video/7609275472073035029,2026-02-21 18:15:05,True
reisabrotoasmoro,7608530725691755796,https://www.tiktok.com/@reisabrotoasmoro/video/7608530725691755796,2026-02-19 18:05:06,True
reisabrotoasmoro,7608162539142139156,https://www.tiktok.com/@reisabrotoasmoro/video/7608162539142139156,2026-02-18 18:16:21,True
reisabrotoasmoro,7607808186418056468,https://www.tiktok.com/@reisabrotoasmoro/video/7607808186418056468,2026-02-17 19:21:16,True
reisabrotoasmoro,7605925459066375445,https://www.tiktok.com/@reisabrotoasmoro/video/7605925459066375445,2026-02-12 17:35:20,True
reisabrotoasmoro,7605559212571102484,https://www.tiktok.com/@reisabrotoasmoro/video/7605559212571102484,2026-02-11 17:54:06,True
reisabrotoasmoro,7605210991764327700,https://www.tiktok.com/@reisabrotoasmoro/video/7605210991764327700,2026-02-10 19:22:50,True
reisabrotoasmoro,7603691868223704340,https://www.tiktok.com/@reisabrotoasmoro/video/7603691868223704340,2026-02-06 17:07:51,True
reisabrotoasmoro,7603340031448730900,https://www.tiktok.com/@reisabrotoasmoro/video/7603340031448730900,2026-02-05 18:22:33,True
reisabrotoasmoro,7602873051705019668,https://www.tiktok.com/@reisabrotoasmoro/video/7602873051705019668,2026-02-04 12:10:26,True
reisabrotoasmoro,7602159510744010005,https://www.tiktok.com/@reisabrotoasmoro/video/7602159510744010005,2026-02-02 14:01:32,True
reisabrotoasmoro,7601854470393187605,https://www.tiktok.com/@reisabrotoasmoro/video/7601854470393187605,2026-02-01 18:17:49,True
reisabrotoasmoro,7601111914357247253,https://www.tiktok.com/@reisabrotoasmoro/video/7601111914357247253,2026-01-30 18:16:19,True
reisabrotoasmoro,7600676709280632085,https://www.tiktok.com/@reisabrotoasmoro/video/7600676709280632085,2026-01-29 14:07:30,True
reisabrotoasmoro,7600367130546048277,https://www.tiktok.com/@reisabrotoasmoro/video/7600367130546048277,2026-01-28 18:06:11,True
reisabrotoasmoro,7599943039825792277,https://www.tiktok.com/@reisabrotoasmoro/video/7599943039825792277,2026-01-27 14:40:29,True
reisabrotoasmoro,7599627784692010261,https://www.tiktok.com/@reisabrotoasmoro/video/7599627784692010261,2026-01-26 18:17:08,True
reisabrotoasmoro,7598141968996191508,https://www.tiktok.com/@reisabrotoasmoro/video/7598141968996191508,2026-01-22 18:11:25,True
reisabrotoasmoro,7597802127980776724,https://www.tiktok.com/@reisabrotoasmoro/video/7597802127980776724,2026-01-21 20:12:39,True
reisabrotoasmoro,7597339889444637973,https://www.tiktok.com/@reisabrotoasmoro/video/7597339889444637973,2026-01-20 14:18:56,True
reisabrotoasmoro,7596919693500222741,https://www.tiktok.com/@reisabrotoasmoro/video/7596919693500222741,2026-01-19 11:08:22,True
reisabrotoasmoro,7596304163793915157,https://www.tiktok.com/@reisabrotoasmoro/video/7596304163793915157,2026-01-17 19:19:47,True
reisabrotoasmoro,7595924415741775124,https://www.tiktok.com/@reisabrotoasmoro/video/7595924415741775124,2026-01-16 18:46:10,True
reisabrotoasmoro,7595828220570733844,https://www.tiktok.com/@reisabrotoasmoro/video/7595828220570733844,2026-01-16 12:32:53,True
reisabrotoasmoro,7595566153829780757,https://www.tiktok.com/@reisabrotoasmoro/video/7595566153829780757,2026-01-15 19:35:56,True
reisabrotoasmoro,7595409670630640916,https://www.tiktok.com/@reisabrotoasmoro/video/7595409670630640916,2026-01-15 09:28:42,True
reisabrotoasmoro,7592948769461751060,https://www.tiktok.com/@reisabrotoasmoro/video/7592948769461751060,2026-01-08 18:19:09,True
reisabrotoasmoro,7592438417984589077,https://www.tiktok.com/@reisabrotoasmoro/video/7592438417984589077,2026-01-07 09:18:43,True
reisabrotoasmoro,7591322727542279445,https://www.tiktok.com/@reisabrotoasmoro/video/7591322727542279445,2026-01-04 09:09:16,True
reisabrotoasmoro,7591092174431833365,https://www.tiktok.com/@reisabrotoasmoro/video/7591092174431833365,2026-01-03 18:14:37,True
reisabrotoasmoro,7590587788253203730,https://www.tiktok.com/@reisabrotoasmoro/video/7590587788253203730,2026-01-02 09:37:20,True
reisabrotoasmoro,7583672897282034964,https://www.tiktok.com/@reisabrotoasmoro/video/7583672897282034964,2025-12-14 18:24:01,False
reisabrotoasmoro,7582933119146347797,https://www.tiktok.com/@reisabrotoasmoro/video/7582933119146347797,2025-12-12 18:33:18,False
reisabrotoasmoro,7582044411073269013,https://www.tiktok.com/@reisabrotoasmoro/video/7582044411073269013,2025-12-10 09:04:40,False
reisabrotoasmoro,7581812728340466964,https://www.tiktok.com/@reisabrotoasmoro/video/7581812728340466964,2025-12-09 18:05:37,False
reisabrotoasmoro,7581441362835361045,https://www.tiktok.com/@reisabrotoasmoro/video/7581441362835361045,2025-12-08 18:04:32,False
reisabrotoasmoro,7577749636274785556,https://www.tiktok.com/@reisabrotoasmoro/video/7577749636274785556,2025-11-28 19:18:45,False
reisabrotoasmoro,7577367118497205524,https://www.tiktok.com/@reisabrotoasmoro/video/7577367118497205524,2025-11-27 18:34:23,False
fauzaannibras,7680504567804480789,https://www.tiktok.com/@fauzaannibras/video/7680504567804480789,2026-09-01 17:00:22,False
fauzaannibras,7680419068007943445,https://www.tiktok.com/@fauzaannibras/video/7680419068007943445,2026-09-01 11:28:35,False
fauzaannibras,7680125156810837268,https://www.tiktok.com/@fauzaannibras/video/7680125156810837268,2026-08-31 16:28:03,True
fauzaannibras,7679385504822938901,https://www.tiktok.com/@fauzaannibras/video/7679385504822938901,2026-08-29 16:37:49,True
fauzaannibras,7678647178239200533,https://www.tiktok.com/@fauzaannibras/video/7678647178239200533,2026-08-27 16:52:44,True
fauzaannibras,7677897362567744789,https://www.tiktok.com/@fauzaannibras/video/7677897362567744789,2026-08-25 16:23:04,True
fauzaannibras,7677089557392690453,https://www.tiktok.com/@fauzaannibras/video/7677089557392690453,2026-08-23 12:08:23,True
fauzaannibras,7676040894927228181,https://www.tiktok.com/@fauzaannibras/video/7676040894927228181,2026-08-20 16:19:02,True
fauzaannibras,7675311572587171092,https://www.tiktok.com/@fauzaannibras/video/7675311572587171092,2026-08-18 17:08:53,True
fauzaannibras,7674556211127291156,https://www.tiktok.com/@fauzaannibras/video/7674556211127291156,2026-08-16 16:17:42,True
fauzaannibras,7674186877758508309,https://www.tiktok.com/@fauzaannibras/video/7674186877758508309,2026-08-15 16:24:30,True
fauzaannibras,7673813999980432660,https://www.tiktok.com/@fauzaannibras/video/7673813999980432660,2026-08-14 16:17:32,True
fauzaannibras,7673442561154911509,https://www.tiktok.com/@fauzaannibras/video/7673442561154911509,2026-08-13 16:16:10,True
fauzaannibras,7673079545536351509,https://www.tiktok.com/@fauzaannibras/video/7673079545536351509,2026-08-12 16:47:29,True
fauzaannibras,7672709199410760980,https://www.tiktok.com/@fauzaannibras/video/7672709199410760980,2026-08-11 16:50:21,True
fauzaannibras,7671222041005247764,https://www.tiktok.com/@fauzaannibras/video/7671222041005247764,2026-08-07 16:39:25,True
fauzaannibras,7670862632936656149,https://www.tiktok.com/@fauzaannibras/video/7670862632936656149,2026-08-06 17:24:44,True
fauzaannibras,7669368964513942805,https://www.tiktok.com/@fauzaannibras/video/7669368964513942805,2026-08-02 16:48:32,True
fauzaannibras,7668996145389063444,https://www.tiktok.com/@fauzaannibras/video/7668996145389063444,2026-08-01 16:41:48,True
fauzaannibras,7668251631292714261,https://www.tiktok.com/@fauzaannibras/video/7668251631292714261,2026-07-30 16:32:43,True
fauzaannibras,7668177138863901973,https://www.tiktok.com/@fauzaannibras/video/7668177138863901973,2026-07-30 11:43:38,True
fauzaannibras,7667519267386133781,https://www.tiktok.com/@fauzaannibras/video/7667519267386133781,2026-07-28 17:10:46,True
fauzaannibras,7667139133332114708,https://www.tiktok.com/@fauzaannibras/video/7667139133332114708,2026-07-27 16:35:39,True
fauzaannibras,7666774671995555092,https://www.tiktok.com/@fauzaannibras/video/7666774671995555092,2026-07-26 17:01:21,True
fauzaannibras,7666394621076917524,https://www.tiktok.com/@fauzaannibras/video/7666394621076917524,2026-07-25 16:26:34,True
fauzaannibras,7666031583098440980,https://www.tiktok.com/@fauzaannibras/video/7666031583098440980,2026-07-24 16:57:47,True
fauzaannibras,7665282233154030868,https://www.tiktok.com/@fauzaannibras/video/7665282233154030868,2026-07-22 16:29:56,True
fauzaannibras,7664909151809670421,https://www.tiktok.com/@fauzaannibras/video/7664909151809670421,2026-07-21 16:22:11,True
fauzaannibras,7664169900969184533,https://www.tiktok.com/@fauzaannibras/video/7664169900969184533,2026-07-19 16:33:31,True
fauzaannibras,7663430608412101909,https://www.tiktok.com/@fauzaannibras/video/7663430608412101909,2026-07-17 16:44:41,True
fauzaannibras,7663057349074078996,https://www.tiktok.com/@fauzaannibras/video/7663057349074078996,2026-07-16 16:36:14,True
fauzaannibras,7662707477091290389,https://www.tiktok.com/@fauzaannibras/video/7662707477091290389,2026-07-15 17:58:34,True
fauzaannibras,7662312755739004181,https://www.tiktok.com/@fauzaannibras/video/7662312755739004181,2026-07-14 16:26:50,True
fauzaannibras,7661943788692049173,https://www.tiktok.com/@fauzaannibras/video/7661943788692049173,2026-07-13 16:35:03,True
fauzaannibras,7661867160129604885,https://www.tiktok.com/@fauzaannibras/video/7661867160129604885,2026-07-13 11:37:42,True
fauzaannibras,7661576403355307284,https://www.tiktok.com/@fauzaannibras/video/7661576403355307284,2026-07-12 16:49:25,True
fauzaannibras,7660827865889426708,https://www.tiktok.com/@fauzaannibras/video/7660827865889426708,2026-07-10 16:24:42,True
fauzaannibras,7660086293900184852,https://www.tiktok.com/@fauzaannibras/video/7660086293900184852,2026-07-08 16:27:02,True
fauzaannibras,7659716903144901909,https://www.tiktok.com/@fauzaannibras/video/7659716903144901909,2026-07-07 16:33:36,True
fauzaannibras,7659653383321652500,https://www.tiktok.com/@fauzaannibras/video/7659653383321652500,2026-07-07 12:27:07,True
fauzaannibras,7658600816290368789,https://www.tiktok.com/@fauzaannibras/video/7658600816290368789,2026-07-04 16:22:37,True
fauzaannibras,7658231378806361365,https://www.tiktok.com/@fauzaannibras/video/7658231378806361365,2026-07-03 16:29:01,True
fauzaannibras,7657490011000032532,https://www.tiktok.com/@fauzaannibras/video/7657490011000032532,2026-07-01 16:32:08,True
fauzaannibras,7657191052733877524,https://www.tiktok.com/@fauzaannibras/video/7657191052733877524,2026-06-30 21:12:01,True
fauzaannibras,7657128024646896916,https://www.tiktok.com/@fauzaannibras/video/7657128024646896916,2026-06-30 17:07:26,True
fauzaannibras,7656749028616441109,https://www.tiktok.com/@fauzaannibras/video/7656749028616441109,2026-06-29 16:36:44,True
fauzaannibras,7655632349341797652,https://www.tiktok.com/@fauzaannibras/video/7655632349341797652,2026-06-26 16:23:27,True
fauzaannibras,7654890508459953429,https://www.tiktok.com/@fauzaannibras/video/7654890508459953429,2026-06-24 16:24:44,True
fauzaannibras,7654523078629674260,https://www.tiktok.com/@fauzaannibras/video/7654523078629674260,2026-06-23 16:38:55,True
fauzaannibras,7654147960716250389,https://www.tiktok.com/@fauzaannibras/video/7654147960716250389,2026-06-22 16:23:16,True
fauzaannibras,7653776806809439508,https://www.tiktok.com/@fauzaannibras/video/7653776806809439508,2026-06-21 16:23:00,True
fauzaannibras,7653406843695418644,https://www.tiktok.com/@fauzaannibras/video/7653406843695418644,2026-06-20 16:27:21,True
fauzaannibras,7653037468597374229,https://www.tiktok.com/@fauzaannibras/video/7653037468597374229,2026-06-19 16:33:59,True
fauzaannibras,7652668427945037076,https://www.tiktok.com/@fauzaannibras/video/7652668427945037076,2026-06-18 16:41:55,True
fauzaannibras,7652595273402797333,https://www.tiktok.com/@fauzaannibras/video/7652595273402797333,2026-06-18 11:58:03,True
fauzaannibras,7652295466259942676,https://www.tiktok.com/@fauzaannibras/video/7652295466259942676,2026-06-17 16:34:38,True
fauzaannibras,7651921959239929109,https://www.tiktok.com/@fauzaannibras/video/7651921959239929109,2026-06-16 16:25:14,True
fauzaannibras,7650808164891282709,https://www.tiktok.com/@fauzaannibras/video/7650808164891282709,2026-06-13 16:23:09,True
fauzaannibras,7650436717224201493,https://www.tiktok.com/@fauzaannibras/video/7650436717224201493,2026-06-12 16:21:45,True
fauzaannibras,7650069913062657301,https://www.tiktok.com/@fauzaannibras/video/7650069913062657301,2026-06-11 16:38:21,True
fauzaannibras,7648971731272486164,https://www.tiktok.com/@fauzaannibras/video/7648971731272486164,2026-06-08 17:36:51,True
fauzaannibras,7648582537891040532,https://www.tiktok.com/@fauzaannibras/video/7648582537891040532,2026-06-07 16:26:35,True
fauzaannibras,7648212687276543252,https://www.tiktok.com/@fauzaannibras/video/7648212687276543252,2026-06-06 16:31:22,True
fauzaannibras,7647843984110390549,https://www.tiktok.com/@fauzaannibras/video/7647843984110390549,2026-06-05 16:40:37,True
fauzaannibras,7647720003948629268,https://www.tiktok.com/@fauzaannibras/video/7647720003948629268,2026-06-05 08:39:31,True
fauzaannibras,7647106671113784597,https://www.tiktok.com/@fauzaannibras/video/7647106671113784597,2026-06-03 16:59:28,True
fauzaannibras,7646359340483382548,https://www.tiktok.com/@fauzaannibras/video/7646359340483382548,2026-06-01 16:39:26,True
fauzaannibras,7645990582468234517,https://www.tiktok.com/@fauzaannibras/video/7645990582468234517,2026-05-31 16:48:28,True
fauzaannibras,7645936974238371092,https://www.tiktok.com/@fauzaannibras/video/7645936974238371092,2026-05-31 13:20:27,True
fauzaannibras,7645618916210887956,https://www.tiktok.com/@fauzaannibras/video/7645618916210887956,2026-05-30 16:46:13,True
fauzaannibras,7645244510016163093,https://www.tiktok.com/@fauzaannibras/video/7645244510016163093,2026-05-29 16:33:20,True
fauzaannibras,7644873735463341332,https://www.tiktok.com/@fauzaannibras/video/7644873735463341332,2026-05-28 16:34:32,True
fauzaannibras,7644506072950033685,https://www.tiktok.com/@fauzaannibras/video/7644506072950033685,2026-05-27 16:47:49,True
fauzaannibras,7644135962209307924,https://www.tiktok.com/@fauzaannibras/video/7644135962209307924,2026-05-26 16:51:36,True
fauzaannibras,7643770678805630228,https://www.tiktok.com/@fauzaannibras/video/7643770678805630228,2026-05-25 17:14:07,True
fauzaannibras,7643383383355084052,https://www.tiktok.com/@fauzaannibras/video/7643383383355084052,2026-05-24 16:11:12,True
fauzaannibras,7643020404558171413,https://www.tiktok.com/@fauzaannibras/video/7643020404558171413,2026-05-23 16:42:40,True
fauzaannibras,7642651040692702484,https://www.tiktok.com/@fauzaannibras/video/7642651040692702484,2026-05-22 16:49:21,True
fauzaannibras,7641900577802243349,https://www.tiktok.com/@fauzaannibras/video/7641900577802243349,2026-05-20 16:17:10,True
fauzaannibras,7641534647662447893,https://www.tiktok.com/@fauzaannibras/video/7641534647662447893,2026-05-19 16:37:10,True
fauzaannibras,7641159885131877652,https://www.tiktok.com/@fauzaannibras/video/7641159885131877652,2026-05-18 16:22:54,True
fauzaannibras,7640419987802377493,https://www.tiktok.com/@fauzaannibras/video/7640419987802377493,2026-05-16 16:31:43,True
fauzaannibras,7640049509493476628,https://www.tiktok.com/@fauzaannibras/video/7640049509493476628,2026-05-15 16:34:04,True
fauzaannibras,7639680932298935573,https://www.tiktok.com/@fauzaannibras/video/7639680932298935573,2026-05-14 16:43:48,True
fauzaannibras,7639301931252387093,https://www.tiktok.com/@fauzaannibras/video/7639301931252387093,2026-05-13 16:13:05,True
fauzaannibras,7638945316200287508,https://www.tiktok.com/@fauzaannibras/video/7638945316200287508,2026-05-12 17:09:14,True
fauzaannibras,7638813961445543189,https://www.tiktok.com/@fauzaannibras/video/7638813961445543189,2026-05-12 08:39:31,True
fauzaannibras,7638564430019710228,https://www.tiktok.com/@fauzaannibras/video/7638564430019710228,2026-05-11 16:31:12,True
fauzaannibras,7638067778557136149,https://www.tiktok.com/@fauzaannibras/video/7638067778557136149,2026-05-10 08:23:57,True
fauzaannibras,7637453427060067604,https://www.tiktok.com/@fauzaannibras/video/7637453427060067604,2026-05-08 16:39:57,True
fauzaannibras,7637076513950567701,https://www.tiktok.com/@fauzaannibras/video/7637076513950567701,2026-05-07 16:17:20,True
fauzaannibras,7636343835773111573,https://www.tiktok.com/@fauzaannibras/video/7636343835773111573,2026-05-05 16:54:10,True
fauzaannibras,7635967122174168340,https://www.tiktok.com/@fauzaannibras/video/7635967122174168340,2026-05-04 16:32:19,True
fauzaannibras,7635233016616389909,https://www.tiktok.com/@fauzaannibras/video/7635233016616389909,2026-05-02 17:03:37,True
fauzaannibras,7634861279659838741,https://www.tiktok.com/@fauzaannibras/video/7634861279659838741,2026-05-01 17:01:05,True
fauzaannibras,7634729317901094164,https://www.tiktok.com/@fauzaannibras/video/7634729317901094164,2026-05-01 08:29:01,True
fauzaannibras,7633614921699200276,https://www.tiktok.com/@fauzaannibras/video/7633614921699200276,2026-04-28 08:24:35,True
fauzaannibras,7633376380155153684,https://www.tiktok.com/@fauzaannibras/video/7633376380155153684,2026-04-27 16:58:55,True
fauzaannibras,7632877702885805332,https://www.tiktok.com/@fauzaannibras/video/7632877702885805332,2026-04-26 08:43:48,True
fauzaannibras,7632257750956854549,https://www.tiktok.com/@fauzaannibras/video/7632257750956854549,2026-04-24 16:38:04,True
fauzaannibras,7631506929239559444,https://www.tiktok.com/@fauzaannibras/video/7631506929239559444,2026-04-22 16:04:30,True
fauzaannibras,7631032643563359509,https://www.tiktok.com/@fauzaannibras/video/7631032643563359509,2026-04-21 09:24:02,True
fauzaannibras,7630775195434978580,https://www.tiktok.com/@fauzaannibras/video/7630775195434978580,2026-04-20 16:45:00,True
fauzaannibras,7630417039903214869,https://www.tiktok.com/@fauzaannibras/video/7630417039903214869,2026-04-19 17:35:10,True
fauzaannibras,7629922753944096020,https://www.tiktok.com/@fauzaannibras/video/7629922753944096020,2026-04-18 09:37:05,True
fauzaannibras,7629647380077432085,https://www.tiktok.com/@fauzaannibras/video/7629647380077432085,2026-04-17 15:48:30,True
fauzaannibras,7629282553970674965,https://www.tiktok.com/@fauzaannibras/video/7629282553970674965,2026-04-16 16:12:47,True
fauzaannibras,7628915360305040660,https://www.tiktok.com/@fauzaannibras/video/7628915360305040660,2026-04-15 16:27:53,True
fauzaannibras,7628823133243395348,https://www.tiktok.com/@fauzaannibras/video/7628823133243395348,2026-04-15 10:30:00,True
fauzaannibras,7628615505728933141,https://www.tiktok.com/@fauzaannibras/video/7628615505728933141,2026-04-14 21:04:18,True
fauzaannibras,7628427561684536597,https://www.tiktok.com/@fauzaannibras/video/7628427561684536597,2026-04-14 08:54:59,True
fauzaannibras,7627676669247048980,https://www.tiktok.com/@fauzaannibras/video/7627676669247048980,2026-04-12 08:21:08,True
fauzaannibras,7627337647916076309,https://www.tiktok.com/@fauzaannibras/video/7627337647916076309,2026-04-11 10:25:33,True
fauzaannibras,7627066799779171604,https://www.tiktok.com/@fauzaannibras/video/7627066799779171604,2026-04-10 16:54:32,True
fauzaannibras,7626930474581036308,https://www.tiktok.com/@fauzaannibras/video/7626930474581036308,2026-04-10 08:05:31,True
fauzaannibras,7626320161259228436,https://www.tiktok.com/@fauzaannibras/video/7626320161259228436,2026-04-08 16:37:11,True
fauzaannibras,7625941636974972181,https://www.tiktok.com/@fauzaannibras/video/7625941636974972181,2026-04-07 16:08:19,True
fauzaannibras,7625623106668727573,https://www.tiktok.com/@fauzaannibras/video/7625623106668727573,2026-04-06 19:32:16,True
fauzaannibras,7624844054047657236,https://www.tiktok.com/@fauzaannibras/video/7624844054047657236,2026-04-04 17:09:08,True
fauzaannibras,7624095411468389653,https://www.tiktok.com/@fauzaannibras/video/7624095411468389653,2026-04-02 16:44:01,True
fauzaannibras,7623346081467763989,https://www.tiktok.com/@fauzaannibras/video/7623346081467763989,2026-03-31 16:16:14,True
fauzaannibras,7623083294804004117,https://www.tiktok.com/@fauzaannibras/video/7623083294804004117,2026-03-30 23:16:30,True
fauzaannibras,7622494972196998420,https://www.tiktok.com/@fauzaannibras/video/7622494972196998420,2026-03-29 09:13:30,True
fauzaannibras,7621410859390209300,https://www.tiktok.com/@fauzaannibras/video/7621410859390209300,2026-03-26 11:06:35,True
fauzaannibras,7620735823285194004,https://www.tiktok.com/@fauzaannibras/video/7620735823285194004,2026-03-24 15:27:06,True
fauzaannibras,7619498670685179157,https://www.tiktok.com/@fauzaannibras/video/7619498670685179157,2026-03-21 07:26:19,True
fauzaannibras,7619266760956464405,https://www.tiktok.com/@fauzaannibras/video/7619266760956464405,2026-03-20 16:26:24,True
fauzaannibras,7618907462778752277,https://www.tiktok.com/@fauzaannibras/video/7618907462778752277,2026-03-19 17:12:08,True
fauzaannibras,7618895673446157589,https://www.tiktok.com/@fauzaannibras/video/7618895673446157589,2026-03-19 16:26:23,True
fauzaannibras,7618529224571276565,https://www.tiktok.com/@fauzaannibras/video/7618529224571276565,2026-03-18 16:44:23,True
fauzaannibras,7618415184549252373,https://www.tiktok.com/@fauzaannibras/video/7618415184549252373,2026-03-18 09:21:51,True
fauzaannibras,7618036399060552980,https://www.tiktok.com/@fauzaannibras/video/7618036399060552980,2026-03-17 08:51:58,True
fauzaannibras,7617865404345502996,https://www.tiktok.com/@fauzaannibras/video/7617865404345502996,2026-03-16 21:48:25,True
fauzaannibras,7617406998828567829,https://www.tiktok.com/@fauzaannibras/video/7617406998828567829,2026-03-15 16:09:34,True
fauzaannibras,7616566408020774165,https://www.tiktok.com/@fauzaannibras/video/7616566408020774165,2026-03-13 09:47:39,True
fauzaannibras,7616192077440945429,https://www.tiktok.com/@fauzaannibras/video/7616192077440945429,2026-03-12 09:35:03,True
fauzaannibras,7615509554691984661,https://www.tiktok.com/@fauzaannibras/video/7615509554691984661,2026-03-10 13:26:31,True
fauzaannibras,7615065956779347220,https://www.tiktok.com/@fauzaannibras/video/7615065956779347220,2026-03-09 08:45:08,True
fauzaannibras,7614698637397986581,https://www.tiktok.com/@fauzaannibras/video/7614698637397986581,2026-03-08 08:59:44,True
fauzaannibras,7613959261281864981,https://www.tiktok.com/@fauzaannibras/video/7613959261281864981,2026-03-06 09:10:35,True
fauzaannibras,7613575946938993941,https://www.tiktok.com/@fauzaannibras/video/7613575946938993941,2026-03-05 08:23:08,True
fauzaannibras,7613330976298585364,https://www.tiktok.com/@fauzaannibras/video/7613330976298585364,2026-03-04 16:32:31,True
fauzaannibras,7612883635544395029,https://www.tiktok.com/@fauzaannibras/video/7612883635544395029,2026-03-03 11:36:36,True
fauzaannibras,7611880450461633812,https://www.tiktok.com/@fauzaannibras/video/7611880450461633812,2026-02-28 18:43:44,True
fauzaannibras,7610680244294520085,https://www.tiktok.com/@fauzaannibras/video/7610680244294520085,2026-02-25 13:06:19,True
fauzaannibras,7610183400170867989,https://www.tiktok.com/@fauzaannibras/video/7610183400170867989,2026-02-24 04:58:19,True
fauzaannibras,7609949475859336469,https://www.tiktok.com/@fauzaannibras/video/7609949475859336469,2026-02-23 13:50:34,True
fauzaannibras,7609587103000759572,https://www.tiktok.com/@fauzaannibras/video/7609587103000759572,2026-02-22 14:24:23,True
fauzaannibras,7608775607358328084,https://www.tiktok.com/@fauzaannibras/video/7608775607358328084,2026-02-20 09:55:22,True
fauzaannibras,7608502414777306389,https://www.tiktok.com/@fauzaannibras/video/7608502414777306389,2026-02-19 16:15:14,True
fauzaannibras,7608224384423087380,https://www.tiktok.com/@fauzaannibras/video/7608224384423087380,2026-02-18 22:16:20,True
fauzaannibras,7607764537231576341,https://www.tiktok.com/@fauzaannibras/video/7607764537231576341,2026-02-17 16:31:53,True
fauzaannibras,7607126995054480660,https://www.tiktok.com/@fauzaannibras/video/7607126995054480660,2026-02-15 23:17:54,True
fauzaannibras,7607023616663883028,https://www.tiktok.com/@fauzaannibras/video/7607023616663883028,2026-02-15 16:36:44,True
fauzaannibras,7606738300597964052,https://www.tiktok.com/@fauzaannibras/video/7606738300597964052,2026-02-14 22:09:34,True
fauzaannibras,7606276579571944725,https://www.tiktok.com/@fauzaannibras/video/7606276579571944725,2026-02-13 16:17:51,True
fauzaannibras,7605900803819244820,https://www.tiktok.com/@fauzaannibras/video/7605900803819244820,2026-02-12 15:59:39,True
fauzaannibras,7605529752044096788,https://www.tiktok.com/@fauzaannibras/video/7605529752044096788,2026-02-11 15:59:47,True
fauzaannibras,7605037927181159701,https://www.tiktok.com/@fauzaannibras/video/7605037927181159701,2026-02-10 08:11:15,True
fauzaannibras,7603403238217403669,https://www.tiktok.com/@fauzaannibras/video/7603403238217403669,2026-02-05 22:27:49,True
fauzaannibras,7602552322752908564,https://www.tiktok.com/@fauzaannibras/video/7602552322752908564,2026-02-03 15:25:50,True
fauzaannibras,7602201530682445077,https://www.tiktok.com/@fauzaannibras/video/7602201530682445077,2026-02-02 16:44:35,True
fauzaannibras,7601817147949518101,https://www.tiktok.com/@fauzaannibras/video/7601817147949518101,2026-02-01 15:52:59,True
fauzaannibras,7601505591776791829,https://www.tiktok.com/@fauzaannibras/video/7601505591776791829,2026-01-31 19:43:59,True
fauzaannibras,7601176975113309461,https://www.tiktok.com/@fauzaannibras/video/7601176975113309461,2026-01-30 22:28:47,True
fauzaannibras,7600304550364433684,https://www.tiktok.com/@fauzaannibras/video/7600304550364433684,2026-01-28 14:03:20,True
fauzaannibras,7598593841028943125,https://www.tiktok.com/@fauzaannibras/video/7598593841028943125,2026-01-23 23:24:54,True
fauzaannibras,7598467616176459028,https://www.tiktok.com/@fauzaannibras/video/7598467616176459028,2026-01-23 15:15:05,True
fauzaannibras,7598186710958148885,https://www.tiktok.com/@fauzaannibras/video/7598186710958148885,2026-01-22 21:05:02,True
fauzaannibras,7597842653773892885,https://www.tiktok.com/@fauzaannibras/video/7597842653773892885,2026-01-21 22:49:55,True
fauzaannibras,7596722270102490388,https://www.tiktok.com/@fauzaannibras/video/7596722270102490388,2026-01-18 22:22:15,True
fauzaannibras,7596348912500296980,https://www.tiktok.com/@fauzaannibras/video/7596348912500296980,2026-01-17 22:13:26,True
fauzaannibras,7595545330104421652,https://www.tiktok.com/@fauzaannibras/video/7595545330104421652,2026-01-15 18:15:08,True
fauzaannibras,7595239426318404885,https://www.tiktok.com/@fauzaannibras/video/7595239426318404885,2026-01-14 22:28:04,True
fauzaannibras,7594846345865776405,https://www.tiktok.com/@fauzaannibras/video/7594846345865776405,2026-01-13 21:02:43,True
fauzaannibras,7593559883031661845,https://www.tiktok.com/@fauzaannibras/video/7593559883031661845,2026-01-10 09:50:35,True
fauzaannibras,7592813888379374868,https://www.tiktok.com/@fauzaannibras/video/7592813888379374868,2026-01-08 09:35:44,True
fauzaannibras,7592069775719812373,https://www.tiktok.com/@fauzaannibras/video/7592069775719812373,2026-01-06 09:28:12,True
fauzaannibras,7590940021771848980,https://www.tiktok.com/@fauzaannibras/video/7590940021771848980,2026-01-03 08:24:11,True
fauzaannibras,7590611506081844501,https://www.tiktok.com/@fauzaannibras/video/7590611506081844501,2026-01-02 11:09:22,True
fauzaannibras,7590328322089831701,https://www.tiktok.com/@fauzaannibras/video/7590328322089831701,2026-01-01 16:50:28,True
fauzaannibras,7589104051472567573,https://www.tiktok.com/@fauzaannibras/video/7589104051472567573,2025-12-29 09:39:41,False
dr.zulvia.syarif.spkj,7594476062856236295,https://www.tiktok.com/@dr.zulvia.syarif.spkj/video/7594476062856236295,2026-01-12 21:05:49,True
dr.zulvia.syarif.spkj,7457172725006650629,https://www.tiktok.com/@dr.zulvia.syarif.spkj/video/7457172725006650629,2025-01-07 20:58:45,False
dr.zulvia.syarif.spkj,7386514752127732998,https://www.tiktok.com/@dr.zulvia.syarif.spkj/video/7386514752127732998,2024-07-01 11:09:44,False
dr.zulvia.syarif.spkj,7680539418565938439,https://www.tiktok.com/@dr.zulvia.syarif.spkj/video/7680539418565938439,2026-09-01 19:15:36,False
dr.zulvia.syarif.spkj,7680406096351071496,https://www.tiktok.com/@dr.zulvia.syarif.spkj/video/7680406096351071496,2026-09-01 10:38:14,False
dr.zulvia.syarif.spkj,7680032699406421255,https://www.tiktok.com/@dr.zulvia.syarif.spkj/video/7680032699406421255,2026-08-31 10:29:16,True
dr.zulvia.syarif.spkj,7677508659600985362,https://www.tiktok.com/@dr.zulvia.syarif.spkj/video/7677508659600985362,2026-08-24 15:14:42,True
dr.zulvia.syarif.spkj,7676638709487389959,https://www.tiktok.com/@dr.zulvia.syarif.spkj/video/7676638709487389959,2026-08-22 06:58:51,True
dr.zulvia.syarif.spkj,7676140550189223176,https://www.tiktok.com/@dr.zulvia.syarif.spkj/video/7676140550189223176,2026-08-20 22:45:45,True
dr.zulvia.syarif.spkj,7676023127830285586,https://www.tiktok.com/@dr.zulvia.syarif.spkj/video/7676023127830285586,2026-08-20 15:10:05,True
dr.zulvia.syarif.spkj,7675420136920206610,https://www.tiktok.com/@dr.zulvia.syarif.spkj/video/7675420136920206610,2026-08-19 00:10:10,True
dr.zulvia.syarif.spkj,7674563874078641416,https://www.tiktok.com/@dr.zulvia.syarif.spkj/video/7674563874078641416,2026-08-16 16:47:26,True
dr.zulvia.syarif.spkj,7674115525458365714,https://www.tiktok.com/@dr.zulvia.syarif.spkj/video/7674115525458365714,2026-08-15 11:47:37,True
dr.zulvia.syarif.spkj,7673724004733111570,https://www.tiktok.com/@dr.zulvia.syarif.spkj/video/7673724004733111570,2026-08-14 10:28:19,True
dr.zulvia.syarif.spkj,7673050081683180808,https://www.tiktok.com/@dr.zulvia.syarif.spkj/video/7673050081683180808,2026-08-12 14:53:09,True
dr.zulvia.syarif.spkj,7672615084308581640,https://www.tiktok.com/@dr.zulvia.syarif.spkj/video/7672615084308581640,2026-08-11 10:45:08,True
dr.zulvia.syarif.spkj,7669745167657684242,https://www.tiktok.com/@dr.zulvia.syarif.spkj/video/7669745167657684242,2026-08-03 17:08:24,True
dr.zulvia.syarif.spkj,7669706151985941768,https://www.tiktok.com/@dr.zulvia.syarif.spkj/video/7669706151985941768,2026-08-03 14:37:00,True
dr.zulvia.syarif.spkj,7667517834611657991,https://www.tiktok.com/@dr.zulvia.syarif.spkj/video/7667517834611657991,2026-07-28 17:05:12,True
dr.zulvia.syarif.spkj,7667241607376293128,https://www.tiktok.com/@dr.zulvia.syarif.spkj/video/7667241607376293128,2026-07-27 23:13:18,True
dr.zulvia.syarif.spkj,7665909981631237394,https://www.tiktok.com/@dr.zulvia.syarif.spkj/video/7665909981631237394,2026-07-24 09:05:55,True
dr.zulvia.syarif.spkj,7665686546028317970,https://www.tiktok.com/@dr.zulvia.syarif.spkj/video/7665686546028317970,2026-07-23 18:38:52,True
dr.zulvia.syarif.spkj,7664602427898793224,https://www.tiktok.com/@dr.zulvia.syarif.spkj/video/7664602427898793224,2026-07-20 20:31:56,True
dr.zulvia.syarif.spkj,7664164919683730696,https://www.tiktok.com/@dr.zulvia.syarif.spkj/video/7664164919683730696,2026-07-19 16:14:11,True
dr.zulvia.syarif.spkj,7664107714066287890,https://www.tiktok.com/@dr.zulvia.syarif.spkj/video/7664107714066287890,2026-07-19 12:32:12,True
dr.zulvia.syarif.spkj,7663679617416301831,https://www.tiktok.com/@dr.zulvia.syarif.spkj/video/7663679617416301831,2026-07-18 08:50:58,True
dr.zulvia.syarif.spkj,7663151046230854930,https://www.tiktok.com/@dr.zulvia.syarif.spkj/video/7663151046230854930,2026-07-16 22:39:50,True
dr.zulvia.syarif.spkj,7662904444597587218,https://www.tiktok.com/@dr.zulvia.syarif.spkj/video/7662904444597587218,2026-07-16 06:42:54,True
dr.zulvia.syarif.spkj,7662762864263843080,https://www.tiktok.com/@dr.zulvia.syarif.spkj/video/7662762864263843080,2026-07-15 21:33:29,True
dr.zulvia.syarif.spkj,7662051956839501063,https://www.tiktok.com/@dr.zulvia.syarif.spkj/video/7662051956839501063,2026-07-13 23:34:48,True
dr.zulvia.syarif.spkj,7661675223258877192,https://www.tiktok.com/@dr.zulvia.syarif.spkj/video/7661675223258877192,2026-07-12 23:12:53,True
dr.zulvia.syarif.spkj,7661574020709551368,https://www.tiktok.com/@dr.zulvia.syarif.spkj/video/7661574020709551368,2026-07-12 16:40:10,True
dr.zulvia.syarif.spkj,7660176864371117320,https://www.tiktok.com/@dr.zulvia.syarif.spkj/video/7660176864371117320,2026-07-08 22:18:29,True
dr.zulvia.syarif.spkj,7659385776655895816,https://www.tiktok.com/@dr.zulvia.syarif.spkj/video/7659385776655895816,2026-07-06 19:08:40,True
dr.zulvia.syarif.spkj,7658678467432697095,https://www.tiktok.com/@dr.zulvia.syarif.spkj/video/7658678467432697095,2026-07-04 21:23:57,True
dr.zulvia.syarif.spkj,7657084036493430034,https://www.tiktok.com/@dr.zulvia.syarif.spkj/video/7657084036493430034,2026-06-30 14:16:44,True
dr.zulvia.syarif.spkj,7656898831375797511,https://www.tiktok.com/@dr.zulvia.syarif.spkj/video/7656898831375797511,2026-06-30 02:18:03,True
dr.zulvia.syarif.spkj,7656754753812073746,https://www.tiktok.com/@dr.zulvia.syarif.spkj/video/7656754753812073746,2026-06-29 16:58:57,True
dr.zulvia.syarif.spkj,7655305578704686354,https://www.tiktok.com/@dr.zulvia.syarif.spkj/video/7655305578704686354,2026-06-25 19:15:25,True
dr.zulvia.syarif.spkj,7654844557699353864,https://www.tiktok.com/@dr.zulvia.syarif.spkj/video/7654844557699353864,2026-06-24 13:26:25,True
dr.zulvia.syarif.spkj,7654272823241788680,https://www.tiktok.com/@dr.zulvia.syarif.spkj/video/7654272823241788680,2026-06-23 00:27:48,True
dr.zulvia.syarif.spkj,7652533876677446919,https://www.tiktok.com/@dr.zulvia.syarif.spkj/video/7652533876677446919,2026-06-18 07:59:48,True
dr.zulvia.syarif.spkj,7652327238792137991,https://www.tiktok.com/@dr.zulvia.syarif.spkj/video/7652327238792137991,2026-06-17 18:37:56,True
dr.zulvia.syarif.spkj,7651814347555081480,https://www.tiktok.com/@dr.zulvia.syarif.spkj/video/7651814347555081480,2026-06-16 09:27:39,True
dr.zulvia.syarif.spkj,7650511462578048274,https://www.tiktok.com/@dr.zulvia.syarif.spkj/video/7650511462578048274,2026-06-12 21:11:48,True
dr.zulvia.syarif.spkj,7649953023137041682,https://www.tiktok.com/@dr.zulvia.syarif.spkj/video/7649953023137041682,2026-06-11 09:04:46,True
dr.zulvia.syarif.spkj,7649004084904709384,https://www.tiktok.com/@dr.zulvia.syarif.spkj/video/7649004084904709384,2026-06-08 19:42:24,True
dr.zulvia.syarif.spkj,7648093691340393735,https://www.tiktok.com/@dr.zulvia.syarif.spkj/video/7648093691340393735,2026-06-06 08:49:36,True
dr.zulvia.syarif.spkj,7646595905918946567,https://www.tiktok.com/@dr.zulvia.syarif.spkj/video/7646595905918946567,2026-06-02 07:57:26,True
dr.zulvia.syarif.spkj,7645942204644609287,https://www.tiktok.com/@dr.zulvia.syarif.spkj/video/7645942204644609287,2026-05-31 13:40:44,True
dr.zulvia.syarif.spkj,7645689688358915346,https://www.tiktok.com/@dr.zulvia.syarif.spkj/video/7645689688358915346,2026-05-30 21:20:51,True
dr.zulvia.syarif.spkj,7645645132154391816,https://www.tiktok.com/@dr.zulvia.syarif.spkj/video/7645645132154391816,2026-05-30 18:27:57,True
dr.zulvia.syarif.spkj,7642886939397328135,https://www.tiktok.com/@dr.zulvia.syarif.spkj/video/7642886939397328135,2026-05-23 08:04:45,True
dr.zulvia.syarif.spkj,7642369859623472392,https://www.tiktok.com/@dr.zulvia.syarif.spkj/video/7642369859623472392,2026-05-21 22:38:13,True
dr.zulvia.syarif.spkj,7642140121696832776,https://www.tiktok.com/@dr.zulvia.syarif.spkj/video/7642140121696832776,2026-05-21 07:46:43,True
dr.zulvia.syarif.spkj,7641526621480242440,https://www.tiktok.com/@dr.zulvia.syarif.spkj/video/7641526621480242440,2026-05-19 16:06:01,True
dr.zulvia.syarif.spkj,7639930826532130056,https://www.tiktok.com/@dr.zulvia.syarif.spkj/video/7639930826532130056,2026-05-15 08:53:31,True
dr.zulvia.syarif.spkj,7638811774644440327,https://www.tiktok.com/@dr.zulvia.syarif.spkj/video/7638811774644440327,2026-05-12 08:31:02,True
dr.zulvia.syarif.spkj,7638091042419510535,https://www.tiktok.com/@dr.zulvia.syarif.spkj/video/7638091042419510535,2026-05-10 09:54:13,True
dr.zulvia.syarif.spkj,7637869004870241554,https://www.tiktok.com/@dr.zulvia.syarif.spkj/video/7637869004870241554,2026-05-09 19:32:36,True
dr.zulvia.syarif.spkj,7637676165553130770,https://www.tiktok.com/@dr.zulvia.syarif.spkj/video/7637676165553130770,2026-05-09 07:04:17,True
dr.zulvia.syarif.spkj,7637129052486126866,https://www.tiktok.com/@dr.zulvia.syarif.spkj/video/7637129052486126866,2026-05-07 19:41:12,True
dr.zulvia.syarif.spkj,7636002692158082311,https://www.tiktok.com/@dr.zulvia.syarif.spkj/video/7636002692158082311,2026-05-04 18:50:21,True
dr.zulvia.syarif.spkj,7635316652824874248,https://www.tiktok.com/@dr.zulvia.syarif.spkj/video/7635316652824874248,2026-05-02 22:28:10,True
dr.zulvia.syarif.spkj,7634959130767248648,https://www.tiktok.com/@dr.zulvia.syarif.spkj/video/7634959130767248648,2026-05-01 23:20:48,True
dr.zulvia.syarif.spkj,7634890908609154312,https://www.tiktok.com/@dr.zulvia.syarif.spkj/video/7634890908609154312,2026-05-01 18:56:04,True
dr.zulvia.syarif.spkj,7633841864008830215,https://www.tiktok.com/@dr.zulvia.syarif.spkj/video/7633841864008830215,2026-04-28 23:05:14,True
dr.zulvia.syarif.spkj,7633821825361054994,https://www.tiktok.com/@dr.zulvia.syarif.spkj/video/7633821825361054994,2026-04-28 21:47:29,True
dr.zulvia.syarif.spkj,7631415432360037639,https://www.tiktok.com/@dr.zulvia.syarif.spkj/video/7631415432360037639,2026-04-22 10:09:27,True
dr.zulvia.syarif.spkj,7631075129291787538,https://www.tiktok.com/@dr.zulvia.syarif.spkj/video/7631075129291787538,2026-04-21 12:08:54,True
dr.zulvia.syarif.spkj,7628913159218269447,https://www.tiktok.com/@dr.zulvia.syarif.spkj/video/7628913159218269447,2026-04-15 16:19:21,True
dr.zulvia.syarif.spkj,7628793479899974919,https://www.tiktok.com/@dr.zulvia.syarif.spkj/video/7628793479899974919,2026-04-15 08:34:56,True
dr.zulvia.syarif.spkj,7625251387567295751,https://www.tiktok.com/@dr.zulvia.syarif.spkj/video/7625251387567295751,2026-04-05 19:29:48,True
dr.zulvia.syarif.spkj,7624777291893083410,https://www.tiktok.com/@dr.zulvia.syarif.spkj/video/7624777291893083410,2026-04-04 12:50:04,True
dr.zulvia.syarif.spkj,7623774142457826567,https://www.tiktok.com/@dr.zulvia.syarif.spkj/video/7623774142457826567,2026-04-01 19:57:20,True
dr.zulvia.syarif.spkj,7623604758867102983,https://www.tiktok.com/@dr.zulvia.syarif.spkj/video/7623604758867102983,2026-04-01 09:00:02,True
dr.zulvia.syarif.spkj,7623215954423500039,https://www.tiktok.com/@dr.zulvia.syarif.spkj/video/7623215954423500039,2026-03-31 07:51:17,True
dr.zulvia.syarif.spkj,7622305668170665224,https://www.tiktok.com/@dr.zulvia.syarif.spkj/video/7622305668170665224,2026-03-28 20:58:54,True
dr.zulvia.syarif.spkj,7621600885721861394,https://www.tiktok.com/@dr.zulvia.syarif.spkj/video/7621600885721861394,2026-03-26 23:23:59,True
dr.zulvia.syarif.spkj,7621376082305994002,https://www.tiktok.com/@dr.zulvia.syarif.spkj/video/7621376082305994002,2026-03-26 08:51:38,True
dr.zulvia.syarif.spkj,7621160298623356167,https://www.tiktok.com/@dr.zulvia.syarif.spkj/video/7621160298623356167,2026-03-25 18:54:17,True
dr.zulvia.syarif.spkj,7620678843480755463,https://www.tiktok.com/@dr.zulvia.syarif.spkj/video/7620678843480755463,2026-03-24 11:46:00,True
dr.zulvia.syarif.spkj,7620615445082541320,https://www.tiktok.com/@dr.zulvia.syarif.spkj/video/7620615445082541320,2026-03-24 07:39:59,True
dr.zulvia.syarif.spkj,7620281594716146952,https://www.tiktok.com/@dr.zulvia.syarif.spkj/video/7620281594716146952,2026-03-23 10:04:28,True
dr.zulvia.syarif.spkj,7619954542007815442,https://www.tiktok.com/@dr.zulvia.syarif.spkj/video/7619954542007815442,2026-03-22 12:55:20,True
dr.zulvia.syarif.spkj,7619915733811596562,https://www.tiktok.com/@dr.zulvia.syarif.spkj/video/7619915733811596562,2026-03-22 10:24:44,True
dr.zulvia.syarif.spkj,7619271996538440978,https://www.tiktok.com/@dr.zulvia.syarif.spkj/video/7619271996538440978,2026-03-20 16:46:43,True
dr.zulvia.syarif.spkj,7617499208270040338,https://www.tiktok.com/@dr.zulvia.syarif.spkj/video/7617499208270040338,2026-03-15 22:07:23,True
dr.zulvia.syarif.spkj,7616910284086594823,https://www.tiktok.com/@dr.zulvia.syarif.spkj/video/7616910284086594823,2026-03-14 08:02:04,True
dr.zulvia.syarif.spkj,7616183132076690695,https://www.tiktok.com/@dr.zulvia.syarif.spkj/video/7616183132076690695,2026-03-12 09:00:20,True
dr.zulvia.syarif.spkj,7614870244019965192,https://www.tiktok.com/@dr.zulvia.syarif.spkj/video/7614870244019965192,2026-03-08 20:05:40,True
dr.zulvia.syarif.spkj,7614318774434450695,https://www.tiktok.com/@dr.zulvia.syarif.spkj/video/7614318774434450695,2026-03-07 08:25:41,True
dr.zulvia.syarif.spkj,7612450837994032392,https://www.tiktok.com/@dr.zulvia.syarif.spkj/video/7612450837994032392,2026-03-02 07:37:08,True
dr.zulvia.syarif.spkj,7611343455469554951,https://www.tiktok.com/@dr.zulvia.syarif.spkj/video/7611343455469554951,2026-02-27 07:59:55,True
dr.zulvia.syarif.spkj,7610976518772149511,https://www.tiktok.com/@dr.zulvia.syarif.spkj/video/7610976518772149511,2026-02-26 08:16:01,True
dr.zulvia.syarif.spkj,7607470806855093512,https://www.tiktok.com/@dr.zulvia.syarif.spkj/video/7607470806855093512,2026-02-16 21:32:04,True
dr.zulvia.syarif.spkj,7606712177482910994,https://www.tiktok.com/@dr.zulvia.syarif.spkj/video/7606712177482910994,2026-02-14 20:28:12,True
dr.zulvia.syarif.spkj,7606330342261198098,https://www.tiktok.com/@dr.zulvia.syarif.spkj/video/7606330342261198098,2026-02-13 19:46:29,True
dr.zulvia.syarif.spkj,7605575444561153288,https://www.tiktok.com/@dr.zulvia.syarif.spkj/video/7605575444561153288,2026-02-11 18:57:06,True
dr.zulvia.syarif.spkj,7603190202961530119,https://www.tiktok.com/@dr.zulvia.syarif.spkj/video/7603190202961530119,2026-02-05 08:41:08,True
dr.zulvia.syarif.spkj,7602805346867957000,https://www.tiktok.com/@dr.zulvia.syarif.spkj/video/7602805346867957000,2026-02-04 07:47:42,True
dr.zulvia.syarif.spkj,7602639626066496776,https://www.tiktok.com/@dr.zulvia.syarif.spkj/video/7602639626066496776,2026-02-03 21:04:37,True
dr.zulvia.syarif.spkj,7601569338474220807,https://www.tiktok.com/@dr.zulvia.syarif.spkj/video/7601569338474220807,2026-01-31 23:51:21,True
dr.zulvia.syarif.spkj,7599693783084649746,https://www.tiktok.com/@dr.zulvia.syarif.spkj/video/7599693783084649746,2026-01-26 22:33:15,True
dr.zulvia.syarif.spkj,7598969485436947719,https://www.tiktok.com/@dr.zulvia.syarif.spkj/video/7598969485436947719,2026-01-24 23:42:36,True
dr.zulvia.syarif.spkj,7598767606635433224,https://www.tiktok.com/@dr.zulvia.syarif.spkj/video/7598767606635433224,2026-01-24 10:39:12,True
dr.zulvia.syarif.spkj,7598368144431779079,https://www.tiktok.com/@dr.zulvia.syarif.spkj/video/7598368144431779079,2026-01-23 08:49:05,True
dr.zulvia.syarif.spkj,7597693185065897223,https://www.tiktok.com/@dr.zulvia.syarif.spkj/video/7597693185065897223,2026-01-21 13:09:54,True
dr.zulvia.syarif.spkj,7597080150110457095,https://www.tiktok.com/@dr.zulvia.syarif.spkj/video/7597080150110457095,2026-01-19 21:31:01,True
dr.zulvia.syarif.spkj,7596928710142463239,https://www.tiktok.com/@dr.zulvia.syarif.spkj/video/7596928710142463239,2026-01-19 11:43:21,True
dr.zulvia.syarif.spkj,7595900662039203090,https://www.tiktok.com/@dr.zulvia.syarif.spkj/video/7595900662039203090,2026-01-16 17:14:00,True
dr.zulvia.syarif.spkj,7595459465046936839,https://www.tiktok.com/@dr.zulvia.syarif.spkj/video/7595459465046936839,2026-01-15 12:41:56,True
dr.zulvia.syarif.spkj,7595393736796949767,https://www.tiktok.com/@dr.zulvia.syarif.spkj/video/7595393736796949767,2026-01-15 08:26:52,True
dr.zulvia.syarif.spkj,7595232255543430408,https://www.tiktok.com/@dr.zulvia.syarif.spkj/video/7595232255543430408,2026-01-14 22:00:14,True
dr.zulvia.syarif.spkj,7594660992013978898,https://www.tiktok.com/@dr.zulvia.syarif.spkj/video/7594660992013978898,2026-01-13 09:03:27,True
dr.zulvia.syarif.spkj,7593643030872116498,https://www.tiktok.com/@dr.zulvia.syarif.spkj/video/7593643030872116498,2026-01-10 15:13:14,True
dr.zulvia.syarif.spkj,7593250269878586642,https://www.tiktok.com/@dr.zulvia.syarif.spkj/video/7593250269878586642,2026-01-09 13:49:07,True
dr.zulvia.syarif.spkj,7593159946095578386,https://www.tiktok.com/@dr.zulvia.syarif.spkj/video/7593159946095578386,2026-01-09 07:58:37,True
dr.zulvia.syarif.spkj,7592789235480972552,https://www.tiktok.com/@dr.zulvia.syarif.spkj/video/7592789235480972552,2026-01-08 08:00:04,True
dr.zulvia.syarif.spkj,7592120144579792136,https://www.tiktok.com/@dr.zulvia.syarif.spkj/video/7592120144579792136,2026-01-06 12:43:39,True
dr.zulvia.syarif.spkj,7590992977682517266,https://www.tiktok.com/@dr.zulvia.syarif.spkj/video/7590992977682517266,2026-01-03 11:49:40,True
dr.zulvia.syarif.spkj,7590434109047016722,https://www.tiktok.com/@dr.zulvia.syarif.spkj/video/7590434109047016722,2026-01-01 23:40:59,True
dr.zulvia.syarif.spkj,7590305649616047368,https://www.tiktok.com/@dr.zulvia.syarif.spkj/video/7590305649616047368,2026-01-01 15:22:29,True
dr.zulvia.syarif.spkj,7588348031871814920,https://www.tiktok.com/@dr.zulvia.syarif.spkj/video/7588348031871814920,2025-12-27 08:45:56,False
doktermedok,7483425421782945045,https://www.tiktok.com/@doktermedok/video/7483425421782945045,2025-03-19 14:52:37,False
doktermedok,7680533021526658325,https://www.tiktok.com/@doktermedok/video/7680533021526658325,2026-09-01 18:50:47,False
doktermedok,7680376340285033748,https://www.tiktok.com/@doktermedok/video/7680376340285033748,2026-09-01 08:42:46,False
doktermedok,7680188511907024148,https://www.tiktok.com/@doktermedok/video/7680188511907024148,2026-08-31 20:33:54,True
doktermedok,7679627356104903957,https://www.tiktok.com/@doktermedok/video/7679627356104903957,2026-08-30 08:16:20,True
doktermedok,7679059325691645204,https://www.tiktok.com/@doktermedok/video/7679059325691645204,2026-08-28 19:32:05,True
doktermedok,7678690229095763220,https://www.tiktok.com/@doktermedok/video/7678690229095763220,2026-08-27 19:39:48,True
doktermedok,7678309122101611796,https://www.tiktok.com/@doktermedok/video/7678309122101611796,2026-08-26 19:00:55,True
doktermedok,7677770515154521364,https://www.tiktok.com/@doktermedok/video/7677770515154521364,2026-08-25 08:10:50,True
doktermedok,7677597769485339925,https://www.tiktok.com/@doktermedok/video/7677597769485339925,2026-08-24 21:00:30,True
doktermedok,7676449633874251028,https://www.tiktok.com/@doktermedok/video/7676449633874251028,2026-08-21 18:45:09,True
doktermedok,7676304324682681621,https://www.tiktok.com/@doktermedok/video/7676304324682681621,2026-08-21 09:21:16,True
doktermedok,7676106110838869269,https://www.tiktok.com/@doktermedok/video/7676106110838869269,2026-08-20 20:32:06,True
doktermedok,7675709778647174420,https://www.tiktok.com/@doktermedok/video/7675709778647174420,2026-08-19 18:54:08,True
doktermedok,7675339214455754004,https://www.tiktok.com/@doktermedok/video/7675339214455754004,2026-08-18 18:56:09,True
doktermedok,7674445267650776341,https://www.tiktok.com/@doktermedok/video/7674445267650776341,2026-08-16 09:07:11,True
doktermedok,7673870194149707029,https://www.tiktok.com/@doktermedok/video/7673870194149707029,2026-08-14 19:55:36,True
doktermedok,7673505246034840852,https://www.tiktok.com/@doktermedok/video/7673505246034840852,2026-08-13 20:19:25,True
doktermedok,7673114404124200212,https://www.tiktok.com/@doktermedok/video/7673114404124200212,2026-08-12 19:02:45,True
doktermedok,7672399811068415253,https://www.tiktok.com/@doktermedok/video/7672399811068415253,2026-08-10 20:49:46,True
doktermedok,7671468642713799957,https://www.tiktok.com/@doktermedok/video/7671468642713799957,2026-08-08 08:36:21,True
doktermedok,7671259149212060949,https://www.tiktok.com/@doktermedok/video/7671259149212060949,2026-08-07 19:03:25,True
doktermedok,7671233199556529429,https://www.tiktok.com/@doktermedok/video/7671233199556529429,2026-08-07 17:22:43,True
doktermedok,7670528667306495252,https://www.tiktok.com/@doktermedok/video/7670528667306495252,2026-08-05 19:48:46,True
doktermedok,7670147955084709140,https://www.tiktok.com/@doktermedok/video/7670147955084709140,2026-08-04 19:11:25,True
doktermedok,7669800529156918548,https://www.tiktok.com/@doktermedok/video/7669800529156918548,2026-08-03 20:43:13,True
doktermedok,7668672386937539860,https://www.tiktok.com/@doktermedok/video/7668672386937539860,2026-07-31 19:45:27,True
doktermedok,7668308338777967893,https://www.tiktok.com/@doktermedok/video/7668308338777967893,2026-07-30 20:12:46,True
doktermedok,7667913439976819988,https://www.tiktok.com/@doktermedok/video/7667913439976819988,2026-07-29 18:40:21,True
doktermedok,7667542559299964181,https://www.tiktok.com/@doktermedok/video/7667542559299964181,2026-07-28 18:41:09,True
doktermedok,7667197050211061012,https://www.tiktok.com/@doktermedok/video/7667197050211061012,2026-07-27 20:20:24,True
doktermedok,7666631857986964757,https://www.tiktok.com/@doktermedok/video/7666631857986964757,2026-07-26 07:47:10,True
doktermedok,7666064280759897364,https://www.tiktok.com/@doktermedok/video/7666064280759897364,2026-07-24 19:04:40,True
doktermedok,7665719723975249172,https://www.tiktok.com/@doktermedok/video/7665719723975249172,2026-07-23 20:47:37,True
doktermedok,7665116783124204820,https://www.tiktok.com/@doktermedok/video/7665116783124204820,2026-07-22 05:47:54,True
doktermedok,7664950555986464020,https://www.tiktok.com/@doktermedok/video/7664950555986464020,2026-07-21 19:02:51,True
doktermedok,7664591332169501972,https://www.tiktok.com/@doktermedok/video/7664591332169501972,2026-07-20 19:48:53,True
doktermedok,7664167551269719316,https://www.tiktok.com/@doktermedok/video/7664167551269719316,2026-07-19 16:24:24,True
doktermedok,7663457826857061652,https://www.tiktok.com/@doktermedok/video/7663457826857061652,2026-07-17 18:30:18,True
doktermedok,7663118425706777877,https://www.tiktok.com/@doktermedok/video/7663118425706777877,2026-07-16 20:33:15,True
doktermedok,7662734872569597204,https://www.tiktok.com/@doktermedok/video/7662734872569597204,2026-07-15 19:44:52,True
doktermedok,7662336992277056788,https://www.tiktok.com/@doktermedok/video/7662336992277056788,2026-07-14 18:00:53,True
doktermedok,7662002973551217940,https://www.tiktok.com/@doktermedok/video/7662002973551217940,2026-07-13 20:24:44,True
doktermedok,7661448344358735125,https://www.tiktok.com/@doktermedok/video/7661448344358735125,2026-07-12 08:32:29,True
doktermedok,7661102703732329748,https://www.tiktok.com/@doktermedok/video/7661102703732329748,2026-07-11 10:11:13,True
doktermedok,7660531909226761480,https://www.tiktok.com/@doktermedok/video/7660531909226761480,2026-07-09 21:16:15,True
doktermedok,7660122109661760788,https://www.tiktok.com/@doktermedok/video/7660122109661760788,2026-07-08 18:46:01,True
doktermedok,7659750407509609748,https://www.tiktok.com/@doktermedok/video/7659750407509609748,2026-07-07 18:43:37,True
doktermedok,7659408010833399061,https://www.tiktok.com/@doktermedok/video/7659408010833399061,2026-07-06 20:34:57,True
doktermedok,7658842298960137493,https://www.tiktok.com/@doktermedok/video/7658842298960137493,2026-07-05 07:59:42,True
doktermedok,7657937817418435861,https://www.tiktok.com/@doktermedok/video/7657937817418435861,2026-07-02 21:29:51,True
doktermedok,7657538353839246612,https://www.tiktok.com/@doktermedok/video/7657538353839246612,2026-07-01 19:39:43,True
doktermedok,7657158902160608533,https://www.tiktok.com/@doktermedok/video/7657158902160608533,2026-06-30 19:07:15,True
doktermedok,7656819139142552853,https://www.tiktok.com/@doktermedok/video/7656819139142552853,2026-06-29 21:08:48,True
doktermedok,7656240634302369045,https://www.tiktok.com/@doktermedok/video/7656240634302369045,2026-06-28 07:43:54,True
doktermedok,7655668899551186197,https://www.tiktok.com/@doktermedok/video/7655668899551186197,2026-06-26 18:45:17,True
doktermedok,7655326624195333396,https://www.tiktok.com/@doktermedok/video/7655326624195333396,2026-06-25 20:37:05,True
doktermedok,7654949544580451605,https://www.tiktok.com/@doktermedok/video/7654949544580451605,2026-06-24 20:13:49,True
doktermedok,7654586608263417109,https://www.tiktok.com/@doktermedok/video/7654586608263417109,2026-06-23 20:45:26,True
doktermedok,7654216964503555348,https://www.tiktok.com/@doktermedok/video/7654216964503555348,2026-06-22 20:51:02,True
doktermedok,7653653369583684884,https://www.tiktok.com/@doktermedok/video/7653653369583684884,2026-06-21 08:24:00,True
doktermedok,7653317760889490708,https://www.tiktok.com/@doktermedok/video/7653317760889490708,2026-06-20 10:41:40,True
doktermedok,7652736685381340436,https://www.tiktok.com/@doktermedok/video/7652736685381340436,2026-06-18 21:06:48,True
doktermedok,7652682900160138517,https://www.tiktok.com/@doktermedok/video/7652682900160138517,2026-06-18 17:38:05,True
doktermedok,7652333044568821012,https://www.tiktok.com/@doktermedok/video/7652333044568821012,2026-06-17 19:00:28,True
doktermedok,7651967625311866132,https://www.tiktok.com/@doktermedok/video/7651967625311866132,2026-06-16 19:22:27,True
doktermedok,7650487772859600148,https://www.tiktok.com/@doktermedok/video/7650487772859600148,2026-06-12 19:39:52,True
doktermedok,7650130461787966741,https://www.tiktok.com/@doktermedok/video/7650130461787966741,2026-06-11 20:33:19,True
doktermedok,7649017856360910100,https://www.tiktok.com/@doktermedok/video/7649017856360910100,2026-06-08 20:35:50,True
doktermedok,7648474508201970965,https://www.tiktok.com/@doktermedok/video/7648474508201970965,2026-06-07 09:27:22,True
doktermedok,7647881850127453460,https://www.tiktok.com/@doktermedok/video/7647881850127453460,2026-06-05 19:07:33,True
doktermedok,7647551602600971540,https://www.tiktok.com/@doktermedok/video/7647551602600971540,2026-06-04 21:46:02,True
doktermedok,7647142352879881493,https://www.tiktok.com/@doktermedok/video/7647142352879881493,2026-06-03 19:17:56,True
doktermedok,7646771670228978965,https://www.tiktok.com/@doktermedok/video/7646771670228978965,2026-06-02 19:19:29,True
doktermedok,7646236693703560468,https://www.tiktok.com/@doktermedok/video/7646236693703560468,2026-06-01 08:43:30,True
doktermedok,7645878983111789845,https://www.tiktok.com/@doktermedok/video/7645878983111789845,2026-05-31 09:35:24,True
doktermedok,7644872625637920021,https://www.tiktok.com/@doktermedok/video/7644872625637920021,2026-05-28 16:30:14,True
doktermedok,7644372863050370324,https://www.tiktok.com/@doktermedok/video/7644372863050370324,2026-05-27 08:10:54,True
doktermedok,7643826390810283285,https://www.tiktok.com/@doktermedok/video/7643826390810283285,2026-05-25 20:50:18,True
doktermedok,7642684166768758037,https://www.tiktok.com/@doktermedok/video/7642684166768758037,2026-05-22 18:57:53,True
doktermedok,7642346569920187669,https://www.tiktok.com/@doktermedok/video/7642346569920187669,2026-05-21 21:07:50,True
doktermedok,7641770278137187605,https://www.tiktok.com/@doktermedok/video/7641770278137187605,2026-05-20 07:51:32,True
doktermedok,7641567993910005012,https://www.tiktok.com/@doktermedok/video/7641567993910005012,2026-05-19 18:46:34,True
doktermedok,7640646349477711124,https://www.tiktok.com/@doktermedok/video/7640646349477711124,2026-05-17 07:10:07,True
doktermedok,7640076901620419861,https://www.tiktok.com/@doktermedok/video/7640076901620419861,2026-05-15 18:20:22,True
doktermedok,7639357611342712084,https://www.tiktok.com/@doktermedok/video/7639357611342712084,2026-05-13 19:49:09,True
doktermedok,7637492249701518612,https://www.tiktok.com/@doktermedok/video/7637492249701518612,2026-05-08 19:10:36,True
doktermedok,7637150032256339221,https://www.tiktok.com/@doktermedok/video/7637150032256339221,2026-05-07 21:02:37,True
doktermedok,7636761094945590548,https://www.tiktok.com/@doktermedok/video/7636761094945590548,2026-05-06 19:53:21,True
doktermedok,7636376498970070293,https://www.tiktok.com/@doktermedok/video/7636376498970070293,2026-05-05 19:00:55,True
doktermedok,7636034134955035925,https://www.tiktok.com/@doktermedok/video/7636034134955035925,2026-05-04 20:52:22,True
doktermedok,7635495823001849109,https://www.tiktok.com/@doktermedok/video/7635495823001849109,2026-05-03 10:03:27,True
doktermedok,7635105207948545301,https://www.tiktok.com/@doktermedok/video/7635105207948545301,2026-05-02 08:47:39,True
doktermedok,7634545467644316949,https://www.tiktok.com/@doktermedok/video/7634545467644316949,2026-04-30 20:35:35,True
doktermedok,7634148462157729045,https://www.tiktok.com/@doktermedok/video/7634148462157729045,2026-04-29 18:55:00,True
doktermedok,7633775262332669205,https://www.tiktok.com/@doktermedok/video/7633775262332669205,2026-04-28 18:46:47,True
doktermedok,7633434084496231700,https://www.tiktok.com/@doktermedok/video/7633434084496231700,2026-04-27 20:42:51,True
doktermedok,7632855137240812820,https://www.tiktok.com/@doktermedok/video/7632855137240812820,2026-04-26 07:16:14,True
doktermedok,7632288001460325653,https://www.tiktok.com/@doktermedok/video/7632288001460325653,2026-04-24 18:35:27,True
doktermedok,7631947681291635988,https://www.tiktok.com/@doktermedok/video/7631947681291635988,2026-04-23 20:34:50,True
doktermedok,7631180997152967956,https://www.tiktok.com/@doktermedok/video/7631180997152967956,2026-04-21 18:59:43,True
doktermedok,7630841349754899732,https://www.tiktok.com/@doktermedok/video/7630841349754899732,2026-04-20 21:01:43,True
doktermedok,7630269730842021141,https://www.tiktok.com/@doktermedok/video/7630269730842021141,2026-04-19 08:03:32,True
doktermedok,7629710343073320212,https://www.tiktok.com/@doktermedok/video/7629710343073320212,2026-04-17 19:52:50,True
doktermedok,7629352268608883988,https://www.tiktok.com/@doktermedok/video/7629352268608883988,2026-04-16 20:43:19,True
doktermedok,7628953997151554837,https://www.tiktok.com/@doktermedok/video/7628953997151554837,2026-04-15 18:57:49,True
doktermedok,7628592205984222485,https://www.tiktok.com/@doktermedok/video/7628592205984222485,2026-04-14 19:33:53,True
doktermedok,7628255665386999061,https://www.tiktok.com/@doktermedok/video/7628255665386999061,2026-04-13 21:47:56,True
doktermedok,7627671907835333909,https://www.tiktok.com/@doktermedok/video/7627671907835333909,2026-04-12 08:02:39,True
doktermedok,7627112566480899348,https://www.tiktok.com/@doktermedok/video/7627112566480899348,2026-04-10 19:52:08,True
doktermedok,7626757377764625684,https://www.tiktok.com/@doktermedok/video/7626757377764625684,2026-04-09 20:53:49,True
doktermedok,7626362738767416597,https://www.tiktok.com/@doktermedok/video/7626362738767416597,2026-04-08 19:22:25,True
doktermedok,7625999429069278484,https://www.tiktok.com/@doktermedok/video/7625999429069278484,2026-04-07 19:52:35,True
doktermedok,7625642110485531925,https://www.tiktok.com/@doktermedok/video/7625642110485531925,2026-04-06 20:46:00,True
doktermedok,7625075546589908245,https://www.tiktok.com/@doktermedok/video/7625075546589908245,2026-04-05 08:07:27,True
doktermedok,7624497654529002772,https://www.tiktok.com/@doktermedok/video/7624497654529002772,2026-04-03 18:44:56,True
doktermedok,7624162493807693077,https://www.tiktok.com/@doktermedok/video/7624162493807693077,2026-04-02 21:04:20,True
doktermedok,7623768789162741012,https://www.tiktok.com/@doktermedok/video/7623768789162741012,2026-04-01 19:36:34,True
doktermedok,7623389341376630037,https://www.tiktok.com/@doktermedok/video/7623389341376630037,2026-03-31 19:04:07,True
doktermedok,7623041216044649749,https://www.tiktok.com/@doktermedok/video/7623041216044649749,2026-03-30 20:33:12,True
doktermedok,7622478145282657557,https://www.tiktok.com/@doktermedok/video/7622478145282657557,2026-03-29 08:08:12,True
doktermedok,7621916864930680085,https://www.tiktok.com/@doktermedok/video/7621916864930680085,2026-03-27 19:50:09,True
doktermedok,7621571293048999188,https://www.tiktok.com/@doktermedok/video/7621571293048999188,2026-03-26 21:29:09,True
doktermedok,7621169090610171157,https://www.tiktok.com/@doktermedok/video/7621169090610171157,2026-03-25 19:28:24,True
doktermedok,7620809162708045076,https://www.tiktok.com/@doktermedok/video/7620809162708045076,2026-03-24 20:11:42,True
doktermedok,7620268334151421205,https://www.tiktok.com/@doktermedok/video/7620268334151421205,2026-03-23 09:13:01,True
doktermedok,7619870123016408341,https://www.tiktok.com/@doktermedok/video/7619870123016408341,2026-03-22 07:27:45,True
doktermedok,7619145005181013269,https://www.tiktok.com/@doktermedok/video/7619145005181013269,2026-03-20 08:33:55,True
doktermedok,7618785133331614997,https://www.tiktok.com/@doktermedok/video/7618785133331614997,2026-03-19 09:17:26,True
doktermedok,7618476629035158805,https://www.tiktok.com/@doktermedok/video/7618476629035158805,2026-03-18 13:20:17,True
doktermedok,7617849342350724373,https://www.tiktok.com/@doktermedok/video/7617849342350724373,2026-03-16 20:46:05,True
doktermedok,7617281681669590293,https://www.tiktok.com/@doktermedok/video/7617281681669590293,2026-03-15 08:03:16,True
doktermedok,7616720448365137173,https://www.tiktok.com/@doktermedok/video/7616720448365137173,2026-03-13 19:45:24,True
doktermedok,7616367615425940757,https://www.tiktok.com/@doktermedok/video/7616367615425940757,2026-03-12 20:56:14,True
doktermedok,7615977162860268820,https://www.tiktok.com/@doktermedok/video/7615977162860268820,2026-03-11 19:41:04,True
doktermedok,7615614867210308885,https://www.tiktok.com/@doktermedok/video/7615614867210308885,2026-03-10 20:15:11,True
doktermedok,7615257421702810901,https://www.tiktok.com/@doktermedok/video/7615257421702810901,2026-03-09 21:08:07,True
doktermedok,7614684494527843605,https://www.tiktok.com/@doktermedok/video/7614684494527843605,2026-03-08 08:04:52,True
doktermedok,7614130141580791060,https://www.tiktok.com/@doktermedok/video/7614130141580791060,2026-03-06 20:13:41,True
doktermedok,7613763650871905557,https://www.tiktok.com/@doktermedok/video/7613763650871905557,2026-03-05 20:31:31,True
doktermedok,7613384878444367124,https://www.tiktok.com/@doktermedok/video/7613384878444367124,2026-03-04 20:01:41,True
doktermedok,7613013938485382421,https://www.tiktok.com/@doktermedok/video/7613013938485382421,2026-03-03 20:02:15,True
doktermedok,7612658373292608788,https://www.tiktok.com/@doktermedok/video/7612658373292608788,2026-03-02 21:02:28,True
doktermedok,7612097815648439572,https://www.tiktok.com/@doktermedok/video/7612097815648439572,2026-03-01 08:47:13,True
doktermedok,7611532383195565333,https://www.tiktok.com/@doktermedok/video/7611532383195565333,2026-02-27 20:13:03,True
doktermedok,7610789479607160084,https://www.tiktok.com/@doktermedok/video/7610789479607160084,2026-02-25 20:10:13,True
doktermedok,7610416413655698708,https://www.tiktok.com/@doktermedok/video/7610416413655698708,2026-02-24 20:02:32,True
doktermedok,7609508500128992533,https://www.tiktok.com/@doktermedok/video/7609508500128992533,2026-02-22 09:19:21,True
doktermedok,7608936215290645781,https://www.tiktok.com/@doktermedok/video/7608936215290645781,2026-02-20 20:18:36,True
doktermedok,7608571361304661269,https://www.tiktok.com/@doktermedok/video/7608571361304661269,2026-02-19 20:42:47,True
doktermedok,7608189476237593877,https://www.tiktok.com/@doktermedok/video/7608189476237593877,2026-02-18 20:00:52,True
doktermedok,7607415476116835604,https://www.tiktok.com/@doktermedok/video/7607415476116835604,2026-02-16 17:57:21,True
doktermedok,7606893354466561301,https://www.tiktok.com/@doktermedok/video/7606893354466561301,2026-02-15 08:11:15,True
doktermedok,7606340296980303124,https://www.tiktok.com/@doktermedok/video/7606340296980303124,2026-02-13 20:25:07,True
doktermedok,7605978945963543829,https://www.tiktok.com/@doktermedok/video/7605978945963543829,2026-02-12 21:02:53,True
doktermedok,7605591254302461204,https://www.tiktok.com/@doktermedok/video/7605591254302461204,2026-02-11 19:58:27,True
doktermedok,7605229509444504853,https://www.tiktok.com/@doktermedok/video/7605229509444504853,2026-02-10 20:34:41,True
doktermedok,7604866087733234964,https://www.tiktok.com/@doktermedok/video/7604866087733234964,2026-02-09 21:04:26,True
doktermedok,7603739581573254421,https://www.tiktok.com/@doktermedok/video/7603739581573254421,2026-02-06 20:13:00,True
doktermedok,7603378179998223636,https://www.tiktok.com/@doktermedok/video/7603378179998223636,2026-02-05 20:50:35,True
doktermedok,7602995029459733780,https://www.tiktok.com/@doktermedok/video/7602995029459733780,2026-02-04 20:03:46,True
doktermedok,7602630301080177941,https://www.tiktok.com/@doktermedok/video/7602630301080177941,2026-02-03 20:28:26,True
doktermedok,7602272461475876116,https://www.tiktok.com/@doktermedok/video/7602272461475876116,2026-02-02 21:19:50,True
doktermedok,7601695865111153941,https://www.tiktok.com/@doktermedok/video/7601695865111153941,2026-02-01 08:02:21,True
doktermedok,7601139424604327188,https://www.tiktok.com/@doktermedok/video/7601139424604327188,2026-01-30 20:03:04,True
doktermedok,7600766381470092564,https://www.tiktok.com/@doktermedok/video/7600766381470092564,2026-01-29 19:55:28,True
doktermedok,7600402707194662164,https://www.tiktok.com/@doktermedok/video/7600402707194662164,2026-01-28 20:24:14,True
doktermedok,7600041640908131604,https://www.tiktok.com/@doktermedok/video/7600041640908131604,2026-01-27 21:03:07,True
doktermedok,7599667847035489557,https://www.tiktok.com/@doktermedok/video/7599667847035489557,2026-01-26 20:52:36,True
doktermedok,7599090929189932309,https://www.tiktok.com/@doktermedok/video/7599090929189932309,2026-01-25 07:33:52,True
doktermedok,7598186075273776404,https://www.tiktok.com/@doktermedok/video/7598186075273776404,2026-01-22 21:02:34,True
doktermedok,7597828643494219028,https://www.tiktok.com/@doktermedok/video/7597828643494219028,2026-01-21 21:55:33,True
doktermedok,7597435078624890133,https://www.tiktok.com/@doktermedok/video/7597435078624890133,2026-01-20 20:28:19,True
doktermedok,7597060277246479637,https://www.tiktok.com/@doktermedok/video/7597060277246479637,2026-01-19 20:13:54,True
doktermedok,7596518013080259860,https://www.tiktok.com/@doktermedok/video/7596518013080259860,2026-01-18 09:09:38,True
doktermedok,7595952404642712852,https://www.tiktok.com/@doktermedok/video/7595952404642712852,2026-01-16 20:34:47,True
doktermedok,7595578807885548820,https://www.tiktok.com/@doktermedok/video/7595578807885548820,2026-01-15 20:25:02,True
doktermedok,7595212449083657493,https://www.tiktok.com/@doktermedok/video/7595212449083657493,2026-01-14 20:43:23,True
doktermedok,7594838795531455764,https://www.tiktok.com/@doktermedok/video/7594838795531455764,2026-01-13 20:33:25,True
doktermedok,7592999036232240404,https://www.tiktok.com/@doktermedok/video/7592999036232240404,2026-01-08 21:34:12,True
doktermedok,7592610495870405909,https://www.tiktok.com/@doktermedok/video/7592610495870405909,2026-01-07 20:26:28,True
doktermedok,7592237569463667988,https://www.tiktok.com/@doktermedok/video/7592237569463667988,2026-01-06 20:19:20,True
doktermedok,7591871771884752149,https://www.tiktok.com/@doktermedok/video/7591871771884752149,2026-01-05 20:39:51,True
doktermedok,7591308351544380693,https://www.tiktok.com/@doktermedok/video/7591308351544380693,2026-01-04 08:13:29,True
doktermedok,7590378958659702037,https://www.tiktok.com/@doktermedok/video/7590378958659702037,2026-01-01 20:06:58,True
doktermedok,7589643772070235413,https://www.tiktok.com/@doktermedok/video/7589643772070235413,2025-12-30 20:34:04,False
citra_amelinda,7653691916361551124,https://www.tiktok.com/@citra_amelinda/video/7653691916361551124,2026-06-21 10:53:35,True
citra_amelinda,7581721314134592788,https://www.tiktok.com/@citra_amelinda/video/7581721314134592788,2025-12-09 12:10:53,False
citra_amelinda,7575018888354745620,https://www.tiktok.com/@citra_amelinda/video/7575018888354745620,2025-11-21 10:42:03,False
citra_amelinda,7574646988550049045,https://www.tiktok.com/@citra_amelinda/video/7574646988550049045,2025-11-20 10:38:53,False
citra_amelinda,7573906810529254676,https://www.tiktok.com/@citra_amelinda/video/7573906810529254676,2025-11-18 10:46:37,False
citra_amelinda,7573174125171051797,https://www.tiktok.com/@citra_amelinda/video/7573174125171051797,2025-11-16 11:23:26,False
dr.mariojohan,7566953808513780999,https://www.tiktok.com/@dr.mariojohan/video/7566953808513780999,2025-10-30 17:05:25,False
dr.mariojohan,7412609891916893445,https://www.tiktok.com/@dr.mariojohan/video/7412609891916893445,2024-09-09 18:52:12,False
dr.mariojohan,7353189692898331909,https://www.tiktok.com/@dr.mariojohan/video/7353189692898331909,2024-04-02 15:51:29,False
dr.mariojohan,7680134760643022100,https://www.tiktok.com/@dr.mariojohan/video/7680134760643022100,2026-08-31 17:05:19,True
dr.mariojohan,7680115332400303381,https://www.tiktok.com/@dr.mariojohan/video/7680115332400303381,2026-08-31 15:49:56,True
dr.mariojohan,7677465456365538581,https://www.tiktok.com/@dr.mariojohan/video/7677465456365538581,2026-08-24 12:27:03,True
dr.mariojohan,7674120140346199316,https://www.tiktok.com/@dr.mariojohan/video/7674120140346199316,2026-08-15 12:05:31,True
dr.mariojohan,7671518292648955157,https://www.tiktok.com/@dr.mariojohan/video/7671518292648955157,2026-08-08 11:49:01,True
dr.mariojohan,7662319801309646100,https://www.tiktok.com/@dr.mariojohan/video/7662319801309646100,2026-07-14 16:54:11,True
dr.mariojohan,7659333401039654165,https://www.tiktok.com/@dr.mariojohan/video/7659333401039654165,2026-07-06 15:45:25,True
dr.mariojohan,7655925012234341653,https://www.tiktok.com/@dr.mariojohan/video/7655925012234341653,2026-06-27 11:19:08,True
dr.mariojohan,7650850896997387540,https://www.tiktok.com/@dr.mariojohan/video/7650850896997387540,2026-06-13 19:08:58,True
dr.mariojohan,7648957211435126037,https://www.tiktok.com/@dr.mariojohan/video/7648957211435126037,2026-06-08 16:40:30,True
dr.mariojohan,7646733823610309909,https://www.tiktok.com/@dr.mariojohan/video/7646733823610309909,2026-06-02 16:52:38,True
dr.mariojohan,7639691835450871061,https://www.tiktok.com/@dr.mariojohan/video/7639691835450871061,2026-05-14 17:26:07,True
dr.mariojohan,7636335940343991573,https://www.tiktok.com/@dr.mariojohan/video/7636335940343991573,2026-05-05 16:23:32,True
dr.mariojohan,7618475677532179733,https://www.tiktok.com/@dr.mariojohan/video/7618475677532179733,2026-03-18 13:16:35,True
dr.mariojohan,7616673947425180948,https://www.tiktok.com/@dr.mariojohan/video/7616673947425180948,2026-03-13 16:44:57,True
dr.mariojohan,7615602171203144980,https://www.tiktok.com/@dr.mariojohan/video/7615602171203144980,2026-03-10 19:25:55,True
dr.mariojohan,7615194683068648725,https://www.tiktok.com/@dr.mariojohan/video/7615194683068648725,2026-03-09 17:04:39,True
dr.mariojohan,7614733824072666388,https://www.tiktok.com/@dr.mariojohan/video/7614733824072666388,2026-03-08 11:16:17,True
dr.mariojohan,7612597616987147541,https://www.tiktok.com/@dr.mariojohan/video/7612597616987147541,2026-03-02 17:06:43,True
dr.mariojohan,7611097439461788948,https://www.tiktok.com/@dr.mariojohan/video/7611097439461788948,2026-02-26 16:05:15,True
dr.mariojohan,7608138703931788565,https://www.tiktok.com/@dr.mariojohan/video/7608138703931788565,2026-02-18 16:43:51,True
dr.mariojohan,7605197522138615060,https://www.tiktok.com/@dr.mariojohan/video/7605197522138615060,2026-02-10 18:30:34,True
dr.mariojohan,7602958899062312212,https://www.tiktok.com/@dr.mariojohan/video/7602958899062312212,2026-02-04 17:43:34,True
dr.mariojohan,7602243939269135636,https://www.tiktok.com/@dr.mariojohan/video/7602243939269135636,2026-02-02 19:29:09,True
dr.mariojohan,7601103177098153236,https://www.tiktok.com/@dr.mariojohan/video/7601103177098153236,2026-01-30 17:42:25,True
dr.mariojohan,7599978146858798357,https://www.tiktok.com/@dr.mariojohan/video/7599978146858798357,2026-01-27 16:56:43,True
dr.mariojohan,7598512415726112008,https://www.tiktok.com/@dr.mariojohan/video/7598512415726112008,2026-01-23 18:08:56,True
dr.mariojohan,7594410361441275144,https://www.tiktok.com/@dr.mariojohan/video/7594410361441275144,2026-01-12 16:50:52,True
dr.mariojohan,7589206081801424149,https://www.tiktok.com/@dr.mariojohan/video/7589206081801424149,2025-12-29 16:15:36,False
dokterprasadja,7250610891639639302,https://www.tiktok.com/@dokterprasadja/video/7250610891639639302,2023-07-01 05:33:20,False
dokterprasadja,7167552920324410651,https://www.tiktok.com/@dokterprasadja/video/7167552920324410651,2022-11-19 09:45:59,False
dokterprasadja,7139909481978154267,https://www.tiktok.com/@dokterprasadja/video/7139909481978154267,2022-09-05 21:55:20,False
dokterprasadja,7647382588251704583,https://www.tiktok.com/@dokterprasadja/video/7647382588251704583,2026-06-04 10:50:10,True
dokterprasadja,7644760757183335698,https://www.tiktok.com/@dokterprasadja/video/7644760757183335698,2026-05-28 09:16:07,True
dokterprasadja,7642587655670140178,https://www.tiktok.com/@dokterprasadja/video/7642587655670140178,2026-05-22 12:43:23,True
dokterprasadja,7634830920284900616,https://www.tiktok.com/@dokterprasadja/video/7634830920284900616,2026-05-01 15:03:17,True
dokterprasadja,7634461166303071495,https://www.tiktok.com/@dokterprasadja/video/7634461166303071495,2026-04-30 15:08:27,True
dokterprasadja,7631422276545694983,https://www.tiktok.com/@dokterprasadja/video/7631422276545694983,2026-04-22 10:36:00,True
dokterprasadja,7630633892948544775,https://www.tiktok.com/@dokterprasadja/video/7630633892948544775,2026-04-20 07:36:40,True
dokterprasadja,7628471116188798226,https://www.tiktok.com/@dokterprasadja/video/7628471116188798226,2026-04-14 11:44:00,True
dokterprasadja,7626553916150336776,https://www.tiktok.com/@dokterprasadja/video/7626553916150336776,2026-04-09 07:44:17,True
dokterprasadja,7616586152723762440,https://www.tiktok.com/@dokterprasadja/video/7616586152723762440,2026-03-13 11:04:16,True
dokterprasadja,7614315883762076936,https://www.tiktok.com/@dokterprasadja/video/7614315883762076936,2026-03-07 08:14:28,True
dokterprasadja,7603380458356870408,https://www.tiktok.com/@dokterprasadja/video/7603380458356870408,2026-02-05 20:59:26,True
dokterprasadja,7602956183825140999,https://www.tiktok.com/@dokterprasadja/video/7602956183825140999,2026-02-04 17:33:01,True
dokterprasadja,7601704150560181511,https://www.tiktok.com/@dokterprasadja/video/7601704150560181511,2026-02-01 08:34:30,True
dokterprasadja,7599893523546033416,https://www.tiktok.com/@dokterprasadja/video/7599893523546033416,2026-01-27 11:28:20,True
dokterprasadja,7596143407538392338,https://www.tiktok.com/@dokterprasadja/video/7596143407538392338,2026-01-17 08:55:58,True
dokterprasadja,7594363856672050440,https://www.tiktok.com/@dokterprasadja/video/7594363856672050440,2026-01-12 13:50:24,True
dokterprasadja,7592108517755063570,https://www.tiktok.com/@dokterprasadja/video/7592108517755063570,2026-01-06 11:58:32,True
dokterprasadja,7590609158911593735,https://www.tiktok.com/@dokterprasadja/video/7590609158911593735,2026-01-02 11:00:16,True
dokterprasadja,7588110890000485640,https://www.tiktok.com/@dokterprasadja/video/7588110890000485640,2025-12-26 17:25:42,False
