username,video_id,comment_id,commenter_username,comment_text,like_count,reply_count,timestamp,scraped_at
aliphildan,7677802473821588757,7683127093080769301,,jadi ini dokter apa ustadz,0,0,,2026-09-19T10:10:06.221806
aliphildan,7677802473821588757,7680557006445085460,,dok muka aku banyak burntisan nya gimana ilang nya,0,0,,2026-09-19T10:10:06.221883
aliphildan,7677802473821588757,7681274164472988424,,dok ni facewash aman ngga kalo buat rewel😭 ngga bikin sakit kannn?,0,0,,2026-09-19T10:10:06.221891
aliphildan,7677802473821588757,7681413601722958600,,otw masukin kerkun🤣 semoga cocok di aku dah capek cari2 fw gentle,0,0,,2026-09-19T10:10:06.221895
aliphildan,7677802473821588757,7681514470619235093,,"udh co tadi hehe lumayan bgt dapet bundlingnya, jatohnya hemat bgt",0,0,,2026-09-19T10:10:06.221900
aliphildan,7677802473821588757,7681454840934073106,,ini masih ada promonya gaa? mau ikutan checkout jg wkwk,0,0,,2026-09-19T10:10:06.221904
aliphildan,7677802473821588757,7686383210623894290,,"dokter nya pliss, plenger + ganteng",0,0,,2026-09-19T10:10:06.221908
aliphildan,7677802473821588757,7685383312479634177,,"kulit q tipe yg berminyak, bekas komedo bolong2, kusam dan gelap. setiap pakai ganti scincare/sunscreen pasti makin gelap. apakah kulit q termasuk kulit sensitif?",0,0,,2026-09-19T10:10:06.221912
aliphildan,7677802473821588757,7677825935693120263,,giliran srius malah sepi... 😭,0,0,,2026-09-19T10:10:06.221915
aliphildan,7677802473821588757,7686828569113002760,,"apaan banget si ini muka ternyata bisa main pundung""ngan gini😭",0,0,,2026-09-19T10:10:06.221919
aliphildan,7677802473821588757,7686443430109889300,,dokter lahir di Madura ya😭😭😭😭,0,0,,2026-09-19T10:10:06.221922
aliphildan,7677802473821588757,7686764089774768917,,aku salfok sama peci,0,0,,2026-09-19T10:10:06.221925
aliphildan,7677802473821588757,7678211738155909906,,kalau kulit gampang merah gitu Lightplus yang ini aman dipake tiap hari gak?,0,0,,2026-09-19T10:10:06.221928
aliphildan,7677802473821588757,7678492640811352853,,lightplus b5 sensitif emang semantul itu 🥰,0,0,,2026-09-19T10:10:06.221931
aliphildan,7677802473821588757,7678984629545943828,,"badan aku kalo kena garuk kenceng pasti merah trus jadi lebam ngabentuk,Napa ya itu",0,0,,2026-09-19T10:10:06.221940
aliphildan,7677802473821588757,7686668416690373396,,Dok PUNDUNG itu naon ??,0,0,,2026-09-19T10:10:06.221942
aliphildan,7677802473821588757,7685664468625818389,,"aku kalo pake sabun muka yang ada kandungan vit C nya rasanya muka gatel"" gitu kenapa ya dok?",0,0,,2026-09-19T10:10:06.221946
aliphildan,7677802473821588757,7681136555087397640,,Spil kopyahnya aja 😂,0,0,,2026-09-19T10:10:06.221949
aliphildan,7677802473821588757,7677803920642933512,,"dok ak setelah deket cwo hati ku juga sering cekit"" , apa itu jg sensitif ya? cr ngatasin ny gmn dok",0,0,,2026-09-19T10:10:06.221951
aliphildan,7677802473821588757,7678256324564091666,,"kirain rasa cekit-cekit abis cuci muka tuh normal, ternyata perlu dicek juga kondisi kulitnya",0,0,,2026-09-19T10:10:06.221959
aliphildan,7667491760213544212,7668967583660344071,,kaya gini boleh dok?,0,0,,2026-09-19T10:11:27.151950
aliphildan,7667491760213544212,7669743264157106952,,siapa jg mau begituan pas di infus😭😭😭,0,0,,2026-09-19T10:11:27.151976
aliphildan,7667491760213544212,7671531812661789461,,dok infusan saya darahnya naik sampe merah semua 😭😂,0,0,,2026-09-19T10:11:27.151981
aliphildan,7667491760213544212,7667577598121214738,,dok kalo infus sambil balapan pake rx king gimana?,0,0,,2026-09-19T10:11:27.151985
aliphildan,7667491760213544212,7667492539922645768,,"pantesan kemarin selang infusku ada darahnya, pasti karna aku kayang deh🥲",0,0,,2026-09-19T10:11:27.151988
aliphildan,7667491760213544212,7669052408602329864,,dok kalau kayak gini gpp kah?,0,0,,2026-09-19T10:11:27.151992
aliphildan,7667491760213544212,7667578748421948180,,berarti kalo sambil main tong setan aman ya dok?,0,0,,2026-09-19T10:11:27.151996
aliphildan,7667491760213544212,7667496308798341895,,gak bukan... emang ada yg mau lompat tali pake itu dok? 😭😭,0,0,,2026-09-19T10:11:27.152000
aliphildan,7667491760213544212,7670401563269464852,,Sedangkan dokternya 😭😭,0,0,,2026-09-19T10:11:27.152004
aliphildan,7667491760213544212,7668882431983043349,,aku pas dbd malah latihan dance😂,0,0,,2026-09-19T10:11:27.152007
aliphildan,7667491760213544212,7669035687308854037,,klo baling baling bambu gini boleh ga dog?,0,0,,2026-09-19T10:11:27.152011
aliphildan,7667491760213544212,7669255527247463186,,Kalo kayang boleh ya dok 🤣,0,0,,2026-09-19T10:11:27.152015
aliphildan,7667491760213544212,7667522559130829585,,"Bius total aja dog, udh follow",0,0,,2026-09-19T10:11:27.152019
aliphildan,7667491760213544212,7667518268828222228,,22nYa pasien si🙏🏻,0,0,,2026-09-19T10:11:27.152022
aliphildan,7667491760213544212,7667564570437403399,,plis siapapun bius alip sm cece acid 😭😭,0,0,,2026-09-19T10:11:27.152025
aliphildan,7667491760213544212,7670157003498996497,,Terus ini apa dokter,0,0,,2026-09-19T10:11:27.152028
aliphildan,7667491760213544212,7681166026994205447,,makasih idenya dok,0,0,,2026-09-19T10:11:27.152032
aliphildan,7667491760213544212,7669641615430026005,,Padahal dia sendiri lebih lincah 😭😭,0,0,,2026-09-19T10:11:27.152036
aliphildan,7667491760213544212,7667498598456296210,,yee kepencet,0,0,,2026-09-19T10:11:27.152039
aliphildan,7662337718470397192,7662355433316172551,,dok keren bgt,0,0,,2026-09-19T10:32:03.591080
aliphildan,7662337718470397192,7662368454334333704,,"sumpah, syok banget liat anaknya 🥲",0,0,,2026-09-19T10:32:03.591109
aliphildan,7662337718470397192,7662338705575379732,,kalo kek gtu tadi langsung patah2 gak sih dok tulaangnya Ya Allah😭😭😭,0,0,,2026-09-19T10:32:03.591112
aliphildan,7662337718470397192,7682064636767126279,,"Pake baju leopard dan naik kuda, sungguh membingungkan",0,0,,2026-09-19T10:32:03.591114
aliphildan,7662337718470397192,7685557978938016519,,dok kmrn aku pelatihan rjp aku nginget materi ny pake lgi jaga irama..,0,0,,2026-09-19T10:32:03.591116
aliphildan,7662337718470397192,7666743539644826369,,asli doc bakal shock lagi kalo pernah liat di IG ada orang mereka jg bio nya future dokter kalo nyuntik kayak nyuntik sapi 😭😭😭 orang sana kok percaya2 ajaaa,0,0,,2026-09-19T10:32:03.591118
aliphildan,7662337718470397192,7671907377608835861,,"astaghfirullah, edukasi harus betul ya dok..",0,0,,2026-09-19T10:32:03.591120
aliphildan,7662337718470397192,7674524418160984853,,Mana ada dok macan tutul naik kuda,0,0,,2026-09-19T10:32:03.591122
aliphildan,7662337718470397192,7662365424081470215,,naik kuda bgtt dok,0,0,,2026-09-19T10:32:03.591123
aliphildan,7662337718470397192,7662339677089415944,,1,0,0,,2026-09-19T10:32:03.591125
aliphildan,7662337718470397192,7662339869839377172,,awas jatuh dokk,0,0,,2026-09-19T10:32:03.591127
aliphildan,7662337718470397192,7662339139448046356,,baru aja mau komen pertama 😭😭😭,0,0,,2026-09-19T10:32:03.591129
aliphildan,7662337718470397192,7662476269947912968,,Ga sia sia nonton drakor,0,0,,2026-09-19T10:32:03.591131
aliphildan,7662337718470397192,7662730318361543445,,HAH,0,0,,2026-09-19T10:32:03.591133
aliphildan,7662337718470397192,7662338775531406098,,p,0,0,,2026-09-19T10:32:03.591135
aliphildan,7662337718470397192,7664506518616523540,,sumpah ngeri patah .tulang dada anak ny,0,0,,2026-09-19T10:32:03.591137
aliphildan,7662337718470397192,7662542623941280528,,sedih SL doklip di tutup.. Sehat selalu ya doklip🥰,0,0,,2026-09-19T10:32:03.591138
aliphildan,7662337718470397192,7662338640762946325,,one,0,0,,2026-09-19T10:32:03.591140
aliphildan,7662337718470397192,7662338597891031828,,1,0,0,,2026-09-19T10:32:03.591142
aliphildan,7648588842672475410,7662377325959054100,,kok malah pernah denger sebenarnya kita selamat dr kematian apa gmn lupa😭,0,0,,2026-09-19T10:33:39.481256
aliphildan,7648588842672475410,7652656986627162900,,kalau di erep erep itu sama nggak dok dengan hypnic jerk ini?,0,0,,2026-09-19T10:33:39.481293
aliphildan,7648588842672475410,7675718785747632916,,pernah mimpi dikejar hantu sampai akhirnya jatuh ke jurang.. mendadak terbangun ngos²an,0,0,,2026-09-19T10:33:39.481297
aliphildan,7648588842672475410,7648647341985121031,,"thanks edukasinya dok, aku sering banget ngalamin ini, kadang after nyentak itu berasa cuapek polll..",0,0,,2026-09-19T10:33:39.481300
aliphildan,7648588842672475410,7672231280591323924,,wah.. dia udah waras,0,0,,2026-09-19T10:33:39.481302
aliphildan,7648588842672475410,7670784001902117653,,dok..bakal terus saya ungkit yaa,0,0,,2026-09-19T10:33:39.481305
aliphildan,7648588842672475410,7652972962006254357,,dok kalo kebangun tiap jam kenapa ya???,0,0,,2026-09-19T10:33:39.481307
aliphildan,7648588842672475410,7662187537766990608,,biasanya pas bdan demam kek gini. kalo pas bdan normal jrang banget,0,0,,2026-09-19T10:33:39.481309
aliphildan,7648588842672475410,7671576734910792469,,aku sering skli,0,0,,2026-09-19T10:33:39.481312
aliphildan,7648588842672475410,7662634939993015056,,"ps kecil aku pernah naik komedi putar, dan pas turun itu rasanya kek lg mimpi yg jatuhhh dr ketinggian😭",0,0,,2026-09-19T10:33:39.481314
aliphildan,7648588842672475410,7670921613063668498,,"aku jg prnh kyk gt,kyk mimpi jatuh dr tmpt TDR,trs kaget sampe deg2an",0,0,,2026-09-19T10:33:39.481316
aliphildan,7648588842672475410,7670759958740566805,,g espek saya dokkkkk,0,0,,2026-09-19T10:33:39.481318
aliphildan,7648588842672475410,7670865108957250324,,gua sering bgt dok. .,0,0,,2026-09-19T10:33:39.481320
aliphildan,7648588842672475410,7648646914367537927,,"kalau aku bukan mimpi jatuh dok
tpi seolah jiwa ku lepas dri ragaku kyk terbang, jdi kebangun terus
apa kasusnya sama dok??",0,0,,2026-09-19T10:33:39.481323
aliphildan,7648588842672475410,7648688262072582930,,emng alat ny bisa bersuara?,0,0,,2026-09-19T10:33:39.481325
aliphildan,7631539994821233940,7631667441815798548,,pantes namanya doktif = dokter aktif,0,0,,2026-09-19T10:40:48.382386
aliphildan,7631539994821233940,7631557967871066900,,k2 anakku udh lulus imunisasi dong..mana tepuk tangan nya 👏,0,0,,2026-09-19T10:40:48.382417
aliphildan,7631539994821233940,7631563792036233992,,"anak ku segala diimunisasiin, varicella, tyfoid, dengue, kalo udah cukup umur nanti ca cervix jg, pastinya tiap tahun booster influenza 🥰",0,0,,2026-09-19T10:40:48.382467
aliphildan,7631539994821233940,7631587359298323221,,goyangannya mantaapp doklip,0,0,,2026-09-19T10:40:48.382472
aliphildan,7631539994821233940,7650693857906901780,,kayak doklip dmn² selalu Olahraga makannya badanya sehat banget,0,0,,2026-09-19T10:40:48.382481
aliphildan,7631539994821233940,7631540708336452373,,ttga gw ankny ga mo diimunisasi doklip...tp emaknya klo nongki bawa tu ank mlu...mna pileggg bae 😭😭😭,0,0,,2026-09-19T10:40:48.382486
aliphildan,7631539994821233940,7631549661564011271,,jadi kangen seminar2 kesehatan gini 😁 paling demen kalau ada seminar2 kesehatan apalagi banyak ketemu narasumber2 hebat 😁,0,0,,2026-09-19T10:40:48.382490
aliphildan,7631539994821233940,7653351268085941013,,Memang paling lincah 😅,0,0,,2026-09-19T10:40:48.382494
aliphildan,7631539994821233940,7631798112970310418,,anakku imunisasi jadi omongan keluarga. aku mah cuek aja dikata2in. buat kebaikan anakku,0,0,,2026-09-19T10:40:48.382498
aliphildan,7631539994821233940,7631877313965720338,,"anak pertama uda lulus di usia 5th, anak kedua baru setahun dan bakalan ku usahakan lulus imunisasi lengkap itu",0,0,,2026-09-19T10:40:48.382502
aliphildan,7631539994821233940,7631584263406191368,,anakku sudah lulus imunisasi doklip🪷,0,0,,2026-09-19T10:40:48.382505
aliphildan,7631539994821233940,7631790212906140417,,anakku vaksin F3 dok😌,0,0,,2026-09-19T10:40:48.382510
aliphildan,7631539994821233940,7631580279991255829,,"Dok, pinggang aman?",0,0,,2026-09-19T10:40:48.382513
aliphildan,7631539994821233940,7631540426042606343,,yeyy first,0,0,,2026-09-19T10:40:48.382517
aliphildan,7631539994821233940,7631851322752615185,,anak aku tinggal yg lanjutan aja bulan depan . semoga lulus 🥰🥰,0,0,,2026-09-19T10:40:48.382527
aliphildan,7631539994821233940,7631806503578288897,,asyik juga,0,0,,2026-09-19T10:40:48.382532
aliphildan,7631539994821233940,7631585802892264199,,anakku lulus imunisasi dan no skip obat cacing,0,0,,2026-09-19T10:40:48.382536
aliphildan,7631539994821233940,7631888989041099521,,ko kamu ganteng sih dok,0,0,,2026-09-19T10:40:48.382540
aliphildan,7631539994821233940,7631559681601569543,,HEBAAATTT✨✨✨,0,0,,2026-09-19T10:40:48.382544
aliphildan,7631539994821233940,7631714779296662293,,kok bisa ada stikernyaa😂,0,0,,2026-09-19T10:40:48.382548
aliphildan,7631539994821233940,7631714569329754887,,petakilan yg bisa aku maafkan😭,0,0,,2026-09-19T10:40:48.382552
aliphildan,7631539994821233940,7631751172459037441,,doklip kak😭,0,0,,2026-09-19T10:40:48.382556
aliphildan,7631539994821233940,7631763705047434005,,iya deh salah aku😭,0,0,,2026-09-19T10:40:48.382560
aliphildan,7631539994821233940,7631899823897936660,,kak maaf kalo booster influenza dimana?dan biayanya brp,0,0,,2026-09-19T10:40:48.382564
aliphildan,7631539994821233940,7631806507381900050,,kalo bayi 26 tahun boleh imunisasi gak dok?🥺,0,0,,2026-09-19T10:40:48.382569
aliphildan,7631539994821233940,7631565687722607378,,Aktif sekali ya bun🤏🏻,0,0,,2026-09-19T10:40:48.382573
aliphildan,7631539994821233940,7631563837199811335,,"dok klo bayi 3 bulan lagi diare boleh imunisasi gak dok ? imunisasi DPT 3,rotavirus dok",0,0,,2026-09-19T10:40:48.382577
aliphildan,7631539994821233940,7631894478525334279,,"doklip dulunya biduan atau dancer?kok kakinya bisa muter"".",0,0,,2026-09-19T10:40:48.382581
aliphildan,7631539994821233940,7631716850845795079,,Ke 3 anakku udah lulus imunisasi🥰,0,0,,2026-09-19T10:40:48.382585
aliphildan,7631539994821233940,7631566965443117832,,pingin belajar muterin kaki... takut keseleo,0,0,,2026-09-19T10:40:48.382589
aliphildan,7631539994821233940,7631556627057279764,,dr liat dm aku y 😅😅😅,0,0,,2026-09-19T10:40:48.382593
aliphildan,7631539994821233940,7631540750874739473,,keduaaaa🔥🔥🔥🔥,0,0,,2026-09-19T10:40:48.382597
aliphildan,7631539994821233940,7631763952242131719,,bisa sewajarnya jadi dokter aja gak dok?,0,0,,2026-09-19T10:40:48.382601
aliphildan,7631539994821233940,7631750731561485073,,"altif bgt dokternya, pasti imunisasinya lengkap🥰",0,0,,2026-09-19T10:40:48.382607
aliphildan,7631539994821233940,7631797780584366868,,nuhun ya dok sdh mewakili vt promkes imunisasi 😁😁😁,0,0,,2026-09-19T10:40:48.382611
aliphildan,7631539994821233940,7631587394139554567,,anakku dua² nya imunisasi 😎😎,0,0,,2026-09-19T10:40:48.382615
aliphildan,7631539994821233940,7631541969805837076,,ketiga 🙃,0,0,,2026-09-19T10:40:48.382619
aliphildan,7631539994821233940,7632349100709135125,,Anakku baru lulus imunisasi dok 🥰,0,0,,2026-09-19T10:40:48.382623
aliphildan,7631539994821233940,7631592147545670408,,anjirrr skrng kerja dikemenkes kahh,0,0,,2026-09-19T10:40:48.382626
aliphildan,7631539994821233940,7631589946450002706,,imunisasi lengkap. harus 🥰,0,0,,2026-09-19T10:40:48.382630
aliphildan,7631539994821233940,7631583821738525461,,itu panitia atau tim hore ya? kompak bener 😁,0,0,,2026-09-19T10:40:48.382634
aliphildan,7631539994821233940,7631553145370755861,,anak gw abis imunisasi masuk IGD. kambuh sakitnya. next imun pcv. berhubung sakit nya anaku berhubungan sama paru2 jujurly takot. takot kambuh lagi 😭,0,0,,2026-09-19T10:40:48.382638
aliphildan,7631539994821233940,7631559395368878855,,"wajar banget kok kamu takut, apalagi kalau anak sempat masuk IGD pasti jadi trauma 😔 tapi perlu diingat, kejadian setelah imunisasi belum tentu disebabkan langsung oleh vaksinnya. Kadang memang lagi “kebetulan bareng” sama kondisi anak yang lagi rentan atau ada infeksi lain.
Untuk vaksin PCV justru tujuannya melindungi paru-paru dari infeksi berat seperti pneumonia. Jadi kalau anak punya riwayat masalah paru, vaksin ini malah penting banget.
Saran aku, sebelum jadwal berikutnya, konsultasi dulu ke dokter anak ya. Ceritakan kejadian kemarin biar bisa dinilai aman lanjut atau perlu ditunda. Jadi kamu tetap hati-hati, tapi juga nggak kehilangan perlindungan buat anaknya 🙏",0,0,,2026-09-19T10:40:48.382642
aliphildan,7631539994821233940,7631561648196977426,,astaghfirullahalazim,0,0,,2026-09-19T10:40:48.382646
aliphildan,7631539994821233940,7631967148965282561,,"boleh ga si kalo lagi bapil di imunisasi dpt 2,soalnya udah mau 2minggu bapil udah kelewat sebulan soalnya",0,0,,2026-09-19T10:40:48.382650
aliphildan,7631539994821233940,7631882133049508626,,"dok aku dibantah mulu sama ibuku klo aku jelasin suruh imunisasiin adikku yg masih kecil itu, plissss gmn caranya biar ibuku sadar, soalnya kan ngeri jg ya ama benda ga keliatan kek virus gt",0,0,,2026-09-19T10:40:48.382654
aliphildan,7631539994821233940,7631839798449488660,,mereka beneran nakes?😳,0,0,,2026-09-19T10:40:48.382660
aliphildan,7631539994821233940,7631788267281433361,,"tanggal 11 imunisasi dpt 2, kasian liat dia disuntik, tapi emang harus biar ga gampang sakit²an🙌",0,0,,2026-09-19T10:40:48.382664
aliphildan,7631539994821233940,7631659953754178312,,"jangankan buat bayi
lahh kita aja yg dewasa kalau habis vaksin
pasti nyeri tangannya, bengkak, kadang² jg demam
sama aja efeknya 😮‍💨😮‍💨",0,0,,2026-09-19T10:40:48.382668
aliphildan,7631539994821233940,7631612223328961298,,dulu anakku setiap habis imunisasi selalu demam sampai kejang dicek eeg ternyata kelainan saraf bawan dri bayi,0,0,,2026-09-19T10:40:48.382672
aliphildan,7631539994821233940,7631586122878976786,,"Anak pertama q , Prematur dok tetep imunisasi sampe slesai dong walau dari awal dayatahan tubuh dia lemah , yg penting sebagai ibu sebelum anak imunisasi harus stanbye dan tau keaadan anak., obat harus ada , kompres demam ,dll buat keadaan stelah imunisasi . Alhamduliah saat dulu anak2 yg anti faksin kena campak anaku gak kena dong 🤣🤣. dan alhamdulah anak2 ku imunisasi semua.",0,0,,2026-09-19T10:40:48.382676
aliphildan,7631539994821233940,7631584635722285844,,"anakku umur 17bulan, imunisasi sampai campak aja gpp kan?😁",0,0,,2026-09-19T10:40:48.382680
aliphildan,7631539994821233940,7631570733923074824,,"aku malah takut anakku sakit pas jadwal imunisasi, krena suntik vaksinnya udah pasti tertunda, kalo udah di suntik rasanya lega meskipun bayi demam dikit😊",0,0,,2026-09-19T10:40:48.382684
aliphildan,7631539994821233940,7631570070858859271,,"dulu anak.pertama lulus imunisasi via puskes yg bikin trauma angetnya, jd skrg anak kedua imunisasinya via dsa biar gak panas karna LDM",0,0,,2026-09-19T10:40:48.382689
aliphildan,7631539994821233940,7631768377409405703,,anakku ga perna aku imunisasiin dok,0,0,,2026-09-19T10:40:48.382693
aliphildan,7631539994821233940,7632164515760669458,,Neng alnooo 😍 @bapakatu @Alni @eva tirta,0,0,,2026-09-19T10:40:48.382697
aliphildan,7631539994821233940,7631816859554218768,,😭😭😂,0,0,,2026-09-19T10:40:48.382701
aliphildan,7631539994821233940,7631587668719436561,,@kadamsidik00 bisa begini ga pak😂,0,0,,2026-09-19T10:40:48.382705
aliphildan,7622156977099066642,7622191336159331093,,Jgn mudah percaya dgn berita apapun yg blm pasti kebenarannya & for doklip don't overthink and always stay healthy 💜,0,0,,2026-09-19T10:45:58.152437
aliphildan,7622156977099066642,7622164260169319169,,sedih banget ya dok. mudahan doklip sllu diLindungi Allah. Aamiin,0,0,,2026-09-19T10:45:58.152468
aliphildan,7622156977099066642,7622157393979998984,,1,0,0,,2026-09-19T10:45:58.152474
aliphildan,7622156977099066642,7623968528697901832,,"Kakak saya juga dokter. suka takut klo kenapa2 kyk tertular sakit apa.
sehat2 semua dokter di manapun kalian berada.",0,0,,2026-09-19T10:45:58.152478
aliphildan,7622156977099066642,7622158258366759688,,2,0,0,,2026-09-19T10:45:58.152482
aliphildan,7622156977099066642,7622310676112098068,,semoga doklip selalu sehat dan kelapkelip 🙏🏻,0,0,,2026-09-19T10:45:58.152487
aliphildan,7622156977099066642,7622194400257721106,,sehat terus Dok,0,0,,2026-09-19T10:45:58.152490
aliphildan,7622156977099066642,7622233310328652552,,Sehat-sehat terus ya doklip🫶🏻🥹,0,0,,2026-09-19T10:45:58.152494
aliphildan,7622156977099066642,7622352985033949973,,tetep semangat dok,0,0,,2026-09-19T10:45:58.152498
aliphildan,7622156977099066642,7622374741395751696,,sedih bngt bacanya,0,0,,2026-09-19T10:45:58.152501
aliphildan,7622156977099066642,7626044947921273607,,fomo,0,0,,2026-09-19T10:45:58.152505
aliphildan,7622156977099066642,7622172769803191047,,"jujur awalnya ada rasa khawatir dan takut,tapi dlm agamaku mengajarkan tentang ikhtiar,jadi apapun itu niatkan untuk ikhtiar,Alhamdulillah kita sekeluarga selalu ikut vaksin,balita ku juga vaksin nya sudah lengkap sesuai anjuran puskesmas,intinya Bismillah ikhtiar sehat...",0,0,,2026-09-19T10:45:58.152509
aliphildan,7622156977099066642,7622224170353689360,,"setidaknya jangan egois plis. vaksin bukan tidak hanya untuk diri sendiri, tapi untuk kesehatan bersama 🥺",0,0,,2026-09-19T10:45:58.152518
aliphildan,7622156977099066642,7622220240155919124,,"doklip doa in anakku ya biar cepet sembuh demam udah 4 hari ini, ada jadwal campak serentak jadi ga ikut 😭",0,0,,2026-09-19T10:45:58.152522
aliphildan,7622156977099066642,7622162811079525137,,antivaks emang merepotkan,0,0,,2026-09-19T10:45:58.152526
aliphildan,7622156977099066642,7622207359762531079,,"trauma sama covid, udah g mau percaya lagi soal beginian, padahal aku nakes juga dok, dahlah tinggal minum vitamin bereeess. kita sekeluarga juga udah pada vaksin dr mulai brojol 😂😂",0,0,,2026-09-19T10:45:58.152530
aliphildan,7622156977099066642,7622283636969259797,,"Sedih banget😭. Bersyukur anak2ku vaksin lengkap semua, semoga dengan bentuk ikhtiarku ini anak2ku sehat dan anak2 yang lain juga sehat, dan yang sudah kena semoga diberi kesembuhan🤲",0,0,,2026-09-19T10:45:58.152536
aliphildan,7622156977099066642,7622204648800502535,,dok itu artinya bahkan setelah vaksin campak masih berbahaya dan menyebabkan kematian ya??,0,0,,2026-09-19T10:45:58.152540
aliphildan,7622156977099066642,7623485241193710343,,"Tapi ini kejadian di diri aku. Aku ngajar ditempat les, ada anak yang baru sembuh dari campak saliman sama aku. Karna kondisi badan aku juga kurang vit aku tertular campak yang bikin kulit kering sampe mengelupas",0,0,,2026-09-19T10:45:58.152544
aliphildan,7622156977099066642,7623231678131110677,,"Assalamu'alaikum.. Dokter bila berkenan tolong bantu pengobatan anak saya arrash.. Saat ini usia 3bln dan baru melakukan operasi besar kasai, saat ini bayi saya dirawat di RSUD dr.soetomo surabaya. Setelah ini diperlukan cangkok hati krna diperkirakan usia bertahan hidup dr kasai hanya sampai 5th dok, tp saya tidak dana untuk melakukan operasi cangkok hati. Semoga dokter berkenan membantu dan semoga rejeki dokter mengalir deras, berkah barokah. Amin ya rabbal alamin",0,0,,2026-09-19T10:45:58.152548
aliphildan,7622156977099066642,7622168331987452679,,aamiin🥹,0,0,,2026-09-19T10:45:58.152552
aliphildan,7622156977099066642,7622241728540197639,,mksdnya?? berita apa yg g bener??,0,0,,2026-09-19T10:45:58.152556
aliphildan,7622156977099066642,7622283873851032327,,"skrng tuh banyak bgt berita2 konspirasi & orang2 yg ngaku2 medical expert apalah2 yg gitu2... Yg ngebrainwash orang2 buat antivaksin. Yg selalu bilang ""anakku g vaksin sehat2 aja tuh sampe gede"" ""anakku g vaksin, badannya g pernah sakit"" dan BLA BLA BLA...",0,0,,2026-09-19T10:45:58.152559
aliphildan,7622156977099066642,7622507135603884808,,berita mana yg gak bener..? mang kamu gak punya tv?minimal banyakkin literasi biar gak ketinggalan info,0,0,,2026-09-19T10:45:58.152563
aliphildan,7622156977099066642,7622240952996315912,,GUEEEE DIRESPON GUEEEEE,0,0,,2026-09-19T10:45:58.152567
aliphildan,7622156977099066642,7622168319260443410,,heeeiii✨,0,0,,2026-09-19T10:45:58.152570
aliphildan,7622156977099066642,7622157489521410823,,GUE BENER BENER FIRST,0,0,,2026-09-19T10:45:58.152574
aliphildan,7622156977099066642,7623053472159007509,,ini pemahaman yg benar ttg agama ...kita memang wajib berusaha dan berdoa...adapun hasilnya kita pasrah dg ketetapan Allah.,0,0,,2026-09-19T10:45:58.152578
aliphildan,7622156977099066642,7622290764702434068,,semoga Allah memberi berkah dan kesehatan untuk kakak juga🥰,0,0,,2026-09-19T10:45:58.152582
aliphildan,7622156977099066642,7622280424139916050,,"semoga segera sembuh ya Adek
Tuhan memberkati",0,0,,2026-09-19T10:45:58.152586
aliphildan,7622156977099066642,7622255617068401429,,aamiin terimakasih doa nya kak,0,0,,2026-09-19T10:45:58.152589
aliphildan,7622156977099066642,7622946826913055509,,"sy wali kelas SD,tiap ada program vaksin kami pihak sekolah selalu lakukan sosialisasi membantu pihak puskesmas,tapi tetap saja orang tua banyak temakan isu yg tidak benar😢😢sehingga kadang disatu kelas hanya ada 2 orang anak yg boleh di vaksin sama orang tua nya.",0,0,,2026-09-19T10:45:58.152593
aliphildan,7622156977099066642,7622628065659274002,,"2023 lalu aku kena campak dok waktu itu usiaku 23.
herannya aku ga ngerasa sakit, macam demam biasa aja gada gejala lain. tapi aku tetep ngurung diri dan wfh sesuai anjuran dokter. setelah aku tanyain, ternyata aku pernah vaksin campak, jadi gejalanya cuma demam biasa.
sengaruh itu guys",0,0,,2026-09-19T10:45:58.152599
aliphildan,7622156977099066642,7622517905104044807,,gapeduli ah intinya ankku harus lulus vaksin semuanya,0,0,,2026-09-19T10:45:58.152603
aliphildan,7622156977099066642,7622337181264741128,,orang2 yg dulu nyepelein imunisasi skrg pada sibuk tanya info kapan jadwal posyandu. krna kasus disini udah banyak.,0,0,,2026-09-19T10:45:58.152606
aliphildan,7622156977099066642,7622288526897808136,,"anakku vaksin lengkap, di usia dia 5th dia kena campak, Alhamdulillah dia kuat, dia tetap aktif mskipun demam tinggi, dan qodarullah kami org tuanya pun tertular juga, 2hari sembuh Alhamdulillah, smua memang takdir Allah tp kita juga tetap harus ada ikhtiarnya",0,0,,2026-09-19T10:45:58.152610
aliphildan,7622156977099066642,7622279749700141844,,dokter yg meninggal itu kerja di cianjur? d rs pagelaran bukan ya? soalnya dilingkunganku ada yg kena campak dan anti vaksin,0,0,,2026-09-19T10:45:58.152613
aliphildan,7622156977099066642,7622279085591167752,,"dok anak ku blm vaksin campak,skrg umur 6 tahun,bisa di vaksin kah skrg?? karena waktu itu pas dia 9 bln pas covid takut mau bawa ke rs atau puslsemas.",0,0,,2026-09-19T10:45:58.152617
aliphildan,7622156977099066642,7622270997236925191,,"Kalo dibilang vaksin ga pengaruh, ya iya kalo dr 10 anak yg di vaksin cuma 1. Vaksin itu membentuk herd immunity jd kl banyak yg vaksin kemungkinan virus menyebar tuh sangat kecil",0,0,,2026-09-19T10:45:58.152621
aliphildan,7622156977099066642,7622269126887981831,,Doklip ini kadus yg d Cianjur bukan? Klo iya aku karyawan di rs itu,0,0,,2026-09-19T10:45:58.152625
aliphildan,7622156977099066642,7622218327984784149,,yak allah inilah yang para kader posyandu di Desa seperti saya kuwatirin... mangkanya kami mati2an ngajak masyarakat buat vaksin sampe di bilang kami jutek kami suka marah2 padahal kami hanya ingin semua selamat,0,0,,2026-09-19T10:45:58.152628
aliphildan,7622156977099066642,7622175673943507730,,ternyata separah itu ya dok campak,0,0,,2026-09-19T10:45:58.152632
aliphildan,7622156977099066642,7624274056208384785,,😁😁😁,0,0,,2026-09-19T10:45:58.152636
aliphildan,7622156977099066642,7623245064085111559,,😁,0,0,,2026-09-19T10:45:58.152639
aliphildan,7622156977099066642,7622344672606208769,,💜💜💜💜💜💜💜💜💜💜💜💜💜💜💜💜💜💜💜💜💜💜💜💜💜💜💜💜💜💜💜💜💜💜💜💜💜💜💜💜💜💜💜💜💜💜💜💜💜💜💜💜💜💜💜💜💜💜💜💜💜💜💜💜💜💜💜💜💜💜💜💜💜💜💜💜💜💜💜💜💜💜💜💜💜💜💜💜💜💜💜💜💜💜💜💜💜💜💜,0,0,,2026-09-19T10:45:58.152643
aliphildan,7622156977099066642,7622252550323340039,,"cus langsung ajah kak
gpp lebih cepat lebih baik
lekas sembuh buat adeknya",0,0,,2026-09-19T10:45:58.152647
aliphildan,7622156977099066642,7622248383956599572,,anakku bapil dulu kak setelah itu baru demam,0,0,,2026-09-19T10:45:58.152651
aliphildan,7622156977099066642,7622248199814677269,,"udah kak, tapi 3 hari ini udah di nebu tapi panas ga turun"" besok mau ku bawa ke DSA takut trombosit turun atau gimana kan, soalnya 4 hari ini demam naik turun",0,0,,2026-09-19T10:45:58.152655
aliphildan,7622156977099066642,7622303487048745749,,heh kalo dongo telan sendiri aja jgn ngajak2. benci banget sm org model gini,0,0,,2026-09-19T10:45:58.152658
aliphildan,7622156977099066642,7622271504659251969,,"ini tu maksud komennya info info yang beredar sampe orang jadi antivaksin jangan dipercaya guys, karena vaksin/imunisasi itu perlu untuk mencegah penyebaran penyakit dan mengurangi gejala (meningkatkan antibodi)",0,0,,2026-09-19T10:45:58.152663
aliphildan,7622156977099066642,7622273079985111829,,🥰,0,0,,2026-09-19T10:45:58.152666
aliphildan,7622156977099066642,7623234257745429256,,jangan percaya sm org yg postingannya AI,0,0,,2026-09-19T10:45:58.152672
aliphildan,7622156977099066642,7622842070771925768,,"Ada di berita, udah banyak dokter yang meninggal kena campak dari tahun lalu... apa yang ga bener beritanya??",0,0,,2026-09-19T10:45:58.152676
aliphildan,7622156977099066642,7622725232503898881,,Gws.,0,0,,2026-09-19T10:45:58.152680
aliphildan,7620650947034893586,7620660851154125575,,Demi Allah kaselek keur ngadahar manisan mangga 😭😭😭😭,0,0,,2026-09-19T10:47:57.246483
aliphildan,7620650947034893586,7620658137166709522,,salah dok lesung itu yg buat di tumbuknya. kalo itu alu dok,0,0,,2026-09-19T10:47:57.246510
aliphildan,7620650947034893586,7620654594650358548,,doklip baru upload yaa,0,0,,2026-09-19T10:47:57.246512
aliphildan,7620650947034893586,7620676065391952661,,jadi jadwalnya dok aiman -> dok san -> dok lip 😭😭,0,0,,2026-09-19T10:47:57.246514
aliphildan,7620650947034893586,7653731567911387924,,ini lesung gk ya,0,0,,2026-09-19T10:47:57.246517
aliphildan,7620650947034893586,7644409945337725716,,😂😂😂😂asyeeeem....nganti kepleset aku dok,0,0,,2026-09-19T10:47:57.246519
aliphildan,7620650947034893586,7638879999844729617,,"Itu ulekan dok bkan lesung, lesung tu lbh panjang🤣",0,0,,2026-09-19T10:47:57.246520
aliphildan,7620650947034893586,7645255478834119425,,Dok😭,0,0,,2026-09-19T10:47:57.246522
aliphildan,7620650947034893586,7623987121591075604,,aku yang punya lesung pipi aja malah pingin diilangin dok😏,0,0,,2026-09-19T10:47:57.246524
aliphildan,7620650947034893586,7625133730626093832,,dok tp aku punya lesung pipi grgr kepentok meja pas masih kecil😭,0,0,,2026-09-19T10:47:57.246525
aliphildan,7620650947034893586,7620734941265855253,,baru fyp lagi dok,0,0,,2026-09-19T10:47:57.246527
aliphildan,7620650947034893586,7624496757733311239,,ini baru lesung nya ngelesung bgt dok 😁,0,0,,2026-09-19T10:47:57.246529
aliphildan,7620650947034893586,7620668290997682965,,adaaa ajaaa idenya [cry][cry][cry],0,0,,2026-09-19T10:47:57.246531
aliphildan,7620650947034893586,7626262927951807240,,padahal mendingan buat aku nyeblak aja cabe nya,0,0,,2026-09-19T10:47:57.246533
aliphildan,7620650947034893586,7620668541067133703,,tim dari saluran nihh,0,0,,2026-09-19T10:47:57.246534
aliphildan,7620650947034893586,7623633341900079893,,"kenapa baru sekarang aku nyasar di mari , y Allah dok kamu lucuuuuuuu bgt 😂😂😂😂",0,0,,2026-09-19T10:47:57.246536
aliphildan,7620650947034893586,7621245966805893909,,Tanjung lesung ini mah🙏🏻😔,0,0,,2026-09-19T10:47:57.246538
aliphildan,7620650947034893586,7620672420249469713,,pas lagi pake baju hitam bayinya mirip Dr Nico ya,0,0,,2026-09-19T10:47:57.246539
aliphildan,7620650947034893586,7620671176139211521,,besok aku cba di ponakan pake exsa aja alt berat,0,0,,2026-09-19T10:47:57.246541
aliphildan,7620650947034893586,7627286896973169416,,hoahahhaha,0,0,,2026-09-19T10:47:57.246542
aliphildan,7620650947034893586,7620667917818725127,,kakk…,0,0,,2026-09-19T10:47:57.246544
aliphildan,7620650947034893586,7620667912948548370,,oke next coba lagi🙏🏻,0,0,,2026-09-19T10:47:57.246546
aliphildan,7620650947034893586,7620799162179126036,,sesuai shift jaga,0,0,,2026-09-19T10:47:57.246547
aliphildan,7620650947034893586,7620668138976199442,,iyanich,0,0,,2026-09-19T10:47:57.246549
aliphildan,7614183138838744327,7614344299719246608,,ternyata dia dokter beneran ya,0,0,,2026-09-19T10:52:20.200569
aliphildan,7614183138838744327,7614284343838229264,,"dok ada yg bilang kalau manusia hidup cuman 1 kali doang kena campak, itu bener gasi",0,0,,2026-09-19T10:52:20.200590
aliphildan,7614183138838744327,7614311086104281873,,Kalo udh kena bisa kena lagi gak ?,0,0,,2026-09-19T10:52:20.200593
aliphildan,7614183138838744327,7614318170685883144,,"ohh pemahaman ku keliru ternyata 😄, aku kira campak itu bentuknya kayak cacar air gitu",0,0,,2026-09-19T10:52:20.200595
aliphildan,7614183138838744327,7614289926398739221,,bnyak ibu² yg gk mw anknya di imunisasi dok,0,0,,2026-09-19T10:52:20.200597
aliphildan,7614183138838744327,7614259060330939144,,aku kena😭😭😭,0,0,,2026-09-19T10:52:20.200600
aliphildan,7614183138838744327,7614303506660475649,,kaget 😯 lg serius tiba2 berasa salto.,0,0,,2026-09-19T10:52:20.200602
aliphildan,7614183138838744327,7614345805973701384,,aku selalu ngejar vaksin ke bidan/ puskes meskipun kadang kelewat bulannya karna seringnya kosong,0,0,,2026-09-19T10:52:20.200604
aliphildan,7614183138838744327,7614314657344963348,,Pas pulang dari tempat bermain. Malam nya demam besok nya campak nya muncul 😭,0,0,,2026-09-19T10:52:20.200606
aliphildan,7614183138838744327,7614582885568447240,,aku kenaa😭,0,0,,2026-09-19T10:52:20.200608
aliphildan,7614183138838744327,7614359776114180871,,gmn cara melindungi baby 3 bulan dr campak? karna vaksin campak baru di 9 bulan.,0,0,,2026-09-19T10:52:20.200610
aliphildan,7614183138838744327,7614258595047457554,,sahur doklipp,0,0,,2026-09-19T10:52:20.200611
aliphildan,7614183138838744327,7614323561620538119,,"tahun lalu heboh campak disekolah anak2ku, sampe kalo ada yg nunjukin gejala campak langsung dipulangin saat itu juga biar anak2 lain gak ketularan, dan works, miris bgt ada org dewasa yg kena campak malah jalan2 😭😭",0,0,,2026-09-19T10:52:20.200613
aliphildan,7614183138838744327,7614347508323484417,,Kalo di campakan obatnya apa dok?,0,0,,2026-09-19T10:52:20.200615
aliphildan,7614183138838744327,7614356869517116178,,hpnya TDK mendukung untuk serius😭,0,0,,2026-09-19T10:52:20.200617
aliphildan,7614183138838744327,7614335221541962503,,"dok ada beda nya gak, antara vaksin anak bayi dg vaksin covid?",0,0,,2026-09-19T10:52:20.200619
aliphildan,7614183138838744327,7614364600091345684,,Campak sama cacar beda ya kak?,0,0,,2026-09-19T10:52:20.200621
aliphildan,7614183138838744327,7614493277178151701,,dok aku sering kena campak Chen yuan dok😭,0,0,,2026-09-19T10:52:20.200623
aliphildan,7614183138838744327,7614337090244199175,,Ngantuk banget romannya dok😌,0,0,,2026-09-19T10:52:20.200624
aliphildan,7614183138838744327,7614333340179104529,,Campak sama cacar beda kan guys,0,0,,2026-09-19T10:52:20.200626
aliphildan,7614183138838744327,7614343735865869063,,"Iya, “kebanyakan” orang memang cuma kena campak sekali seumur hidup karena setelah terinfeksi tubuh membentuk imunitas yang kuat. Tapi masalahnya, sebelum kebal itu kita harus sakit dulu, dan campak bisa menyebabkan komplikasi serius seperti pneumonia atau radang otak. Makanya vaksin dibuat supaya tubuh bisa kebal tanpa harus terkena penyakitnya dulu",0,0,,2026-09-19T10:52:20.200628
aliphildan,7614183138838744327,7614344346833388304,,jokes ya jokes,0,0,,2026-09-19T10:52:20.200631
aliphildan,7614183138838744327,7614345384550908690,,wkwkwk,0,0,,2026-09-19T10:52:20.200633
aliphildan,7614183138838744327,7614350849247314706,,wkwk udah klarif duluan 😭,0,0,,2026-09-19T10:52:20.200639
aliphildan,7614183138838744327,7614347102529831681,,"Soalnya sblm ini , anakku umur 3th dia udh keluar ruam merah2 gt kak, sblm keluar merah2nya badannya panas tinggi 2harian bapil jg , apa itu campak yaa ???",0,0,,2026-09-19T10:52:20.200641
aliphildan,7614183138838744327,7614344287740330759,,"“Umumnya” tidak, karena setelah kena campak tubuh biasanya membentuk imunitas seumur hidup.",0,0,,2026-09-19T10:52:20.200642
aliphildan,7614183138838744327,7614344432985883400,,"naahh keduanya memang sama-sama bikin ruam di kulit, jadi sering dikira sama. Tapi campak dan cacar air itu penyakit yang berbeda: virusnya berbeda dan pola ruamnya juga berbeda.",0,0,,2026-09-19T10:52:20.200644
aliphildan,7614183138838744327,7614363410373214996,,"mohon maaf dok kebanyakan warga sini itu masih percaya mitos klo msalah mengasuh anak 🙏🙏
apalagi tinggal sama gen org jadul
susah bgt dibilangin dok 🙏🙏
semangat buat para nakes kalian lah pahlawann sesungguhnya ketika kami sakit",0,0,,2026-09-19T10:52:20.200646
aliphildan,7614183138838744327,7614344641249329928,,"jujur sedih :”( padahal imunisasi itu justru melindungi anak dari penyakit yang bisa berbahaya seperti campak. Kadang yang bikin ragu biasanya karena informasi yang keliru atau hoaks, jadi penting banget kita terus edukasi supaya orang tua bisa ambil keputusan berdasarkan informasi yang benar.",0,0,,2026-09-19T10:52:20.200649
aliphildan,7614183138838744327,7614261117460087572,,semoga cepet sembuh kak🥰,0,0,,2026-09-19T10:52:20.200651
aliphildan,7614183138838744327,7614343749192631048,,lekas sembuh ya ka🥹,0,0,,2026-09-19T10:52:20.200653
aliphildan,7614183138838744327,7614363482012926738,,"aamiin, makasihh kak",0,0,,2026-09-19T10:52:20.200655
aliphildan,7614183138838744327,7614344140020843282,,heh,0,0,,2026-09-19T10:52:20.200656
aliphildan,7614183138838744327,7614335287577543431,,padahal nungguin kelap kelip sma kaki helikopter nya 😌,0,0,,2026-09-19T10:52:20.200659
aliphildan,7614183138838744327,7614259402111894279,,takut bgt🥲 mau lebaran mana lagi hamil😭,0,0,,2026-09-19T10:52:20.200660
aliphildan,7614183138838744327,7614301803181687569,,iyaaa lg banyak kasusnya di puskesmas ku dok,0,0,,2026-09-19T10:52:20.200662
aliphildan,7614183138838744327,7614363229938549521,,bener dok. Rs dsini banyak kena campak😭,0,0,,2026-09-19T10:52:20.200664
aliphildan,7614183138838744327,7614359441601200903,,kalo rubella bedanya gmn dok? dulu pas hamil aku pernah kena rubella panas tinggi pas turun muncul bintik2 merah banyak bgt,0,0,,2026-09-19T10:52:20.200666
aliphildan,7614183138838744327,7614305034181116690,,kmrn di November kedua anakku dirawat krna campak+ tipes huhu combo dan seseram itu emang pada masa sakitnyaa😭 ngeri padahal. kedua anakku vaksin lengkap😭😭😭,0,0,,2026-09-19T10:52:20.200668
aliphildan,7614183138838744327,7614267842783626005,,ini campak bukan? kalau Cuma pas kedinginan aja,0,0,,2026-09-19T10:52:20.200670
aliphildan,7614183138838744327,7614299902218765064,,doklip aku sampek kebawa mimpi klo aku tertular campak . takut banget ya allah 😭 bangun² kayak orang linglung raba² tangan dan wajah juga,0,0,,2026-09-19T10:52:20.200672
aliphildan,7614183138838744327,7614258526303339271,,fitst ya,0,0,,2026-09-19T10:52:20.200674
aliphildan,7614183138838744327,7614271778822570772,,udah gede di campakin,0,0,,2026-09-19T10:52:20.200676
aliphildan,7614183138838744327,7614259374601192212,,yang punya bayi masih kecil jangan lupa imunisasi campak ya guys,0,0,,2026-09-19T10:52:20.200679
aliphildan,7614183138838744327,7614366959295873810,,semangat doklip jgn cape terus ingetin biar pada melek vaksin campak🥰,0,0,,2026-09-19T10:52:20.200681
aliphildan,7614183138838744327,7614347427726738197,,"@Mecha Soldier🐾:doklip doklip, klo dicampakkan ada obatnya gak?🗿",0,0,,2026-09-19T10:52:20.200683
aliphildan,7614183138838744327,7614259363909976839,,"doklip doklip, klo dicampakkan ada obatnya gak?🗿",0,0,,2026-09-19T10:52:20.200685
aliphildan,7614183138838744327,7614282740416627477,,"alhamdulilah, soalnya tetangga ku pada bilang campak Katanya",0,0,,2026-09-19T10:52:20.200687
aliphildan,7614183138838744327,7614281072536584981,,beda kak itu biduren kloo di daerahku soalnya aku juga selalu biduren alergi angin,0,0,,2026-09-19T10:52:20.200689
aliphildan,7614183138838744327,7614348427011015442,,wuaaahhhh di bales doklip 😭😭😭 akir² ini emang fyp nya dok mungkin iya kepikiran dari fyp kali ya . semoga terhindar dari penyakit ini 🤲🤲 sehat selalu untuk semua,0,0,,2026-09-19T10:52:20.200691
aliphildan,7614183138838744327,7614344915305415432,,"wuaduu.. Campak itu biasanya diawali demam tinggi, batuk, pilek, mata merah, baru kemudian muncul ruam. Kalau tidak ada gejala seperti itu, kemungkinan besar hanya karena lagi kepikiran ajaa.",0,0,,2026-09-19T10:52:20.200693
aliphildan,7614183138838744327,7614415597199803156,,sama dok,0,0,,2026-09-19T10:52:20.200695
aliphildan,7614183138838744327,7614345034162520839,,akuu juga ini mah☺️,0,0,,2026-09-19T10:52:20.200696
aliphildan,7599543540674284808,7599547815559938817,,✨Belajar✨lagi✨deh✨dok✨,0,0,,2026-09-19T11:20:50.451708
aliphildan,7599543540674284808,7599856613994939156,,Aku pernah ngawani kakakku ke clinic di KL karna gerd.. bukan dirujuk ke jantung tapi ke psikiater🤣,0,0,,2026-09-19T11:20:50.451731
aliphildan,7599543540674284808,7599554964612268817,,g usah ke dokter klo udah tau klo gitu,0,0,,2026-09-19T11:20:50.451734
aliphildan,7599543540674284808,7599562910361305863,,"udaah yaa gaiss, orgnya udah mengakui kesalahannya🙏🏻✨",0,0,,2026-09-19T11:20:50.451737
aliphildan,7599543540674284808,7599638404276093712,,"seharusnya dikasih penjelasan bukan sih, BUKAN DIHUJAT, DIKATAIN, JIKA PENJELASANNYA MUDAH DIPAHAMI DAN DIMENGERTI PASTI JUGA ORANG AWAM JUGA AKAN PAHAM, DAN SEKALIAN MENGEDUKASI MASYARAKAT JUGA KAN, TERIMA KASIH DOKTER",0,0,,2026-09-19T11:20:50.451739
aliphildan,7599543540674284808,7599554718818272007,,"aku yg emang kena aslam dan axienty tiap sesak napas atau jantung berdebar slalu berpikir bahwa aku akn baik2 sja krna percaya kta dr. klo aslam tidak menyebabkan penyakit jantung,,,",0,0,,2026-09-19T11:20:50.451741
aliphildan,7599543540674284808,7599573579030037264,,"serius ini bertanya yh soalnya ngalamin bgt, sehari setelah perjalanan bandung jogja naik motor besok malamnya lebih tepatnya tengah malam, dada berasa panas, panik dan gelisah dan napas juga kayak agak susah buat di atur, apa itu gerd? maaf bgt soalnya jarang sakit jadi gk tau, paling sakit yh sakit kepala ma gigi doank",0,0,,2026-09-19T11:20:50.451743
aliphildan,7599543540674284808,7600202681370280712,,oksigen ke darah untuk memompa jantung itu gimana🥰?,0,0,,2026-09-19T11:20:50.451745
aliphildan,7599543540674284808,7599624214748971796,,"mungkin penjelasannya terlalu singkat dok,untuk org awam ,mungkun kl dijelaskan scra gamblang awam akan paham",0,0,,2026-09-19T11:20:50.451747
aliphildan,7599543540674284808,7599545303012623122,,"sabar doklip kamu sendirian ,soalnya kalo marah ada dr ikhsan izin🙏",0,0,,2026-09-19T11:20:50.451749
aliphildan,7599543540674284808,7599544950766961415,,"dok butuh penjelasan lengkap nya dong,Soalnya aku klu gerd kambuh jg sesak nafas 🥺🥺",0,0,,2026-09-19T11:20:50.451751
aliphildan,7599543540674284808,7599690657565786887,,"Izin bertanya, dokter. Jika GERD sering dikaitkan dengan anxiety, apakah penanganannya sebaiknya tidak hanya fokus ke fisik (jantung/lambung), tetapi juga mempertimbangkan evaluasi ke poli jiwa? Karena bila faktor kecemasan dominan, aspek mental pasien juga perlu ditangani. Terima kasih.",0,0,,2026-09-19T11:20:50.451752
aliphildan,7599543540674284808,7601668757220360981,,"pertama kali anxiety dibawa ke igd karena ngerasa sesak nafas gak ada tuh cek ekg atau yg berhubungan sama jantung, dokternya malah langsung nyaranin ke ortu buat dibawa ke psikiater + dikasih obat tidur dll.. wallahi pas bangun segar banget, kek ngerasa gak pernah tidur selelap itu😭 (tp cuma aku minum sekali aja obat tdrnya karena setelah itu belajar berdamai sama keadaan walau kadang kambuh tp di-yaudahin aja)",0,0,,2026-09-19T11:20:50.451754
aliphildan,7599543540674284808,7599544834231173906,,wkwk...sedih akutuh🤧,0,0,,2026-09-19T11:20:50.451756
aliphildan,7599543540674284808,7599564508147614484,,Kasih paham dokkkk,0,0,,2026-09-19T11:20:50.451758
aliphildan,7599543540674284808,7599552650695017224,,plengerr finall bosss🙂,0,0,,2026-09-19T11:20:50.451760
aliphildan,7599543540674284808,7600233392514335506,,udehh dijelasin disono sini kaa😭 makanya cari tau jgn asal nyeplos amat apa jd manusiya😭😭,0,0,,2026-09-19T11:20:50.451762
aliphildan,7599543540674284808,7599559249891279623,,yess justru dri penjelasan simple tsb pejuang2 gerd jadi gak perlu ovt,0,0,,2026-09-19T11:20:50.451763
aliphildan,7599543540674284808,7599608218583892756,,kak. better periksa yaaa. plis jangan self diagnosia. semoga lekas sembuh yaa,0,0,,2026-09-19T11:20:50.451765
aliphildan,7599543540674284808,7599599352948015879,,Ngga tau aja brapa lama dokternya blajar sampe dia bisa jdi spesialis😭,0,0,,2026-09-19T11:20:50.451767
aliphildan,7599543540674284808,7599646871082894101,,spesialis di suruh belajar sama orang yg ngejelasin modal masukin keyword ke AI emng se gong itu 😂,0,0,,2026-09-19T11:20:50.451769
aliphildan,7599543540674284808,7599685054781211400,,Orang sekolah mahal2 malah disuruh belajar lagi sm orang yg gajadi apa2😭,0,0,,2026-09-19T11:20:50.451774
aliphildan,7599543540674284808,7599912886492168967,,"Aku juga pernah ke dokter spesialis penyakit dalam ak bilang gerd, pas di chek dll dokternya cuma bilang “ km selesaiin dulu ya masalah km baik” aku kaget😂 ko dia tau ak punya masalah dan posisinya itu aku mau divorce😅",0,0,,2026-09-19T11:20:50.451776
aliphildan,7599543540674284808,7600371319184245512,,"iya betul dokter ku bilang gitu juga, ""sembuhkan dulu hati kamu ya sayangi diri kamu maafkan yg udah terjadi makan teratur rajin olahraga nantik perlahan gerd kamu sembuh"" intinya kalau mau sembuh dari gerd masalah dari diri kita dulu selesaikan dan hati kita di jaga agar penyakit gak menyerang tubuh kita",0,0,,2026-09-19T11:20:50.451778
aliphildan,7599543540674284808,7600595152218833671,,@Kahfiyu,0,0,,2026-09-19T11:20:50.451780
aliphildan,7599543540674284808,7599701777977737991,,😂😂😂😂untung dokter boby mah slow orangnya saking slow nya klo visite bikin gregetan emang itu karakter dokter jantung klo kaya dr.tirta yg gak sakit jantung yakin jd serangan jantung di gblkin mulu klo g'blok 😂😂😂😂,0,0,,2026-09-19T11:20:50.451783
aliphildan,7599543540674284808,7599683089590502165,,Untuk dr.tirta bukan dokter spesialis jantung di atas 😂 udh habis itu orang di gblk gblk,0,0,,2026-09-19T11:20:50.451785
aliphildan,7599543540674284808,7599673129325183751,,"@It's_Sekar🌹 kamu aja yang bilang, kali aja si jumozaaaa ngga nyuruh dokternya belajar lagi 😭",0,0,,2026-09-19T11:20:50.451786
aliphildan,7599543540674284808,7599586632547943189,,"iya kalo sakit gk usah periksa.
periksa mandiri dirumah, krn dia sdh lebih tau drpda dokter itu sendiri.",0,0,,2026-09-19T11:20:50.451789
aliphildan,7599543540674284808,7599685731993322256,,"yg kaya begitu ga akan berobat ke dokter ka, karena udah pinter bisa self diagnose dengan modal google dan chat gpt, minum air putih juga sembuh🙏",0,0,,2026-09-19T11:20:50.451791
aliphildan,7599543540674284808,7599646327828611861,,na iya kk obati sendiri aja la ya klo sekelas dokterpun masih disuruh belajar lgi,0,0,,2026-09-19T11:20:50.451793
aliphildan,7599543540674284808,7599583741115613970,,jumooza kalau sakit pergi nya ke dukun mungkin doklip jadi plenger,0,0,,2026-09-19T11:20:50.451795
aliphildan,7599543540674284808,7599623524550296341,,Si monica chacha belum minta maaf?? Si,0,0,,2026-09-19T11:20:50.451796
aliphildan,7599543540674284808,7599599280110076692,,"belajar yg rajin yaa jumozaa, atur se plenger mungkin🤪",0,0,,2026-09-19T11:20:50.451798
aliphildan,7599543540674284808,7600422394255393554,,gak🥰,0,0,,2026-09-19T11:20:50.451801
aliphildan,7599543540674284808,7600392718422704903,,sudah yuk pulang😭,0,0,,2026-09-19T11:20:50.451802
aliphildan,7599543540674284808,7599552756881834773,,🥲,0,0,,2026-09-19T11:20:50.451804
aliphildan,7599543540674284808,7599596144566158101,,Dokter specialist beneran di serang dokter specialist google 😩😩🙏🙏🙏,0,0,,2026-09-19T11:20:50.451806
aliphildan,7599543540674284808,7599662933317288705,,😭,0,0,,2026-09-19T11:20:50.451808
aliphildan,7599543540674284808,7599626039849992976,,"perlu lanjut SpKJ sepertinya dok, banyak komplikasi ala jaman now.",0,0,,2026-09-19T11:20:50.451810
aliphildan,7599543540674284808,7599544872274182932,,ampuuun dah wkwk,0,0,,2026-09-19T11:20:50.451812
aliphildan,7599543540674284808,7599587099788215047,,"itu yang jelasin dr spesialis jantung tapi di lawan 🥺🥺🥺🥺 ... ak juga gerd dan jadi Axienty dokter nya bilang... jangan mlhan di pikirin itu bkin pusing mlhan Axienty mu yang bkin kamu makin panik, tetep inhale exhale dan usahakan jangan tiduran dulu, biar asam lambung g makin naik... kalau Axienty nyerang alihkan ke hal yang bkin kamu tenang.. 😁",0,0,,2026-09-19T11:20:50.451816
aliphildan,7599543540674284808,7601514170832749320,,sabar ya dok,0,0,,2026-09-19T11:20:50.451817
aliphildan,7599543540674284808,7599558370089157397,,"kalau bukan jurusan kita mending kita diam saja deh, jadikan pelajaran 🙂",0,0,,2026-09-19T11:20:50.451819
aliphildan,7599543540674284808,7599573891888235284,,"jadi yang sekolah kedokteran tuh siapa :"")",0,0,,2026-09-19T11:20:50.451821
aliphildan,7599543540674284808,7599670690471674640,,4 kata lucu: belajar lagi deh dok😭,0,0,,2026-09-19T11:20:50.451831
aliphildan,7599543540674284808,7600345708861227784,,Wkwk ngakak poll,0,0,,2026-09-19T11:20:50.451833
aliphildan,7599543540674284808,7600366548055032597,,Bisa2 dokter digituin😭,0,0,,2026-09-19T11:20:50.451835
aliphildan,7599543540674284808,7599606461431579408,,Yg komen sumpah kayak suamiku😭 aku nakes udah di bilangin tapi tetap ajah di jawab seolah olah dia itu Prof 😭,0,0,,2026-09-19T11:20:50.451837
aliphildan,7599543540674284808,7599955649939014418,,yaallah lucu bngt ngakak 😭,0,0,,2026-09-19T11:20:50.451839
aliphildan,7599543540674284808,7599678464287228693,,"Tp kan bener, gerd ga bikin sakit jantung😭 sakit jantung kan beda lg penyebabnya😭",0,0,,2026-09-19T11:20:50.451840
aliphildan,7599543540674284808,7600251773886432020,,pasti mereka dari golongan ini,0,0,,2026-09-19T11:20:50.451842
aliphildan,7599543540674284808,7599630858845471508,,klo gini terus dr jantung bs kena sr jantung😭,0,0,,2026-09-19T11:20:50.451844
aliphildan,7599543540674284808,7599607371531649813,,apk problematik itu lagi,0,0,,2026-09-19T11:20:50.451846
aliphildan,7599543540674284808,7599553674081878792,,yg belum pernah merasakan ga akan paham. tapi seriuss ini Dokter SPESIALIS JANTUNG dispelein😭😭?,0,0,,2026-09-19T11:20:50.451848
aliphildan,7599543540674284808,7600282119551091464,,Dari kata oksigen ke darah untuk memompa jantung aja udah lucu 😭😭😭😭😭,0,0,,2026-09-19T11:20:50.451850
aliphildan,7599543540674284808,7599668232166228754,,"Kalau di jelaskan secara gamblang butuh berapa semester nanti kak , yg dijelaskan juga blm tentu connect 🙄",0,0,,2026-09-19T11:20:50.451852
aliphildan,7599543540674284808,7599641082616840981,,"lmbung ngurus pncernaan, jantung ngurus peredaran darah, ga nyambung, klo klian blng, klo gerd bkin klian sesak npas, ya iya krna gerd memicu peningkatan gas dlm tbuh yg mnekan paru2, klo klian blng, tensi sya naik, ya ktika gerd klian kmbuh, tbuh jd lemah, mmbuat klian mmbtuhkn tnaga yg ektra, tenaga ekstra yg dkluarkn mningkatkn tensi",0,0,,2026-09-19T11:20:50.451854
aliphildan,7599543540674284808,7599625381092754196,,ws intine lambung gk onk hubungan ng jantung seg onk iku hipertensi kolesterol lay iku ws,0,0,,2026-09-19T11:20:50.451856
aliphildan,7599543540674284808,7599959254212395784,,Kok ini lucu yaa 😭🙏🏻,0,0,,2026-09-19T11:20:50.451858
aliphildan,7599543540674284808,7600307203233055496,,yaallahhh 😭😂😂😂,0,0,,2026-09-19T11:20:50.451861
aliphildan,7599543540674284808,7599552254098031381,,iya betul biar dia aja,0,0,,2026-09-19T11:20:50.451863
aliphildan,7599543540674284808,7599546256340009746,,coba lihat langsung di ig nya dr. bobby aja kaa,0,0,,2026-09-19T11:20:50.451865
aliphildan,7599543540674284808,7600424989846078229,,"yang punya penyakit gerd gak selalu disertai anxiety. tapi kalo dokternya sendiri bilang gerd-anxiety, kemungkinan psikosomatis parah, udah dicek organnya semua gak ditemukan penyakit lain, dan penyakit gerdnya gak sembuh2, pasti, diarahlan ke poli jiwa. gerd, tidak memerlukan pengobatan jantung kalau memang jantungnya tidak ada masalah. nanti sama dokternya dikasih obat lambung sama golongan psikotropika kalau memang ada masalah kejiwaan dan kalau memang diperlukan.",0,0,,2026-09-19T11:20:50.451867
aliphildan,7599543540674284808,7600265871844590354,,"coba baca ulang VT nya, siapa yang tulis Gerd Anxiety disitu ?",0,0,,2026-09-19T11:20:50.451869
aliphildan,7599543540674284808,7600214075180253973,,"ga paham dia kak, orang sekarang kan kebanyakan self diagnose ya makanya ada gejala dikit langsung ih iya aku juga sama, beda sama orang yang bener bener periksa ke dokter cuma buat tau sakitnya apa,, makanya heran sama orang sekarang kok bisa ya self diagnose gitu 😭",0,0,,2026-09-19T11:20:50.451871
aliphildan,7599543540674284808,7599668025634079496,,im almost old but im ingin tetap young🙄,0,0,,2026-09-19T11:20:50.451873
aliphildan,7599543540674284808,7599664688830661396,,anjir fosil😭,0,0,,2026-09-19T11:20:50.451875
aliphildan,7599543540674284808,7599619592671675144,,gw fossil 1993 kak🗿,0,0,,2026-09-19T11:20:50.451877
aliphildan,7599543540674284808,7602206906723500820,,bener banget,0,0,,2026-09-19T11:20:50.451879
aliphildan,7599543540674284808,7602198578813190933,,"tapi kayanya 90% masalah di idup ini karena psikis sih, terutama trauma masa kecil",0,0,,2026-09-19T11:20:50.451880
aliphildan,7599543540674284808,7599546359980655368,,"sama, sampe menetes air hidungku",0,0,,2026-09-19T11:20:50.451882
aliphildan,7599543540674284808,7600557168664167175,,mungkin dikira yg ngetweet itu bobby kartanegara,0,0,,2026-09-19T11:20:50.451884
aliphildan,7599543540674284808,7599667533121061653,,oksigen ke darah? memompa jantung? kan jantung yg memompa darah yv isinya oksigen 😭,0,0,,2026-09-19T11:20:50.451887
aliphildan,7599543540674284808,7599663364138402561,,ga ngerti lagi dah 😭😭,0,0,,2026-09-19T11:20:50.451889
aliphildan,7599543540674284808,7601066150126633736,,"Aku pernah menderita gerd dan anxiety, tp disarankan ke psikiater, sering nyeri dada sesak nafas kek mau metong tp ternyata jantungku baik2 aja😂 saiki aku wes sehatt karena ubah pola makan, pola tidur dan pola hidup",0,0,,2026-09-19T11:20:50.451890
aliphildan,7599543540674284808,7599942223271510792,,"aing tiap naik asam lambung , lgsg duduk tegak, sugesti yg baik2, Nonton Drakor yg lucu2😂😂
btw gw tiap hari msi bs seruput kopi Alhamdulillah😅",0,0,,2026-09-19T11:20:50.451893
aliphildan,7599543540674284808,7602088566642770696,,pdhl itu basic pelajaran ipa waktu sma deh perasaan gue🗿kok bs bsnya mereka gak paham,0,0,,2026-09-19T11:20:50.451896
aliphildan,7599543540674284808,7600322434549728020,,"gerd = lambung > daerah sistem pencernaan, daerah jantung tuh sistem peredaran darah jauh, ya mungkin mba nya jantung sama lambung jadi 1 saluran kali ya 🥺",0,0,,2026-09-19T11:20:50.451898
aliphildan,7599543540674284808,7599606726422577938,,"Kalau lagi gerd, coba nenangin pikiran, sesek ilang🙂 Kalau jantung, sesek dan coba nenangin pikiran, engga akan ngefek apapun 🙂",0,0,,2026-09-19T11:20:50.451899
aliphildan,7599543540674284808,7599988301340738311,,ini lbih parah,0,0,,2026-09-19T11:20:50.451902
aliphildan,7599543540674284808,7599612834821456658,,"Aku juga gitu saking ovt nya saturasi oksigen aman, tapi badan kaku semua kaya udah ga ada harapan cek darah, urin juga minta EKG suruh pulang. Sekarang ke psikiater lagi.",0,0,,2026-09-19T11:20:50.451904
aliphildan,7599543540674284808,7599894067213042453,,"Kata-kata lucu bulan ini ""belajar lagi deh dok""😭😭😭😭",0,0,,2026-09-19T11:20:50.451906
aliphildan,7599543540674284808,7599681498117227284,,"dok bantu jawab ya saya suka gabisa nafas tiba tiba, terus bisa lagi, gimana supaya ga kambuh ya dok, mohon bantuannya dok",0,0,,2026-09-19T11:20:50.451909
aliphildan,7599543540674284808,7599608328688730900,,butuhnya dokter jiwa mgkn,0,0,,2026-09-19T11:20:50.451911
aliphildan,7599543540674284808,7600237399688528656,,Sama hal kaya kita nakes pertama dikeluarga terus ngasih edukasi tentang hal yg baik malah kita yg di edukasi balik🤣. Tentunya greget ya hehe tapi memang harus pelan pelan baru bisa paham😭,0,0,,2026-09-19T11:20:50.451913
aliphildan,7599543540674284808,7600393919701156628,,"pejuang gerd, tapi gak pernah kepikiran buat menganalisa kalau gerd bikin sakit jantung. mikirku kalau gerd lagi kambuh ya efek stress pikiran kenceng sama kecapekan.",0,0,,2026-09-19T11:20:50.451915
aliphildan,7599543540674284808,7599826544274899719,,"Sepengalaman mertuaku yg punya gerd. Pertama jgn banyak pikiran, bebaskan aja rasa khawatir itu. Karna ketika kepikiran mendalam pasti mertua masuk RS kumat parah. Semenjak ga OVT trus bebas dr rasa khawatir alhamdulillah sehat2 aja. Itu pengalaman mertua dan kami sebagai anak memang menyaksikannya. Dan rata2 dokter menyarankan seperti itu tp tetap diimbangi dengan minum obat vitamin juga",0,0,,2026-09-19T11:20:50.451917
aliphildan,7599543540674284808,7599699942911116053,,belajar lagi dok,0,0,,2026-09-19T11:20:50.451918
aliphildan,7599543540674284808,7600238212049339156,,tenang. dr tirta sudah hadapi semua netijen😁,0,0,,2026-09-19T11:20:50.451920
aliphildan,7599543540674284808,7599618854884672277,,Sabar sabar deg hidup sama orang orang di konoha,0,0,,2026-09-19T11:20:50.451922
aliphildan,7599543540674284808,7600402595101917959,,jadi takut banget sama netizen 🙏,0,0,,2026-09-19T11:20:50.451924
aliphildan,7599543540674284808,7599550522652492562,,"malu banget aku tuh ,untung dokternya sabar banget 😭😭",0,0,,2026-09-19T11:20:50.451926
aliphildan,7599543540674284808,7600633356434785031,,yang sabar ya dr 😅,0,0,,2026-09-19T11:20:50.451928
aliphildan,7599543540674284808,7599607782870762260,,"gerd gk bikin sakit jantung..
yg bikin sakit jantung tuh liat dompetku skrg.. 🤣🤣",0,0,,2026-09-19T11:20:50.451930
aliphildan,7599543540674284808,7600389696107332370,,tapi dok ak pernah gerd kambuh deg deg an sampe detak jantung 150 tp gk lg beraktivitas,0,0,,2026-09-19T11:20:50.451932
aliphildan,7599543540674284808,7600582310627803912,,ini diapk apa ya? thread atau x,0,0,,2026-09-19T11:20:50.451934
aliphildan,7599543540674284808,7600447726628160264,,Twitter ya itu dok?,0,0,,2026-09-19T11:20:50.451936
aliphildan,7599543540674284808,7600437737870803732,,titik terendah ya dok 😔,0,0,,2026-09-19T11:20:50.451938
aliphildan,7599543540674284808,7599586034993333009,,😂😂,0,0,,2026-09-19T11:20:50.451941
aliphildan,7599543540674284808,7600421172039648020,,Anu gimana ya.,0,0,,2026-09-19T11:20:50.451943
aliphildan,7599543540674284808,7599613064804238098,,Emang sih dr tu life long learning tapi ga gitu juga. beliau udh sp jp konsultan kardiologi intervensi pula terus di komen kayak gitu 😭😭,0,0,,2026-09-19T11:20:50.451945
aliphildan,7599543540674284808,7600342681386484496,,belajar lagi dok🙏,0,0,,2026-09-19T11:20:50.451947
aliphildan,7599543540674284808,7600640198918325010,,aku aja belain dokter di postnya dokter aditya malah di kata katain 😂,0,0,,2026-09-19T11:20:50.451949
aliphildan,7599543540674284808,7600388638267196167,,tapi bener aku pernah gerd sakit bngt tapi dokter suruh aku ke psikiater klw gak refreshing katanya 😂,0,0,,2026-09-19T11:20:50.451951
aliphildan,7599543540674284808,7600369110803448593,,Wkwkwk,0,0,,2026-09-19T11:20:50.451953
aliphildan,7599543540674284808,7600702760836973319,,"jdi sbnernya siapa yg dokter, dok mereka apa dokter, dokter mnjlskn scra singkt mreka copas dari gugel",0,0,,2026-09-19T11:20:50.451954
aliphildan,7599543540674284808,7600391151208317704,,"aku Aslam aja yang ditanya langsung sama dr nya, kenapa kak? lagi stress ya? kerjaan numpuk ya? baru masuk loh itu:')",0,0,,2026-09-19T11:20:50.451956
aliphildan,7599543540674284808,7600370226845500176,,"belajar lagi deh dok😭🙏
plisss gw tombol malu",0,0,,2026-09-19T11:20:50.451958
aliphildan,7599543540674284808,7599887088645866247,,Dok…,0,0,,2026-09-19T11:20:50.451960
aliphildan,7599543540674284808,7599544557600588565,,belajar lagi deh dok 🙂☺️,0,0,,2026-09-19T11:20:50.451961
aliphildan,7599543540674284808,7600350571161879316,,"jdi yg sbnernya dokter itu siapa?? plis jgn bkin aku plin plan gni, aku btuh kejelasan",0,0,,2026-09-19T11:20:50.451963
aliphildan,7599543540674284808,7600340017836393223,,"Aq juga kalo pas kambuh jantung berdebar kencang 😭 ada detak jantung skip juga, panik,cemas, pkiran kmana2, tp ya aq emng ada Anxiety disorder",0,0,,2026-09-19T11:20:50.451965
aliphildan,7599543540674284808,7600337345975829255,,"aku pernah, batuk yg bikin sakit di dada, minum obat batuk, udah 2 minggu gk sembuh2, akhirnya cek ke dokter, gk bilang apa2 dokter nya cuma diresep in obat. baru 3 kali minum langsung sembuh, trus ku liat obatnya ""lah, ini kan obat gerd""",0,0,,2026-09-19T11:20:50.451967
aliphildan,7599543540674284808,7600315900298593040,,nangiss bangett!!! Sp.JP belajarnya aja 11 tahun disuruh belajar lagi ya allah😭😭,0,0,,2026-09-19T11:20:50.451969
aliphildan,7599543540674284808,7600304809102852871,,lah gua lagi koas ini senior gimna😔🥺,0,0,,2026-09-19T11:20:50.451971
aliphildan,7599543540674284808,7600283693995541256,,"Dok, takut pusing jadi PASIEN ajh nanti KLO reda, jadi DOKTER LG ya 😁",0,0,,2026-09-19T11:20:50.451972
aliphildan,7599543540674284808,7600280615028114197,,"yg pada punya gelar sepanjang itu aja masih pada di suruh belajar lagi, apakabar aing😅",0,0,,2026-09-19T11:20:50.451974
aliphildan,7599543540674284808,7600275234491319048,,"aku gerd berkali2 ke IGD doklip, slalu cek EKG dan selalu aman, akhirnya dirujuknya ke psikiater",0,0,,2026-09-19T11:20:50.451976
aliphildan,7599543540674284808,7600257476186293013,,hadir,0,0,,2026-09-19T11:20:50.451979
aliphildan,7599543540674284808,7600250720518226695,,jumoza dan Monica kita nikahkan aja yok..org² jenius soalnya🤣🤣,0,0,,2026-09-19T11:20:50.451980
aliphildan,7599543540674284808,7600248732135703312,,thanks dok.. sudah nyembuhin gerd saya.. awal nya saya kira serangan jantung.. thank ya🤟,0,0,,2026-09-19T11:20:50.451982
aliphildan,7599543540674284808,7600247538096718608,,udah semangat2nya klw asam lambung tdk memicu jantung malah kalian buat kecemasan lg😭,0,0,,2026-09-19T11:20:50.451984
aliphildan,7599543540674284808,7600245756980675348,,@,0,0,,2026-09-19T11:20:50.451985
aliphildan,7599543540674284808,7600242624259293973,,gue yang ga nakes aja ga terima anjir dikatain begituann😔,0,0,,2026-09-19T11:20:50.451988
aliphildan,7599543540674284808,7600241165878919956,,Udh ada kali 10 tahun dokter spesialis sekolah dan kerja masih disuruh belajar lagi😭,0,0,,2026-09-19T11:20:50.451990
aliphildan,7599543540674284808,7600234753648722709,,"iya loh. aku kira jantung ku lagi bermasalah. pas aku priksa malah dokter blg ""gpp kok jantungny. aman. mungkin asam lambu ini"" baru kali ini aslam tp didada sakit banget. biasanya diuluh hati eh di malah di dada",0,0,,2026-09-19T11:20:50.451991
aliphildan,7599543540674284808,7600230382797882113,,"kenapa ya kak,,aku kalo lihat perawat,dokter itu sangat sangat sangat amattt bangga,,bangga ilmunya,,dedikasinyaa,luar biasa kak,,sampe setiap aku sholat doakuu anak anakku suatu saat bisa jadi dokter yg hebatt😭😭😭😭",0,0,,2026-09-19T11:20:50.451993
aliphildan,7599543540674284808,7600224606532059925,,Mau mulai belajar lagi kapan? 😅,0,0,,2026-09-19T11:20:50.451995
aliphildan,7599543540674284808,7600223686259704584,,😢,0,0,,2026-09-19T11:20:50.451997
aliphildan,7599543540674284808,7600204953873302293,,jadi nakes sm guru di indonesia tugasnya berat ya😔,0,0,,2026-09-19T11:20:50.451999
aliphildan,7599543540674284808,7600132104920531719,,"selaku pengidap gerd yg udah 5 kali opname dari smp ampe udah semester tua kuliah ini, AKU MALU SUMPAH DENGAN OPINI TANPA REFERENSI ITU😭🙏🏻",0,0,,2026-09-19T11:20:50.452001
aliphildan,7599543540674284808,7600041891632497416,,"belajar dulu dok, kita mulai dari 1+1 = ?",0,0,,2026-09-19T11:20:50.452002
aliphildan,7599543540674284808,7600008533178352392,,gileeeeee bener....maha bener pokoknya🤣🤣🤣🤣,0,0,,2026-09-19T11:20:50.452004
aliphildan,7599543540674284808,7600005615771484936,,oalah di threads🗿,0,0,,2026-09-19T11:20:50.452006
aliphildan,7599543540674284808,7599996242325095175,,kira² yg komen gitu MALU!! Gak yaa😂,0,0,,2026-09-19T11:20:50.452008
aliphildan,7599543540674284808,7599987000805294855,,"Si, Monika, belajar/tau patofisiologi kek gitu dari mana ya?😊",0,0,,2026-09-19T11:20:50.452010
aliphildan,7599543540674284808,7599938294185526036,,yaaah ga kelapkelip deh☹️,0,0,,2026-09-19T11:20:50.452012
aliphildan,7599543540674284808,7599930548904198930,,"dok, ipar aku gerd. tapi gak di arahin ke penyakit dalam. di arahin ke psikiater.
walaupun sekarang masih suka kambuh. tapi udah bisa kontrol diri biar gak panik. jadi gak perlu ke IGD kaya dulu. dulu ke IGD hampir 2-3x seminggu karena di kira Aslam biasa. gak tau kalo harus ke psikolog juga",0,0,,2026-09-19T11:20:50.452014
aliphildan,7599543540674284808,7599891915874714386,,Mbak ada apa?😭😭😭😭,0,0,,2026-09-19T11:20:50.452016
aliphildan,7599543540674284808,7599885131038458645,,"Aku gerd udah lama, sesek nafas gerd sama sesek jantung itu beda. Punya khas masing2. Kalau jantung sesek nafas plus sakit dada kiri hingga ke tangan,keringet gede2, dada rasanya ketiban benda berat. Sama2 sesek namun beda keluhan penyertanya",0,0,,2026-09-19T11:20:50.452018
aliphildan,7599543540674284808,7599883146595812114,,ihhh maluuuuuuu😭,0,0,,2026-09-19T11:20:50.452020
aliphildan,7599543540674284808,7599880676519658248,,penasaran gimana ya reaksinya dokter spesialis aku liat komentar jumozza😭,0,0,,2026-09-19T11:20:50.452022
aliphildan,7599543540674284808,7599878488426775303,,dok. info sekolah dokter google atau dokter tiktok? o,0,0,,2026-09-19T11:20:50.452024
aliphildan,7599543540674284808,7599865031699088146,,gerd anxiety kambuh nya cuma beberapa detik tapi rasa nya luar biasaaaa woyyy,0,0,,2026-09-19T11:20:50.452026
aliphildan,7599543540674284808,7599864619352736530,,"aku setia jantung berdebar sesak nafas kepala pusing langsung mikir ""kayanya gua jantungan"" (sambil megang dada) terus lanjut ""ouh iyaah tadi kopi habis segelas sendiri. yaudh lah yaah entar juga ilang sendiri"" lanjut makan mie rebus pake telor + sayur + bawang + cabe rawit 7 🙏🙏🙏",0,0,,2026-09-19T11:20:50.452028
aliphildan,7599543540674284808,7599861425867948820,,nyuruh belajar lagi ke org yg kenyang bgt belajar😩,0,0,,2026-09-19T11:20:50.452030
aliphildan,7599543540674284808,7599860703978046226,,miriissssss,0,0,,2026-09-19T11:20:50.452031
aliphildan,7599543540674284808,7599842564884480784,,"kenapa kok di rujuk ke dokter spesialis jantung karna takut ada pembengkakan jantung,tapi alhamdulilahnya gak guys dokter itu sebelum jadi dokter udah belajar banyak pengalamanya dari pada kita.",0,0,,2026-09-19T11:20:50.452033
aliphildan,7599543540674284808,7599841112408195860,,Aku pernah gerd..ini dokter yg ngasih tau kalo itu gerd..rasanya sakit sampe tenggorokan..terus sy tanya kedokternya bisa bikin sakit jantung nggak dok..soalnya dada kadang kayak sakit..dokternya bilang ndk..ya udh..sy percaya aja..alhamdulillah sekarang di bawa sante,0,0,,2026-09-19T11:20:50.452036
aliphildan,7599543540674284808,7599836648419689223,,people2 threads kadang gimana ya😭,0,0,,2026-09-19T11:20:50.452038
aliphildan,7599543540674284808,7599832968354874119,,"dahlah oy ini knpa pda ga paham2, dokternya bner loh GERD ga bikin SAKIT JANTUNG sekali lagi SAKIT JANTUNG, jantungnya GAK dibikin SAKIT. udah simple😭 masih aja😭capek😭",0,0,,2026-09-19T11:20:50.452039
aliphildan,7599543540674284808,7599832470435185424,,Hahahaha,0,0,,2026-09-19T11:20:50.452041
aliphildan,7599543540674284808,7599830582755033877,,hhhhhh😭,0,0,,2026-09-19T11:20:50.452043
aliphildan,7599543540674284808,7599827525853954834,,Baca gelar dokter spesialis sj pasti tidak tau itu😭,0,0,,2026-09-19T11:20:50.452044
aliphildan,7599543540674284808,7599812441098257159,,ayo dok semangatttt....,0,0,,2026-09-19T11:20:50.452046
aliphildan,7599543540674284808,7599809746535645972,,"semakin km OVT aslam makin naik mlah memperburuk. selain pola makan, stres jg akar masalah yg mempengaruhi kondisi kesehatan jd stop OVT ya gaes",0,0,,2026-09-19T11:20:50.452047
aliphildan,7599543540674284808,7599805971665322759,,"nah ini AQ juga bingung..knp gede atau Aslam kalau kumat jantung juga ikut berdebar,sesak GK bisa nafas,",0,0,,2026-09-19T11:20:50.452049
aliphildan,7599543540674284808,7599729475777151760,,plenger final bos,0,0,,2026-09-19T11:20:50.452052
aliphildan,7599543540674284808,7599718177204126484,,orang orang pada kenapa dah 😔,0,0,,2026-09-19T11:20:50.452054
aliphildan,7599543540674284808,7599688646032229127,,mana orangnya dok,0,0,,2026-09-19T11:20:50.452055
aliphildan,7599543540674284808,7599549245888316167,,ketika pendidikan dan kesehatan sudah diremehkan 😅 maklum khan bukan prioritas,0,0,,2026-09-19T11:20:50.452057
aliphildan,7599543540674284808,7600450734308737813,,"tahun 2023 jantung gue berdebar-debar sama ada kek sesak napasnya gitu wkwkw, sama perut sebelah kiri sering sakit, tambah yang bikin gue panik tuh susah kentut 😭 mana pas eek, yang keluar cuma kaya eek kambing 5 biji. daripada ovt, gue pergi ke klinik, dari klinik langsung di rujuk ke poli penyakit dalam, dari dr.penyakit dalam.
di rujuk ke psikiater. 😭",0,0,,2026-09-19T11:20:50.452059
aliphildan,7599543540674284808,7599851180819612437,,"intinya ini aja, dokter itu lebih tau dari sisi keilmuan. dan pasien lebih tau rasa sakitnya,walaupun di buku di jelaskan rasa sakitnya seperti apa,dokter kan cuma tau teks bukan rasanya, kecuali si dokter pernah sakit yg sama jg.pasien & dokter yg arogan ada, begitupun sebaliknya pasien & dokter yg care pun jg ada.",0,0,,2026-09-19T11:20:50.452061
aliphildan,7599543540674284808,7599697982263345921,,maaf itu gerd atau asma sih?,0,0,,2026-09-19T11:20:50.452063
aliphildan,7599543540674284808,7599667867039138581,,"aku punya aslam dan axienty,dan pernah pas masih sklh sma pada waktu itu aslam aku kambuh itu rasanya sesek ulu hati dan rasanya nafas cuma ada di tenggorokan,seluruh badan gemeter kaku karna ga ada pertolongan pertama,kata ibu aku pda saat itu badan aku udah sedikit membiru dan kaku aku di panggil"" ga nyaut tpi tuhan masih mengizinkan aku untuk hidup dan ya aku masih hidup sampai saat ini...dari kejadian ini aku mengurai ovt dan menjaga pola makan aku krna aku sangat beruntung masih di kasih hidup sama tuhan...buat temen"" yg punya aslam dan sakit lain nya tetep jaga kesehatan ya guys💗",0,0,,2026-09-19T11:20:50.452065
aliphildan,7599543540674284808,7599554750615012104,,Diatas dokter spesialis ada netizen 😭🤏🏻,0,0,,2026-09-19T11:20:50.452066
aliphildan,7599543540674284808,7621929730367406868,,"Dokkkk, aku ex penderita Gerd, dulu sampai echo jantung juga, dan hasilnya bagus.. ro thorax pun juga normal ga ada masalah.. gerd bener2 penyakit seribu sensasi, keluhan nya jika googling ya pasti hampir sama dg tanda awal penyakit jantung.. dan cara mengobati nya adalah perbaiki pola pikir, perbaiki pola makan dan mendekatkan diri kepada sang pencipta 🥰 aku udah sering bgt ketemu sm org2 penderita gerd, dan bahagia nya bisa memberikan testimoni atas kiat2 yg diberikan dokter utk menyembuhkan gerd tsb.. dan kesimpulan nya, Gerd ga ada hubungan nya sama sakit jantung yaa 😊",0,0,,2026-09-19T11:20:50.452068
aliphildan,7599543540674284808,7601402501694505735,,jodohnya kali mereka dok😫😫,0,0,,2026-09-19T11:20:50.452070
aliphildan,7599543540674284808,7601397018980107015,,"mamaku aslamnya kambuh dya merasa dada kirinya brdebar2, gelisah, gak bisa tdr, parno gak mau sendiri, ke dokter dsuruh rekam jantung sm cek darah segala macem smua normal trus dirujuk ke psikiater, udah setahun ini rutin konsul tiap bulan dan minum obat, puji Tuhan udah sehat udah bisa beraktivitas lagi.",0,0,,2026-09-19T11:20:50.452071
aliphildan,7599543540674284808,7600652976898278145,,bro ngajarin ikan berenang jir,0,0,,2026-09-19T11:20:50.452073
aliphildan,7599543540674284808,7600630025994322696,,ga kebayang kalo yang digituin dokter Tirta 😭,0,0,,2026-09-19T11:20:50.452074
aliphildan,7599543540674284808,7600626979138454293,,"aku pernah,kukira gerd,disuruh slesaikan masalah ma dokternya.aku minta rujukan ke RS,hasilnya malah batu empedu🗿,penyakit gejalanya pada mirip2",0,0,,2026-09-19T11:20:50.452076
aliphildan,7599543540674284808,7600605857915192072,,kalo mau pindah negara minimal butuh uang berapa sih?,0,0,,2026-09-19T11:20:50.452079
aliphildan,7599543540674284808,7600591141709071124,,"ya karna anxienty ya panik sendiri, aku pernah keguguran, tertekan dalam pernikahan, batuk sebulan ga sembuh, endingnya panas tinggi, periksa ke puskesmas, habis obat ttp panas, ke igd rumah sakit kata dokter bangsalnya bu demamnya 38 bisa berobat jalan, aku kekeuh pnge d rawat biar tau sakit apa sebenarnya, trus ok tuh d rawat, selama di rawat d suruh rontgen dan tes darah, hasilnya normal semua, dari dokter ahli dalam di rujuk ke psikiater, katanya kena gerd anxienty",0,0,,2026-09-19T11:20:50.452081
aliphildan,7599543540674284808,7600570461923525397,,"“darah tidak mengalir, jantung mati” darah mengalir karena jantung yang mompa bukan jantung mompa karena darah mengalir 😭",0,0,,2026-09-19T11:20:50.452083
aliphildan,7599543540674284808,7600539351651795719,,kemarin lihat dokter spesialis jantung aja dimarahin netizen 😅,0,0,,2026-09-19T11:20:50.452085
aliphildan,7599543540674284808,7600427345475863317,,"Kala gerd nyerinya kyk ditusuk ges, kalau org jantungan tuh apakah jantungnya kyk mau meledak gitu rasanya?",0,0,,2026-09-19T11:20:50.452088
aliphildan,7599543540674284808,7600417902291141392,,dr. bobby : ini orang pada lebih percaya gpt daripada ahli,0,0,,2026-09-19T11:20:50.452090
aliphildan,7599543540674284808,7600413597769351956,,isi aplikasi sebelah banyak yg denial yah 😅,0,0,,2026-09-19T11:20:50.452092
aliphildan,7599543540674284808,7600395764468876040,,emang berat jadi ahli di Indonesia. gegera ada statement sekolah ga penting jadi gitu. dokter harus...,0,0,,2026-09-19T11:20:50.452094
aliphildan,7599543540674284808,7600377556391723797,,dokter pun di suruh belajar lagi 😭,0,0,,2026-09-19T11:20:50.452095
aliphildan,7599543540674284808,7600377571741664020,,"Setau aku yah kenapa penderita aslam kalo lagi kambuh tuh bawanya sesek.. Karena katup esofagus terbuka.. Tidak tertutup maka cairan asam lambung itu naik dan bkin organ tubuh yg di lewati asam lambung tuh melemah.. Dan kenapa ada yg bilang penyebab henti jantung itu aslam... Karena keadaan orang yg kena aslam itu sesek itu bukan karena jantung itu karena dia panik dan kondisi esofagus dia terbuka dan aslam tuh semakin kita panik semakin banyak pula produksi aslam...orang klo udh panik pasti larinya ke ritme jantung... Jantung yg memompa terllu cepat jg jadi bekerja keras.. Maka dari itu penderita aslam selalu di sarankan untuk mengelola stres, pikiran,ada pun yg sulit sembuh karena terlalu banyak pikiran hingga di rujuk ke psikiater.. Karena kalo aslam sudah kambuh bayangannya selalu duh saya harus masuk rs nih takut kenapa2.. Begitu",0,0,,2026-09-19T11:20:50.452097
aliphildan,7599543540674284808,7600354998249095944,,definisi ngajarin ikan berenang,0,0,,2026-09-19T11:20:50.452099
aliphildan,7599543540674284808,7600349802458972948,,Aku punya aslam tapi solusinya ke psikolog 😭🤣,0,0,,2026-09-19T11:20:50.452100
aliphildan,7599543540674284808,7600332084585956103,,"semua orang meninggal itu pasti henti nafas dan henti jantung ga sih apapun alasannya😅🙏
lagian hanya Lula dan tuhan yang tau apa yang terjadi saat itu bisa²nya netizen yang ga menyaksikan tapi seolah² ada disana dan tau segalanya,henti jantung hanyalah diagnosa dokter karena tidak ada tanda-tanda penganiayaan gtu lah pokoknya🤷 karena kan ga ada pemeriksaan lebih dalam kayak visum atau apa itu namanya..ya itu lah yang mengetahui seluruh tubuh jenazah🙏",0,0,,2026-09-19T11:20:50.452102
aliphildan,7599543540674284808,7600271061636612871,,mungkin maksudnya gak bikin sakit jantung tapi orang² pengidap GERD kadang nyerinya sampe ke jantung,0,0,,2026-09-19T11:20:50.452104
aliphildan,7599543540674284808,7600230248253014802,,"apa yg dibilang Jumozaa ga salah.. ""gerd anxiety memang ga bikin sakit jantung tapi bisa berhubungan dengan jantung"" semangat netizen..",0,0,,2026-09-19T11:20:50.452106
aliphildan,7599543540674284808,7600224058836009745,,sepertinya dunia kedokteran sedang tidak baik² saja... 🤣😩,0,0,,2026-09-19T11:20:50.452107
aliphildan,7599543540674284808,7600216940409848596,,"gua sih lebih percaya apa kata dokter🥰gua aja punya gerd malahan parah udah bab berdarah,udah sering pingsan pingsan dan sering muntah😂gua ma fine fine....tapi gua kontrol biar gak banyak pikiran gak banyak angkat beban...hindari minuman yg bersodah dan beralkohol yg pedis""dan kecut...percuma saja berobat kalau tidak NU kontrol pikiran mu sedangkan jantung itu fungsinya banyak jadi wajar",0,0,,2026-09-19T11:20:50.452109
aliphildan,7599543540674284808,7600208148738540295,,yaa klo udh gk ada nafas otomatis jantung gk berdetak oyy krena udh meninggal bukan berarti sakit jantung 😭,0,0,,2026-09-19T11:20:50.452110
aliphildan,7599543540674284808,7600197839704933138,,"dokter dikasih paham netizen
ulama dikasih paham netizen
netizen ini selalu paham",0,0,,2026-09-19T11:20:50.452112
aliphildan,7599543540674284808,7600071832712495890,,yang komen DOKTEL JALUR KULIAH GPT.yang dikomen dokter spesialis,0,0,,2026-09-19T11:20:50.452114
aliphildan,7599543540674284808,7600002557226943248,,"dok kalo pembengkakan jantung apa itu bisa secara tiba2
ponakanku meninggal secara tiba2 dokter bilang serangan jantung dan ada pembengkakan jantung",0,0,,2026-09-19T11:20:50.452115
aliphildan,7599543540674284808,7600002097401316104,,Bahaya jir fanatisme,0,0,,2026-09-19T11:20:50.452117
aliphildan,7599543540674284808,7599959673681609493,,Suruh ikut pelatihan BTCLS --> ACLS --> ATLS. 🤯,0,0,,2026-09-19T11:20:50.452118
aliphildan,7599543540674284808,7599954915880174353,,"Sebagai micra ppm user (3 kali serangan brady dlm waktu 24 jam dan heart rate 12 plus 3 komorbid kronis), saya cuma bisa senyum aja. Sabar ya dok..silahkan di defib dok .. brapa joule dok ? 😅",0,0,,2026-09-19T11:20:50.452120
aliphildan,7599543540674284808,7599949516536316680,,yg dibutuhkan Indonesia itu bukan makan gratis tpi pendidikan gratis,0,0,,2026-09-19T11:20:50.452123
aliphildan,7599543540674284808,7599931471189902088,,cocok tu berdua dipasangin biar jadi pasangan gerd yang serasi,0,0,,2026-09-19T11:20:50.452125
aliphildan,7599543540674284808,7599930709990802183,,ini cocok sekali sama pembahasan buku Matinya Kepakaran - Tom Nichols. Ketika orang awam merasa lebih pintar dari ahlinya,0,0,,2026-09-19T11:20:50.452126
aliphildan,7592229653633338632,7592240508052636434,,ayo helmnya dipake!,0,0,,2026-09-19T11:32:28.490561
aliphildan,7592229653633338632,7592264612024746769,,Stop ya😭 wkwkwk udah di stitch malah di stitch lagi yaallaahh ngakak,0,0,,2026-09-19T11:32:28.490575
aliphildan,7592229653633338632,7592237225103950600,,ngik ngik stich kuadrat😭,0,0,,2026-09-19T11:32:28.490578
aliphildan,7592229653633338632,7592264781395264263,,"dulu aku pernah kedoktrin dengan pemikiran ""kuliah itu nggak penting"" tapi setelah lulus smk dan langsung kerja aku baru mikir kalau kuliah itu bukan nggak penting tapi kuliah itu penting asal kita beneran yakin dengan apa yang ingin kita pelajari 🥰",0,0,,2026-09-19T11:32:28.490581
aliphildan,7592229653633338632,7592600420553900821,,seru bgt warga konoha,0,0,,2026-09-19T11:32:28.490583
aliphildan,7592229653633338632,7592394887066321681,,astagaaa 🤣🤣,0,0,,2026-09-19T11:32:28.490585
aliphildan,7592229653633338632,7592441836708922130,,benerl2 ya kalian bertiga😂😂,0,0,,2026-09-19T11:32:28.490587
aliphildan,7592229653633338632,7592610381068796679,,Helmnya kemana dok? 😭,0,0,,2026-09-19T11:32:28.490590
aliphildan,7592229653633338632,7592256192514474770,,awalnya yang mana sih gw penasaran,0,0,,2026-09-19T11:32:28.490603
aliphildan,7592229653633338632,7592287538535072530,,Pake helm dok,0,0,,2026-09-19T11:32:28.490604
aliphildan,7592229653633338632,7592254050855961351,,LUCU BGT INI,0,0,,2026-09-19T11:32:28.490606
aliphildan,7592229653633338632,7592483790258406152,,Pasti circlenya seru banget nih,0,0,,2026-09-19T11:32:28.490608
aliphildan,7592229653633338632,7592549205386953492,,tom & jerry lewat ini mah😭😭😭,0,0,,2026-09-19T11:32:28.490610
aliphildan,7592229653633338632,7592279702057272072,,kenapa si lucu bgd,0,0,,2026-09-19T11:32:28.490612
aliphildan,7592229653633338632,7592253197541737224,,indahnya persahabatan mereka bertiga 🥰,0,0,,2026-09-19T11:32:28.490614
aliphildan,7592229653633338632,7592254865491067655,,helmnya mana nih dok huhu🙏☺,0,0,,2026-09-19T11:32:28.490616
aliphildan,7592229653633338632,7592250679105405703,,😭😭😭 capeee,0,0,,2026-09-19T11:32:28.490618
aliphildan,7592229653633338632,7592499903847351041,,stich nya sampe 3 layer😭 pusing kita dioper oper,0,0,,2026-09-19T11:32:28.490621
aliphildan,7592229653633338632,7592408378246382352,,berenti dulu bisa gak?,0,0,,2026-09-19T11:32:28.490623
aliphildan,7592229653633338632,7592276392877425409,,"dooook, jangan lupa pake helm.",0,0,,2026-09-19T11:32:28.490625
aliphildan,7592229653633338632,7592283135851102984,,kan udh bilang di captionnnzznznznz,0,0,,2026-09-19T11:32:28.490627
aliphildan,7592229653633338632,7592283204252320530,,tim jaga sore,0,0,,2026-09-19T11:32:28.490629
aliphildan,7592229653633338632,7592271299683484434,,Ampe 3x di stich ka 😭,0,0,,2026-09-19T11:32:28.490632
aliphildan,7592229653633338632,7592388231795131156,,Kesel bgt kk gw ajh yg yg nonton terus seliweran di fyp gedeg bgt😭😭,0,0,,2026-09-19T11:32:28.490634
aliphildan,7592229653633338632,7592656163611968264,,@yayayiiii,0,0,,2026-09-19T11:32:28.490636
aliphildan,7592229653633338632,7592580011308745479,,aku menyesal g kuliah kak. padahal orangtuaku sanggup membiayai. aku yg males mikir. sekarang cm bisa mengarahkan anak-anak untuk meraih pendidikan setinggi-tingginya,0,0,,2026-09-19T11:32:28.490639
aliphildan,7592229653633338632,7592580752471311111,,"kalau ada kesempatan kuliah aja kakkkk, gapapa kok ibuku dulu 50thn baru ambil s1 wkwkkwwk",0,0,,2026-09-19T11:32:28.490642
aliphildan,7592229653633338632,7592598161186308882,,"kak 😭😭😭😭 kalau aku mau kuliah harus cari biaya sendiri kak, karena nggak mau nyusahin orang tua, eh sekarang malah keblabasan kerja udah 9th aja😭, gpp kak inilah cerita hidup, kita nikmatin aja walau banyak roller coasternya 😂",0,0,,2026-09-19T11:32:28.490645
aliphildan,7592229653633338632,7592231084177310482,,bisa bisanyaaa 0 semuaa 😭,0,0,,2026-09-19T11:32:28.490648
aliphildan,7592229653633338632,7592291243721720597,,buset liat doklip naik motor vibesnya kaya lagi sahur on the road 😭😭🥰,0,0,,2026-09-19T11:32:28.490650
aliphildan,7592229653633338632,7592278289542103825,,abis lewat fyp adik yg di tinggal MD sama kakek nya eh liat mereka air mata gua belum juga kering udh ketawa ngik ngik🤣,0,0,,2026-09-19T11:32:28.490652
aliphildan,7592229653633338632,7592231046382633746,,waduh waduh waduh,0,0,,2026-09-19T11:32:28.490655
aliphildan,7592229653633338632,7592270402458583815,,helm dok #salamsafety🙏,0,0,,2026-09-19T11:32:28.490657
aliphildan,7592229653633338632,7592609769841869586,,maaf dok aku ngakak bgt 😭🤣,0,0,,2026-09-19T11:32:28.490659
aliphildan,7592229653633338632,7592235586896298770,,aduhhhh ddookk,0,0,,2026-09-19T11:32:28.490662
aliphildan,7592229653633338632,7592562870656074504,,Abis lebaran berantem lagee 🤣🤣🤣,0,0,,2026-09-19T11:32:28.490665
aliphildan,7592229653633338632,7592555343873622804,,Hehh ya allah kaget banget tiba tibaa 😭😭😭,0,0,,2026-09-19T11:32:28.490667
aliphildan,7592229653633338632,7593904140040995591,,wkakakakak berasa ketemu kembaran nya dokter ikhsan 😭🤣,0,0,,2026-09-19T11:32:28.490669
aliphildan,7592229653633338632,7592400996707795720,,WOY 😭😭😭,0,0,,2026-09-19T11:32:28.490671
aliphildan,7592229653633338632,7594379031492018960,,"Kemaren malem nonton dokter ikhsan stich dr ayman yang baru ngomong dikit, sekarang sore ini liat doklip stich dokter ikhsan yang stich dokter ayman. Bener² 2 doktel sm 1 dokter ini",0,0,,2026-09-19T11:32:28.490673
aliphildan,7592229653633338632,7592426064359146248,,dokter lagi mau pergi ke dokter yah?,0,0,,2026-09-19T11:32:28.490675
aliphildan,7592229653633338632,7592295925432517397,,Triple stich 😂,0,0,,2026-09-19T11:32:28.490677
aliphildan,7592229653633338632,7592612945935909640,,"Kuliah penting banget ya cuuyyyy...
gw cuma S1 ga dapet STR ga bisa praktek woooyyyyy 😭",0,0,,2026-09-19T11:32:28.490679
aliphildan,7592229653633338632,7592559565498139409,,"mood bgt wksksk, dok.. saya salut 😭🙏🏻",0,0,,2026-09-19T11:32:28.490681
aliphildan,7592229653633338632,7592231048022426389,,Hati hati dok,0,0,,2026-09-19T11:32:28.490683
aliphildan,7592229653633338632,7592314008527962900,,Laaah😂😂😂,0,0,,2026-09-19T11:32:28.490685
aliphildan,7592229653633338632,7592410177489912597,,yang bawa motor : dokter kenapa dah😭,0,0,,2026-09-19T11:32:28.490687
aliphildan,7592229653633338632,7592628252935488272,,bjiiiiirrr😭😭😭😭,0,0,,2026-09-19T11:32:28.490692
aliphildan,7592229653633338632,7592284545820934920,,Helmmu mana bosku,0,0,,2026-09-19T11:32:28.490694
aliphildan,7592229653633338632,7592231046096159506,,pertama banget nih 🥰🥰🥰,0,0,,2026-09-19T11:32:28.490696
aliphildan,7592229653633338632,7592231115163730695,,kedua,0,0,,2026-09-19T11:32:28.490699
aliphildan,7592229653633338632,7592451759939994384,,rame bngtttt😭😭😭😭,0,0,,2026-09-19T11:32:28.490700
aliphildan,7592229653633338632,7592437193151447828,,ni org lucu bgtt😭,0,0,,2026-09-19T11:32:28.490702
aliphildan,7592229653633338632,7592293504966116112,,mereka bertiga pernah konten bareng kaga sih tanpa video stich?,0,0,,2026-09-19T11:32:28.490705
aliphildan,7592229653633338632,7592269878515991313,,tau ah 😭,0,0,,2026-09-19T11:32:28.490707
aliphildan,7592229653633338632,7592266531447374613,,Standar dokter diobrak abrik gen Z🤣🤣🤣🤣🤣🤣🤣,0,0,,2026-09-19T11:32:28.490709
aliphildan,7592229653633338632,7592245807202779911,,ga mau maaf 2 an gw kuliah 4 thn capek 2 di bilang scam,0,0,,2026-09-19T11:32:28.490710
aliphildan,7592229653633338632,7592238505075065620,,atur seplenger mungkin😭,0,0,,2026-09-19T11:32:28.490713
aliphildan,7592229653633338632,7592905434722665234,,Jangan di damai-in plisss😭,0,0,,2026-09-19T11:32:28.490714
aliphildan,7592229653633338632,7592800715031184136,,dok takut kecenklak kebelakang dok😭,0,0,,2026-09-19T11:32:28.490716
aliphildan,7592229653633338632,7592669270531146504,,"no no ya dok, kedepan gang juga ttep harus pakek helm 😭 keluar rumah aja bisa tau2 jatoh 😭",0,0,,2026-09-19T11:32:28.490718
aliphildan,7592229653633338632,7592592607994462996,,Nggak Papa Kan Kalau Umur 22 Tahun Belum Nikah?,0,0,,2026-09-19T11:32:28.490720
aliphildan,7592229653633338632,7592547499060003602,,"IZIN YA KAK💗🫂
butuh anak SMA/SMK yg berkenan bantu aku untuk isi kuesioner:(
https://ipb.link/ujicobakuesionerpenelitiandian",0,0,,2026-09-19T11:32:28.490722
aliphildan,7592229653633338632,7592508140550275848,,"hasil kuliah aku udah punya karir di rumah sakit ternama di Singapore, izin 🙏🏻☺️",0,0,,2026-09-19T11:32:28.490724
aliphildan,7592229653633338632,7592492336883794695,,ngakakkkk dipotong potong😭,0,0,,2026-09-19T11:32:28.490725
aliphildan,7592229653633338632,7592489408461488897,,mana adegan kaki muternya?,0,0,,2026-09-19T11:32:28.490728
aliphildan,7592229653633338632,7592483986350703378,,dokter pake helmnya dok,0,0,,2026-09-19T11:32:28.490731
aliphildan,7592229653633338632,7592445551624897298,,oke,0,0,,2026-09-19T11:32:28.490733
aliphildan,7592229653633338632,7592395574805709586,,saling potong memotong 😭,0,0,,2026-09-19T11:32:28.490736
aliphildan,7592229653633338632,7592285892086924040,,ujung gangnya jauh yaaaaa,0,0,,2026-09-19T11:32:28.490738
aliphildan,7592229653633338632,7592272879283143442,,stitch kuadrat,0,0,,2026-09-19T11:32:28.490740
aliphildan,7592229653633338632,7592258873136251668,,dok pake helm dok,0,0,,2026-09-19T11:32:28.490742
aliphildan,7592229653633338632,7592254949326930705,,Blom jg sedetik udh distich ae😭,0,0,,2026-09-19T11:32:28.490744
aliphildan,7592229653633338632,7592248876045550354,,loh udh di indo aja,0,0,,2026-09-19T11:32:28.490746
aliphildan,7592229653633338632,7592247562980868872,,😭,0,0,,2026-09-19T11:32:28.490749
aliphildan,7592229653633338632,7655947236433543957,,😁,0,0,,2026-09-19T11:32:28.490751
aliphildan,7592229653633338632,7594077377837712136,,@panggil aja saa,0,0,,2026-09-19T11:32:28.490754
aliphildan,7592229653633338632,7593893946209436436,,😭😭😭,0,0,,2026-09-19T11:32:28.490757
aliphildan,7592229653633338632,7592934420286489362,,@reez,0,0,,2026-09-19T11:32:28.490759
aliphildan,7592229653633338632,7592648868140385042,,🙏🙏🙏,0,0,,2026-09-19T11:32:28.490762
aliphildan,7592229653633338632,7592566403795780368,,😂😂😂,0,0,,2026-09-19T11:32:28.490764
aliphildan,7592229653633338632,7592561076422083345,,😭😭😭,0,0,,2026-09-19T11:32:28.490766
aliphildan,7592229653633338632,7592533351865631506,,🤣🤣🤣,0,0,,2026-09-19T11:32:28.490768
aliphildan,7592229653633338632,7592460519769867025,,🥰🥰🥰,0,0,,2026-09-19T11:32:28.490770
aliphildan,7592229653633338632,7592358752951911189,,🥰🥰🥰,0,0,,2026-09-19T11:32:28.490774
aliphildan,7592229653633338632,7592341088226378503,,😭,0,0,,2026-09-19T11:32:28.490776
aliphildan,7592229653633338632,7592283115951751943,,haduuu💗,0,0,,2026-09-19T11:32:28.490780
aliphildan,7592229653633338632,7592283030794830600,,bisa yu kak bisa☺,0,0,,2026-09-19T11:32:28.490782
aliphildan,7592229653633338632,7592269236308296466,,🤣🤣,0,0,,2026-09-19T11:32:28.490784
aliphildan,7592229653633338632,7592252049116087061,,😂😂😂,0,0,,2026-09-19T11:32:28.490786
aliphildan,7592229653633338632,7592249002754884359,,😂😂😂😂😅😅😁,0,0,,2026-09-19T11:32:28.490789
aliphildan,7592229653633338632,7592231124866188048,,😭😭😭,0,0,,2026-09-19T11:32:28.490792
aliphildan,7592229653633338632,7592231177953166101,,🤣🤣🤣,0,0,,2026-09-19T11:32:28.490794
aliphildan,7592229653633338632,7592231150086914824,,🤣🤣🤣,0,0,,2026-09-19T11:32:28.490798
aymanalts,7680219303685180679,7680231538293768980,,itu setelahnya gmna? beneran sembuh? ngga yakin sih tapi😭,0,0,,2026-09-19T11:38:19.084604
aymanalts,7680219303685180679,7680224784055976724,,nunggu distich doklip sambil gaya kipas angin 😭🙏,0,0,,2026-09-19T11:38:19.084633
aymanalts,7680219303685180679,7680221356752356112,,"Dok, kalo pernah jatuh dari tangga dalam keadaan duduk 11tahun lalu tetap masih kerasa sakit sampai sekarang, udah ke dokter tapi cuman dikasih obat pereda nyeri itu gimana dok",0,0,,2026-09-19T11:38:19.084640
aymanalts,7680219303685180679,7680237230006895367,,"ngeliat vt ini dalam keadaan acl, ALIAS NGILU BGTT 😣",0,0,,2026-09-19T11:38:19.084644
aymanalts,7680219303685180679,7680256705557644052,,"mau cerita, aku penata anestesi di rs. pernah dapet pasien op dislokasi. pas kutanya penyebabnya, katanya karena kecelakaan terus diurut. setelah diurut beliau sembuh, bisa jalan lg. tapi sekitar 6 bulan kemudian, kakinya tiba-tiba ada benjolan kaya bengkak gitu. terus nyeri kalo jalan. pas periksa ke rs, hasil pemeriksaan menunjukkan bahwa itu dislokasi dan tulang beliau udah mencuat gitu lho makanya sampe ada benjolan. dan harus dioperasi. jadi, pesan moral yg bisa diambil adalah better periksa ke dokter ya guys untuk menghindari hal-hal yg ga diinginkan. yg takutnya dampaknya beberapa waktu ke depan dan pas ketahuan udah parah. sehat selalu kita semua ❤️",0,0,,2026-09-19T11:38:19.084648
aymanalts,7680219303685180679,7680224433731142421,,GW NGILU BANGET LIATNYAAAAA,0,0,,2026-09-19T11:38:19.084653
aymanalts,7680219303685180679,7680220515197960978,,ALLAHUAKBAR NGILU BANGET LIATNYA 😭😭😭😭,0,0,,2026-09-19T11:38:19.084657
aymanalts,7680219303685180679,7680270491295466260,,langsung inget doklip...tp doklip muter sendiri,0,0,,2026-09-19T11:38:19.084660
aymanalts,7680219303685180679,7680220123261862676,,"shockkk bgtt, ngiluuu",0,0,,2026-09-19T11:38:19.084664
aymanalts,7680219303685180679,7680256677115020052,,ada juga itu pengobatan dipukul2 pake rotan. orang2 kok pada gamasuk akal sih😭,0,0,,2026-09-19T11:38:19.084668
aymanalts,7680219303685180679,7680586586824475410,,"Dok, mau nanya semisal kita makan nasi atau mie atau makanan lainnya...ga di kunyah dulu paling dikit aja, habis tuh langsung di telan gpp kan dok?",0,0,,2026-09-19T11:38:19.084672
aymanalts,7680219303685180679,7680295114388980487,,"gw yg cuman RETAK di gips aja mau mampus, apalagi inii anjirr, meninggal dah gwaaaaa😭",0,0,,2026-09-19T11:38:19.084676
aymanalts,7680219303685180679,7680598372378624788,,"ada2 aja gerbakanya, itu diputer-puter😭😭
gw takut patah",0,0,,2026-09-19T11:38:19.084680
aymanalts,7680219303685180679,7680221573522031381,,ya Allah shock bgtt,0,0,,2026-09-19T11:38:19.084683
aymanalts,7680219303685180679,7680221872281813781,,ngeri bgtt liatnya dokk,0,0,,2026-09-19T11:38:19.084687
aymanalts,7680219303685180679,7680235775232901889,,Anjirr ngilu kaget sampe langsung buka komentar 😭😭😭,0,0,,2026-09-19T11:38:19.084690
aymanalts,7680219303685180679,7686539469621396244,,jelas jalan kalo gk jalan diputar lagi,0,0,,2026-09-19T11:38:19.084694
aymanalts,7680219303685180679,7680542858558833429,,NGILU BGT DOK😭,0,0,,2026-09-19T11:38:19.084698
aymanalts,7680219303685180679,7680449911884301064,,syok bgtt diputer kek blender puter😭,0,0,,2026-09-19T11:38:19.084702
aymanalts,7680219303685180679,7680335760096445202,,😭,0,0,,2026-09-19T11:38:19.084705
aymanalts,7680219303685180679,7680335838965777159,,Uda di cek xray atau sejenisnya?,0,0,,2026-09-19T11:38:19.084709
aymanalts,7680219303685180679,7680335667885310738,,Duhhh,0,0,,2026-09-19T11:38:19.084712
aymanalts,7680219303685180679,7680335722864247570,,Samaa bgt,0,0,,2026-09-19T11:38:19.084716
aymanalts,7680219303685180679,7680335517624369928,,Iyaa 🥲,0,0,,2026-09-19T11:38:19.084720
aymanalts,7680219303685180679,7680335921711989522,,Kagett jugaa,0,0,,2026-09-19T11:38:19.084723
aymanalts,7680219303685180679,7680335785716040456,,Samaaa,0,0,,2026-09-19T11:38:19.084727
aymanalts,7680219303685180679,7680349876974846740,,kayanya gundal gandul?,0,0,,2026-09-19T11:38:19.084731
aymanalts,7680219303685180679,7680542780427895572,,YA GAK LAH,0,0,,2026-09-19T11:38:19.084735
aymanalts,7680219303685180679,7680349837817430804,,coba diputer kak mana tau langsung sembuh,0,0,,2026-09-19T11:38:19.084739
aymanalts,7680219303685180679,7680341302890742536,,fisioterapi aja ga sih ngilu bgttt,0,0,,2026-09-19T11:38:19.084743
aymanalts,7680219303685180679,7680222510666875655,,dokk marahin dokkkk😭😭😭,0,0,,2026-09-19T11:38:19.084746
aymanalts,7680219303685180679,7680386307180659476,,sumpah ngeri bgtt dok liatnya ngiluuu😭😭😭😭😭😭,0,0,,2026-09-19T11:38:19.084750
aymanalts,7680219303685180679,7680220193268957972,,ngilu pls,0,0,,2026-09-19T11:38:19.084754
aymanalts,7680219303685180679,7680221222764167944,,astaghfirullah 😭😭😭 kaget banget,0,0,,2026-09-19T11:38:19.084758
aymanalts,7680219303685180679,7680452566421226241,,liat ny ni hati langsung nyess banget,0,0,,2026-09-19T11:38:19.084762
aymanalts,7680219303685180679,7680220909655376641,,ngilu banget astaghfirullah,0,0,,2026-09-19T11:38:19.084766
aymanalts,7680219303685180679,7680760564746175253,,aku yg ngilu ih,0,0,,2026-09-19T11:38:19.084769
aymanalts,7680219303685180679,7680221280737805063,,ngilu 😭😭,0,0,,2026-09-19T11:38:19.084773
aymanalts,7680219303685180679,7680232394284286737,,Syok berat,0,0,,2026-09-19T11:38:19.084777
aymanalts,7680219303685180679,7680647994995524373,,helikopter helikopter 😎,0,0,,2026-09-19T11:38:19.084781
aymanalts,7680219303685180679,7680223444177322773,,:),0,0,,2026-09-19T11:38:19.084784
aymanalts,7680219303685180679,7680231956034110228,,kok ngeri dok 😰,0,0,,2026-09-19T11:38:19.084788
aymanalts,7680219303685180679,7680221669839602453,,NGILU BGT DOK,0,0,,2026-09-19T11:38:19.084792
aymanalts,7680219303685180679,7680220362873013010,,ngeri,0,0,,2026-09-19T11:38:19.084796
aymanalts,7680219303685180679,7680229803555980050,,Astaga syokk,0,0,,2026-09-19T11:38:19.084799
aymanalts,7680219303685180679,7680916007309443861,,ya ampun,0,0,,2026-09-19T11:38:19.084803
aymanalts,7680219303685180679,7680220979827032850,,SHOCKED POLLLLL!,0,0,,2026-09-19T11:38:19.084807
aymanalts,7680219303685180679,7680220396852347669,,ngilu banget liat nyaa😭,0,0,,2026-09-19T11:38:19.084810
aymanalts,7680219303685180679,7680224441099764488,,Takut😭😭😭,0,0,,2026-09-19T11:38:19.084814
aymanalts,7680219303685180679,7680220279259333397,,😭😭😭gelooo jir,0,0,,2026-09-19T11:38:19.084818
aymanalts,7680219303685180679,7680221380817912596,,shcok bgtt 😭,0,0,,2026-09-19T11:38:19.084826
aymanalts,7680219303685180679,7680220921119195924,,"AKU SHOCK BGT DOK, BUSET ITU KAKI DIPUTER UDH KAYA JORAN 😭",0,0,,2026-09-19T11:38:19.084829
aymanalts,7680219303685180679,7680297569410810644,,@haidie🍂 @Nur Azizah @ai farida,0,0,,2026-09-19T11:38:19.084833
aymanalts,7680219303685180679,7680222690834072327,,@c ini apa hukumnya budok,0,0,,2026-09-19T11:38:19.084837
aymanalts,7680219303685180679,7680230643448644369,,Helikopter helikopter,0,0,,2026-09-19T11:38:19.084840
aymanalts,7680219303685180679,7680226367557141268,,"skrng gini aja, klo percaya sama dukun , tukng urut, dll, ydh pergi aja kesana,
klo percaya dokter pergi ke dokter,udah kan simple😁
jdi ya masing2 aja, asalkan klo meninggal jgn apa2 nyalahin pemerintah🤣🤣",0,0,,2026-09-19T11:38:19.084844
aymanalts,7680219303685180679,7680222135143662344,,"ngiluuuu bgtt coyy😭😭, di engkolll😭",0,0,,2026-09-19T11:38:19.084847
aymanalts,7680219303685180679,7680335600020996872,,Bahaya,0,0,,2026-09-19T11:38:19.084852
aymanalts,7680219303685180679,7680221562687931156,,busett itu muter kaki kaya muterin pedal sepeda 😭,0,0,,2026-09-19T11:38:19.084856
aymanalts,7680219303685180679,7681275837711385352,,helikopter helikopter tet tet tet..... 🤣,0,0,,2026-09-19T11:38:19.084859
aymanalts,7680219303685180679,7680255442274009874,,😂,0,0,,2026-09-19T11:38:19.084863
aymanalts,7680219303685180679,7680250145871102740,,Takut banget tuh kaki lepas dan gak bisa dipasang lagi 🫣🫣🫣,0,0,,2026-09-19T11:38:19.084867
aymanalts,7680219303685180679,7680246730608411400,,wtf anjr ngilu bgt😭,0,0,,2026-09-19T11:38:19.084871
aymanalts,7680219303685180679,7680238775696769800,,Dok udah nyiapin baling baling bambu gak ?,0,0,,2026-09-19T11:38:19.084874
aymanalts,7680219303685180679,7680228977067868929,,malah ingat pas doklip sakit mode helikopter lah😂,0,0,,2026-09-19T11:38:19.084878
aymanalts,7680219303685180679,7680224243099337479,,Sieun potong…,0,0,,2026-09-19T11:38:19.084882
aymanalts,7680219303685180679,7680223282804802311,,helikopter helikopter,0,0,,2026-09-19T11:38:19.084886
aymanalts,7680219303685180679,7680222988805669652,,Di engkol😭,0,0,,2026-09-19T11:38:19.084890
aymanalts,7680219303685180679,7680222746747749127,,ya Allah udah kaya digiling gitu,0,0,,2026-09-19T11:38:19.084893
aymanalts,7680219303685180679,7680221362506810133,,di kira helikopter kali,0,0,,2026-09-19T11:38:19.084897
aymanalts,7680219303685180679,7680220616860304149,,di engkol 😂,0,0,,2026-09-19T11:38:19.084903
aymanalts,7680219303685180679,7680220632118084370,,😭,0,0,,2026-09-19T11:38:19.084907
aymanalts,7680219303685180679,7680242773208138517,,nggiling,0,0,,2026-09-19T11:38:19.084911
aymanalts,7678582860739005704,7678584169987654408,,"Mungkin sekilas terkesan lucu ya, tapi jujur males bgt kalo ada org apalagi org tua yg dikit dikit haram dikit dikit gak boleh sampe ngatain org lain gila grgr gak sependapat sama dia 🫩",0,0,,2026-09-19T11:44:11.903563
aymanalts,7678582860739005704,7678597611570545426,,"MAMAKKK AKUU😭😭😭
ku setelin vid dokter tirta yg bilang mandi malem bikin rematik itu mitoss, tau ga jawaban beliau apaa?? ""halah dokternya itu yg ga belajar org dibilangin kok ngeyel kamu itu ngeyel sok pinter"" likeeee, MAKK INI DOKTER LOHH MAKK😭😭",0,0,,2026-09-19T11:44:11.903580
aymanalts,7678582860739005704,7678587420501590791,,lah bukannya ada dalil yang bilang kalau habis Hb malam2 disuruh nya cepat2 bersihin nah bersihin nya kan mandi junub biar pas subuh ga kelupaan 😅salah koreksi ya guys,0,0,,2026-09-19T11:44:11.903583
aymanalts,7678582860739005704,7678594327806952210,,tim yang mandi jam 12 malem karena biar masuk kamar mandi rabu keluar kamis😭😭,0,0,,2026-09-19T11:44:11.903585
aymanalts,7678582860739005704,7678597954492039954,,"zaman dlu gak boleh mandi malam, ya karna ada alasannya, dlu org mandi ke sungai, atau rumahnya jauh dri kamar mandi, pencahayaan cuma lampu minyak, apalagi suhu sangat dingin, JD mangkanya ada larangan mandi malam. apalagi Indonesia yg percaya dedemit.. kek d kampung2 nenekku dlu begtu.. semua kegiatan selesai sebelum matahari terbenam.",0,0,,2026-09-19T11:44:11.903587
aymanalts,7678582860739005704,7678609427528729345,,"aku kemaren juga dimarahin karena minum obat sesuai jeda waktu, katanya minum obat 3x sehari tu tiap 3 jam sekali kudu diminum😑😑😑",0,0,,2026-09-19T11:44:11.903589
aymanalts,7678582860739005704,7678585193275605776,,"Gimana sama Mugari yang Flight malem? Bayangin semua Flight Crew dan Cabin Crew percaya mitos itu, apa ga oleng kalian di pesawat cium bau ketek berlanding2?😌",0,0,,2026-09-19T11:44:11.903591
aymanalts,7678582860739005704,7678658204025111312,,"gue pernah berantem sama salah satu roomate yg kerja sebagai analis, yg pasti kerja berhubungan dengan cairan darah,sputum dll, pas disuruh mandi dia jawab yg katanya ""kan kata rasul gaboleh mandi malam""
akhirnya gue jawab ""rasul juga bilang KEBERSIHAN SEBAGIAN DARI IMAN KAWAND"" monmaap emosi bgt saat itu karna jorok bgt dan asem. akhirnya dia mandi 🙂🙏🙏🙏",0,0,,2026-09-19T11:44:11.903593
aymanalts,7678582860739005704,7678615419449131796,,"manusia emg paling suka mempersulit diri, ga ada yg dilarang di agama malah ditambah2 😭",0,0,,2026-09-19T11:44:11.903595
aymanalts,7678582860739005704,7678583498115318548,,hahhh? dalam Al-qur'an?,0,0,,2026-09-19T11:44:11.903597
aymanalts,7678582860739005704,7678651959826203400,,"mamaku juga bilang gini🤣. ku bilang kata dokter boleh mandi malam, dijawabnya di alquran dilarang🤣.",0,0,,2026-09-19T11:44:11.903599
aymanalts,7678582860739005704,7678630436201202433,,"kak itu hrs diluruskan ke ibunya, krn dosa besar kalo mengklaim 1 perkara atas dasar Al-Qur'an pdhl di Al-Qur'an jg jls2 gada, itu iftira'.",0,0,,2026-09-19T11:44:11.903601
aymanalts,7678582860739005704,7678632353597948680,,aku pernah main ke temen dan baru nyampe rumah temen itu malem abis isya gitu nahhhh ga dibolehin mandi njirrrr😭 masih jam segitu sedangkan aku biasanya sama mamahku klo abis keluar sampe rumah jam 12 malam tetep disuruh mandi kotor kan dari luar,0,0,,2026-09-19T11:44:11.903612
aymanalts,7678582860739005704,7678614903003792144,,fyi.. mana ada di Alquran larang mandi malam😭,0,0,,2026-09-19T11:44:11.903614
aymanalts,7678582860739005704,7678613664564282133,,"aku sering dimarahin krna mandi malam, katanya nnti kalau tua kena rematik. tp sebagai gen Z masuk kanan keluar kiri🤣",0,0,,2026-09-19T11:44:11.903615
aymanalts,7678582860739005704,7678611333121950482,,"Ya bener lah gaboleh mandi malem2, kalo airnya dicampur kembang 7 rupa, terus mandinya di telaga buaya putih sambil ngilmu hitam itu baru haram...",0,0,,2026-09-19T11:44:11.903617
aymanalts,7678582860739005704,7678602693720834833,,"itu kakak yg di screenshot wa, coba tanya mamaknya, ambil Al-Qur'an, bukain trs tunjukkin surah apa ayat berapanya? Kalo emg ada, gua setiap malem pasti udh digebukin bpk gua jir (dia yg paling islami)",0,0,,2026-09-19T11:44:11.903619
aymanalts,7678582860739005704,7678594612093846279,,🙌,0,0,,2026-09-19T11:44:11.903622
aymanalts,7678582860739005704,7678594587002831634,,Setau aku gitu juga,0,0,,2026-09-19T11:44:11.903624
aymanalts,7678582860739005704,7678622665835004692,,"kaak jangan di paksa, beliau ga nyampai...
bpkku hbs dari dr. gigi di kasih obat, plastiknya kan ada tulisan, di bawah itu
di minum sebelum/sesudah makan
yg di lingkari kan sesudah makan ya..
beliau tetep bilang ini boleh di minum sebelum makan, ini lo ada tulisannya...
begitulah... sabar sabar aja kita",0,0,,2026-09-19T11:44:11.903626
aymanalts,7678582860739005704,7678601844855309064,,😂😂😂,0,0,,2026-09-19T11:44:11.903628
aymanalts,7678582860739005704,7678601675536171796,,"kalau aku bab,misal kebangun jam 11 aku nunggu jam 12 dulu baru masuk kamar mandi biar pas keluar kamar mandi udah ganti hari🤣",0,0,,2026-09-19T11:44:11.903630
aymanalts,7678582860739005704,7678596468474725138,,astaghfirulloh ngakak kak😭😂 itungannya dh mandi 2hari itu😂,0,0,,2026-09-19T11:44:11.903632
aymanalts,7678582860739005704,7678601272648876818,,mandinya sejam itungannya 2hr kedobel😂,0,0,,2026-09-19T11:44:11.903634
aymanalts,7678582860739005704,7678601640270414610,,potong kuku malem2 jg gabole ya sama juga dulu gada lampu.takutnya kepotong kulit jarinya😂,0,0,,2026-09-19T11:44:11.903636
aymanalts,7678582860739005704,7678603398841697044,,ortu zaman dlu knp ya...ngeyelnya ngeyel bnget.eh dpet anaknya gen M dan gen Z yg ngeyelnya melebihi mereka.😅,0,0,,2026-09-19T11:44:11.903639
aymanalts,7678582860739005704,7678633529500615444,,"ternyata punya ibu yg nurut dan percaya ke anak itu sebuah keberuntungan ya, ibuku ku bilangin nurut2 aja jadi mulutku gk berbuih klo ngebilangin😭😭😭",0,0,,2026-09-19T11:44:11.903641
aymanalts,7678582860739005704,7678630489603048199,,"kalo aku udah langsung kutanyakan surat apa ayat berapa, coba sebutin.",0,0,,2026-09-19T11:44:11.903643
aymanalts,7678582860739005704,7678657287463994119,,"tolong bahas cacar air, herpes, (satunya lupa)
lagi musimnyaa",0,0,,2026-09-19T11:44:11.903645
aymanalts,7678582860739005704,7678675724862030613,,kan makanya aku juga digituin katanya dalam islam ga boleh mandi malam😭😭😭,0,0,,2026-09-19T11:44:11.903647
aymanalts,7678582860739005704,7678626139187954440,,kalo keramas saat haid gimana dok,0,0,,2026-09-19T11:44:11.903650
aymanalts,7678582860739005704,7678602149085922064,,"Sudah kuduga 😭
Mamaku kalo dikasih tau video ini juga pastinya bakalan mengelak 😭 Gabakalan percaya meskipun itu dokter sekalipun 😭",0,0,,2026-09-19T11:44:11.903653
aymanalts,7678582860739005704,7678587082110108434,,gue yang mandi+keramas jam 10 malem selesai jam 11:30,0,0,,2026-09-19T11:44:11.903655
aymanalts,7678582860739005704,7678583867624686356,,masih kalah pokoknya sama ibu negara😭😭😭,0,0,,2026-09-19T11:44:11.903657
aymanalts,7678582860739005704,7679772524298027796,,"gua yg gk bisa tidur males insomnia ampe pagi karena ovt, jam 11 malem gua mandi keramas biar enteng badan gua terus sholat minum air anget terus baru bisa tidur😂",0,0,,2026-09-19T11:44:11.903660
aymanalts,7678582860739005704,7678609574015075093,,"laaahhh.. gue pulang kerja malem jam berapapun pasti langsung mandi
kalo susah tidur jg malah sering mandi tengah malem biar seger langsung bisa tidur😁",0,0,,2026-09-19T11:44:11.903662
aymanalts,7678582860739005704,7678611723130520340,,sumpah itu bukan mamak ku loh ya 😳😳😳😳,0,0,,2026-09-19T11:44:11.903664
aymanalts,7678582860739005704,7678617889398129415,,g-gue gil4? 😭,0,0,,2026-09-19T11:44:11.903666
aymanalts,7678582860739005704,7678605220679140117,,"udah masuk dii fase rumor bukan lagi takut rematik, sakit jantung dll, tapi haroooomm😭",0,0,,2026-09-19T11:44:11.903668
aymanalts,7678582860739005704,7678593846511960840,,dokter aja di gituin lho ya Allah🤣🤣🤣,0,0,,2026-09-19T11:44:11.903670
aymanalts,7678582860739005704,7678607538522440456,,yang penting mandi kapan pun bisa ok 😂,0,0,,2026-09-19T11:44:11.903672
aymanalts,7678582860739005704,7678630425664897799,,aku yang g dibolehin mandi malam karna dingin nanti meriang,0,0,,2026-09-19T11:44:11.903674
aymanalts,7678582860739005704,7678613635635233543,,"dan yg minum pagi siang mlem aja salah
krna jedanya itu 8 jam",0,0,,2026-09-19T11:44:11.903676
aymanalts,7678582860739005704,7678613759963251463,,eh 8 apa 6 yak lupakan 🤣,0,0,,2026-09-19T11:44:11.903679
aymanalts,7678582860739005704,7679007560892498708,,bener 8 kak,0,0,,2026-09-19T11:44:11.903681
aymanalts,7678582860739005704,7678601783681843976,,bau ketek berlanding landing😭,0,0,,2026-09-19T11:44:11.903684
aymanalts,7678582860739005704,7678608993182974737,,sementara itu gua yg kalo belom malem belom mandi🙃,0,0,,2026-09-19T11:44:11.903686
aymanalts,7678582860739005704,7678630312889352968,,dlm Alquran gak tuh😅😅😅,0,0,,2026-09-19T11:44:11.903689
aymanalts,7678582860739005704,7678600679325844240,,yaAllah sabar hehe sabar 😁😂,0,0,,2026-09-19T11:44:11.903691
aymanalts,7678582860739005704,7678615026349949717,,"justru sebelum solat tahajud bbrp ulama menganjurkan mandi, guruku jg begitu untuk pemula memang pake air hangat, tapi klo yg ulah level pro max langsung mandi aj",0,0,,2026-09-19T11:44:11.903693
aymanalts,7678582860739005704,7678596680325235476,,"Mamaku yg sering mandi malam pas cuaca kemarau gini🤣, Alhamdulillah ortuku gak ada pantangan/mitos2an",0,0,,2026-09-19T11:44:11.903695
aymanalts,7678582860739005704,7678591853985399559,,"apalah daya aku yang mandi habis pulang jalan, jadi aku orang gil55 juga nih mahhh 😂",0,0,,2026-09-19T11:44:11.903698
aymanalts,7678582860739005704,7678606044100920072,,😭😭😭😭😭 Gimana rasanyaaaaaaaaa mamanya yg jd mama mama kolot😭😭😭😭😭😭😭 wkwkwkwkwk,0,0,,2026-09-19T11:44:11.903700
aymanalts,7678582860739005704,7678626966837543701,,"SUMPAH DEH DOK, KASIH TAU MAMAKU TUH",0,0,,2026-09-19T11:44:11.903703
aymanalts,7678582860739005704,7678586917792826119,,"Kan…dokter aja dikata2in, emg the best ras terkuat di bumi ini, gamau kalah 😭😭😭",0,0,,2026-09-19T11:44:11.903706
aymanalts,7678582860739005704,7678583729929749256,,wkwkwk pdhl uas ada nyaranin buat mandi malam sekalian ibadah malam,0,0,,2026-09-19T11:44:11.903708
aymanalts,7678582860739005704,7678602448194028296,,"tiap harii ditegur emakk, aku ttp mandi malam biar tidr nyaman🤣🤣",0,0,,2026-09-19T11:44:11.903710
aymanalts,7678582860739005704,7678603023300379393,,"konsep orang tua tu sebenarnya kalo infonya datang dari anak itu sangat SALAH apapun itu pokoknya SALAH, tapiiiii kalo infonya didapat dari fyp beliau yaaa itu dianggap sangaat sangaat benar apalagi soal mitos dan obat obatan, kalo ini sampai kita debat fiks kita dianggap anak paling durhaka😭😭😭",0,0,,2026-09-19T11:44:11.903712
aymanalts,7678582860739005704,7678610801268163349,,"bahaya banget anjir apa apa bilang ""dalam alquran"" tanpa penelitian yang lebih lanjut",0,0,,2026-09-19T11:44:11.903714
aymanalts,7678582860739005704,7678583914613015297,,hadir dokter,0,0,,2026-09-19T11:44:11.903716
aymanalts,7678582860739005704,7678594425081283349,,loh mandi malem di atas jam 12 malam tuh di agama boleh terus di lanjut sholat malam malah,0,0,,2026-09-19T11:44:11.903718
aymanalts,7678582860739005704,7678627181031670536,,"aku selamatinggal di jepang selalu mandi malem, karna kebanyakan sift siang pulang nya malem kadang aku mandi jam 1 malem juga. pas keluarga ku tau aku selalu mandi malem dimarahin bjirrr",0,0,,2026-09-19T11:44:11.903720
aymanalts,7678582860739005704,7678584773619499792,,padahal anaknya udah sekolah bertahun-tahun tetep kalah sama kepercayaan buibu😭😭😭,0,0,,2026-09-19T11:44:11.903722
aymanalts,7678582860739005704,7678583846422823687,,"wkwkwkwkwkwk, lucu sih dok",0,0,,2026-09-19T11:44:11.903723
aymanalts,7678582860739005704,7678584040097809159,,hadeh kaya mamaku ini😭😭,0,0,,2026-09-19T11:44:11.903725
aymanalts,7678582860739005704,7678584656715350792,,firs,0,0,,2026-09-19T11:44:11.903728
aymanalts,7678582860739005704,7678584201196913428,,wkwkwkwkkk,0,0,,2026-09-19T11:44:11.903730
aymanalts,7678582860739005704,7678583721750020872,,sabarr dok😭🙏🏻,0,0,,2026-09-19T11:44:11.903731
aymanalts,7678582860739005704,7678583851825283858,,dok😭🤣,0,0,,2026-09-19T11:44:11.903734
aymanalts,7678582860739005704,7678583492091101973,,"MASIH KETAWA BGT SAMA KOMENTAR INI🤣🤣🤣YA ALLAH DOK, KAMU DIBILANG GILA😭😭😭😭",0,0,,2026-09-19T11:44:11.903735
aymanalts,7678582860739005704,7678989759427609352,,HAAHAHAHHAA 😭,0,0,,2026-09-19T11:44:11.903738
aymanalts,7678582860739005704,7678752202886578951,,h,0,0,,2026-09-19T11:44:11.903740
aymanalts,7678582860739005704,7679692813881328391,,"ngapain mandi malam, mandi air masih enak",0,0,,2026-09-19T11:44:11.903742
aymanalts,7678582860739005704,7678719431090750215,,doktel ayiman ko bisa tau mandi junub habis berhubungan malam doktel ayiman sering ya kalau hubungan sebelum nikh malm hahha aminahnya doktel 🙏😁,0,0,,2026-09-19T11:44:11.903744
aymanalts,7678582860739005704,7678700472640078610,,kata mamah aku ternyata orang tua ngelarang kita mandi malem karna nanti di kiri abis anu anu (kalo yang hidup di desa),0,0,,2026-09-19T11:44:11.903745
aymanalts,7678582860739005704,7678676999838040839,,org lu ngerti dalilllll,0,0,,2026-09-19T11:44:11.903747
aymanalts,7678582860739005704,7678622723933553429,,"bukan dalil malah dia bilang.. alquran loh.. parah banget, tolong ingetin orang tuanya klo suka asal ngomong kyk gitu",0,0,,2026-09-19T11:44:11.903749
aymanalts,7678582860739005704,7678620668620260104,,abis ninaninu aja langsung mandi mau jam berape juga 🤣🤣,0,0,,2026-09-19T11:44:11.903752
aymanalts,7678582860739005704,7678606085812896519,,astaghfirullah bu mana buktinya,0,0,,2026-09-19T11:44:11.903754
aymanalts,7678582860739005704,7678595497817555720,,"apalagi org sunda, dikit dikit pamali 🗿",0,0,,2026-09-19T11:44:11.903756
aymanalts,7678582860739005704,7678594865147724551,,"tapi, monmaap nih dokter 😭🙏 tp bbrp pasangan suami istri itu , mandi junubnya sebelum subuh sih kebanyakan. Kek— mager ajaa, habis goyang terus mandi",0,0,,2026-09-19T11:44:11.903758
aymanalts,7678582860739005704,7678593755071185671,,😭😭😭,0,0,,2026-09-19T11:44:11.903760
aymanalts,7678582860739005704,7678592326210765588,,Mamanya suruh ganti tempat pengajian aja😭,0,0,,2026-09-19T11:44:11.903762
aymanalts,7678582860739005704,7678584561152475912,,@L_morningstar gbole mandi malam 🤣🤣🤣,0,0,,2026-09-19T11:44:11.903764
aymanalts,7677452074447162632,7677496777582347016,,"Ingat gys! Saat zombi dtng, tutup pintu dan jendela, hindari suara berisik, stock makanan dan air, gunakan apapun untuk senjata oh iya jngan lupa saat mau keluar rumah ditamengin lengan tangan dan kaki pakek hal apapun yg keras dan tebal di ikat pakek lem salasiban buat jaga jaga kalau ga sengaja kegigit zombi",0,0,,2026-09-19T11:53:04.717149
aymanalts,7677452074447162632,7677464800906298133,,"depok jangan coba"" yaa, biasanya depok suka duluan",0,0,,2026-09-19T11:53:04.717163
aymanalts,7677452074447162632,7678188672193741588,,tuuh kan zombie tuh bakal ada 😭,0,0,,2026-09-19T11:53:04.717166
aymanalts,7677452074447162632,7677459948468929298,,Lagi ngebayangin lari sambil retouch make up 😭😭,0,0,,2026-09-19T11:53:04.717168
aymanalts,7677452074447162632,7677454490974864135,,Jngn main zombie zombiean woy aku takuut😭,0,0,,2026-09-19T11:53:04.717170
aymanalts,7677452074447162632,7677468891978957586,,mirip drakor apa ya lupa yg dri semut juga😭,0,0,,2026-09-19T11:53:04.717172
aymanalts,7677452074447162632,7677461866332095233,,"rekomend film zombie yg bagus dong, pen nonton😭",0,0,,2026-09-19T11:53:04.717174
aymanalts,7677452074447162632,7677598427643233045,,kalo lg dikejar zombie jangan lupa nyalain strava,0,0,,2026-09-19T11:53:04.717176
aymanalts,7677452074447162632,7677479365034361618,,"jamur ini tumbuh di suhu tertentu. di the last of US bumi udah mengalami perubahan suhu yg mempengaruhi tubuh manusia makanya jamur itu bisa bertahan di tubuh manusia(tp ini hanya di series fiktif ya) tp kalau jamur ada yg yg bisa tumbuh di tubuh manusia, emmm? kayak ada kayak jamur panu hehehehe.",0,0,,2026-09-19T11:53:04.717179
aymanalts,7677452074447162632,7677466323870696212,,Pencariannya,0,0,,2026-09-19T11:53:04.717192
aymanalts,7677452074447162632,7677453817530008327,,duh belom siap lari larian,0,0,,2026-09-19T11:53:04.717194
aymanalts,7677452074447162632,7677487644461056776,,gua udh ada plan kalo ada zombie lari kemana,0,0,,2026-09-19T11:53:04.717196
aymanalts,7677452074447162632,7677487792083387144,,jangan weh badan aku lagi gendut gendutnya ga bisa lari😭,0,0,,2026-09-19T11:53:04.717198
aymanalts,7677452074447162632,7679476785805034248,,"sebenarnya kalau manusia jadi zombie itu udah meninggoy gak sih?? 😫 apa masih ada kesadaran tapi di gerakin virus atau parasit,😫",0,0,,2026-09-19T11:53:04.717199
aymanalts,7677452074447162632,7677489742581924629,,"gw fomo an lg orgnya, ngikut aja lah kl org” udh pada jd zombie😭",0,0,,2026-09-19T11:53:04.717202
aymanalts,7677452074447162632,7677464740234904340,,jangan gitu plis aku g pande lari😭😭,0,0,,2026-09-19T11:53:04.717203
aymanalts,7677452074447162632,7677479641090753301,,Gua yg mager pas di kejar jombi malah nyerahin diri,0,0,,2026-09-19T11:53:04.717205
aymanalts,7677452074447162632,7677566468767777557,,"plan gue kalo ada zombie mau lari ke markas tni yg ada tank nya buat ngambil mobil anti peluru, abis itu ke supermarket buat ngambil2 stok makanan😂",0,0,,2026-09-19T11:53:04.717208
aymanalts,7677452074447162632,7677483593316696852,,"duhhhh kabarin yak kapan² kejar kejaran nyaa, gue mau cas powerbank, hp, sama siapin ootd",0,0,,2026-09-19T11:53:04.717210
aymanalts,7677452074447162632,7677473072631513864,,Apalagi ayu ting ting uda pindah,0,0,,2026-09-19T11:53:04.717212
aymanalts,7677452074447162632,7677473026829255432,,Mau rebahan,0,0,,2026-09-19T11:53:04.717213
aymanalts,7677452074447162632,7677484648221410055,,Wkwkwkkww,0,0,,2026-09-19T11:53:04.717215
aymanalts,7677452074447162632,7677484443011040008,,Iya aku mau bobo aja,0,0,,2026-09-19T11:53:04.717217
aymanalts,7677452074447162632,7677502527222399764,,"janlup kalo mau keluar, usahain badan di olesi darah darah supaya aroma nya sama kayak zombie wkwkwkw😂",0,0,,2026-09-19T11:53:04.717220
aymanalts,7677452074447162632,7677612742598394631,,Hhaha biar samar ye kan kak aroma nya wkkww,0,0,,2026-09-19T11:53:04.717222
aymanalts,7677452074447162632,7679386883964977938,,"@qay. dok tlg bahas lebih lanjut, tks",0,0,,2026-09-19T11:53:04.717225
aymanalts,7677452074447162632,7678290254608040722,,@heejayynamja,0,0,,2026-09-19T11:53:04.717227
aymanalts,7677452074447162632,7678485455822177041,,IHH GAMAUU AKU MAGER LARI LARI😭😭,0,0,,2026-09-19T11:53:04.717229
aymanalts,7677452074447162632,7679030921122874128,,Jan gituu dirr ahhh😭😭,0,0,,2026-09-19T11:53:04.717233
aymanalts,7677452074447162632,7677496008469414677,,gabisa gw gampang keringetan😭😭😭 belom lagi harus reapply sunscreen kalo larinya siang bolong😭😭😭😭,0,0,,2026-09-19T11:53:04.717235
aymanalts,7677452074447162632,7677463095790519056,,kak 😭,0,0,,2026-09-19T11:53:04.717238
aymanalts,7677452074447162632,7677485157708268309,,langsung kebayang🗿,0,0,,2026-09-19T11:53:04.717240
aymanalts,7677452074447162632,7677499592271954706,,Jamu nya dari jawa apa sunda dok,0,0,,2026-09-19T11:53:04.717243
aymanalts,7677452074447162632,7677582208672842514,,semoga gakan pernah bisaaa😭😭😭 takut banget😭😭😭,0,0,,2026-09-19T11:53:04.717245
aymanalts,7677452074447162632,7678796138334012181,,jadi zombie seluu gasih gais? aku pengen jd zombie bial ga cape keljaa,0,0,,2026-09-19T11:53:04.717248
aymanalts,7677452074447162632,7677482382761575189,,pake hijab instan ah biar enak lari nya ga ribet benerin hijab 😭😭,0,0,,2026-09-19T11:53:04.717250
aymanalts,7677452074447162632,7679697057733903122,,sudah siap lari belommm😭,0,0,,2026-09-19T11:53:04.717252
aymanalts,7677452074447162632,7679803197888217877,,isss jangan lah. takut kali aku kalo zombie zombie gini. masalah juga aku lagi bunteng kan mls ya wak lari lari macem di train to busan aja bahhh,0,0,,2026-09-19T11:53:04.717255
aymanalts,7677452074447162632,7677501078598927112,,"belom siap banget jadi zombie, tubuh gembrot gue gabisa lari",0,0,,2026-09-19T11:53:04.717257
aymanalts,7677452074447162632,7678522600184218388,,belum siap di gendong ji chang wook ih kalo main zombie-zombie'an,0,0,,2026-09-19T11:53:04.717258
aymanalts,7677452074447162632,7677955438540931860,,"Dok, itu maksudnya jamu atau jamur yaa?",0,0,,2026-09-19T11:53:04.717261
aymanalts,7677452074447162632,7677534839608853264,,"amit amit klo ada zombie beneran, ponakan gua masih todler udh kaya kesurupan setan hari hari nangis sambil teriak😭😭",0,0,,2026-09-19T11:53:04.717264
aymanalts,7677452074447162632,7677469585934910226,,Kalo di suruh lari aku nyerah dulu deh,0,0,,2026-09-19T11:53:04.717267
aymanalts,7677452074447162632,7677640209760191253,,"ga kebayang klo nyerang ke manusia, gw yg mageran mls bgt gw lari""an di kereta😭",0,0,,2026-09-19T11:53:04.717269
aymanalts,7677452074447162632,7677580526127678229,,semoga egk ada ilmuwan jahat yg bkin eksperimen smp bisa jangkit mnusia,0,0,,2026-09-19T11:53:04.717271
aymanalts,7677452074447162632,7677476632034509585,,"duh jangan main zombie zombie an deh, aku malas banget bangkit dari kasur😭",0,0,,2026-09-19T11:53:04.717274
aymanalts,7677452074447162632,7686457993323709205,,Wei jangan ada yg jd zombie dong gw mager lari nya,0,0,,2026-09-19T11:53:04.717276
aymanalts,7677452074447162632,7677476004495966984,,Jadi takut lanjutin nnton the last of us heh😭🙏🏻,0,0,,2026-09-19T11:53:04.717279
aymanalts,7677452074447162632,7677510124814877456,,makin gede makin ga mood lari,0,0,,2026-09-19T11:53:04.717281
aymanalts,7677452074447162632,7679302528890389256,,"bocah ngapain si, antara bocil yg ga di ajari adab, atau mbk mbk bongkotan yg kehilangan adab!
iuh",0,0,,2026-09-19T11:53:04.717283
aymanalts,7677452074447162632,7677580920568529685,,ilmuan gak jahat cuman gila aja,0,0,,2026-09-19T11:53:04.717285
aymanalts,7677452074447162632,7677469701790614293,,colony y ka.. yg drakor bukan?,0,0,,2026-09-19T11:53:04.717288
aymanalts,7677452074447162632,7677473218295563015,,bukannya colony monyet?,0,0,,2026-09-19T11:53:04.717291
aymanalts,7677452074447162632,7677474294357033748,,sebenernya colony semut k.... cuma yg jdi bahan percobaan itu lawat monyet...setau ku si itu pas nonton alur ceritanya🙏😁,0,0,,2026-09-19T11:53:04.717294
aymanalts,7677452074447162632,7677475968987480853,,"colony,next level zombie",0,0,,2026-09-19T11:53:04.717296
aymanalts,7677452074447162632,7677481979580154641,,"aku udah nonton kak, bagus si, tpi emosional sama pemainnya kurang menurutku, apa karna terlalu pendek😭 sama gampang mokad huhu",0,0,,2026-09-19T11:53:04.717298
aymanalts,7677452074447162632,7680039278516110087,,The walking dead aja,0,0,,2026-09-19T11:53:04.717301
aymanalts,7677452074447162632,7677469336366564117,,di aku malah uler keket,0,0,,2026-09-19T11:53:04.717303
aymanalts,7677452074447162632,7677482686362043157,,di aku oppo a1k zombie,0,0,,2026-09-19T11:53:04.717306
aymanalts,7677452074447162632,7677471401012216584,,samaa,0,0,,2026-09-19T11:53:04.717308
aymanalts,7677452074447162632,7677752382550410001,,sempet sempetnya,0,0,,2026-09-19T11:53:04.717310
aymanalts,7677452074447162632,7682131238450922247,,@anna curiga sama ini org,0,0,,2026-09-19T11:53:04.717313
aymanalts,7677452074447162632,7680021814975054612,,syalandd😭😭😭,0,0,,2026-09-19T11:53:04.717315
aymanalts,7677452074447162632,7677494281046082305,,pasti lari ke kopdes,0,0,,2026-09-19T11:53:04.717317
aymanalts,7677452074447162632,7677495756009898759,,kayanya makanannya udh abis dluan kalo lari kesitu 🤫,0,0,,2026-09-19T11:53:04.717320
aymanalts,7677452074447162632,7677488242644140816,,boleh ikut kak?,0,0,,2026-09-19T11:53:04.717323
aymanalts,7677452074447162632,7677488579795075861,,"makasii kak, lgsng kepikiran mo diet ini 💔😭",0,0,,2026-09-19T11:53:04.717326
aymanalts,7677452074447162632,7677528628108837639,,😭😭,0,0,,2026-09-19T11:53:04.717329
aymanalts,7677452074447162632,7677499464245019399,,@widyaaa,0,0,,2026-09-19T11:53:04.717331
aymanalts,7677452074447162632,7677467560480129808,,pas lari di kejar zombie sambil aktifin strava,0,0,,2026-09-19T11:53:04.717334
aymanalts,7677452074447162632,7677477915156431637,,"Makasih dok, alhamdulillah gak nambah bahan ovt😭 Gk kebayang maagku kambuh pas lari 😭",0,0,,2026-09-19T11:53:04.717337
aymanalts,7677452074447162632,7677455310147076872,,lalu kalau perkembangan evolusi jamur tersebut dikembangkan agar bisa cocok ke manusia berarti bisa ya?,0,0,,2026-09-19T11:53:04.717340
aymanalts,7677452074447162632,7679369796446012181,,"hpl bntar lagi, gausah gini2an ah. ga siap gue lari bawa bayi",0,0,,2026-09-19T11:53:04.717343
aymanalts,7677452074447162632,7680285702550536976,,"Kalo ada zombie semoga zombie nya kayak di the walking dead aja ya, mager banget mau lari lari",0,0,,2026-09-19T11:53:04.717345
aymanalts,7677452074447162632,7677487661326664469,,"jangan sekarang deh aku orangnya gak tegaan, gak sanggup kalo harus baku hantam sama zombie 😌",0,0,,2026-09-19T11:53:04.717348
aymanalts,7677452074447162632,7677480991749489415,,"di TLoU aja kalo ga bisa survive kena makan itu, kalo di rl beneran kayanya bakal punah deh manusia😭",0,0,,2026-09-19T11:53:04.717350
aymanalts,7677452074447162632,7678395178080977684,,"jendela rumah gue udah di pagerin semua sih, cuman pager luar keknya masih terlalu pendek",0,0,,2026-09-19T11:53:04.717352
aymanalts,7677452074447162632,7677463152606839573,,aku lari 5mnt aja udh ngos ngosan,0,0,,2026-09-19T11:53:04.717357
aymanalts,7677452074447162632,7677476827121042197,,apa sudah saatnya ini terjadi zombie apocalypse...,0,0,,2026-09-19T11:53:04.717359
aymanalts,7677452074447162632,7679141736236483335,,"gw pasrah aja asalkan make up gw ttp on point, gamau pucet klo udh berubah jd zombie 😭",0,0,,2026-09-19T11:53:04.717361
aymanalts,7677452074447162632,7677482421466137364,,"Gua sebagai pecinta film zombie,",0,0,,2026-09-19T11:53:04.717365
aymanalts,7677452074447162632,7677612174684324628,,bntr klo disuruh lari gak dulu soalnya aku punya asma😭yg ada sblm digigit zombie gw udh koit duluan,0,0,,2026-09-19T11:53:04.717367
aymanalts,7677452074447162632,7677529301911421714,,zombie nya bakal kaya di the last of us ga 😔,0,0,,2026-09-19T11:53:04.717369
aymanalts,7677452074447162632,7677670868215399176,,klo beneran ada zombie gw milih mati duluan cape lari-lari klo ujung-ujung ya bakal mati juga,0,0,,2026-09-19T11:53:04.717371
aymanalts,7677452074447162632,7677465423512421140,,"jngn lari"" pliss guee blm operasi besar tumorrrrr😭",0,0,,2026-09-19T11:53:04.717373
aymanalts,7677452074447162632,7677477523534938888,,masa iya setelah covid 16 terbitlah wabah zombi jngn dah gue capek lari lari,0,0,,2026-09-19T11:53:04.717375
aymanalts,7677452074447162632,7677454606230143764,,alhamdulillah ga jadi lari larian😔,0,0,,2026-09-19T11:53:04.717377
aymanalts,7677452074447162632,7677477634318615314,,pelari kalcer siapkan pace terbaik mu,0,0,,2026-09-19T11:53:04.717380
aymanalts,7677452074447162632,7683141438468784916,,"gak usah ngadi"" ada zombie atau virus zombie lah, gue lagi bunting mager lari...",0,0,,2026-09-19T11:53:04.717383
aymanalts,7677452074447162632,7681832311445209872,,mager lari jir macem macem bae ah,0,0,,2026-09-19T11:53:04.717387
aymanalts,7677452074447162632,7677492147596313351,,mager banget lari larian,0,0,,2026-09-19T11:53:04.717391
aymanalts,7677452074447162632,7677633775778693909,,aku percaya kiamat zombie,0,0,,2026-09-19T11:53:04.717393
aymanalts,7677452074447162632,7679281786811958036,,"udah capek gue, hidup udah capek malah ada zombie, gue kejer zombie nya",0,0,,2026-09-19T11:53:04.717395
aymanalts,7677452074447162632,7677482955015242514,,dok keknya seru tapi takut mati deluan,0,0,,2026-09-19T11:53:04.717398
aymanalts,7677452074447162632,7679508583508050706,,meninggal nama lain zombie adalah m4yat hidup,0,0,,2026-09-19T11:53:04.717400
aymanalts,7677452074447162632,7677491885706871572,,daripada capek yah lari2an mndingan menyerahkan diri awowkwk,0,0,,2026-09-19T11:53:04.717403
aymanalts,7677452074447162632,7677684851550536466,,@qar,0,0,,2026-09-19T11:53:04.717405
aymanalts,7677452074447162632,7677466641244422929,,dikamar aja kak 😭,0,0,,2026-09-19T11:53:04.717407
aymanalts,7677452074447162632,7677480377128682261,,iyalagi 😭,0,0,,2026-09-19T11:53:04.717410
aymanalts,7677452074447162632,7677567480526029589,,Kenapa gak ambil tank nya aja kak?,0,0,,2026-09-19T11:53:04.717413
aymanalts,7677452074447162632,7677769763716842261,,lambat jalannya dong😭,0,0,,2026-09-19T11:53:04.717415
aymanalts,7677452074447162632,7677992995925197588,,Eh tapi kan aman kann kalo pake tank?,0,0,,2026-09-19T11:53:04.717417
aymanalts,7677452074447162632,7677548068127982344,,@hamtafff,0,0,,2026-09-19T11:53:04.717419
aymanalts,7677452074447162632,7677578998357082901,,Jamu gendong beras kencur kak,0,0,,2026-09-19T11:53:04.717422
aymanalts,7677452074447162632,7678587904456704775,,"fr, suka kepikiran gini klo ada situasi darurat biasanya kepikiran hijab harus yg ga ribet jadi klo terguncang-guncang tetep on point💅🏻",0,0,,2026-09-19T11:53:04.717425
aymanalts,7677452074447162632,7679714664314651399,,seru kali yaaa,0,0,,2026-09-19T11:53:04.717427
aymanalts,7677452074447162632,7679842794286580500,,mana pinggang rasanya mo patah mager kale mau kejar kejaran sma zombie,0,0,,2026-09-19T11:53:04.717431
aymanalts,7677452074447162632,7679857017816957717,,yakannnn. udalah yg betul betul aja dunia ini,0,0,,2026-09-19T11:53:04.717432
aymanalts,7677452074447162632,7677548388913529621,,"mungkin ini jalannya kak biar kurusan, lari²an dikejar zombie😂",0,0,,2026-09-19T11:53:04.717435
aymanalts,7677452074447162632,7678539254045836040,,Gw pengen di lindungi mommy Jun Ji Hyun dari zombie🤣🤣🤣,0,0,,2026-09-19T11:53:04.717438
aymanalts,7677452074447162632,7678352317271802642,,jamul,0,0,,2026-09-19T11:53:04.717439
aymanalts,7677452074447162632,7677541409314308885,,apalagi yang punya bayi ka😭aku sllu ngebayangin klo ada zombie bnrn gmn ya mana anak ku bawel bgt+kalo nangis juga kaya org di siksa meraung² pdhl cuma pake baju aja😭,0,0,,2026-09-19T11:53:04.717442
aymanalts,7677452074447162632,7679481332212400913,,"yang punya anxiety kepikiran buat stok makanan dari sekarang , takut suatu saat ada zombie kita dah punya stok😭😭😭😭",0,0,,2026-09-19T11:53:04.717444
aymanalts,7677452074447162632,7677564100139467541,,Yuk mulai latihan lari guys😭,0,0,,2026-09-19T11:53:04.717446
aymanalts,7677452074447162632,7680039751014023953,,Gamau gamau gua mau jadi zombie sumpah mager baget harus lari lari,0,0,,2026-09-19T11:53:04.717448
aymanalts,7677452074447162632,7677493344758416129,,aduh gua kalo lari suka sakit perut sebelah lagi. 😭,0,0,,2026-09-19T11:53:04.717450
aymanalts,7677452074447162632,7677489178540524306,,ok saatnya menunjukkan skill' yg ku peroleh dari film' zombie selama ini,0,0,,2026-09-19T11:53:04.717453
aymanalts,7677452074447162632,7679351111917093652,,Aku yg baru lari beberapa jengkal aja udah keram perut sebelah kiri 😭😭,0,0,,2026-09-19T11:53:04.717455
aymanalts,7677452074447162632,7677470694321849106,,tapi juga kepikiran zombie di masa depan bakal ada ga yaa 😭,0,0,,2026-09-19T11:53:04.717457
aymanalts,7677452074447162632,7677595316283884305,,ngeri bgt ih jgn coba² plis aku blm kaya blm sukses😭,0,0,,2026-09-19T11:53:04.717459
aymanalts,7677452074447162632,7677632732609315605,,"untung gue sering nntn film zombie, seda mie 5 dus sama air 1 galon😏",0,0,,2026-09-19T11:53:04.717461
aymanalts,7677452074447162632,7680152604995093265,,dok bahas alergi dingin dan debu serta komplikasinya jika terus menerus tdk membaik dok,0,0,,2026-09-19T11:53:04.717463
aymanalts,7677452074447162632,7679711233071203080,,mana gw udah ngebayangin mau ngumpet dimana😂,0,0,,2026-09-19T11:53:04.717465
aymanalts,7677452074447162632,7677465727062393618,,ga sanggup lari larian 😭,0,0,,2026-09-19T11:53:04.717466
aymanalts,7677452074447162632,7679857752864621320,,apa gua udah harus mulai rajin jogging lgi ya?,0,0,,2026-09-19T11:53:04.717468
aymanalts,7677452074447162632,7679500791099540232,,pliss gue magerrr g mau lari2an 😭😭😭😭,0,0,,2026-09-19T11:53:04.717470
aymanalts,7677452074447162632,7677473616225600263,,"jangan ke indo dulu lah, lagi repot",0,0,,2026-09-19T11:53:04.717473
aymanalts,7677452074447162632,7677482835305366293,,"duh mana punya toddler lagi,masa lari sambil gendong anak ah elahh😭",0,0,,2026-09-19T11:53:04.717475
aymanalts,7677452074447162632,7677497626510099218,,"😭 jangan dulu ya allah , baru hamil muda ini",0,0,,2026-09-19T11:53:04.717477
aymanalts,7677452074447162632,7677480751597011733,,"Aduuhhh jangan main zombi²an dong, masih sibuk menyelamatkan diri dari kabut asap nih.
Gini aja nafas kami dah sesak masa disuruh lari²an ma zombi",0,0,,2026-09-19T11:53:04.717480
aymanalts,7677452074447162632,7677559689182397205,,Eh jangan macem2 ya gue ngga mau lari capek😭,0,0,,2026-09-19T11:53:04.717483
aymanalts,7677452074447162632,7677668785397957397,,mentalku dari lahir udah terlatih dan siap menghadapi keadaan ini,0,0,,2026-09-19T11:53:04.717485
aymanalts,7677452074447162632,7677500009289696020,,"jangan terlalu di zombie zombie kan deh,mager lari gw🗿",0,0,,2026-09-19T11:53:04.717487
aymanalts,7677452074447162632,7677553232819225364,,"Aku pasrah aja lah. ikutan lomba 17 an aja dah gemeter, anxiety kumat. Gmna klo di kejar zombie.😭😭😭",0,0,,2026-09-19T11:53:04.717489
aymanalts,7677452074447162632,7677493348455072519,,🤣🤣🤣😭,0,0,,2026-09-19T11:53:04.717491
aymanalts,7677452074447162632,7677652435230180104,,train to busan kali ahh 🤣,0,0,,2026-09-19T11:53:04.717493
aymanalts,7677452074447162632,7679114066514395925,,"jngn ada zombie please,gue udh punya anak woi
gue gak mau anak gue jdi zombieeeeee",0,0,,2026-09-19T11:53:04.717495
aymanalts,7677452074447162632,7678760516638294804,,"kl ada wabah zombie gue mau diem ah, ntar complexion gue luntur dibawa lari lari trs alis gue ntar ilang kegesek gesek",0,0,,2026-09-19T11:53:04.717497
aymanalts,7677452074447162632,7678709514909172488,,ini beneran kan ga ada zombie zombie? 😭😭,0,0,,2026-09-19T11:53:04.717499
aymanalts,7677452074447162632,7679735435404395285,,"duh gue jangankan lari, jalan ke dapur aja sesak nafas 😂 kebanyakan rebahan",0,0,,2026-09-19T11:53:04.717501
aymanalts,7677452074447162632,7677567746465628948,,the last of us : become reality,0,0,,2026-09-19T11:53:04.717503
aymanalts,7677452074447162632,7679839381117469447,,ihhh tar dulu jgn zombie2 an duluu😭😭😭,0,0,,2026-09-19T11:53:04.717505
aymanalts,7677452074447162632,7679143288856118034,,gapapa sih soalnya gw udah tamat the walking dead 11 season rewatch 3 kali☺️,0,0,,2026-09-19T11:53:04.717507
aymanalts,7677452074447162632,7679086156479333140,,jangan zombie” an sihh gue orgnya suka kelaparan 😭😭,0,0,,2026-09-19T11:53:04.717509
aymanalts,7677452074447162632,7679501339462091538,,bener kata gofar,0,0,,2026-09-19T11:53:04.717510
aymanalts,7677452074447162632,7680795447967023880,,"Duh gak sabar pgn liat orang2 pada lari2an, kejar2an, ada yg manjat tembok, ada yg geber2 Supra 😂",0,0,,2026-09-19T11:53:04.717513
aymanalts,7677452074447162632,7677526653249520385,,"otw stok makanan, sambil rebahan di rumah😭",0,0,,2026-09-19T11:53:04.717516
aymanalts,7677452074447162632,7679780263053214484,,Duhhh masih karhutla ini kalimantan nanti aja bisa gak?,0,0,,2026-09-19T11:53:04.717518
aymanalts,7677452074447162632,7677473433488130836,,"alhamdulillah untung ga bs jd zombie, ga kebyg kl jd zombie bkln jd zombje ky apa ntah jd zombie mager atau zombie gragas wkwk",0,0,,2026-09-19T11:53:04.717520
aymanalts,7677452074447162632,7677494954193601287,,"Alhamdulillah, tidur nyenyak. Terimakasih dok",0,0,,2026-09-19T11:53:04.717522
aymanalts,7677452074447162632,7677464938373464833,,tapi kalo di kembangin lebih jauh bisa jadi kaya di film zombi Coloni.,0,0,,2026-09-19T11:53:04.717524
aymanalts,7677452074447162632,7677579911880049429,,Keknya harus mulai joging ni 😭🙏🏻,0,0,,2026-09-19T11:53:04.717526
aymanalts,7677452074447162632,7679277063912653588,,ya ampun gabisa bayangin adegan lari gue lupa pakek sunscreen 😭,0,0,,2026-09-19T11:53:04.717528
aymanalts,7677452074447162632,7677650107210875655,,"om dokter, virus zombie di masa depan bakalan ada ngga sii?",0,0,,2026-09-19T11:53:04.717530
aymanalts,7677452074447162632,7677455744325452552,,kaum rebahan udah siap lari-larian belom,0,0,,2026-09-19T11:53:04.717533
aymanalts,7677452074447162632,7677562075677377300,,"ga pliss, ga kuat lari akuuuu",0,0,,2026-09-19T11:53:04.717535
aymanalts,7677452074447162632,7677574174974051079,,"udah lama ga olahraga jir jangan ajak lari"" an deh",0,0,,2026-09-19T11:53:04.717536
aymanalts,7677452074447162632,7677459842181874440,,"yah jgn ada zombie dong😭 gw mager lari""",0,0,,2026-09-19T11:53:04.717538
aymanalts,7677452074447162632,7677620056155767569,,seruuu gue ga perlu nyari kerja lagi cuman tinggal lari,0,0,,2026-09-19T11:53:04.717540
aymanalts,7677452074447162632,7680108624039674632,,gmau lari,0,0,,2026-09-19T11:53:04.717542
aymanalts,7677452074447162632,7677792462643839752,,"Di Pertanian jg manfaatin jamur entomopatogen buat mengendalikan hama serangga di tanaman loh, memang beberapa spesies itu sifatnya spesifik dan butuh adaptasi dgn lingkungan. so jgn terlalu khawatir ya ges, ini normal kok",0,0,,2026-09-19T11:53:04.717544
aymanalts,7677452074447162632,7677551236854416129,,ah males lari larian,0,0,,2026-09-19T11:53:04.717545
aymanalts,7677452074447162632,7677517856052871956,,"alhamdulillah,soalnya blm bangun ruang bawah tanah😭🙏",0,0,,2026-09-19T11:53:04.717548
aymanalts,7677452074447162632,7677499326764417813,,"ayo woi cepet main zombinya gw uda siap, sblum ga mood lagi nii",0,0,,2026-09-19T11:53:04.717550
aymanalts,7677452074447162632,7678539524275815189,,"GASABARRRRRRR, kalo emang ada zombie ayolah buruan keburu tua anjir nanti gabisa lari. skarang ajaa indonesia kan uda begini😭",0,0,,2026-09-19T11:53:04.717552
aymanalts,7677452074447162632,7678402956727583496,,alhamdulillah masih dilindungi allah lewat sistem tubuh yang kompleks😭,0,0,,2026-09-19T11:53:04.717555
aymanalts,7677452074447162632,7678679870973444882,,blum siap lari²an blum kuruss😭,0,0,,2026-09-19T11:53:04.717557
aymanalts,7677452074447162632,7678440100859429650,,aku kalau jadi zombie gini kyanya,0,0,,2026-09-19T11:53:04.717559
aymanalts,7677452074447162632,7678686402334507797,,"ga bisa... jangan sampe ada zombie yaa, aku lari sebentar udh engap soalnya sama aku orangnya suka pasrah",0,0,,2026-09-19T11:53:04.717561
aymanalts,7677452074447162632,7678378147138683656,,"aaa gmn dong, aku punya kucing byk di kosan, gampang bgt ke detect sm zombie2 krn pasti ribut 😞",0,0,,2026-09-19T11:53:04.717562
aymanalts,7677452074447162632,7678671581892428560,,coba dikembangin dok biar bisa ke manusia,0,0,,2026-09-19T11:53:04.717564
aymanalts,7677452074447162632,7678389314753118983,,"gue hadapin aja deh, males bgt kalau harus lari larian",0,0,,2026-09-19T11:53:04.717566
aymanalts,7677452074447162632,7678525683996099346,,"pasrah aja lah aku mah, dari PDA cape lari""",0,0,,2026-09-19T11:53:04.717568
aymanalts,7677452074447162632,7679829272026645269,,ya Allah ngakak bgt baca komen😭🤣🤣🤣🤣,0,0,,2026-09-19T11:53:04.717570
aymanalts,7677452074447162632,7679077470120919828,,"di fase,ya udahlah kalo mau jadi zombie..aq mager buat lari dok",0,0,,2026-09-19T11:53:04.717572
aymanalts,7677452074447162632,7678690375469073170,,"ampun bgt komen ""apalagi ayu ting ting udah pindah, 😭",0,0,,2026-09-19T11:53:04.717573
aymanalts,7677452074447162632,7680109747005915912,,Duh mana aku males bgt lari dok,0,0,,2026-09-19T11:53:04.717575
aymanalts,7677452074447162632,7679265969720279815,,"plss gue nonton traintobusan aja trust issue bgtt setiap jalan kaki malem""😭😭😭",0,0,,2026-09-19T11:53:04.717577
aymanalts,7677452074447162632,7678739823138816776,,aku yg bru abis minum obat anti jamur trus liat ini😭,0,0,,2026-09-19T11:53:04.717579
aymanalts,7677452074447162632,7679461009677550354,,pernah baca cerita wattpad begini bjirr😭😭,0,0,,2026-09-19T11:53:04.717581
aymanalts,7677452074447162632,7678760952020206354,,Jgn dibuat guyonan guys takutnya kayak corona Anjr,0,0,,2026-09-19T11:53:04.717583
aymanalts,7677452074447162632,7679976523621384980,,udah yaa gw malas lari😭,0,0,,2026-09-19T11:53:04.717585
aymanalts,7677452074447162632,7677505911237903111,,ga usah aneh2 ah baru punya Newborn 🥺,0,0,,2026-09-19T11:53:04.717586
aymanalts,7677452074447162632,7677487438013203207,,males bgttt deh,0,0,,2026-09-19T11:53:04.717588
aymanalts,7677452074447162632,7677487165920084744,,Umbrella corp : utiwi,0,0,,2026-09-19T11:53:04.717591
aymanalts,7677452074447162632,7677474741074232084,,"depok, kali ini jangan coba coba ya😭",0,0,,2026-09-19T11:53:04.717593
aymanalts,7677452074447162632,7677468018477646600,,beneran gabisa lari woi engap banget gampang mati lagi,0,0,,2026-09-19T11:53:04.717595
aymanalts,7677452074447162632,7677466627483058952,,jamur itu berarti sama kayak cacing yg di belalang ya dok? bisa mempengaruhi inang,0,0,,2026-09-19T11:53:04.717598
aymanalts,7677452074447162632,7677463246915748628,,alhamdulillah gajadi maraton,0,0,,2026-09-19T11:53:04.717600
aymanalts,7677452074447162632,7677463160768922389,,lgi ngebayangin lari nya sambil gendong anakku😭😭 nauzubillahh,0,0,,2026-09-19T11:53:04.717601
aymanalts,7677452074447162632,7680172942135313172,,serem banget sih mainannya 🥺,0,0,,2026-09-19T11:53:04.717603
aymanalts,7677452074447162632,7678070751329256199,,stop ya zombie-zombie an gua orang nya males lari-larian 😭😭,0,0,,2026-09-19T11:53:04.717605
aymanalts,7677452074447162632,7678140124693365522,,"gaes kalau ada zombie,bawa pentungan apa kampak panjang,senjata lah inti ny terus lari cari makanan di indomart atau alfamart.stok banyak"",tapi hati"" ya gaes jangan sampe terluka",0,0,,2026-09-19T11:53:04.717607
aymanalts,7677452074447162632,7678223060697465601,,"jangan zombie zombie woy, gua lagi hamil, boro boro mau lari, pala kliyengan, muntah muntah😭",0,0,,2026-09-19T11:53:04.717609
aymanalts,7677452074447162632,7678330005961196308,,aku udh inget inget warung madura mna yg bisa aku tempatin klo ada zombie,0,0,,2026-09-19T11:53:04.717612
aymanalts,7677452074447162632,7678197871230059284,,DOKKK MAKASIH BGT. DR KMRN OVTT TAKUT BGT,0,0,,2026-09-19T11:53:04.717614
aymanalts,7677452074447162632,7678370399080678151,,tenang guysss gk bisa menular ke manusia ya 🥰,0,0,,2026-09-19T11:53:04.717616
aymanalts,7677452074447162632,7678367741448127250,,bentar anjir skill bertahan hidup di alam liar gue masih minim ditambah gue mageran😭,0,0,,2026-09-19T11:53:04.717618
aymanalts,7677452074447162632,7678380519280952082,,"pernah kepikiran lagi, gimana kalau beneran ada zombie kek yg di train to busan🤣🤣 apakah ini saatnya?",0,0,,2026-09-19T11:53:04.717620
aymanalts,7677452074447162632,7678370266851328769,,"gak mau lari anjirr gua punya asma, sama Aslam 😭😭",0,0,,2026-09-19T11:53:04.717622
aymanalts,7676686133547257096,7676702513476125448,,"dok anakku umur 15th bau badan bgt bahkan sampe nempel di baju,udah pake deodorant men tp ttep bau, btw anakku cewe yaa...",0,0,,2026-09-19T11:55:45.064728
aymanalts,7676686133547257096,7676688904229929729,,"pas sakit ga mandi tuh ada 3 hari, ga bau samsek 😭 sampe minta orang² rumah cium ketek bau apa kgk buat mastiin dan yeah... ga bau samsek, kek netral aja. bahkan ketiak juga kering. kotoran telingaku juga tipe yang kering. so happy punya gen ga bau badan ini 🥲🫶🏻",0,0,,2026-09-19T11:55:45.064737
aymanalts,7676686133547257096,7676686772408337170,,kenapa kotoran kuping warnanya putih dok?,0,0,,2026-09-19T11:55:45.064740
aymanalts,7676686133547257096,7676726202103169812,,"punyaku tipe basah. emang hygiene ngaruh bgt 😭
selain mandii, harus rajin pake deodorant, rajin lulur, rajin berendam, pake lotion, dijamin ga bauu",0,0,,2026-09-19T11:55:45.064742
aymanalts,7676686133547257096,7676687392070599440,,"temenku yg jarang mandi, orgnya berantakan dan agak jorok menurutku tpi kok dia bisa gk bau badan ya Dok?",0,0,,2026-09-19T11:55:45.064744
aymanalts,7676686133547257096,7676720505383125780,,"dok, anakku waktu itu sring ngeluh telinga ny sakit. aku pikir krna kotoran telingany menumpuk, kotoran telinga jenis kering.
sampe aku bawa ke THT tp pas diperiksa tdk ada kotoran, dokter blg krna perngaruh bapil.
memang itu bsa terjadi ya dok?? cara mengatasi sakitny gmna??",0,0,,2026-09-19T11:55:45.064747
aymanalts,7676686133547257096,7676700677191746311,,"tapi bener loh, temen temen ku kotoran telinga nya basah mereka bau bgt, trus aku suruh pake tawas, dan kotoran telinga ku kering, ku tanya ke mereka bau ga, engga katanya😭",0,0,,2026-09-19T11:55:45.064749
aymanalts,7676686133547257096,7676729344429015815,,suami dan anak g bau badan dan kotoran telinga dia kring sy basah kotoran telinga nya sy jga aga bau badan dan suami anak kulitnya Alus telapak kakinya Alus sy mlahan kasar untung anak ku ikut bpanya,0,0,,2026-09-19T11:55:45.064751
aymanalts,7676686133547257096,7676695600007889682,,Ini kotoran yang di dlm telinga? Kalau yang bau itu di belakang daun telinga gimana ya dok?,0,0,,2026-09-19T11:55:45.064753
aymanalts,7676686133547257096,7676687173063967496,,Dokk mau nanyaaa kok bisa ada orang tidur ileran banyakkkj😳,0,0,,2026-09-19T11:55:45.064755
aymanalts,7676686133547257096,7676690384168944400,,dia kepikiran sampe gk bisa tidur dok😅,0,0,,2026-09-19T11:55:45.064757
aymanalts,7676686133547257096,7676776085795603220,,doktellll ihhh pengen disapa,0,0,,2026-09-19T11:55:45.064759
aymanalts,7676686133547257096,7676689689806078727,,"hai dok, kapan aku jadi presiden",0,0,,2026-09-19T11:55:45.064761
aymanalts,7676686133547257096,7676686591495373588,,1,0,0,,2026-09-19T11:55:45.064763
aymanalts,7676686133547257096,7676747842300855057,,"Wkwkwk aku salah 1 manusia yg beruntung, ga bau badan meski ga mandi 3 hari serta ga basah kotoran telinganya. Giliran cowo ku sehari aja telat mandinya bahhh wasalam baunya kek bawang bombay mentah",0,0,,2026-09-19T11:55:45.064765
aymanalts,7676686133547257096,7676689229444006677,,"putih?
bisa jdi itu jamur,atau busa sabun kering",0,0,,2026-09-19T11:55:45.064767
aymanalts,7676686133547257096,7676711482465993492,,kak makanannya coba dikontrol kak,0,0,,2026-09-19T11:55:45.064769
aymanalts,7676686133547257096,7676718887485211400,,"agak susah makan kak, telur dadar tp harus ada wortel/bihun, sayur ga suka sama sekali,,dia anak pertama paling susah kalo urusan makanan.",0,0,,2026-09-19T11:55:45.064771
aymanalts,7676686133547257096,7684984895160271634,,pke betadine merah ngaruh,0,0,,2026-09-19T11:55:45.064773
aymanalts,7676686133547257096,7676702344863793941,,Aku yg awalnya gada bau badan tapi karna penasaran dgn yg namanya “DEODORANT” pas coba lepas malah keluar bau nya😭😭😭😭😭,0,0,,2026-09-19T11:55:45.064775
aymanalts,7676686133547257096,7676711438089896724,,"aku malah sama mama sejak awal katanya jangan dibiasakan pake Deo kak, walaupun sama aku juga penasaran pake karena kek anak dewasa banget ngerti ngga? yg suka pake Deo tuh, tapi kalo bikin bau ngga mau deh😭✌🏻",0,0,,2026-09-19T11:55:45.064777
aymanalts,7676686133547257096,7676780888865145616,,zaman sekolah dulu juga mamaku bilang hal yang sama 😁 krna udah tau anak nya ga bau badan beliau cuma ga mau seragam putih tuh ada noda kuning krna deo.,0,0,,2026-09-19T11:55:45.064780
