username,video_id,video_url,is_photo,like_count,comment_count,share_count,save_count,description,scraped_at,manual_label,label_timestamp
drkevinmak,7592563740189428999,https://www.tiktok.com/@drkevinmak/video/7592563740189428999,False,18400,329,1950,6932,"Usia 25 tapi belum pernah minum astaxanthin? Bukan salah kamu—kebanyakan baru mikir antioksidan setelah badan mulai gampang capek, kulit kusam, mata sering lelah, dan recovery makin lama. Padahal di usia 25+ • stres mulai numpuk • tidur sering nggak utuh • screen time tinggi • inflamasi pelan-pelan naik Astaxanthin bukan buat “terlihat tua”, tapi buat nahan kerusakan sebelum keburu numpuk. Karena perawatan terbaik itu dimulai sebelum ada keluhan #Astaxanthin #Usia25 #Antioksidan #HealthyAging #glowfrominside",2026-09-06T11:17:05.564015,health,2026-09-07T12:56:51.554132
drkevinmak,7646364453918838034,https://www.tiktok.com/@drkevinmak/video/7646364453918838034,False,2466,58,465,667,"Usia 25 tahun tapi masih sering tidur mangap? Jangan dianggap sepele. Karena tidur mangap bisa menjadi salah satu tanda kualitas tidur yang kurang baik, dan pada sebagian orang juga ditemukan bersamaan dengan kadar vitamin D yang rendah. Sudah pernah cek vitamin D kamu belum? #vitamind #kurangvitamind #tidurmangap #sleephealth #kesehatan",2026-09-05T18:50:01.042691,health,2026-09-07T13:06:24.553745
drkevinmak,7627467585155517714,https://www.tiktok.com/@drkevinmak/video/7627467585155517714,False,129,12,15,20,"Capek + overthinking itu bukan cuma di pikiran… tapi bisa ganggu hormon & kesehatan wanita juga Mulai dari gampang lemes, mood swing, sampai masalah pencernaan Salah satu yang sering dilupain: jaga gut health Probiotik bisa bantu dari “dalam” Kamu lagi ngerasain juga? Cerita di komen ya 👇 #kesehatanwanita #overthinking #probiotik #guthealth #hormon",2026-09-05T19:45:58.922767,health,2026-09-07T13:12:08.865530
drkevinmak,7603002638791134471,https://www.tiktok.com/@drkevinmak/video/7603002638791134471,False,146,17,19,44,"Tahun 2026, tapi haid kamu masih telat-telat? Bukan karena kamu kurang usaha. Seringnya karena: • stres makin tinggi • tidur makin berantakan • jarang kena matahari • hormon pelan-pelan kacau Di kondisi ini, banyak perempuan kekurangan vitamin D3 & magnesium. Padahal dua ini bantu: • stabilin hormon • dukung ovulasi • bikin tubuh lebih tenang (haid nggak gampang telat karena stres) Kalau di 2026 kamu masih: – haid maju mundur – siklus nggak jelas – gampang capek & sensitif Mungkin yang perlu dibenerin bukan cuma jadwal… tapi nutrisi hormon dari dalam. #d3 #telathaid #haidberantakan",2026-09-06T10:42:40.971212,health,2026-09-07T12:44:52.323628
drkevinmak,7600727329047956754,https://www.tiktok.com/@drkevinmak/video/7600727329047956754,False,1550,105,93,421,Replying to @momo kalau kamu udah rutin makan makanan ini buat keputihan belom? #keputihan #rekomendasiprobiotik #viralditiktok🔥 #obatkeputihan #makanan,2026-09-06T10:49:44.207326,health,2026-09-07T13:09:01.793269
drkevinmak,7592965634078641416,https://www.tiktok.com/@drkevinmak/video/7592965634078641416,False,181,12,17,76,"Habis liburan, celana jadi sempit. Makan enak ✔️ Jam tidur berantakan ✔️ Perut sering begah ✔️ Berat badan naik bukan selalu karena lemak, seringnya karena pencernaan dan metabolisme lagi kacau. Kurang tidur + makan nggak teratur = bakteri baik usus ikut terganggu. Di kondisi ini, probiotik bantu: • menyeimbangkan bakteri usus • bantu pencernaan lebih lancar • ngurangin begah & kembung • bantu metabolisme balik ke ritme normal Kalau habis liburan kamu ngerasa: – berat badan naik – perut nggak enak – tidur nggak nyenyak Mulai rapihin dari dalam dulu. Kadang yang dibutuhin bukan diet ekstrem, tapi usus yang sehat. #HabisLiburan#beratbadannaik#probioticsUsusSehat #PencernaanSehat",2026-09-06T11:16:07.080486,health,2026-09-07T12:31:19.639496
drkevinmak,7593991559406816530,https://www.tiktok.com/@drkevinmak/video/7593991559406816530,False,21300,126,1284,6071,"Replying to @saadah Jerawat di dagu itu seringnya bukan soal skincare.” Kalau jerawat munculnya di dagu, rahang, atau sekitar mulut, apalagi makin parah menjelang haid… Seringnya masalahnya dari DALAM. 👉 hormon 👉 pencernaan 👉 gut yang lagi nggak seimbang Usus nggak sehat = inflamasi naik = jerawat gampang muncul. Makanya selain skincare, support dari dalam itu penting. Salah satunya: probiotik untuk bantu keseimbangan usus & hormon ✨ Jerawat bandel di dagu? Jangan cuma ditimpa skincare #jerawat #jerawathormon #jerawatbatu #probiotik",2026-09-06T11:13:23.074398,health,2026-09-07T12:54:17.204978
drkevinmak,7667223576428186898,https://www.tiktok.com/@drkevinmak/video/7667223576428186898,False,1254,15,145,415,"Please jangan abaikan gejala2 ini ya! Buanyak banget yang ujung2 nya kecolongan, kalau kamu paling sering ngalamin yang mana? #kortisol #detox #suplemen #edukasi #viralditiktok🔥",2026-09-05T17:36:21.216348,health,2026-09-07T13:13:38.792207
drkevinmak,7623424313151999239,https://www.tiktok.com/@drkevinmak/video/7623424313151999239,False,76,3,7,13,Kalau kamu masih breakout parah ga beres lebaran? Jangan lupa zinc nya 1x sehari setelah makan siang dan hindari konsumsi makanan berminyak ya ✅ #acneprone #jerawat #zinc #rekomendasizinc,2026-09-05T19:58:08.300649,health,2026-09-07T12:27:11.404444
drkevinmak,7620114400501976328,https://www.tiktok.com/@drkevinmak/video/7620114400501976328,False,1110,35,169,433,"Replying to @seojoonn_8 Umur 18 masih bisa nambah tinggi ga? Ini pertanyaan yang sering banget muncul 👀 Faktanya, di usia ini peluang masih ada—tapi ga selamanya. Karena pertumbuhan tinggi badan itu ada “window”-nya. Selain faktor genetik, tubuh juga butuh support nutrisi yang cukup, termasuk vitamin D3 + K2 untuk bantu penyerapan kalsium dan kesehatan tulang. Jadi jangan nunggu “telat” baru mulai jaga 🙌 👉 save ini kalau lo lagi concern soal tinggi badan atau share ke temen lo yang lagi fase growth ⸻ #tinggibadan #vitamind3k2 #pertumbuhan #kesehatantulang #suplementinggibadan",2026-09-05T20:05:08.645962,health,2026-09-07T13:01:23.319507
drkevinmak,7622996546514062610,https://www.tiktok.com/@drkevinmak/video/7622996546514062610,False,2317,24,1800,657,"Top 5 makanan yang diam-diam bisa bantu kurangi nyeri haid 👀 Bukan obat, tapi kalau kamu rutin konsumsi — efeknya bisa bantu redain kram dari dalam. Masalahnya… banyak yang masih salah pilih makanan pas lagi haid 😅 Di video ini aku spill 5 yang paling efektif + kenapa bisa bantu ✨ ⚠️ Reminder: Kalau nyeri haid kamu sampai ganggu aktivitas, jangan dianggap normal ya. 💬 Kamu biasanya kalau haid paling sering ngerasain apa? #nyerihaid #haid #dismenore #kesehatanwanita #makanan",2026-09-05T19:58:27.805717,health,2026-09-07T12:45:13.794613
drkevinmak,7621506046418259207,https://www.tiktok.com/@drkevinmak/video/7621506046418259207,False,194,9,14,17,Beres lebaran kok malah gampang sakit? Padahal pas puasa lebih sehat… Biasanya karena pola makan & tidur berantakan → imun drop Jangan lupa support Vitamin D ya Kamu juga ngerasain? Komen “DROP” #k#kesehatant#tipskesehatanv#vitamindd#dayatahuntubuhimun,2026-09-05T20:02:09.995937,health,2026-09-07T12:34:32.862018
drkevinmak,7668522361007721736,https://www.tiktok.com/@drkevinmak/video/7668522361007721736,False,9369,240,2522,3402,"Buat kamu yang tiap pagi bersin-bersin karena alergi dingin, plis dengerin sampai habis ya! Bisa jadi ada hal yang selama ini kamu lewatkan. Share ke keluarga atau teman yang juga sering ngalamin! #AlergiDingin #Bersin #Alergi #Kesehatan #DokterKevinMak",2026-09-05T17:29:57.757099,health,2026-09-07T12:59:30.725241
drkevinmak,7680144333546294536,https://www.tiktok.com/@drkevinmak/video/7680144333546294536,False,708,15,87,129,SHARE ke temen kamu yang suka bunyiin jari tangan dan kaki!! Jangan lupa juga tambahin vitamin D3k2 dan kalsium untuk bantu kesehatan tulang tetap optimal ya! #infokesehatan #vitamind3k2 #kalsium #jaritangan #rematik,2026-09-05T16:48:32.250755,health,2026-09-07T12:33:11.578049
drkevinmak,7668558263440444680,https://www.tiktok.com/@drkevinmak/video/7668558263440444680,False,144,4,6,10,"Buat yang masih bingung minum vitamin apa buat rambut rontok, boleh coba 3 tips di video ini! #rambutrontok #tipsrambutrontok #vitaminrambut #rambuttipis",2026-09-05T17:32:29.946118,health,2026-09-07T13:03:40.204549
drkevinmak,7653383072821562632,https://www.tiktok.com/@drkevinmak/video/7653383072821562632,False,201,10,48,72,"Jujur kesel sih kalau munculnya di dagu dan rahang mulu, makannya tambahin zinc setelah makan ya! #jerawat #zinc #jerawatbatu #zincpicolinate #suplemenjerawat",2026-09-05T18:28:30.881575,health,2026-09-07T12:28:44.877817
drkevinmak,7668572882980670728,https://www.tiktok.com/@drkevinmak/video/7668572882980670728,False,105,4,3,13,Kalau kamu biasa bawa vitamin apa saat travelling? #vitamin #rekomendasivitamin #vitaminpemula #dosisvitamin #infokesehatan,2026-09-05T17:31:22.583575,not_health,2026-09-07T13:05:49.178836
drkevinmak,7677425269786873095,https://www.tiktok.com/@drkevinmak/video/7677425269786873095,False,368,24,47,205,"Replying to @Hi, Nad! Kalau kamu masih bingung, Vitamin D 4000 IU + magnesium itu diminumnya kapan dan apakah boleh barengan? Jangan asal ikut dosis orang lain ya. Vitamin itu bukan “semakin banyak semakin bagus” #VitaminD #VitaminD3 #Magnesium #VitaminD4000IU #suplemen",2026-09-05T16:57:48.892286,health,2026-09-07T12:59:16.258039
drkevinmak,7659988994003881234,https://www.tiktok.com/@drkevinmak/video/7659988994003881234,False,25700,256,9800,8744,"Kalau perut buncitmu sampai “ngintip” duluan pas sembunyi di balik tembok… Saatnya mulai ubah kebiasaan! Ikuti tips di video ini dan lakukan secara konsisten. Kalau menurutmu bermanfaat, jangan lupa share ke teman yang lagi berjuang mengecilkan perut ya! #perutbuncit #lemakperut #dietsehat #turunberatbadan #fatloss",2026-09-05T18:01:15.853264,health,2026-09-07T13:09:11.381764
drkevinmak,7629136826837585160,https://www.tiktok.com/@drkevinmak/video/7629136826837585160,False,166,4,38,31,"Sering ngorok tiap malam? Bisa jadi otot saluran napas kamu kurang relaks — salah satu yang berperan: magnesium. Komen kalau kamu atau pasangan ngalamin, dan share biar gak kamu doang yang keganggu . . . #ngorok #sleepapnea #magnesium #tidursehat #susahtidur",2026-09-05T19:38:20.500964,health,2026-09-07T13:02:08.340508
drkevinmak,7604135631337360658,https://www.tiktok.com/@drkevinmak/video/7604135631337360658,False,274,55,39,86,Replying to @Nanaa kalau kamu udah pernah minum kolagen newlab? Coba spill hasilnya ya ✅ #infokesehatan #newlab #kolagen #rekomendasikolagen #sacetylglutathione,2026-09-06T10:40:41.083580,health,2026-09-07T13:13:12.218021
drkevinmak,7677970975778016520,https://www.tiktok.com/@drkevinmak/video/7677970975778016520,False,15400,194,10000,4376,"Perut buncit jangan cuma dianggap masalah penampilan. Lemak di perut bisa berkaitan dengan penumpukan lemak di organ, termasuk fatty liver. Jadi, kalau lingkar perut terus bertambah, jangan hanya fokus diet untuk mengecilkan perut, tapi perhatikan juga kesehatan metabolik. #PerutBuncit #FattyLiver #LiverSehat #KesehatanMetabolik #GayaHidupSehat",2026-09-05T17:01:31.819132,health,2026-09-07T12:45:43.742586
drkevinmak,7672068645857660178,https://www.tiktok.com/@drkevinmak/video/7672068645857660178,False,316,3,32,71,Kalau kamu udah minum vitamin apa aja selama menyusui? Komen ya ✅ #busui #vitamin #vitaminbusui #vitamind #nutrimax,2026-09-05T17:24:53.163438,health,2026-09-07T12:36:40.688421
drkevinmak,7648290096608857352,https://www.tiktok.com/@drkevinmak/video/7648290096608857352,False,142,2,14,48,"Keputihan yang tidak normal bisa bikin nggak nyaman, gatal, mengganggu aktivitas, bahkan membuat sebagian wanita jadi kurang percaya diri. Kalau keputihan berubah warna, berbau menyengat, disertai gatal atau nyeri, jangan dianggap sepele karena bisa menjadi tanda adanya masalah yang perlu diperiksa. Pernah mengalami keputihan yang bikin nggak nyaman? #Keputihan #KesehatanWanita #WanitaSehat #FeminineHealth #IntimateHealth",2026-09-05T18:42:28.637488,health,2026-09-07T12:48:33.464405
drkevinmak,7677423468052221202,https://www.tiktok.com/@drkevinmak/video/7677423468052221202,False,337,6,28,87,"Usia 40-an, kok badan mulai kerasa banyak keluhan? Usia memang bertambah, tapi bukan berarti kesehatan harus ikut menurun. Yuk, mulai lebih peduli sama tubuh dari sekarang! Share ke teman yang mulai masuk usia 40-an & komen #Usia40an #SehatDiUsia40 #TipsKesehatan #HidupSehat #Kesehatan",2026-09-05T16:55:34.619067,health,2026-09-07T13:00:45.181265
drkevinmak,7601538691395292423,https://www.tiktok.com/@drkevinmak/video/7601538691395292423,False,524,33,44,203,"Kulit kusam pas puasa, mau Lebaran pengen glowing? Masalahnya sering bukan di skincare. Kurang tidur, pola makan berubah, stres → radikal bebas naik 📈 Makanya antioksidan wajib dikonsumsi, apalagi bulan puasa sampai Lebaran biar kulit lebih cerah, sehat, dan nggak keliatan capek ✨ #Antioksidan #GlowingSaatPuasa #KulitGlowing #PuasaSehat #SkinFromWithin",2026-09-06T10:46:37.411805,health,2026-09-07T13:05:09.931765
drkevinmak,7665873729720782098,https://www.tiktok.com/@drkevinmak/video/7665873729720782098,False,24600,412,1814,7205,"Baru minum B complex, kok nafsu makan jadi meningkat? Tenang, hal ini bisa terjadi pada sebagian orang karena vitamin B berperan dalam metabolisme dan produksi energi tubuh. #VitaminBComplex #VitaminB #NafsuMakan #Suplemen #Kesehatan",2026-09-05T17:40:46.364273,health,2026-09-07T12:59:18.802150
drkevinmak,7610001813651164424,https://www.tiktok.com/@drkevinmak/video/7610001813651164424,False,402,10,17,49,"Kepada Yth. Lambung, Dimohon kerjasamanya selama bulan puasa. 🙏 Jangan kaget. Jangan protes. Jangan tiba-tiba perih pas adzan Maghrib 😭 Karena pola makan berubah, jam makan berubah, asam lambung juga bisa ikut berubah. Makanya selain atur pola buka puasa yang benar, jangan lupa jaga keseimbangan bakteri baik di usus dengan probiotik. Lambung tenang → puasa pun nyaman #Probiotik #ProbiotikHarian #ProbiotikPuasa #LambungSehat #AsamLambung",2026-09-06T10:30:06.425270,health,2026-09-07T12:43:51.780338
drkevinmak,7621870587429915922,https://www.tiktok.com/@drkevinmak/video/7621870587429915922,False,1643,46,146,408,"Paha & betis pegel terus jangan cuma dibilang capek 😅 Bisa jadi tubuh lagi kekurangan magnesium—mineral penting buat otot biar gak kaku, gak gampang spasme, dan lebih relax Apalagi kalau sering olahraga, hiking, atau duduk lama → kebutuhan magnesium makin tinggi Kalau diabaikan, ujungnya bisa sampai butuh fisioterapi Mulai perhatiin dari sekarang sebelum makin parah 👇 Udah pernah ngerasain pegel kayak gini? #magnesium #ototpegel #pegalkaki #kesehatanotot #fisioterapi",2026-09-05T20:00:35.093120,not_health,2026-09-07T12:17:27.342224
drkevinmak,7596231024904834322,https://www.tiktok.com/@drkevinmak/video/7596231024904834322,False,906,64,160,281,"Vitamin D3 membantu penyerapan kalsium untuk tulang dan gigi yang kuat. Vitamin K2 membantu mengarahkan kalsium ke tulang, bukan ke pembuluh darah. Penting untuk tumbuh kembang dan daya tahan tubuh anak, terutama yang jarang kena sinar matahari. Gunakan sesuai dosis usia dan konsultasikan bila perlu. #VitaminAnak #D3K2 #tumbuhkembanganak",2026-09-06T11:05:13.642463,health,2026-09-07T13:09:47.432381
drkevinmak,7642273287233342728,https://www.tiktok.com/@drkevinmak/video/7642273287233342728,False,41600,336,14600,10500,"Double chin kadang bukan cuma soal gemuk 👀 Postur, tidur, kebiasaan nunduk, sampai lifestyle juga bisa ngaruh. Kalau akhir-akhir ini makin keliatan jelas di kamera coba ikutin tips di video ini dulu Share ke temen yang tiap buka kamera depan langsung kaget sendiri #doublechin #tipswajah #selfcare #healthtips #fyp",2026-09-05T18:59:49.053317,health,2026-09-07T12:59:54.466559
ikhsanqthii,7652615074300939521,https://www.tiktok.com/@ikhsanqthii/video/7652615074300939521,False,129000,1005,14600,4322,Hikmah yang bisa diambil: beliin tiket konser 👍👍,2026-09-06T16:59:16.228600,not_health,2026-09-07T12:57:04.097085
ikhsanqthii,7678647164427341072,https://www.tiktok.com/@ikhsanqthii/video/7678647164427341072,False,1369,87,143,83,Replying to @annisa begitu 👍,2026-09-06T15:45:02.383323,health,2026-09-07T12:49:48.040264
ikhsanqthii,7614468379721600257,https://www.tiktok.com/@ikhsanqthii/video/7614468379721600257,False,8111,72,231,49,Ka Vidi… selamat jalan… terima kasih atas banyak nasihatnya walaupun pertemuan kita amat sangat singkat 😢😢😭😭😭,2026-09-06T18:35:21.112468,not_health,2026-09-07T12:33:00.273260
ikhsanqthii,7676113285267197205,https://www.tiktok.com/@ikhsanqthii/video/7676113285267197205,False,3764,55,189,165,Buat yang badannya sering gampang drop 🙏,2026-09-06T15:51:14.302669,health,2026-09-07T13:05:00.403930
ikhsanqthii,7664986424256597268,https://www.tiktok.com/@ikhsanqthii/video/7664986424256597268,False,93300,670,13500,9939,"Dan kalau malam hari mau main hp, boleh coba nyalain night modenya… biar sinar birunya berkurang 👍👍",2026-09-06T16:22:11.682460,health,2026-09-07T13:14:26.730618
ikhsanqthii,7603204834275249429,https://www.tiktok.com/@ikhsanqthii/video/7603204834275249429,False,47500,1379,14800,9857,Intinya kalau anak itu sering pi*isnya gak lancar coba liat bagian preputium (kul*p). Soalnya kadang suka lengket dan jadi sumber infeksi,2026-09-06T19:07:03.970241,health,2026-09-07T13:01:12.172125
ikhsanqthii,7632354273455590673,https://www.tiktok.com/@ikhsanqthii/video/7632354273455590673,False,22100,620,230,207,DOKTER GANTENG KEMBALI PRAKTEK 🥸😎 #aamiin,2026-09-06T17:52:01.815455,not_health,2026-09-07T12:34:36.805472
ikhsanqthii,7650284559845559573,https://www.tiktok.com/@ikhsanqthii/video/7650284559845559573,False,52400,519,5153,1720,Demikian 🙏,2026-09-06T17:05:56.246405,health,2026-09-07T13:01:46.781942
ikhsanqthii,7642359020430347537,https://www.tiktok.com/@ikhsanqthii/video/7642359020430347537,False,285800,714,4853,11700,Demikian sekilas info buat pertolongan pertama terpatuk ular 👍👍 TOLONG DISIMAK!,2026-09-06T17:28:45.867328,health,2026-09-07T13:00:54.832254
ikhsanqthii,7648299375352990992,https://www.tiktok.com/@ikhsanqthii/video/7648299375352990992,False,90400,2227,3208,760,Kasian.,2026-09-06T17:12:14.303164,not_health,2026-09-07T12:56:32.689876
ikhsanqthii,7676004881324444949,https://www.tiktok.com/@ikhsanqthii/video/7676004881324444949,False,124400,1824,7273,1460,"Hidup kadang kadang, kadang kidding",2026-09-06T15:52:20.817431,not_health,2026-09-07T12:40:10.779588
ikhsanqthii,7655920520289946901,https://www.tiktok.com/@ikhsanqthii/video/7655920520289946901,False,6687,101,132,54,😊,2026-09-06T16:49:30.718710,not_health,2026-09-07T12:55:03.295270
ikhsanqthii,7662024159127407873,https://www.tiktok.com/@ikhsanqthii/video/7662024159127407873,False,4489,88,76,38,Day-2,2026-09-06T16:31:32.433834,not_health,2026-09-07T12:46:22.036165
ikhsanqthii,7675646419214077204,https://www.tiktok.com/@ikhsanqthii/video/7675646419214077204,False,1118,50,13,28,Replying to @roti.goreng,2026-09-06T15:52:47.659177,health,2026-09-07T13:06:30.833850
ikhsanqthii,7607423362800913685,https://www.tiktok.com/@ikhsanqthii/video/7607423362800913685,False,326300,2438,22900,18400,"Apakah boleh makan makanan begituan ketika sahur? Ya boleh2 aje, cuman kalo gampang laper abis itu jangan protes 🙏🙏😌😌 #izinn @proem1indonesia",2026-09-06T18:55:51.048591,health,2026-09-07T12:42:43.208740
ikhsanqthii,7644894664302071061,https://www.tiktok.com/@ikhsanqthii/video/7644894664302071061,False,21200,211,1062,821,Jadi jangan remehin soal microsleep #microsleep #drIkhsan #aromakopi,2026-09-06T17:21:08.966739,health,2026-09-07T12:58:32.456096
ikhsanqthii,7627459902327262485,https://www.tiktok.com/@ikhsanqthii/video/7627459902327262485,False,55400,295,1719,2208,"Kalau kalian sering ngantuk habis makan itu bisa aja disebabin karena hipoglikemia reaktif, intinya penurunan gula darah tiba-tiba, ini terjadi akibat respon insulin buat nurunin gula darah secepat mungkin. Nah, kalo sering terjadi kayak gini coba cek gula ya terutama HbA1c! Karena bisa aja udah masuk ke tanda2 pre-diabet…",2026-09-06T18:02:09.557511,health,2026-09-07T12:17:28.851508
ikhsanqthii,7651232478878764309,https://www.tiktok.com/@ikhsanqthii/video/7651232478878764309,False,1726,62,32,43,Kalo klean ke Lampung wajib ke sini menurut gue 👍,2026-09-06T17:02:45.872589,not_health,2026-09-07T13:05:51.640669
ikhsanqthii,7592497092338273557,https://www.tiktok.com/@ikhsanqthii/video/7592497092338273557,False,90100,2744,12300,3763,"Maafkan, klarifikasi dikit. Aku baru tau harga belalang mahallll kalo dijual (soalnya taunya dulu tinggal ambil/nangkep - terus kita goreng deh) 🤣🤣🤣 jadi dengan komparasi harga yg cukup mahal emang better telur guysss Nb: bisa jadi opsi kalo dirumahnya deket sawah (alias tinggal nangkep) 👍👍👍",2026-09-06T19:33:05.609831,not_health,2026-09-07T12:33:23.268064
ikhsanqthii,7667760710994365716,https://www.tiktok.com/@ikhsanqthii/video/7667760710994365716,False,767,19,21,11,Bro lagu kita sudah masuk sanubari emak2 bro 🙏,2026-09-06T16:17:04.680012,not_health,2026-09-07T12:45:27.494285
ikhsanqthii,7652949141139524885,https://www.tiktok.com/@ikhsanqthii/video/7652949141139524885,False,9671,90,133,143,Jangan lupaa ikutannn 🤣🤣🤣,2026-09-06T16:58:49.579931,not_health,2026-09-07T12:17:32.980552
ikhsanqthii,7670064389654940944,https://www.tiktok.com/@ikhsanqthii/video/7670064389654940944,False,2108,20,121,87,👍👍,2026-09-06T16:10:06.452435,health,2026-09-07T13:03:54.502647
drrichardlee,7617329417924119816,https://www.tiktok.com/@drrichardlee/video/7617329417924119816,False,3902,36,243,441,DOWNLOAD 25: DOSA INI DI ANGGAP SEPELE?! PADAHAL SIKSA KUBURNYA SADIS!! Managed by Admin,2026-09-06T11:43:49.272321,not_health,2026-09-07T12:49:11.044441
drrichardlee,7611035999073815828,https://www.tiktok.com/@drrichardlee/video/7611035999073815828,False,78100,1218,1223,4452,Makanan timur tengah favorite kalian apa?,2026-09-06T11:55:54.370135,not_health,2026-09-07T12:31:00.605800
drrichardlee,7599609316043132181,https://www.tiktok.com/@drrichardlee/video/7599609316043132181,False,11500,468,345,460,Kangen samsudin.. Gak ada dia gak rame..,2026-09-06T12:41:49.368421,not_health,2026-09-07T12:44:25.969613
drrichardlee,7671208856650894600,https://www.tiktok.com/@drrichardlee/video/7671208856650894600,False,7474,238,134,358,"doktif di tegur hakim, pesan terakhir menohok. Post by admin",2026-09-06T11:32:42.664447,not_health,2026-09-07T12:17:37.307930
drrichardlee,7594035593504443668,https://www.tiktok.com/@drrichardlee/video/7594035593504443668,False,905,71,22,62,❤️❤️,2026-09-06T12:47:09.379725,not_health,2026-09-07T12:46:34.124188
drrichardlee,7666411270253366549,https://www.tiktok.com/@drrichardlee/video/7666411270253366549,False,23000,409,471,952,org terdidik mana mungkin beli tidak di platform resmi _post by Admin.,2026-09-06T11:35:05.465815,not_health,2026-09-07T12:32:00.217446
dr.ziee,7598160561125330184,https://www.tiktok.com/@dr.ziee/video/7598160561125330184,False,2073,33,56,303,"Ada tipe wajah yang nggak butuh effort berlebihan buat kelihatan mahal. Bukan karena satu fitur yang paling menonjol, tapi karena semuanya seimbang. Di Suzy, bagian lower face-nya proporsional. Nggak terlalu tajam, nggak berat. Hasilnya: ekspresi wajah terlihat calm, dewasa, dan enak dilihat lama-lama. Makanya gaya rambut bergelombang lembut dan makeup yang rapi tapi nggak tebal justru bekerja lebih baik di wajah seperti ini. Bukan buat “nambah cantik”, tapi buat nggak merusak keseimbangannya. Dalam aesthetic, wajah yang terlihat mahal itu jarang soal “ditambah”. Lebih sering soal tahu kapan harus berhenti. Save kalau kamu baru sadar: kadang yang bikin look kelihatan elegan itu bukan effort ekstra, tapi keputusan buat tetap sederhana 🤍 Next bahas dan bedah kecantikan artis korea siapa lagi ya? #detectZIE #DrZieTalks #FacialBalance #baesuzy",2026-09-05T15:52:17.351731,health,2026-09-07T13:03:30.587419
dr.ziee,7648264637317795080,https://www.tiktok.com/@dr.ziee/video/7648264637317795080,False,3641,24,69,269,"Selain ganggu orang orang, ternyata bau mulut itu salah satu tanda kalo mulut kamu bermasalah. That’s why jaga kesehatan mulut daily tuh penting banget, salah satunya gusi tapi banyak orang Indonesia yang nggak aware. #baumulut #gumvestment #pepsodentgumexpert @tanyapepsodent",2026-09-05T15:26:25.775378,health,2026-09-07T12:17:56.844602
dr.ziee,7601024859497385234,https://www.tiktok.com/@dr.ziee/video/7601024859497385234,False,2632,10,394,366,"Mungkin kamu nggak pernah kepikiran kalo hal sesimpel ini itu habit buruk yang bikin sakit. Tips aku biar makanan-makanan kamu aman dan awet walaupun disimpen, searching dulu optimalnya simpen di mana, di suhu berapa. Karena setiap jenis makanan itu treatmentnya beda.",2026-09-05T15:49:22.995880,health,2026-09-07T13:12:17.717975
dr.ziee,7666037061480238343,https://www.tiktok.com/@dr.ziee/video/7666037061480238343,False,1015,3,17,87,"Campuran sabun + pasta gigi + baking soda memang bisa membuat air flush lebih berbusa dan sedikit lebih wangi. Tapi perlu dibedakan antara: ✔️ terlihat bersih ✔️ benar-benar bersih secara higienis. Pasta gigi bukan disinfektan, dan warna birunya bukan tanda toilet jadi bebas kuman. Kalau memang ingin membersihkan toilet secara efektif, tetap gunakan produk toilet cleaner yang memang diformulasikan untuk mengangkat kerak, membunuh mikroorganisme tertentu, dan menjaga kebersihan toilet.",2026-09-05T15:13:25.043887,health,2026-09-07T13:13:41.135234
dr.ziee,7635140801764297991,https://www.tiktok.com/@dr.ziee/video/7635140801764297991,False,34200,209,8464,19600,"pilih sepatu anak itu ternyata nggak sesimpel “yang penting lucu”. Ada hal yang lebih penting justru! Karena buat anak, sepatu itu bukan aksesori. Itu bagian dari keseharian mereka yang dipakai lari, loncat, eksplor sana-sini. Jadi yes, boleh gemes sama modelnya. Tapi tetap utamain yang punya kriteria ini ya. Salah satu yang bisa masuk budget banyak moms kayaknya sih @STUVWEAR ya #sepatuanak",2026-09-05T15:34:03.190881,health,2026-09-07T13:00:02.905764
dr.ziee,7654198547910380807,https://www.tiktok.com/@dr.ziee/video/7654198547910380807,False,411,17,23,106,"Kalau kulit kamu gampang jerawatan, bukan berarti kamu harus diet ekstrem atau takut semua makanan ya. Tapi coba mulai dari pilihan yang lebih acne-skin friendly. Misalnya, kalau biasanya minum kopi susu manis tiap hari, coba ganti jadi kopi less sugar, susu low fat, atau plant-based milk yang cocok di kamu. Kalau lagi pengen ngemil, instead of snack tinggi gula, coba pilih greek yogurt plain, buah, kacang secukupnya, atau dark chocolate yang nggak terlalu manis. Untuk karbo, nggak harus stop nasi. Tapi coba kombinasikan dengan protein dan serat, misalnya nasi + ayam/telur/ikan + sayur, supaya gula darahnya nggak spike terlalu tinggi. Dan satu hal yang sering dilupain: minum air cukup. Karena kulit yang dehidrasi bisa lebih gampang terasa kusam dan barrier-nya nggak optimal. Ingat ya, makanan bukan satu-satunya penyebab jerawat. Tapi pilihan kecil yang lebih seimbang bisa bantu kulit kamu lebih stabil. Jadi bukan anti makan enak, tapi belajar pilih yang lebih ramah buat acne-prone skin.",2026-09-05T15:20:45.584431,health,2026-09-07T12:46:44.396095
gelarsramdhani,7663276620135927048,https://www.tiktok.com/@gelarsramdhani/video/7663276620135927048,False,54,5,0,1,"Barakallahu fii umrik selamat ulang tahun untuk sahabat saya Kang Ghibran Maulana Suherman, S.M",2026-09-06T13:11:13.680300,not_health,2026-09-07T13:14:18.888691
gelarsramdhani,7637864622468500743,https://www.tiktok.com/@gelarsramdhani/video/7637864622468500743,False,111,6,6,1,Kesehatan dan Kenyamanan Jemaah Haji adalah Tanggung Jawab Kami Petugas Haji Indonesia #haji #jemaahhaji #petugashaji,2026-09-06T13:41:44.526764,not_health,2026-09-07T13:11:31.905784
gelarsramdhani,7661443433193573650,https://www.tiktok.com/@gelarsramdhani/video/7661443433193573650,False,59,8,0,2,Membalas @caaaaaaaaaaaaaaaaa209 Gigi berlubang apakah harus dicabut?,2026-09-06T13:14:32.232101,health,2026-09-07T12:21:45.410360
gelarsramdhani,7663656599818341639,https://www.tiktok.com/@gelarsramdhani/video/7663656599818341639,False,51,2,3,8,Skill Lab Tatalaksana Sinkop Mahasiswa Fakultas Kedokteran Gigi Universitas Muhammadiyah Semarang (Bagian 4),2026-09-06T13:10:58.989483,not_health,2026-09-07T13:10:50.722699
gelarsramdhani,7636005323840425224,https://www.tiktok.com/@gelarsramdhani/video/7636005323840425224,False,112,5,2,6,"Edukasi kesehatan dari petugas kloter KJT 06 untuk jemaah haji Indonesia khususnya kloter KJT 06 Kabupaten Majalengka. Ibadah haji merupakan ibadah fisik, jadi badan yang sehat, tubuh yang kuat, mental yang prima adalah modal utama untuk melaksanakan ibadah haji dengan baik, khusyuk, dan nyaman #haji #ibadahhaji #jemaahhaji #indonesia #petugashaji",2026-09-06T13:47:02.340186,not_health,2026-09-07T12:49:21.330764
gelarsramdhani,7638924358542478610,https://www.tiktok.com/@gelarsramdhani/video/7638924358542478610,False,56,7,0,5,"Sebagai petugas kita harus siap setiap saat, apabila ada jemaah haji Indonesia yang membutuhkan bantuan atau pertolongan, misalnya terpisah dari rombongan, lupa jalan pulang ke hotel #haji #jemaahhaji #petugashaji",2026-09-06T13:39:45.204027,not_health,2026-09-07T12:44:35.960826
gelarsramdhani,7637485251354250504,https://www.tiktok.com/@gelarsramdhani/video/7637485251354250504,False,116,17,23,6,"Salah satu nikmat yang harus disyukuri adalah nikmat panjang umur dengan kondisi badan sehat, dan salah satu cara mensyukuri nikmat panjang umur dan badan sehat adalah dengan ibadah dan rutin berolahraga dengan baik Jemaah haji Indonesia memang banyak lansia, tapi banyak lansia yang masih memiliki fisik yang sehat dan kuat #haji #petugashaji #jemaahhaji #majalengka",2026-09-06T13:42:53.238646,not_health,2026-09-07T12:32:23.703215
roozzaak,7651818203475086613,https://www.tiktok.com/@roozzaak/video/7651818203475086613,False,466,45,26,34,#stitch dengan @AMAT MEDAN YG LAGI VIRAL NAIK #fyp #fypシ #DokterGemoy #edukasi,2026-09-05T21:50:56.689460,health,2026-09-07T13:03:35.357654
roozzaak,7645653659178568980,https://www.tiktok.com/@roozzaak/video/7645653659178568980,False,659,34,41,84,"Salah satu video saya yang tiba tiba ndak ada lagi ini padahal jumlah penonton udah sampe ratusan ribu 🤣 Saya share lagi deh ya, jika bermanfaat silahkan disimpan dan dishare 🥰 #fyp #fypシ #DokterGemoy #edukasi #edukasikesehatan",2026-09-05T22:09:58.394259,health,2026-09-07T12:35:17.239547
roozzaak,7675204200330038548,https://www.tiktok.com/@roozzaak/video/7675204200330038548,False,512,41,107,89,#stitch dengan @MiMa ✨ #fyp #fypシ #DokterGemoy #edukasi,2026-09-05T21:09:31.207160,health,2026-09-07T12:27:36.346468
roozzaak,7597486848402803976,https://www.tiktok.com/@roozzaak/video/7597486848402803976,False,408,31,59,26,Membalas @malaikatpelindungmu1 #fyp #fypシ #DokterGemoy #edukasi #edukasitiktok,2026-09-06T23:23:23.046092,health,2026-09-07T12:30:34.003123
roozzaak,7601420256191761685,https://www.tiktok.com/@roozzaak/video/7601420256191761685,False,891,88,112,90,Membalas @RANI #fyp #fypシ #DokterGemoy #edukasi #edukasitiktok,2026-09-06T23:02:34.061085,health,2026-09-07T12:49:59.188481
roozzaak,7642281992431734037,https://www.tiktok.com/@roozzaak/video/7642281992431734037,False,23,12,2,7,Membalas @dewycaca966 #fyp #fypシ #DokterGemoy #vitaminD #vitamind3,2026-09-05T22:26:55.257069,health,2026-09-07T13:01:08.723111
roozzaak,7601330037119323412,https://www.tiktok.com/@roozzaak/video/7601330037119323412,False,2432,293,275,173,Membalas @Shinta #fyp #fypシ #DokterGemoy #edukasi #edukasitiktok,2026-09-06T23:03:40.636573,health,2026-09-07T13:10:53.914892
roozzaak,7633229775791836436,https://www.tiktok.com/@roozzaak/video/7633229775791836436,False,1030,134,74,110,Membalas @mama tasya🩷 #fyp #fypシ #DokterGemoy #edukasi #edukasikesehatan,2026-09-05T22:36:34.614296,health,2026-09-07T12:28:42.025685
roozzaak,7658084679702088980,https://www.tiktok.com/@roozzaak/video/7658084679702088980,False,2577,160,959,287,Membalas @Mersyhanda Tidak boleh kalau kata orang orang jadul bu 🤣 #fyp #fypシ #DokterGemoy #edukasi #edukasikesehatan,2026-09-05T21:40:29.758559,health,2026-09-07T13:12:39.329995
roozzaak,7633236254477339924,https://www.tiktok.com/@roozzaak/video/7633236254477339924,False,859,53,2,30,Membalas @Umy Chiqi Welcome to Gemoy Club Bu 🥰 #fyp #fypシ #DokterGemoy #edukasi #edukasikesehatan,2026-09-05T22:29:22.704920,health,2026-09-07T12:31:23.755565
roozzaak,7651412727847570709,https://www.tiktok.com/@roozzaak/video/7651412727847570709,False,5793,265,711,888,Membalas @Kedai Telaga Warna #fyp #fypシ #DokterGemoy #edukasi #edukasikesehatan,2026-09-05T21:47:35.801117,health,2026-09-07T12:47:52.796243
roozzaak,7625852069760617749,https://www.tiktok.com/@roozzaak/video/7625852069760617749,False,245,25,4,14,Membalas @ara all fierra #fyp #fypシ #DokterGemoy #edukasi #edukasikesehatan,2026-09-05T22:51:56.722812,health,2026-09-07T13:13:22.099368
roozzaak,7632885569147784469,https://www.tiktok.com/@roozzaak/video/7632885569147784469,False,928,114,2,35,Membalas @mbaq shofia #fyp #fypシ #DokterGemoy #tiktok #tiktokindonesia,2026-09-05T23:04:39.270470,health,2026-09-07T13:05:40.018654
roozzaak,7671218519186459924,https://www.tiktok.com/@roozzaak/video/7671218519186459924,False,0,97,0,0,Membalas @ecerahya27 #fyp #fypシ #DokterGemoy #edukasi #edukasikesehatan,2026-09-05T21:13:58.762647,health,2026-09-07T12:21:57.938017
roozzaak,7599272308649348359,https://www.tiktok.com/@roozzaak/video/7599272308649348359,False,866,30,620,269,Membalas @iita✨ #fyp #fypシ #DokterGemoy #edukasi #edukasitiktok,2026-09-06T23:11:51.496266,health,2026-09-07T13:10:22.938259
roozzaak,7660737704828701973,https://www.tiktok.com/@roozzaak/video/7660737704828701973,False,52,7,6,5,Membalas @Toko Athakha #fyp #fypシ #DokterGemoy #dha #nordic,2026-09-05T21:36:15.021810,health,2026-09-07T13:10:33.997752
roozzaak,7596869601070288146,https://www.tiktok.com/@roozzaak/video/7596869601070288146,False,163,20,9,10,Membalas @nyonyadrl432 #fyp #fypシ #DokterGemoy #edukasi #edukasitiktok,2026-09-06T23:25:12.338893,health,2026-09-07T13:06:06.225195
roozzaak,7667011626612165908,https://www.tiktok.com/@roozzaak/video/7667011626612165908,False,27,2,1,5,Membalas @Moch. Lukman H #fyp #fypシ #DokterGemoy #vitaminD #vitaminD3,2026-09-05T21:21:10.677379,health,2026-09-07T12:29:59.806025
roozzaak,7671223025034857748,https://www.tiktok.com/@roozzaak/video/7671223025034857748,False,112,5,1,3,Membalas @xxx #fyp #fypシ #DokterGemoy #edukasi #edukasikesehatan,2026-09-05T21:12:36.546569,health,2026-09-07T13:01:50.410565
roozzaak,7634389810832035092,https://www.tiktok.com/@roozzaak/video/7634389810832035092,False,1435,166,53,89,Membalas @꧁༒☬𝓐𝓷𝓸𝓷𝔂𝓶𝓸𝓾𝓼☬༒꧂ #fyp #fypシ #DokterGemoy #edukasi #edukasikesehatan,2026-09-05T22:26:25.720065,health,2026-09-07T12:56:21.539050
roozzaak,7615509483376168212,https://www.tiktok.com/@roozzaak/video/7615509483376168212,False,152,22,17,88,Membalas @chen #fyp #fypシ #DokterGemoy #vitaminD #vitaminD3,2026-09-06T00:27:39.227954,health,2026-09-07T13:00:15.852228
roozzaak,7629532795748257045,https://www.tiktok.com/@roozzaak/video/7629532795748257045,False,39,7,9,8,Membalas @Boby best #fyp #fypシ #DokterGemoy #vitaminD #vitaminD3,2026-09-05T23:20:04.128671,health,2026-09-07T12:37:35.462175
roozzaak,7634358819610496277,https://www.tiktok.com/@roozzaak/video/7634358819610496277,False,82,15,1,3,Tolong admin @TikTok Indonesia dibenerin lagi sistemnya jangan asal hapus begini 😪 #fyp #fypシ #DokterGemoy #tiktok #tiktokindonesia,2026-09-05T23:00:13.679674,not_health,2026-09-07T13:02:27.028585
roozzaak,7655178365640428820,https://www.tiktok.com/@roozzaak/video/7655178365640428820,False,1262,101,59,100,Membalas @MIR🐼 #fyp #fypシ #DokterGemoy #edukasi #edukasikesehatan,2026-09-05T21:43:22.167344,health,2026-09-07T12:58:24.563850
roozzaak,7611350430005611797,https://www.tiktok.com/@roozzaak/video/7611350430005611797,False,69,9,7,30,Membalas @fitri mulia #fyp #fypシ #DokterGemoy #edukasi #edukasitiktok,2026-09-06T22:24:19.426450,health,2026-09-07T13:06:05.159896
roozzaak,7641034635115236628,https://www.tiktok.com/@roozzaak/video/7641034635115236628,False,191,40,3,3,Terlebih lagi Apoteker yang belajarnya bertahun-tahun 🥹 #fyp #DokterGemoy #apoteker #farmasi #nakes,2026-09-05T22:30:27.784329,health,2026-09-07T12:54:27.464762
roozzaak,7629894998724578581,https://www.tiktok.com/@roozzaak/video/7629894998724578581,False,55,8,8,15,Membalas @azrilalfaridzi5 #fyp #fypシ #DokterGemoy #vitaminD #vitaminD3,2026-09-05T23:16:44.929808,health,2026-09-07T12:32:06.440856
roozzaak,7633231686901468437,https://www.tiktok.com/@roozzaak/video/7633231686901468437,False,3304,409,265,256,Membalas @binor #fyp #fypシ #DokterGemoy #edukasi #edukasikesehatan,2026-09-05T22:31:51.728919,health,2026-09-07T13:12:41.045078
roozzaak,7654001633516424468,https://www.tiktok.com/@roozzaak/video/7654001633516424468,False,177,74,8,13,Membalas @🅶ᴇͫᴍᷝᴏᷤ🆈 #fyp #fypシ #DokterGemoy #edukasi #edukasikesehatan,2026-09-05T21:46:21.035745,health,2026-09-07T13:00:30.103843
roozzaak,7604059114154642709,https://www.tiktok.com/@roozzaak/video/7604059114154642709,False,374,19,76,48,Membalas @mdysean #fyp #fypシ #DokterGemoy #edukasi #edukasitiktok,2026-09-06T22:55:12.416482,health,2026-09-07T12:27:01.512112
roozzaak,7609192130707213588,https://www.tiktok.com/@roozzaak/video/7609192130707213588,False,963,31,323,179,Membalas @leta putri_07 #fyp #fypシ #DokterGemoy #edukasi #edukasitiktok,2026-09-06T22:42:56.599091,health,2026-09-07T12:35:31.777135
roozzaak,7597396697588845832,https://www.tiktok.com/@roozzaak/video/7597396697588845832,False,143,13,0,2,"Dia (kendaraan) juga butuh mandi, sama seperti kita. Sayangnya dia tidak bisa mengeluarkan bau atau aroma kecut kalau tidak dimandikan 🤭 #fyp #fypシ #DokterGemoy #mobil #carwash",2026-09-06T23:24:12.275724,not_health,2026-09-07T12:58:34.987157
roozzaak,7616182010670877972,https://www.tiktok.com/@roozzaak/video/7616182010670877972,False,33,4,1,5,Membalas @Erick_retno #fyp #fypシ #DokterGemoy #vitaminD #vitaminD3,2026-09-06T00:24:16.467620,health,2026-09-07T12:30:06.835424
roozzaak,7595977103368080648,https://www.tiktok.com/@roozzaak/video/7595977103368080648,False,3974,163,530,327,Membalas @Dewi #fyp #fypシ #DokterGemoy #edukasi #edukasitiktok,2026-09-06T23:30:52.856279,health,2026-09-07T13:02:04.213910
roozzaak,7644016215249194261,https://www.tiktok.com/@roozzaak/video/7644016215249194261,False,9,4,6,3,Membalas @Mbunya Faren #fyp #fypシ #DokterGemoy #vitaminD #vitaminD3,2026-09-05T22:20:11.862835,health,2026-09-07T12:29:49.043851
roozzaak,7618750211602533652,https://www.tiktok.com/@roozzaak/video/7618750211602533652,False,5,0,1,4,Membalas @tika oktafiana #fyp #fypシ #DokterGemoy #vitaminD #vitamind3,2026-09-06T00:12:10.589701,health,2026-09-07T13:10:35.601306
roozzaak,7677021883363085589,https://www.tiktok.com/@roozzaak/video/7677021883363085589,False,23,1,4,0,Membalas @lalapoh #fyp #fypシ #DokterGemoy #vitaminD #vitaminD3,2026-09-05T21:07:27.967255,health,2026-09-07T13:14:31.117173
roozzaak,7646344846088637717,https://www.tiktok.com/@roozzaak/video/7646344846088637717,False,723,163,23,60,Membalas @Agustin #fyp #fypシ #DokterGemoy #edukasi #edukasikesehatan,2026-09-05T21:56:11.351874,health,2026-09-07T12:35:12.201798
roozzaak,7615497117267774741,https://www.tiktok.com/@roozzaak/video/7615497117267774741,False,13,0,1,3,Membalas @mamadesti&alesya #fyp #fypシ #DokterGemoy #vitaminD #vitaminD3,2026-09-06T00:30:48.875117,health,2026-09-07T12:48:15.939538
roozzaak,7618019433612627220,https://www.tiktok.com/@roozzaak/video/7618019433612627220,False,8,10,2,0,Membalas @ekakusrina #fyp #fypシ #DokterGemoy #vitaminD #vitaminD3,2026-09-06T00:17:14.569363,health,2026-09-07T12:48:10.311367
tirtacipeng,7660790677088865557,https://www.tiktok.com/@tirtacipeng/video/7660790677088865557,False,5457,105,98,95,Lari bareng pembalap @jneparcel,2026-09-07T00:32:28.629095,not_health,2026-09-07T12:40:20.461984
tirtacipeng,7611725792824888597,https://www.tiktok.com/@tirtacipeng/video/7611725792824888597,False,2167,584,76,215,Serba serbi garam @Garam Artisan & Rempah Lokal,2026-09-07T01:44:11.568082,not_health,2026-09-07T13:13:44.888563
tirtacipeng,7635391178925542676,https://www.tiktok.com/@tirtacipeng/video/7635391178925542676,False,78200,3916,2140,1956,Semoga kalian fans manchester city dan man utd bisa ada rejeki ke sini. Salam dari fans liverpool 👍,2026-09-07T01:12:34.037745,not_health,2026-09-07T12:40:01.846139
tirtacipeng,7677460126520970516,https://www.tiktok.com/@tirtacipeng/video/7677460126520970516,False,7512,390,267,494,Rutinitas latian bapak2 35 tahun. Gerakannya basic2 aja dan itu2 aja. yg penting konsisten.,2026-09-06T23:57:32.835131,not_health,2026-09-07T13:10:15.191958
tirtacipeng,7617353063149440276,https://www.tiktok.com/@tirtacipeng/video/7617353063149440276,False,424100,2194,44000,30000,Habis makan trus rebahan bisa jadi gemuk?,2026-09-07T01:36:48.954147,health,2026-09-07T12:22:21.396562
tirtacipeng,7599253885399665938,https://www.tiktok.com/@tirtacipeng/video/7599253885399665938,False,5494,4863,222,263,"Cek EKG sebelum ikut event itu Wajib! Bahs risiko serangan jantung saat olahraga intensitas sedang–berat yang sering banget diremehkan para sport enthusiast bareng sejawat @putra.antara dr. I Made Putra Swi Antara, SpJP(K) Minimalisir impact serius, karena masalah jantung bisa datang gejala saat sedang olahrga. Cek selengkapnya di youtube Tirta Pengpengpeng!",2026-09-07T01:57:54.081797,health,2026-09-07T12:44:30.078810
tirtacipeng,7654979963812154644,https://www.tiktok.com/@tirtacipeng/video/7654979963812154644,False,16500,316,539,534,Balance life.,2026-09-07T00:40:10.319809,not_health,2026-09-07T12:58:01.282294
tirtacipeng,7673783229266234645,https://www.tiktok.com/@tirtacipeng/video/7673783229266234645,False,6491,67,308,451,#onthisday,2026-09-07T00:06:07.811654,health,2026-09-07T13:11:04.960497
tirtacipeng,7594463416937385223,https://www.tiktok.com/@tirtacipeng/video/7594463416937385223,False,2739,76,149,118,"Timbang sirahmu mumet, mending angkat beban wae mas. Terjemahan: daripada kepalamu pusing, mending angkat beban aja mas Jangan lupa mizone wkwkw",2026-09-07T02:08:26.405703,not_health,2026-09-07T12:44:13.885062
tirtacipeng,7658082702930873620,https://www.tiktok.com/@tirtacipeng/video/7658082702930873620,False,5798,107,107,115,Menyambut pagi di hari jumat. Lari lanjut kalistenik.,2026-09-07T00:36:56.046112,not_health,2026-09-07T12:49:54.552099
tirtacipeng,7643769966390512917,https://www.tiktok.com/@tirtacipeng/video/7643769966390512917,False,17200,339,757,1252,"Buat yang masih bingung tentang susu, tonton biar pada paham & gak bingung lagi @Greenfields Indonesia #JujurlyPureJujurlyFresh",2026-09-07T01:00:00.094375,health,2026-09-07T12:56:41.071711
tirtacipeng,7675924973638143252,https://www.tiktok.com/@tirtacipeng/video/7675924973638143252,False,1144,65,37,25,Kegiatan bapak2 absurd nan gabut sebelum ke toko.,2026-09-07T00:01:26.473200,not_health,2026-09-07T12:23:41.373226
tirtacipeng,7640079564525292821,https://www.tiktok.com/@tirtacipeng/video/7640079564525292821,False,45400,611,1694,2736,"Gula, buah dan diabetes",2026-09-07T01:02:56.605986,health,2026-09-07T12:27:41.620305
tirtacipeng,7668469576149126420,https://www.tiktok.com/@tirtacipeng/video/7668469576149126420,False,31500,241,1561,3490,Perjalanan hobi dan pola makan ko guntur sampe di level sekarang,2026-09-07T00:17:49.756958,health,2026-09-07T12:29:52.367628
tirtacipeng,7595197312930958610,https://www.tiktok.com/@tirtacipeng/video/7595197312930958610,False,3587,82,84,64,Kegiatan sore2 manusia ber-privilege 🫶🫶🫶 • • • • Nb: konten ini cuma guyonan belaka,2026-09-07T02:06:24.869733,not_health,2026-09-07T12:23:55.214679
tirtacipeng,7662180207578664212,https://www.tiktok.com/@tirtacipeng/video/7662180207578664212,False,12400,129,433,538,Sedikit edukasi soal energy gel @EJ Sport Store,2026-09-07T00:30:10.419519,health,2026-09-07T12:57:40.941558
aymanalts,7644017031829884178,https://www.tiktok.com/@aymanalts/video/7644017031829884178,False,12.4K,363,449,167,Abis buat 1 album,2026-09-03T13:19:34.778843,not_health,2026-09-07T12:47:00.511685
aymanalts,7677452074447162632,https://www.tiktok.com/@aymanalts/video/7677452074447162632,False,62K,948,5739,2639,,2026-09-03T10:18:27.925039,health,2026-09-07T13:11:57.296719
aymanalts,7600385948559428882,https://www.tiktok.com/@aymanalts/video/7600385948559428882,False,6712,12,65,248,"Susu tinggi kalsium itu baik untuk mendukung kesehatan tulang, tidak hanya untuk anak2, tapi untuk orang dewasa juga. selain itu, susu yang bebas residu antibiotik juga jadi salah satu pertimbangan dalam memilih susu yang kita minum yaa",2026-09-05T14:06:20.732409,health,2026-09-07T13:11:51.111105
aymanalts,7662929712464809223,https://www.tiktok.com/@aymanalts/video/7662929712464809223,False,3075,106,62,78,,2026-09-03T11:33:32.992492,not_health,2026-09-07T12:34:47.849608
aymanalts,7594395242355232007,https://www.tiktok.com/@aymanalts/video/7594395242355232007,False,90600,1939,16300,1779,,2026-09-05T14:13:02.707988,health,2026-09-07T13:09:24.681469
aymanalts,7619068098124975368,https://www.tiktok.com/@aymanalts/video/7619068098124975368,False,27200,173,1039,1347,#stitch with @Youtube: nul alexander 🦆🦧,2026-09-05T13:29:19.373311,health,2026-09-07T12:28:02.169737
aymanalts,7608799489180110087,https://www.tiktok.com/@aymanalts/video/7608799489180110087,False,422,16,33,12,#stitch with @SurabayaTV,2026-09-05T13:48:20.579128,health,2026-09-07T12:44:58.994117
aymanalts,7660056043833019655,https://www.tiktok.com/@aymanalts/video/7660056043833019655,False,40.3K,657,1484,786,#stitch with 7659703239478136082,2026-09-03T11:57:18.319702,health,2026-09-07T13:12:44.577579
aymanalts,7676327768585506066,https://www.tiktok.com/@aymanalts/video/7676327768585506066,False,67.8K,663,9259,5970,,2026-09-03T10:24:14.721027,health,2026-09-07T12:25:50.483075
aymanalts,7646315462753799432,https://www.tiktok.com/@aymanalts/video/7646315462753799432,False,8247,275,234,102,,2026-09-03T13:08:40.615117,not_health,2026-09-07T13:02:18.025438
aymanalts,7615923349625064711,https://www.tiktok.com/@aymanalts/video/7615923349625064711,False,1444,18,13,30,#stitch with @GAK BOLE JADI JJ,2026-09-05T13:35:00.623564,not_health,2026-09-07T12:36:37.909067
aymanalts,7667063576158375175,https://www.tiktok.com/@aymanalts/video/7667063576158375175,False,1041,30,14,71,"Di mulut itu juga ada microbiome yah guys, konsepnya sama kaya skin microbiome yang sama2 butuh perawatan yang tepat, jadi ga asal membasmi semua bakteri#PepsodentProCare #PerlindunganMulut247",2026-09-03T11:08:20.955230,health,2026-09-07T12:32:25.787224
aymanalts,7665189591552412946,https://www.tiktok.com/@aymanalts/video/7665189591552412946,False,7451,229,234,134,,2026-09-03T11:23:30.111049,not_health,2026-09-07T12:57:28.539374
aymanalts,7616956071831194887,https://www.tiktok.com/@aymanalts/video/7616956071831194887,False,5898,87,78,99,#stitch with @Doklip✨ | Alip Hildan,2026-09-05T13:33:27.374555,health,2026-09-07T12:31:07.207933
aymanalts,7623214408893795602,https://www.tiktok.com/@aymanalts/video/7623214408893795602,False,5664,84,19,79,,2026-09-05T13:08:22.087018,not_health,2026-09-07T13:03:02.481838
aymanalts,7645328115928927506,https://www.tiktok.com/@aymanalts/video/7645328115928927506,False,2007,50,52,25,#stitch with 7642894501979098386,2026-09-03T13:13:25.615698,health,2026-09-07T12:27:48.615159
aymanalts,7660896303785889042,https://www.tiktok.com/@aymanalts/video/7660896303785889042,False,3247,42,60,128,"Dalam memilih skincare, harus diperhatiin ya formulanya, jadi kita bisa tau hasilnya nanti beneran keliatan atau engga@EIEM BEAUTYY #eiembeauty #glowb3",2026-09-03T11:45:43.513238,health,2026-09-07T13:03:37.037762
aymanalts,7678892133863984391,https://www.tiktok.com/@aymanalts/video/7678892133863984391,False,2379,118,16,25,#stitch with 7675424938970385684,2026-09-03T10:11:08.463512,not_health,2026-09-07T12:56:00.130412
aymanalts,7647736225763314952,https://www.tiktok.com/@aymanalts/video/7647736225763314952,False,763,25,94,23,#stitch with 7646348757482736914,2026-09-03T13:02:15.996576,health,2026-09-07T13:09:32.127715
aymanalts,7592854185784265992,https://www.tiktok.com/@aymanalts/video/7592854185784265992,False,1812,34,43,69,#stitch with @bibainindonesia,2026-09-05T14:15:20.917260,health,2026-09-07T13:02:45.615220
aymanalts,7633683112114834696,https://www.tiktok.com/@aymanalts/video/7633683112114834696,False,549,3,44,68,Shift Jaga kali ini membahas apakah lari bikin cepat tua?,2026-09-03T13:54:20.156574,health,2026-09-07T13:12:19.988639
aymanalts,7631052475927121170,https://www.tiktok.com/@aymanalts/video/7631052475927121170,False,37.3K,340,174,368,Replying to @Muhammad.Faiz.Asshofi,2026-09-03T14:01:45.426862,not_health,2026-09-07T12:42:34.877597
aymanalts,7653025090493287687,https://www.tiktok.com/@aymanalts/video/7653025090493287687,False,2621,18,24,100,"Jangan abaikan masalah gusi ya guys, karena berkembangnya secara progresif. kalau diabaikan sampai terlambat, ini bisa jadi silent killer #PepsodentGumExpert #TaringTerlarang",2026-09-03T12:34:45.928872,health,2026-09-07T12:32:32.806456
aymanalts,7654897954385382664,https://www.tiktok.com/@aymanalts/video/7654897954385382664,False,761,17,15,12,#stitch,2026-09-03T12:24:19.614769,health,2026-09-07T12:44:01.636168
aymanalts,7677036195800681746,https://www.tiktok.com/@aymanalts/video/7677036195800681746,False,3277,53,83,29,#duet with 7674816918607367445 #seruseruan,2026-09-03T10:20:03.462126,not_health,2026-09-07T13:01:04.368444
aymanalts,7664863145621490962,https://www.tiktok.com/@aymanalts/video/7664863145621490962,False,384,5,4,22,,2026-09-03T11:25:53.061946,health,2026-09-07T13:03:28.054625
aymanalts,7666502022132288776,https://www.tiktok.com/@aymanalts/video/7666502022132288776,False,18.6K,191,899,338,#stitch with 7648445891589737735,2026-09-03T11:14:28.797459,not_health,2026-09-07T12:56:18.331241
aymanalts,7603924367990394120,https://www.tiktok.com/@aymanalts/video/7603924367990394120,False,33600,96,579,1386,Shift Jaga part 3 masih soal Dunia Forensik sama dr. Arfi Sp.FM,2026-09-05T13:57:53.714068,health,2026-09-07T12:34:44.791223
aymanalts,7621766350595296530,https://www.tiktok.com/@aymanalts/video/7621766350595296530,False,6887,172,432,109,,2026-09-05T13:11:57.126420,not_health,2026-09-07T12:22:41.463441
aymanalts,7609994734051872008,https://www.tiktok.com/@aymanalts/video/7609994734051872008,False,8047,100,254,1621,Replying to @Zaki Ramadhan dengerin nih buat yg ga ngerti skincare sama sekali,2026-09-05T13:46:05.002824,health,2026-09-07T13:11:41.855289
aymanalts,7676686133547257096,https://www.tiktok.com/@aymanalts/video/7676686133547257096,False,1765,36,21,158,#stitch with 7676442404878109972,2026-09-03T10:21:36.799990,health,2026-09-07T12:57:59.723284
aymanalts,7651257727385128200,https://www.tiktok.com/@aymanalts/video/7651257727385128200,False,1541,34,19,135,Jangan lakukan diskriminasi,2026-09-03T12:45:03.203667,health,2026-09-07T13:01:32.685868
itsdoktermuda,7649767560648461588,https://www.tiktok.com/@itsdoktermuda/video/7649767560648461588,False,7932,93,1299,895,Semangaat yaa orangtua2 anak pejuang diabetes tipe 1💪🏻 vid faauifa_ & zahrenaa,2026-09-06T20:28:38.256329,health,2026-09-07T12:22:59.915590
itsdoktermuda,7649712642419854612,https://www.tiktok.com/@itsdoktermuda/video/7649712642419854612,False,194,8,1,21,"Nggak salah kok kalau mau nyari yang simpel dan minim efek samping. Tapi ayolah, kita naik kelas bareng-bareng. Jangan cuma bertanya “nyatanya sembuh nggak?”, tapi juga “masuk akal nggak?” dan “ada ilmunya nggak?” Karena di era sekarang, percaya itu bagus. Tapi paham alasan di baliknya jauh lebih bagus. Sepakat?",2026-09-06T20:29:24.698738,health,2026-09-07T12:29:40.444870
itsdoktermuda,7664066637204688145,https://www.tiktok.com/@itsdoktermuda/video/7664066637204688145,False,225,4,10,32,"Kita cuma bisa fokus ke hal2 yg bisa kita ubahh, sehat sehatt yaa temen2 semuaaa",2026-09-06T20:08:44.002314,health,2026-09-07T12:36:34.065700
itsdoktermuda,7612526580723715349,https://www.tiktok.com/@itsdoktermuda/video/7612526580723715349,False,11400,571,757,718,Punya ceritaa apa kalian saat jadi penunggu di rumah sakit? Jaga kesehatan yaaa,2026-09-06T21:07:24.944755,not_health,2026-09-07T13:08:55.884730
itsdoktermuda,7599471362251558164,https://www.tiktok.com/@itsdoktermuda/video/7599471362251558164,False,313700,1457,17200,35800,"Aku sarankan bayi bunda semua utk tummy time sejak dini. Kenapa? 1. Leher jadi cepat kuat Pas bayi tengkurap, dia otomatis berusaha ngangkat kepala. Dari situ otot lehernya kepakai dan terlatih, jadi ga lemes terus. Ini penting banget karena leher kuat itu dasar sebelum bayi bisa duduk, merangkak, sampai jalan. 2. Punggung dan tangan lebih kuat, postur ikut kebentuk Waktu tummy time, bayi belajar menopang badan pakai tangan dan punggung. Ini bikin otot bahu, lengan, dan punggungnya berkembang seimbang, jadi postur tubuhnya ke depan lebih tegap dan ga gampang bungkuk. 3. Bantu cegah kepala peyang Kepala bayi masih lunak. Kalau kebanyakan telentang, bagian belakang kepala bisa kepress di satu titik. Tummy time ngurangin tekanan itu, jadi bentuk kepala lebih rata dan simetris. 4. Bikin bayi lebih siap ke tahap gerak berikutnya Tummy time itu fondasi motorik. Dari sini bayi jadi lebih siap buat tengkurap balik, merangkak, sampai duduk, karena otot-otot intinya udah siap duluan. Usia berapa bayikk kalian udah mulai tummy time??",2026-09-06T21:22:58.979402,health,2026-09-07T13:06:34.810581
itsdoktermuda,7676682670729989392,https://www.tiktok.com/@itsdoktermuda/video/7676682670729989392,False,12400,331,1177,695,"Mas yassir ini sudah ga pipis lagi, karena darahnya ga disaring sama ginjal. Buat kita yg masih bisa pipis yuukk bersyukurr yaa (Buat dokter yg mau ngonten bisa klik link bioku yaa)",2026-09-06T19:47:07.847108,health,2026-09-07T12:49:09.013805
itsdoktermuda,7671901187821554961,https://www.tiktok.com/@itsdoktermuda/video/7671901187821554961,False,269,6,15,35,"Kalo bayi udah dibiasain screen time tanpa aturan apalagi keseringan, lama-lama bisa jadi gampang tantrum 😭 Dikit-dikit ga diturutin, langsung reog karena udah kebiasaan semuanya sesuai kemauan diaa (Kalo kamu dokter, pengen ngonten tapi bingung mulainya, ebook “Mulai Ngonten, Dok!” udah ada di link bioku yaa👌🏻)",2026-09-06T19:58:45.510068,health,2026-09-07T12:46:32.169791
itsdoktermuda,7596350661348887828,https://www.tiktok.com/@itsdoktermuda/video/7596350661348887828,False,298400,24100,45200,27000,"(Revisi: bukan menarget space epidural, tapi subarachnoid) Spinal anesthesia itu adalah bius setengah badan yang bikin bagian tubuh dari pinggang ke bawah mati rasa sementara, tapi pasien tetap sadar. Dokter menyuntikkan obat bius ke saraf tulang belakang di punggung bawah. Obat ini bikin sinyal rasa sakit dari tubuh bagian bawah nggak nyampe ke otak. Jadi pas operasi, nggak kerasa sakit sama sekali, walaupun kamu masih bisa dengar, ngobrol, dan sadar penuh. Ada yg pernah??",2026-09-06T21:27:20.977962,health,2026-09-07T12:48:12.842272
itsdoktermuda,7673025672243105025,https://www.tiktok.com/@itsdoktermuda/video/7673025672243105025,False,207,2,5,12,"Ini yang diliat orang gangguan mata (Kalo kamu dokter, pengen ngonten tapi bingung mulainya, ebook “Mulai Ngonten, Dok!” udah ada di link bioku yaa👌🏻)",2026-09-06T19:54:07.372766,health,2026-09-07T12:30:16.009566
bidancynthia,7644543477488864532,https://www.tiktok.com/@bidancynthia/video/7644543477488864532,False,4490,101,34,226,"Transisi Dari Hamil sampai gemoy udah meluncuuur, 🥹haai bunda onlen aku lahir tgl 20mei ada yg samaan ga?",2026-09-07T05:04:22.026720,not_health,2026-09-07T12:54:39.211394
bidancynthia,7620412762782469397,https://www.tiktok.com/@bidancynthia/video/7620412762782469397,False,3987,229,58,198,Hpl Mei kebagian JK apa ni bum? Baby boy/girl? Kalo aku masih surprise pas usg posisi gemoynya tengkurep🤭 #ibuhamil,2026-09-07T11:33:56.208643,not_health,2026-09-07T12:46:19.865333
bidancynthia,7622708047315569940,https://www.tiktok.com/@bidancynthia/video/7622708047315569940,False,3279,62,17,120,Membalas @Hii'ItsNebyy🌱🐝 Semoga bisa lahir normal dipuskesmas 💪🏻🤲 #ibuhamil,2026-09-07T11:28:16.473370,not_health,2026-09-07T12:28:19.320560
bidancynthia,7637404825486937365,https://www.tiktok.com/@bidancynthia/video/7637404825486937365,False,3708,148,34,140,Bumil on the move 🚶‍♀️ 🤰 bayi: ‘pelan dikit buu’ 😂 38 week #ibuhamil #hamil,2026-09-07T05:27:05.501983,not_health,2026-09-07T13:11:46.293470
bidancynthia,7659501376438881556,https://www.tiktok.com/@bidancynthia/video/7659501376438881556,False,7117,66,33,176,🫶🏻🫶🏻,2026-09-07T04:15:03.720911,not_health,2026-09-07T13:14:23.134359
bidancynthia,7647183365736647957,https://www.tiktok.com/@bidancynthia/video/7647183365736647957,False,2721,614,14,74,"Ade keluarnya cuma beberapa menit, kontraksi nya yang lama 😭",2026-09-07T04:54:08.550768,not_health,2026-09-07T13:05:07.573143
bidancynthia,7666152486193122581,https://www.tiktok.com/@bidancynthia/video/7666152486193122581,False,2411,201,9,48,Masih menjadi bahan perdebatan 😩😩,2026-09-07T03:54:29.556986,health,2026-09-07T12:35:07.557771
bidancynthia,7640713092283780372,https://www.tiktok.com/@bidancynthia/video/7640713092283780372,False,459,51,14,61,Bun selama hamil naik Bb brpa kg?,2026-09-07T05:16:12.781220,not_health,2026-09-07T13:05:15.505710
bidancynthia,7671140444222328085,https://www.tiktok.com/@bidancynthia/video/7671140444222328085,False,1039,75,3,21,Tapi malah ngantuk EA #bayi2bulan,2026-09-07T03:38:59.743836,not_health,2026-09-07T13:02:48.921757
bidancynthia,7666022291272420628,https://www.tiktok.com/@bidancynthia/video/7666022291272420628,False,3421,400,34,209,"Jangan takut imunisasi Bunda☺️ ricy after imunisasi nangis” bobo,nangis dikit bobo lagi, rewel dikit wajar karna nyeri bekas suntikan. Teman ricy udah imunisasi blm? Sharing pengalaman setelah imunisasi dong?",2026-09-07T03:55:51.559702,health,2026-09-07T12:49:49.734964
bidancynthia,7668406045580201237,https://www.tiktok.com/@bidancynthia/video/7668406045580201237,False,1296,23,6,29,Sehat kuat untuk bunda yang ada di fase ini 🫶🏻,2026-09-07T03:48:54.721210,health,2026-09-07T12:35:38.975461
bidancynthia,7643035436251729173,https://www.tiktok.com/@bidancynthia/video/7643035436251729173,False,17600,1733,387,658,Dulu sempet parodi in ini sekarang bener relate ngerasain 😭,2026-09-07T05:09:03.847999,not_health,2026-09-07T12:49:03.881810
bidancynthia,7679061677563776276,https://www.tiktok.com/@bidancynthia/video/7679061677563776276,False,19200,726,2175,8599,"Ini yg aku lakuin buat annaku, Alhamdullillah ga rewel ,badannya anget aja #imunisasidpt2",2026-09-07T03:11:48.792447,health,2026-09-07T12:45:10.140516
bidancynthia,7660743967104863508,https://www.tiktok.com/@bidancynthia/video/7660743967104863508,False,9266,243,107,377,"Makasih Mama udah bantuin dari Lahiran sampe Ricy mau 2bln, jauh” datang dari Garut - Sumbawa 🫶🏻semoga sehat” panjang Umur Nenek Ricy 🤲",2026-09-07T04:12:22.159968,not_health,2026-09-07T13:12:35.200531
bidancynthia,7630695569995992341,https://www.tiktok.com/@bidancynthia/video/7630695569995992341,False,2867,277,62,119,"Bumil udah pada nyuci perlengkapan lahiran belum, jgn tunggu hamil gede keburu encok hmm #ibuhamil #trimester3",2026-09-07T05:50:12.900646,not_health,2026-09-07T12:36:54.380398
bidancynthia,7668470940497366293,https://www.tiktok.com/@bidancynthia/video/7668470940497366293,False,4485,95,106,212,Ga kebayang excitednya 😭 alfatihah nenek ricy,2026-09-07T03:48:09.945954,not_health,2026-09-07T12:59:07.997140
bidancynthia,7622273338928270613,https://www.tiktok.com/@bidancynthia/video/7622273338928270613,False,205,32,22,17,Ada yang minum pas Lebaran kemarin bumil? #sirup #ibuhamil,2026-09-07T11:29:28.752027,health,2026-09-07T12:23:30.115084
bidancynthia,7661126425537301781,https://www.tiktok.com/@bidancynthia/video/7661126425537301781,False,4068,105,319,370,"Di cek pembukaan sama dr obgyn detik” mau lahiran ,Menurutku cek pembukaan ga sakit kalo rileks dan ga kaku, klo bunda onlen gimana?",2026-09-07T04:10:46.196410,not_health,2026-09-07T13:12:32.632540
bidancynthia,7667155748215934228,https://www.tiktok.com/@bidancynthia/video/7667155748215934228,False,7726,638,26,180,"Labil bgt mau KB 😁 Mama 31thn anak 1 ,sebelum 35thn minimal 2 anak lah biar ricy ada teman☺️",2026-09-07T03:50:54.274094,not_health,2026-09-07T12:28:37.667586
bidancynthia,7618812580735503637,https://www.tiktok.com/@bidancynthia/video/7618812580735503637,False,1944,324,35,126,"Ahirnya Naik Juga BB bumil mskipun sedikit ,tpi blm tau nih BBJ gemoy brpa soalnya blm USG lagi ,bumil sampe tm3 dah naik brpa kg ? BBJ brpa? #ibuhamil #trimester3",2026-09-07T11:36:13.694397,not_health,2026-09-07T12:43:48.634118
bidancynthia,7657836724436864277,https://www.tiktok.com/@bidancynthia/video/7657836724436864277,False,1915,28,86,228,Perkembangannya udah bisa apa aja bun?,2026-09-07T04:20:26.633684,not_health,2026-09-07T12:23:34.984912
bidancynthia,7645283199333043477,https://www.tiktok.com/@bidancynthia/video/7645283199333043477,False,4843,335,32,202,"Alhamdulillah hari ke 3 setelah lahiran smpai skrg ASI mulai banyaaak,sampe harus pumping karna penuh🥹 Buat semua ibu yang lagi berjuang ,kamu kuat ,kamu hebat #ibumenyusui",2026-09-07T05:02:18.745020,not_health,2026-09-07T13:06:12.061468
dokter_ika,7613977074486824210,https://www.tiktok.com/@dokter_ika/video/7613977074486824210,False,15.3K,560,474,857,Jangan menormalisasi Marketing Overclaim❗️ Apalagi yang mengandung bahan berberbahaya untuk pemutih kulit… Hati2 dengan klaim-klaim yang ga masuk akal ya guys.. TIDAK ADA KULIT SEPUTIH ITU!!! #belajarbersamadrika #edukasidokterika #jagakulitmu #cintaiwarnakulitmu,2026-09-03T21:42:00.104680,health,2026-09-07T13:06:32.817643
dokter_ika,7657765561346084114,https://www.tiktok.com/@dokter_ika/video/7657765561346084114,False,4305,284,193,247,"Replying to @Sukahatilah Namanya penjual nakal ya bilangnya aman aja yang penting cuan-cuan…. Hati2 dan lebih kritis membeli produk perawatan kulit, semua ada prosesnya #belajarbersamadrika #edukasidrika #HBabalabal",2026-09-03T20:04:51.286869,health,2026-09-07T13:04:42.381810
dokter_ika,7614401468350663944,https://www.tiktok.com/@dokter_ika/video/7614401468350663944,False,145,13,5,7,#journeyoflife #belajarbersamadrika #edukasidokterika #jagakulitmu #skincarebersamaDricha,2026-09-03T21:39:37.315118,not_health,2026-09-07T13:09:50.018275
dokter_ika,7662597381598350610,https://www.tiktok.com/@dokter_ika/video/7662597381598350610,False,1511,117,87,92,#belajarbersamadrika #Edukasidrika #PublicWarningBPOM #KosmetikIlegal #krimberbahaya,2026-09-03T19:48:22.447640,health,2026-09-07T12:35:10.634740
dokter_ika,7618964946306714888,https://www.tiktok.com/@dokter_ika/video/7618964946306714888,False,380,21,18,38,"Jadi kalau ada krim yang klaim bisa menghilangkan freckles permanen, harus lebih kritis.Kulit sehat itu bukan selalu tanpa noda, tapi kulit yang dirawat dengan benar dan kulit terasa nyaman 🤗 #jagakulitmu #SkinHealthandRecoverySystem #belajarbersamadrika #edukasidokterika",2026-09-03T21:26:43.957643,health,2026-09-07T12:45:21.819970
dokter_ika,7664209421798591762,https://www.tiktok.com/@dokter_ika/video/7664209421798591762,False,4067,220,107,271,"Obat ini untuk kasus kelainan kulit berat dan harus wajib dalam pengawasan ketat oleh dokter.. Kalian bayangkan Krim ULTIMATE WHITENING NIGHT CREAM digunakan seluruh wajah, leher untuk perawatan harian 😰😰😰 Jahat banget❗️❗️❗️#belajarbersamadrika #Edukasidrika #stoppenyalahgunaanobatkeras",2026-09-03T19:38:58.255149,health,2026-09-07T12:58:04.243210
dokter_ika,7607273785103879431,https://www.tiktok.com/@dokter_ika/video/7607273785103879431,False,115,11,5,8,"Future Glow Series terbaru dari Dricha, eksklusif di akun @DRICHA Future Glow Bukan sekedar pelembab, Tapi sebuah pendekatan ilmiah untuk membangun kembali kekuatan skin barrier khususnya yang terpengaruh perubahan hormonal ( Kulit kering, dehidrasi, mudah kemerahan, lebih sensitif, kulit rewel ) biasa kondisi seperti ini terasa saat memasuki usia 35 tahun keatas.. So, tampil dengan versi terbaik di fase kita masing-masing saat ini 🤗❤️❤️❤️",2026-09-03T22:13:25.814692,health,2026-09-07T12:41:49.029898
dokter_ika,7600926567363136775,https://www.tiktok.com/@dokter_ika/video/7600926567363136775,False,731,67,16,45,"Ingat negara kita beriklim TROPIS, Salah satu penyebab sulitnya penanganan Melasma atau hiperpigmentasi #belajarbersamadrika #edukasidokterika #stoppenyalahgunaanobatkeras",2026-09-03T22:30:14.327464,health,2026-09-07T12:58:46.669252
dokter_ika,7677164207523122450,https://www.tiktok.com/@dokter_ika/video/7677164207523122450,False,37.5K,2051,3533,2578,"Ini masih marak, hati-hati guys #belajarbersamadrika #Edukasidrika #jagakulitmu #StopHBberbahaya #stoppenyalahgunaanobatkeras",2026-09-03T18:21:17.734008,health,2026-09-07T12:28:30.720743
dokter_ika,7673437008861089032,https://www.tiktok.com/@dokter_ika/video/7673437008861089032,False,316,28,2,21,"Kalau sebuah produk dipromosikan dengan before after yang menunjukkan perubahan warna kulit beberapa tingkat lebih putih, tetapi narasinya mengatakan “ini bukan memutihkan, hanya mencerahkan”, kita perlu melihat apa yang sebenarnya diperlihatkan dan dijanjikan, bukan hanya pilihan katanya.. #belajarbersamadrika #Edukasidrika #LoveYourSkin❤️",2026-09-03T19:13:50.616173,health,2026-09-07T12:57:31.918309
dokter_ika,7657783257244732680,https://www.tiktok.com/@dokter_ika/video/7657783257244732680,False,2064,96,40,154,Replying to @dd Konsultasikan dan dibantu dievaluasi ke @Dricha ya 👍🏻 #skincareanbersamadricha #kulitsehat #healthyskinhappylife,2026-09-03T20:04:10.996142,not_health,2026-09-07T12:37:04.779873
dokter_ika,7602409559315025160,https://www.tiktok.com/@dokter_ika/video/7602409559315025160,False,952,74,36,172,Harus paham dengan kulitmu sendiri #belajarbersamadrika #edukasidokterika #Kulitsehatsenyamanitu,2026-09-03T22:24:01.923167,health,2026-09-07T12:31:56.223236
dokter_ika,7597238013902556424,https://www.tiktok.com/@dokter_ika/video/7597238013902556424,False,688,70,10,37,"Masuk tahun ke 7 saya mengedukasi krim2 berbahaya, bukan perkara persaingan bisnis, tapi krim yang dijual merugikan kesehatan kulit dan tubuh penggunanya… Untuk Para korban segera selamatkan kulit kalian ❤️#belajarbersamadrika #edukasidokterika #stoppenyalahgunaanobatkeras #nokrimmerkuncrit #reputasibrandsangatpenting",2026-09-03T22:51:55.447084,health,2026-09-07T13:14:29.208752
dokter_ika,7609140680555842823,https://www.tiktok.com/@dokter_ika/video/7609140680555842823,False,146,30,12,6,"“Aging Gracefully” Tidak menolak tua, tapi tampil menjadi versi terbaik disetiap fase kehidupan ❤️❤️❤️ @DRICHA Future Glow Rangkaian dari Dricha untuk kalian khususnya para wanita yang siap mengahdapi perubaan jormonal terkai Perimenopause 35+ 🤗 Terima kasih banyak yang sudah ikut dalam perayaan kedewasaan ini 🥳 @Verra | Brand Strategy 360 @Agatha Suci @Tiara @Nur tya | Pejuangkulitsehat @Koh Dennies @Philipskwok dan semua teman dan sahabat 😘😘😘 #Cantikversimu #belajarbersamadrika",2026-09-03T22:07:46.796266,not_health,2026-09-07T12:30:28.223582
dokter_ika,7599084305226272018,https://www.tiktok.com/@dokter_ika/video/7599084305226272018,False,1281,98,28,65,Masuk terus dalam lingkaran syetan.. Kapan mau sehatnya kalau fungsi alami kulit selalu ditekan? Ini adalah salah satu modus nakals penyalahgunaan obat keras dan penyalahgunaan nomor notifikasi BPOM #KetergantunganSteroid #belajarbersamadrika #edukasidokterika #StopsalahgunakanOBATSTEROID #stoppenyalahgunaanobatkeras,2026-09-03T22:38:18.144551,health,2026-09-07T13:10:20.598989
dokter_ika,7665370348983995666,https://www.tiktok.com/@dokter_ika/video/7665370348983995666,False,172,12,1,17,Beda ya #belajarbersamadrika #Edukasidrika #stoppenyalahgunaanobatkeras #StopMerkuri,2026-09-03T19:34:50.707659,health,2026-09-07T12:29:57.571698
dokter_ika,7646794629630692616,https://www.tiktok.com/@dokter_ika/video/7646794629630692616,False,21.7K,909,870,1013,"HB seperti ini dugaan kuat melakukan penyalahgunaan obat keras seperti Hidroquinon dosis tinggi dan terbanyak gunakan obat Steroid super poten.. Hati-hati guys, selamatkan generasi muda dari kerusakan kulit permanen #stoppenyalahgunaanobatkeras #belajarbersamadrika #edukasidrika #HBobatkeras",2026-09-03T20:17:13.429366,health,2026-09-07T13:01:06.284158
dokter_ika,7624173704574143751,https://www.tiktok.com/@dokter_ika/video/7624173704574143751,False,624,41,9,24,Overclaim atau ada bahan berbahayanya??? Hati-hati mengklaim!!! #belajarbersamadrika #edukasidrika #cintaiwarnamu,2026-09-03T21:10:53.971677,health,2026-09-07T12:58:50.224098
dokter_ika,7601773537317195026,https://www.tiktok.com/@dokter_ika/video/7601773537317195026,False,18K,792,219,975,Replying to @Wandi #belajarbersamadrika #edukasidokterika,2026-09-03T22:26:13.616103,health,2026-09-07T12:42:44.918950
dokter_ika,7658147280922414344,https://www.tiktok.com/@dokter_ika/video/7658147280922414344,False,17.6K,743,964,992,"#duet with @🪭👛🧚mami Boru kalit 🧚👛🪭 #Stitch Semangat pulihkan kembali ya ibu, gunakan produk yang nyaman di kulit 👍🏻 #Korbankrimberbahaya #belajarbersamadrika #edukasidrika",2026-09-03T20:02:46.087159,health,2026-09-07T13:11:23.098201
dokter_ika,7626168093676440850,https://www.tiktok.com/@dokter_ika/video/7626168093676440850,False,2012,86,28,139,Replying to @Elli similikity Fitzpatrick 3 keatas kulit lebih mudah menggelap #belajarbersamadrika #edukasidrika #jagakulitmu,2026-09-03T21:06:02.250870,health,2026-09-07T12:37:29.566157
dokter_ika,7677416785607413000,https://www.tiktok.com/@dokter_ika/video/7677416785607413000,False,716,39,7,35,Replying to @Fida Dwi 👍🏻 #belajarbersamadrika #Edukasidrika #jagakulitmu #penjualnakals,2026-09-03T18:20:00.614788,not_health,2026-09-07T12:32:14.088307
dokter_ika,7601521325311560978,https://www.tiktok.com/@dokter_ika/video/7601521325311560978,False,1261,71,40,80,Replying to @shitie Krim toksik itu krim perawatan dengan menyalahgunakan obat steroid sebagai perawatan kulit harian atau untuk memutihkan kulit dan menyalahgunakan obat Hidroquinon sebagai penghilang flek atau pemutih kulit yang digunakan sebagai perawatan harian dalam jangka waktu tidak ditentukan #stoppenyalahgunaanobatkeras #belajarbersamadrika #edukasidokterika,2026-09-03T22:27:14.663207,health,2026-09-07T12:40:17.981526
dokter_ika,7639983083319479559,https://www.tiktok.com/@dokter_ika/video/7639983083319479559,False,380,28,7,49,"Siapa yang mengalami? biasanya baru sadar setelah terjadi “ketergantungan toksik”, kulit jadi lebih rewel setelah menggunakan perawatan 😰 #stoppenyalahgunaanSteroid #belajarbersamadrika #edukasidrika #jagakulitmu #drIkaJawab",2026-09-03T20:26:22.697510,health,2026-09-07T12:49:38.689027
dokter_ika,7599243604707577106,https://www.tiktok.com/@dokter_ika/video/7599243604707577106,False,613,37,2,36,Menjadi dewasa berarti belajar merawat diri dengan lebih bijak ❤️ #quoteoftheday #TheNewYoung,2026-09-03T22:37:02.592605,not_health,2026-09-07T13:09:37.840538
dokter_ika,7592463866781551890,https://www.tiktok.com/@dokter_ika/video/7592463866781551890,False,4495,279,167,272,Replying to @nugra Selalu kritis merespon iklan-iklan supaya kamu terhindar dari overclaim dan bahan berbahaya #belajarbersamadrika #edukasidokterika #krimtoksik #hbberbahaya,2026-09-03T23:05:29.590229,health,2026-09-07T12:49:25.201035
dokter_ika,7605943070638591239,https://www.tiktok.com/@dokter_ika/video/7605943070638591239,False,2484,185,49,194,"Replying to @Secckaa Hati-hati guys, lebih kritis membeli suplemen apapun #belajarbersamadrika #edukasidokterika #jagadiri",2026-09-03T22:16:31.270136,health,2026-09-07T12:33:19.117564
dokter_ika,7668118055746014472,https://www.tiktok.com/@dokter_ika/video/7668118055746014472,False,749,60,5,50,Replying to @mbak choy Perbedaan utama terletak pada cara dan waktu pelepasan sel kulit tersebut.Manusia melepaskan sel kulit mati secara konstan dan tidak terlihat (DESKUANASI) sedangkan ular melepaskan seluruh lapisan luar kulitnya sekaligus dalam satu periode waktu tertentu (ECDYSIS)#belajarbersamadrika #Edukasidrika #Eksfoliasilembut #peeling,2026-09-03T19:27:27.303122,health,2026-09-07T12:23:51.155515
dokter_ika,7627802056455146770,https://www.tiktok.com/@dokter_ika/video/7627802056455146770,False,1094,57,19,51,Ngajakin buat ikutan putih ???? #belajarbersamadrika #edukasidrika #cintaiwarnamu,2026-09-03T20:58:09.188755,not_health,2026-09-07T13:09:41.323044
dokter_ika,7629199538196188434,https://www.tiktok.com/@dokter_ika/video/7629199538196188434,False,658,73,19,58,Replying to @Destri Ana32 Pejuang jerawat harus perhatikan faktor ini #acneprone #skincarenonkomedogenik #jagakulitmu #pejuangjerawat,2026-09-03T20:53:43.170187,health,2026-09-07T12:54:36.870765
dokteramiraobgyn,7670567765916306696,https://www.tiktok.com/@dokteramiraobgyn/video/7670567765916306696,False,825,36,66,103,bener kan mbak berat badanmu yang semakin naik pesat mnganggu hidupmu #turunkanberatbadan#demimasadepan#stopobesitas#fypp,2026-09-03T18:45:05.731398,health,2026-09-07T12:44:47.698268
dokteramiraobgyn,7653429076815777031,https://www.tiktok.com/@dokteramiraobgyn/video/7653429076815777031,False,451,8,13,32,jika sidia mendua waspadalah! kanker cervix mengintai anda para wanita yang bukan satu2 nya #fyp#,2026-09-03T19:05:08.136234,not_health,2026-09-07T13:01:41.783617
dokteramiraobgyn,7607071577439489300,https://www.tiktok.com/@dokteramiraobgyn/video/7607071577439489300,False,175,9,10,19,kalau kalian mau tau simak #dokterobgynpedalaman#papua#fyp,2026-09-04T00:06:18.884538,health,2026-09-07T12:24:08.057515
dokteramiraobgyn,7672375694835338514,https://www.tiktok.com/@dokteramiraobgyn/video/7672375694835338514,False,368,11,5,23,Tuhan akan memberi segalanya sesuai kelayakan HambaNYA! belajar jadi manusia yang ber Husnuzon pada manusia lainnya #fyp,2026-09-03T18:42:50.576494,not_health,2026-09-07T13:14:41.024318
dokteramiraobgyn,7675619200429346055,https://www.tiktok.com/@dokteramiraobgyn/video/7675619200429346055,False,1161,13,12,45,kisah seorang ibu yang kuat dg kanker payudara dan kanker ovarium,2026-09-03T18:40:10.570688,health,2026-09-07T12:54:09.476978
dokteramiraobgyn,7642343702920219912,https://www.tiktok.com/@dokteramiraobgyn/video/7642343702920219912,False,13.3K,301,1336,2563,keputihan terus menerus dan nyeri saat berhubungan intim!jangan sampai mulut rahimmu seperti ini #kankercervix#skrining#keputihanbanyak#fyp,2026-09-03T23:21:13.608092,health,2026-09-07T12:46:46.461266
dokteramiraobgyn,7615196997955407125,https://www.tiktok.com/@dokteramiraobgyn/video/7615196997955407125,False,152.1K,881,13.4K,46.4K,banyak perempuan sepelekan hal ini padahal dampaknya parah untuk area miss v @Clogent#CLOGENT#UnderwearDetergent#fyp,2026-09-03T23:53:43.099501,health,2026-09-07T12:56:46.158660
dokteramiraobgyn,7598078806976400660,https://www.tiktok.com/@dokteramiraobgyn/video/7598078806976400660,False,6847,76,1128,587,ini buktinya kalau kalian tetap ngeyell #dokterobgynpedalaman#papua#fyp,2026-09-04T00:15:25.410338,health,2026-09-07T12:25:46.782839
dokteramiraobgyn,7603356511447895316,https://www.tiktok.com/@dokteramiraobgyn/video/7603356511447895316,False,2255,157,542,606,ayo segera pap smear sebelum kanker cervix menyerang #dokterobgynpedalaman#papua#fyp,2026-09-04T00:11:53.640136,health,2026-09-07T13:14:34.514327
dokteramiraobgyn,7630080882933583122,https://www.tiktok.com/@dokteramiraobgyn/video/7630080882933583122,False,3433,166,122,194,siapa bumil yang suka minum boba#minumanboba#hatihatigulanya#bumilboba#fyp,2026-09-03T23:33:48.652079,health,2026-09-07T12:33:04.119607
dokteramiraobgyn,7676869342478535954,https://www.tiktok.com/@dokteramiraobgyn/video/7676869342478535954,False,4516,1036,1261,974,Untuk para bunda vaksin hpv amannnnnnn bangettttt #anakbunda#vaksinhpv#gratis#fyppppp,2026-09-03T18:37:21.374979,health,2026-09-07T12:27:51.980226
dokteramiraobgyn,7592298261206011157,https://www.tiktok.com/@dokteramiraobgyn/video/7592298261206011157,False,9760,389,1723,349,#padahariini 3tahun lalu konten perama umur 23 tahun hamil anak ke 7 #dokterobgynpedalaman#papua#FYP,2026-09-04T00:22:25.780089,not_health,2026-09-07T12:54:52.471506
dokteramiraobgyn,7604401957565926677,https://www.tiktok.com/@dokteramiraobgyn/video/7604401957565926677,False,8289,522,1072,1211,Akibat tidak pakai kb ya begini #dokterobgynpedalaman#papua#fyp,2026-09-04T00:08:42.177511,health,2026-09-07T13:01:17.900848
dokteramiraobgyn,7607104264225279252,https://www.tiktok.com/@dokteramiraobgyn/video/7607104264225279252,False,3139,148,431,927,bercak butih dimulut rahim akan jd awal mula kanker cervix jika tidak diobati #dokterobgynpedalaman#papua#fyp,2026-09-04T00:05:38.119924,health,2026-09-07T12:28:07.006562
dokteramiraobgyn,7621033238714125575,https://www.tiktok.com/@dokteramiraobgyn/video/7621033238714125575,False,4567,111,230,529,pernah gak sih kalian sakali aja mikirin diri sendiri #pernahgaksekaliajamikirindirisendiri#fypage,2026-09-03T23:48:42.637171,health,2026-09-07T12:32:41.648948
dokter.harmonospanak,7638304524288937236,https://www.tiktok.com/@dokter.harmonospanak/video/7638304524288937236,False,47,3,24,19,ACI PUSAT Telp.WA +6285108110003website :https://ayocerdas.com/,2026-09-03T16:36:18.119156,not_health,2026-09-07T12:54:45.651439
dokter.harmonospanak,7660344524278992149,https://www.tiktok.com/@dokter.harmonospanak/video/7660344524278992149,False,285,21,20,32,Praktek spesialis anak Hub admin :kak Fatimah 0812 . 3024 . 6181kak Wulan 0858 . 1565 . 2806Google Map tulis :Praktek dr.Harmono PD Sp.AAlamat :Jl. Airlangga 33 Apotek Diandra Mojosari Mojokerto#konsultasigratiswalinkbio #dokteranakmojosari,2026-09-03T16:02:13.066919,health,2026-09-07T13:05:22.773170
dokter.harmonospanak,7644923267869854996,https://www.tiktok.com/@dokter.harmonospanak/video/7644923267869854996,False,6574,215,1786,2121,Praktek spesialis anak Hub admin :kak Fatimah 0812 . 3024 . 6181kak Wulan 0858 . 1565 . 2806Google Map tulis :Praktek dr.Harmono PD Sp.AAlamat :Jl. Airlangga 33 Apotek Diandra Mojosari Mojokerto,2026-09-03T16:26:45.557380,health,2026-09-07T12:24:26.772859
dokter.harmonospanak,7625467242297265428,https://www.tiktok.com/@dokter.harmonospanak/video/7625467242297265428,False,614,59,79,31,Membalas @amndashfira,2026-09-03T16:59:54.408690,not_health,2026-09-07T13:10:40.431465
dokter.harmonospanak,7635485955146714389,https://www.tiktok.com/@dokter.harmonospanak/video/7635485955146714389,False,33,2,9,6,Praktek spesialis anak Hub admin :kak Fatimah 0812 . 3024 . 6181kak Wulan 0858 . 1565 . 2806Google Map tulis :Praktek dr.Harmono PD Sp.A,2026-09-03T16:40:28.230895,not_health,2026-09-07T13:02:12.091773
dokter.harmonospanak,7623025324334386453,https://www.tiktok.com/@dokter.harmonospanak/video/7623025324334386453,False,34,5,3,5,Salah satu latihan otot tungkaiAnda tua tapi lincah,2026-09-03T17:04:13.778090,health,2026-09-07T12:54:58.639019
dokter.harmonospanak,7665925001975057684,https://www.tiktok.com/@dokter.harmonospanak/video/7665925001975057684,False,530,28,96,139,Jl.Airlangga 33 Apotek Diandra Mojosari Kab. Mojokerto cp.kak Fat. 0812 . 3024 . 6181#konsultasigratiswalinkbio,2026-09-03T15:51:19.811382,not_health,2026-09-07T13:03:57.400214
dokter.harmonospanak,7647352582100307221,https://www.tiktok.com/@dokter.harmonospanak/video/7647352582100307221,False,21,1,4,9,Alamat : lokasidari klenteng Mojosari 200 meterke utara arah Krian. Depan SMAN MOJOSARI telp.WA. 0812.3156.6151,2026-09-03T16:21:56.929733,not_health,2026-09-07T12:24:45.094173
dokter.harmonospanak,7616534044385348884,https://www.tiktok.com/@dokter.harmonospanak/video/7616534044385348884,False,149,13,11,16,,2026-09-03T17:22:23.538448,not_health,2026-09-07T13:14:03.619845
dokter.harmonospanak,7671991383326199060,https://www.tiktok.com/@dokter.harmonospanak/video/7671991383326199060,False,22,3,Share,4,Praktek spesialis anak Hub admin :kak Fatimah 0812 . 3024 . 6181kak Wulan 0858 . 1565 . 2806Google Map tulis :Praktek dr.Harmono PD Sp.AAlamat :Jl. Airlangga 33 Apotek Diandra Mojosari Mojokerto#konsultasigratiswalinkbio,2026-09-03T15:44:38.785855,not_health,2026-09-07T12:36:42.669217
dokter.harmonospanak,7627730393227103509,https://www.tiktok.com/@dokter.harmonospanak/video/7627730393227103509,False,278,58,52,27,Memang sulit cari bakso yg asli daging sapi tanpa campuran daging ayam. Tentu rasanya lebih enak dan menyehatkan.,2026-09-03T16:56:18.527452,not_health,2026-09-07T12:27:18.566087
dokter.harmonospanak,7617605072423292181,https://www.tiktok.com/@dokter.harmonospanak/video/7617605072423292181,False,24,3,2,4,,2026-09-03T17:19:53.486319,health,2026-09-07T13:02:51.436296
dokter.harmonospanak,7674150958275890453,https://www.tiktok.com/@dokter.harmonospanak/video/7674150958275890453,False,25,1,5,1,Praktek spesialis anak Hub admin :kak Fatimah 0812 . 3024 . 6181kak Wulan 0858 . 1565 . 2806Google Map tulis :Praktek dr.Harmono PD Sp.AAlamat :Jl. Airlangga 33 Apotek Diandra Mojosari Mojokerto#konsultasigratiswalinkbio,2026-09-03T15:42:41.321351,health,2026-09-07T13:04:16.942553
dokter.harmonospanak,7654722786321075477,https://www.tiktok.com/@dokter.harmonospanak/video/7654722786321075477,False,109,9,12,17,Praktek spesialis anak Hub admin :kak Fatimah 0812 . 3024 . 6181kak Wulan 0858 . 1565 . 2806Google Map tulis :Praktek dr.Harmono PD Sp.AAlamat :Jl. Airlangga 33 Apotek Diandra Mojosari Mojokerto#dokteranakmojosari #konsultasigratiswalinkbio,2026-09-03T16:09:30.662111,not_health,2026-09-07T12:30:42.504836
doktermatahendra,7638179610819169554,https://www.tiktok.com/@doktermatahendra/video/7638179610819169554,False,298,8,10,60,"Manfaat salad bagi mata? Menjaga kesehatan mata ternyata bukan cuma soal kacamata atau vitamin 👀🥗 Apa yang kita makan setiap hari juga sangat berpengaruh terhadap kesehatan mata jangka panjang. Salad yang berisi sayuran hijau, tomat, wortel, jagung, alpukat, hingga kacang-kacangan mengandung banyak nutrisi penting untuk mata seperti: ✅ lutein ✅ zeaxanthin ✅ vitamin A ✅ vitamin C ✅ omega-3 dan antioksidan Nutrisi ini membantu melindungi retina dan menurunkan risiko berbagai masalah mata terkait usia 👁✨ Termasuk membantu menjaga kesehatan makula, mengurangi stres oksidatif, dan mendukung kualitas lapisan air mata. Banyak orang baru mulai peduli kesehatan mata setelah penglihatan mulai terganggu. Padahal menjaga mata dimulai dari kebiasaan kecil setiap hari, termasuk pola makan 😊 Tidak harus mahal atau ekstrem, yang penting konsisten. Karena investasi terbaik untuk mata bukan hanya pengobatan… tapi juga pencegahan 👍 Siapa disini yang rutin makan salad? 🥗😄 #Salad #kesehatanmata #sayur #antioksidan#doktermatahendra Kalau suka dan merasa postingan ini bermanfaat, jangan lupa buat support dengan like dan share ya 😁👍. Tambahkan akun ig, youtube dan tiktok @doktermatahendra ke favoritmu agar selalu update info dan tips2 kesehatan mata terbaru 🥰. Ada pertanyaan? Silahkan DM atau Cusssss ke kolom komentar 👍.",2026-09-04T01:01:38.889915,health,2026-09-07T12:24:35.006745
doktermatahendra,7607044950831795474,https://www.tiktok.com/@doktermatahendra/video/7607044950831795474,False,337,7,18,50,"Mari kita jawab pertanyaan: Sakit nga operasi katarak? Yuk, kita dengar langsung testimoni dari pasangan suami istri yang kebetulan sudah melakukan operasi katarak, bersamaan di tempat kami @eyequ.id 🥰.Menariknya, meskipun menjalani prosedur yang sama, dokter yang sama, mesin yang sama dan di hari yang sama, sensasi yang dirasakan bisa berbeda pada tiap orang. Ada yang merasa sangat nyaman, ada yang merasakan sedikit sensasi—namun tetap dalam batas wajar dan aman.Yang paling penting?Keduanya sama-sama tersenyum lebar sehari setelah operasi 😊Menurut teman-teman, apa makna di balik senyuman itu?Dapat bonus pertanyaan tambahan mengenai posisi lensa tanam habis operasi, apakah stabil terus? Dan pesan buat masyarakat lainnya mengenai operasi katarakYuk, kita simak videonya sampai akhir.#operasikatarak #phaecoemulsifikasi #edukasimata #doktermatahendra",2026-09-04T01:24:13.815201,health,2026-09-07T12:27:15.255985
doktermatahendra,7673465162447342866,https://www.tiktok.com/@doktermatahendra/video/7673465162447342866,False,73,8,7,10,"Masih muda kok kena katarak? Memang, katarak paling sering terjadi pada usia lanjut sebagai bagian dari proses penuaan.Namun, katarak juga dapat terjadi pada usia muda, bahkan sejak lahir, tergantung penyebabnya.Beberapa faktor yang dapat meningkatkan risiko katarak antara lain:✅ Diabetes yang tidak terkontrol.✅ Penggunaan obat kortikosteroid dalam jangka panjang.✅ Cedera atau trauma pada mata.✅ Paparan sinar ultraviolet (UV) berlebihan.✅ Riwayat operasi atau peradangan pada mata.✅ Faktor genetik atau katarak bawaan sejak lahir.Gejala katarak dapat berupa:👁️ Penglihatan buram seperti berkabut.🌙 Silau saat melihat cahaya, terutama pada malam hari.🎨 Warna terlihat lebih pudar atau kekuningan.👓 Sering berganti ukuran kacamata tetapi penglihatan tetap tidak jelas.Kabar baiknya, katarak dapat diatasi dengan operasi, yaitu mengganti lensa mata yang keruh dengan lensa buatan sehingga penglihatan dapat kembali jernih.Jadi, jangan menganggap penglihatan buram di usia muda sebagai hal yang wajar. Jika Anda mengalami keluhan tersebut, segera periksakan mata ke dokter mata agar penyebabnya dapat diketahui dan ditangani sejak dini.💬 Apakah anda juga berpendapat katarak hanya terjadi pada orang lanjut usia? Tulis jawaban Anda di kolom komentar!#katarak #operasikatarak #katarakmuda #edukasimata #doktermatahendra",2026-09-04T00:39:41.458763,health,2026-09-07T12:45:54.925525
doktermatahendra,7627785045922630920,https://www.tiktok.com/@doktermatahendra/video/7627785045922630920,False,152,13,31,31,"Setelah Operasi Katarak, Mengapa Floaters Kadang Jadi Lebih Jelas? Apakah Berbahaya?Beberapa pasien bingung dan bertanya, Dok, setelah operasi katarak, kenapa bayangan seperti benang atau bintik hitam (floaters) di mataya jadi lebih terlihat?Tenang, kondisi ini cukup sering terjadi.🔍 Mengapa floaters terlihat lebih jelas setelah operasi katarak?1️⃣ Lensa mata sudah jernihSetelah katarak diangkat, cahaya masuk lebih terang sehingga floaters yang sebelumnya tertutup kekeruhan katarak menjadi lebih terlihat.2️⃣ Struktur dalam mata lebih terlihatMedia mata yang lebih bening membuat bayangan di vitreous (gel mata) tampak lebih kontras.3️⃣ Perubahan vitreous karena usiaSebagian besar pasien katarak memang sudah mengalami proses penuaan vitreous yang menyebabkan floaters.⚠️ Apakah berbahaya?Sebagian besar floaters tidak berbahaya dan tidak memerlukan tindakan khusus.Namun segera periksa jika muncul:🔴 Floaters tiba-tiba sangat banyak🔴 Sensasi Kilatan cahaya seperti petir🔴 Seperti tirai menutup penglihatan🔴 Penglihatan mendadak buramKarena kondisi tersebut bisa mengarah ke robekan retina atau ablasio retina yang perlu penanganan cepat.✨ Jadi, floaters setelah operasi katarak biasanya bukan karena operasinya gagal, tetapi karena mata sudah lebih jernih sehingga bayangan menjadi terlihat.📌 Operasi katarak membuat penglihatan lebih jelas, termasuk melihat floaters yang sebelumnya tersembunyi.#operasikatarak #floaters #kesehatanmata #edukasimata #doktermatahendraApakah anda pernah mendengar hal yang sama juga?",2026-09-04T01:07:21.974467,health,2026-09-07T13:10:12.223910
doktermatahendra,7661594317240175890,https://www.tiktok.com/@doktermatahendra/video/7661594317240175890,False,90,6,13,17,"Penasaran apakah terapi Ortho K bisa menghilangkan minus selamanya? Singkatnya: tidak — tapi ada manfaat besar yang perlu kamu tahu. 👀Dalam 4 poin ini kita akan jelaskan cara kerja Ortho K, durasi efeknya, siapa pasien yang paling menerima manfaatnya, dan kapan harus konsultasi.1. Cara kerja: Ortho K adalah lensa keras khusus yang dikenakan saat tidur untuk mengubah bentuk kornea sementara — hasilnya penglihatan membaik di siang hari tanpa kacamata. 2. Efek tidak permanen: Perubahan kornea bersifat reversibel — jika berhenti pakai lensa, kornea akan kembali ke bentuk semula dan minus akan kembali. Jadi Ortho K tidak “menghilangkan” minus selamanya. 3. Manfaat utama: Ortho K terbukti efektif memperlambat progresi miopia pada anak dan remaja — ini alasan utama para orang tua memilih terapi ini. 4. Siapa pasien yang cocok & perhatian khusus: Cocok untuk anak dengan progresi minus cepat dan untuk pasien dewasa yang ingin bebas kacamata sementara. Namun, Perlu pemeriksaan lengkap, evaluasi kepatuhan memakai lensa di malam hari, dan kontrol rutin karena ada risiko infeksi jika perawatan kebersihan tidak baik.Kalau suka dan merasa postingan ini bermanfaat, jangan lupa buat support dengan like dan share ya 😁👍.Tambahkan akun ig, youtube dan tiktok doktermatahendra ke favoritmu agar selalu update info dan tips2 kesehatan mata terbaru 🥰.Ada pertanyaan?Silahkan DM atau Cusssss ke kolom komentar 👍.#Ortho-K #kontaklensakeras #Myopia #edukasimata #doktermatahendra",2026-09-04T00:48:15.488942,health,2026-09-07T13:00:50.486487
doktermatahendra,7624079527257558290,https://www.tiktok.com/@doktermatahendra/video/7624079527257558290,False,414,11,21,67,"Mengapa pakai obat tetes mata malah terasa perih? 👁️💧Banyak pasien bingung dan khawatir,“Dok, kenapa setiap tetes obat mata kok terasa perih ya? Apakah obatnya berbahaya?”Jawabannya: TidakRasa perih saat menggunakan obat tetes mata adalah hal yang cukup sering terjadi, karena:🔹 **pH obat berbeda dengan air mata**Obat tetes memiliki kandungan zat kimia tertentu sehingga saat masuk ke mata bisa menimbulkan sensasi perih sementara.🔹 **mata sedang iritasi atau kering**Mata yang meradang atau kering lebih sensitif, sehingga obat terasa lebih perih.🔹 **ada bahan pengawet dalam obat**Beberapa obat tetes mengandung pengawet yang dapat menimbulkan sensasi tidak nyaman sesaat.🔹 **reaksi awal sebelum obat bekerja**Pada beberapa kondisi, perih ringan adalah respons awal sebelum obat mulai bekerja.Kapan harus waspada? ⚠️Jika setelah tetes mata muncul:* nyeri hebat* mata merah bertambah* penglihatan kabur* bengkak atau gatal berlebihan segera periksa ke dokter mata.Normalnya, perih hanya berlangsung beberapa detik hingga menit.Jadi, jangan langsung panik ya 😊Yang penting gunakan obat sesuai anjuran dokter dan jangan sembarang membeli obat tetes mata.Kalau suka dan merasa postingan ini bermanfaat, jangan lupa buat support dengan like dan share ya 🥰🙏#obattetesmata #tetesmata #mataperih #edukasimata #doktermatahendraApa kamu pernah merasakan mata perih setelah menggunakan obat tetes mata juga?",2026-09-04T01:10:50.344379,health,2026-09-07T13:09:45.304183
doktermatahendra,7619964331454680341,https://www.tiktok.com/@doktermatahendra/video/7619964331454680341,False,37,1,4,3,"LASIK & SMILE Pakai Pisau Bedah? Serem Banget 😨😨... Tapi MITOS! 😁❌🔪Banyak yang masih maju-mundur mau lepas kacamata karena bayangin ada pisau yang mendekat ke mata. Padahal, teknologi bedah refraktif zaman sekarang sudah jauh lebih canggih!Faktanya:• LASIK (Modern): Sekarang mayoritas menggunakan Femtosecond Laser untuk membuat flap, bukan pisau mekanik (microkeratome). Jadi, sudah all-laser.• ReLEX SMILE: Ini bahkan lebih canggih lagi. Tanpa pembuatan flap, hanya menggunakan laser laser dalam hitungan detik. Benar-benar Bladeless (Tanpa Pisau)! 🚫 blade.Jadi, gak perlu horor lagi ya. Prosesnya cepat, minim rasa sakit, dan pemulihannya kilat.No sharp object seperti pisau bedah, jarum atau jahitan 😎#Lasik #SmlilePro #nosharpobject #edukasimata doktermatahendraSiapa nih yang baru tau kalau prosedur ini sudah full pakai laser? Komen di bawah ya!",2026-09-04T01:13:09.226503,health,2026-09-07T12:57:36.469101
doktermatahendra,7671874474974694664,https://www.tiktok.com/@doktermatahendra/video/7671874474974694664,False,301,61,72,86,"Usia baru 30 tahun, tapi mata sudah terasa sangat kering. Normal nggak sih? 👀Jawabannya: sangat sering terjadi, tetapi jangan dianggap sepele.Mata kering tidak hanya dialami oleh orang lanjut usia. Saat ini, banyak orang usia muda yang mengalami keluhan mata kering, terutama karena pola hidup dan lingkungan.Beberapa penyebab yang sering ditemukan antara lain:💻 Terlalu lama menatap layar komputer atau ponsel sehingga frekuensi berkedip berkurang.❄️ Paparan AC atau kipas angin dalam waktu lama.😴 Kurang tidur atau begadang👁️ Penggunaan lensa kontak.💊 Efek samping obat tertentu.🦠 Penyakit autoimun seperti Sindrom Sjögren, yang dapat menyebabkan produksi air mata berkurang.Gejala mata kering bisa berupa:✅ Mata terasa perih, sepet, atau seperti berpasir.✅ Mata mudah lelah.✅ Penglihatan sesaat menjadi buram lalu membaik setelah berkedip.✅ Mata berair berlebihan sebagai respons terhadap iritasi.Jangan menunggu hingga keluhan semakin berat. Mata kering yang tidak ditangani dapat mengganggu aktivitas sehari-hari dan pada kondisi tertentu dapat merusak permukaan kornea.Jika keluhan berlangsung terus-menerus atau semakin mengganggu, sebaiknya periksakan diri ke dokter mata agar penyebabnya dapat diketahui dan mendapatkan terapi yang sesuai.💬 Pernah mengalami mata kering? Apa penyebab yang paling sering Anda rasakan? Tulis di kolom komentar ya!#matakering #dryeye #gadget #edukasimata #doktermatahendra",2026-09-04T00:40:00.781167,health,2026-09-07T13:09:43.590068
doktermatahendra,7645369551399537927,https://www.tiktok.com/@doktermatahendra/video/7645369551399537927,False,22,1,6,6,"Part 2 of 2: Kacamata (Mustahil) Patah!!! Selain kualitas gagangnya yang benar2 buat berdecak kagum dengan durabilitasnya yang extreme kuat.Kacamata ini dibanderol sangat murah, hanya berkisar 12.900 Yen, setara 1.4 juta (Gagang + Lensa), garansi 6 bulan dan waktu pembuatan hanya 40 menit 😨.Menurut saya, kita di Indonesia bisa belajar banyak dari hal ini#JINS #kacamataantipatah #kacamataanak #teknologikacamata #doktermatahendra",2026-09-04T00:57:54.801911,not_health,2026-09-07T12:35:02.307312
doktermatahendra,7595811554596064519,https://www.tiktok.com/@doktermatahendra/video/7595811554596064519,False,198,4,12,13,"Apakah benar jenis kelamin anak Anda menentukan dia lebih mudah kena mata minus? Jawabannya benar, namun penelitian terbaru menunjukkan bahwa gender BUKANLAH faktor utama penyebab mata minus. Ya, Anda tidak salah dengar! Meskipun ada sedikit variasi statistik di beberapa populasi, pengaruhnya sangat minim jika dibandingkan dengan dua ‘biang kerok’ utama yang harus kita waspadai:1. Genetika 🧬: Jika kedua orang tua atau salah satu memiliki mata minus, risiko anak memang lebih tinggi. Ini adalah faktor yang tidak bisa kita ubah.2. Gaya Hidup & Lingkungan 🏞️📱: Nah, ini dia yang PALING PENTING dan BISA kita kendalikan!• Waktu Layar Berlebihan: Terlalu lama menatap gadget, tablet, atau komputer tanpa istirahat memicu ketegangan mata dan miopia.• Kurangnya Aktivitas Outdoor: Cahaya alami dan pandangan jarak jauh di luar ruangan sangat esensial untuk perkembangan mata yang sehat. Tanpanya, risiko miopia meningkat drastis.• Pekerjaan Jarak Dekat Intens: Membaca buku (atau aktivitas visual jarak dekat lainnya) terlalu lama tanpa istirahat juga berkontribusi.Apa yang Bisa Kita Lakukan SEKARANG? Alih-alih fokus pada gender, mari kita lakukan tindakan nyata: ✅ Terapkan Aturan 20-20-20 (Setiap 20 menit menatap layar, istirahatkan mata selama 20 detik dengan melihat objek sejauh 20 kaki/6 meter). ✅ Ajak anak bermain di luar ruangan minimal 2 jam sehari. ✅ Pastikan pencahayaan yang cukup saat membaca atau melakukan aktivitas jarak dekat. ✅ Jadwalkan pemeriksaan mata rutin setiap 6-12 bulan untuk deteksi dini dan penanganan yang tepat. Ini krusial!#mataminus #gender #myopia #edukasimata #doktermatahendraBagaimana dengan anak Anda? Ceritakan di kolom komentar: Kapan terakhir anak Anda periksa mata? Apakah Anda sudah menerapkan tips di atas? Mari diskusi! 👇",2026-09-04T01:32:51.367331,health,2026-09-07T12:58:57.500432
giapratamamd,7590960824584244500,https://www.tiktok.com/@giapratamamd/video/7590960824584244500,False,5508,99,158,369,Visi Misi mencegah 1 Juta Serangan Jantung dan Stroke. Podcast Radityadika dan dr. Gia Pratama. part 3.,2026-09-06T15:33:18.245616,health,2026-09-07T12:27:29.223445
giapratamamd,7670400703298342164,https://www.tiktok.com/@giapratamamd/video/7670400703298342164,False,9980,138,307,532,"Teman-teman akhirnya saya punya Channel Youtube sendiri. Akan ada 2 Podcast. - Podcast Family 1001 - Podcast Pulang Praktek Dan untuk Episode pertama Family 1001 Membahas tentang pola asuh, membangun mental, cara memandang finansial, hingga bagaimana ilmu penerbangan ternyata bisa diterapkan dalam kehidupan keluarga. Saya perkenalkan Ayahku, Ibuku, dan Adikku.",2026-09-06T14:15:35.538086,not_health,2026-09-07T12:30:56.560927
giapratamamd,7651495883300687124,https://www.tiktok.com/@giapratamamd/video/7651495883300687124,False,26400,657,126,320,latian dulu sebelum sama ank sendiri.,2026-09-06T14:27:39.642421,not_health,2026-09-07T12:44:41.774971
giapratamamd,7677598415680720148,https://www.tiktok.com/@giapratamamd/video/7677598415680720148,False,14600,251,844,1407,Podcast Pulang Praktik. Episode pulang praktik hari ini saya kedatangan sohibku @doktermedok Teman-teman banyak sekali edukasi dari beliau yg bisa langsung dipraktikkan. Selamat menonton.,2026-09-06T14:10:50.825900,health,2026-09-07T13:06:42.908630
giapratamamd,7599144556025711890,https://www.tiktok.com/@giapratamamd/video/7599144556025711890,False,7785,109,618,398,"Ini adalah 2 saluran di dalam leher manusia. Tersedak makanan adalah salah satu penyebab kematian yang sering terjadi. Ini terjadi saat makanan salah jalur, bukannya masuk lambung, malah masuk ke trakea, jalur napas menuju paru paru. Akibatnya, oksigen berhenti masuk. Rasanya seperti tercekik dari dalam. Saat jalan napas tertutup, pita suara ikut tidak berfungsi. Korban sering tidak mampu bicara, tidak mampu teriak minta tolong. Yang terlihat justru refleks khas, tangan spontan memegang leher. Waktunya sangat sempit. Dalam hitungan menit, jika batuk-batuk gagal mengeluarkan potongan makanan itu, wajah mulai membiru, lalu kesadaran menghilang. Dan kalau ini terjadi saat sendirian, bisa sangat membahayakan nyawa. --------------------- PR : tidak ada PR. Renungkan saja ini bisa terjadi kapanpun kepada siapapun. Saatnya melatih lagi keterampilan bersyukur kita untuk kehidupan ini.",2026-09-06T15:19:16.180228,health,2026-09-07T13:01:58.310945
giapratamamd,7625106533055040789,https://www.tiktok.com/@giapratamamd/video/7625106533055040789,False,172600,725,14000,5186,"Ini adalah separuh Otak Manusia. Otak manusia dewasa rata-rata punya sekitar 86 miliar neuron. Pada anak, jumlah neuronnya tidak beda jauh. Pada awal kehidupan, otak bayi membentuk koneksi baru dengan kecepatan luar biasa, bahkan diperkirakan lebih dari 1 juta koneksi baru tiap detik. Di usia sekitar 2 tahun, seorang anak bisa punya kira-kira dua kali lebih banyak. Otak anak itu otak yang sedang tumbuh liar, cepat, haus makna. Jadi saat balita bertanya terus, jangan buru-buru kesal. Di depan kita sedang berdiri seorang manusia kecil, dengan miliaran neuron dan lautan koneksi yang sedang belajar memahami semesta. Rasa ingin tahu merekalah yang mengingatkan kita untuk kembali takjub, kembali belajar, dan kembali kagum pada dunia. ------------------------------- PR : berapa berat otak balita? #giaceritaanatomi #tentangtubuh #otakbalita Video : IOHA",2026-09-06T14:49:13.388586,health,2026-09-07T13:06:08.530596
giapratamamd,7647511868348615956,https://www.tiktok.com/@giapratamamd/video/7647511868348615956,False,1061,33,14,34,"Sabar adalah kunci, karena hidup jarang sekali memberi hasil secepat keinginan kita. Sabar membuat kita tetap berjalan saat hasil belum terlihat. Sabar membuat kita tetap jernih saat keadaan mendesak. Sabar membuat kita tetap beradab saat ego ingin menang. Sabar membuat kita tetap setia pada proses saat orang lain mulai menyerah. Sukses sering terlihat seperti keberuntungan. Padahal di baliknya ada orang yang berkali-kali menahan diri, memperbaiki niat, mengulang usaha, menelan lelah, lalu tetap melangkah. Yang sabar menang. Yang sabar matang. Yang sabar sampai.",2026-09-06T14:29:50.746330,not_health,2026-09-07T13:00:33.679389
giapratamamd,7634407094799633684,https://www.tiktok.com/@giapratamamd/video/7634407094799633684,False,8149,52,111,500,Tentang Polydeoxyribonucleotide. Untuk teman-teman yang mulai mau merawat kulit wajah.,2026-09-06T14:41:29.962786,health,2026-09-07T13:05:34.820412
giapratamamd,7630301277271936277,https://www.tiktok.com/@giapratamamd/video/7630301277271936277,False,125800,1273,1356,2860,"Adik-adik koas, para calon dokter masa depan, dan penerus pengabdi kemanusiaan. Ya Allah, Lembutkan hati mereka saat menghadapi pasien, tajamkan akal mereka saat belajar, kuatkan tangan mereka saat menolong. Jauhkan mereka dari malas, letih yang mematahkan, dan hati yang mengeras. Tanamkan dalam diri mereka bahwa setiap pasien adalah pelajaran, setiap jaga adalah tempaan, setiap pengalaman adalah bekal untuk menjadi dokter yang terampil dan penuh empati. Jadikan langkah mereka bernilai ibadah, lelah mereka bernilai pahala, dan masa koas mereka menjadi jalan lahirnya dokter-dokter yang cerdas, tangguh, dan penuh kasih. Aamin.",2026-09-06T14:44:01.288068,health,2026-09-07T12:32:58.076497
giapratamamd,7621023260838350100,https://www.tiktok.com/@giapratamamd/video/7621023260838350100,False,8169,197,723,406,"Ini adalah sendi pergelangan kaki manusia. Pergelangan kaki mengingatkan kita bahwa hidup butuh keseimbangan. Kadang kita harus jinjit untuk meraih impian, kadang harus berlari menuju tujuan, tapi kadang harus melangkah perlahan agar tidak tersandung harapan. Tiga tulang utama di sini seperti tiga pilar: keberanian, keteguhan, dan kebijaksanaan. dijaga oleh ligamen kepercayaan, agar kita tetap kokoh berdiri saat menghadapi kerasnya dunia. Ingatlah bahwa tidak ada borgol di pergelangan kakimu,tidak ada yang menahanmu, jadi teruslah melangkah teman-teman. ------------------ PR : Sebutkan satu saja nama Ligamen di pergelangan kaki?",2026-09-06T14:52:48.477099,health,2026-09-07T13:01:26.234265
aliphildan,7617466753878166792,https://www.tiktok.com/@aliphildan/video/7617466753878166792,False,4236,67,307,127,"sekian tips dari saya cc @Ikhsanqthii, MD @Ayman Alatas",2026-09-02T14:45:24.449933,not_health,2026-09-07T13:13:03.805477
aliphildan,7634051548259077396,https://www.tiktok.com/@aliphildan/video/7634051548259077396,False,2822,47,137,112,siapa mau bantu tante lalip ngelahirin inii eeh???✨,2026-09-02T12:34:58.098434,not_health,2026-09-07T12:58:12.783314
aliphildan,7599543540674284808,https://www.tiktok.com/@aliphildan/video/7599543540674284808,False,44.3K,612,1733,977,"dikasih penjelasan panjang bingung, dikasih intinya aja malah nyerang 🤡 ✨ mohon izin defib dok🙏🏻",2026-09-03T09:30:40.958876,health,2026-09-07T13:09:07.122365
aliphildan,7644781672860323090,https://www.tiktok.com/@aliphildan/video/7644781672860323090,False,82.7K,565,2848,2170,Gue bener2 ga ngerti kenapa filter tiktok sebenci itu ama gueeeeeekk #jff #fakesituation⚠️,2026-09-02T12:01:40.505193,not_health,2026-09-07T13:01:53.308047
aliphildan,7604013149087354119,https://www.tiktok.com/@aliphildan/video/7604013149087354119,False,46.5K,86,1217,526,"makin banyak aja kerjaan gue☺️ makasiih yaa @Arrofi ramadhan @annsekar sudah mempercayakan ke doklip, insyaAllah dia sehat sampe 100 tahun kedepan☺️🙏🏻✨ next patung nikahan 150 m yaa",2026-09-03T09:19:46.090534,health,2026-09-07T12:47:09.626154
aliphildan,7625524264485113096,https://www.tiktok.com/@aliphildan/video/7625524264485113096,False,9555,58,69,118,sumpa jangan salahin gue san😐☝🏻,2026-09-02T14:22:15.638156,not_health,2026-09-07T12:49:51.866824
aliphildan,7639678457814764808,https://www.tiktok.com/@aliphildan/video/7639678457814764808,False,14K,599,1026,117,siap mengaum @Acid 🔮,2026-09-02T12:19:29.269976,not_health,2026-09-07T13:14:38.274768
aliphildan,7590731716629744903,https://www.tiktok.com/@aliphildan/video/7590731716629744903,False,7892,123,135,272,"Secara ilmiah, air wudhu tidak mengandung zat aktif untuk mengatasi jerawat, flek, penuaan, atau masalah kulit lainnya. Air wudhu bukan terapi medis dan tidak bisa menggantikan skincare seperti facial wash, pelembap, atau sunscreen.Fungsi medis air wudhu adalah membersihkan wajah secara rutin, membantu menghilangkan debu, keringat, dan minyak, sehingga kulit terasa lebih segar dan bersih.Dalam Islam, wudhu adalah ibadah untuk menyucikan diri, bukan pengobatan. Namun ketenangan batin dari ibadah bisa mengurangi stres, dan stres memang berpengaruh pada kesehatan kulit.",2026-09-03T09:48:04.745589,health,2026-09-07T13:10:06.542176
aliphildan,7648588842672475410,https://www.tiktok.com/@aliphildan/video/7648588842672475410,False,3088,59,194,125,"Pernah lagi nyaman2 mau tidur, eh tiba2 kerasa kayak kepleset atau jatuh dari ketinggian, terus badan nyentak dan langsung melek lagi? Fenomena ini namanya hypnic jerk atau sentakan hipnik, dan ini hal yang super normal dialami banyak orang. Jadi pas kita transisi dari kondisi sadar ke tidur, otot-otot mulai rileks total. Nah, ada teori yang bilang otak kita kadang “salah baca” sinyal otot yang mengendur ini sebagai tanda kita lagi jatuh, jadi refleks dia ngirim sinyal buat “nangkep” badan kita, makanya kerasa nyentak plus sensasi jatuh tadi. Pemicunya biasanya kecapekan banget, kurang tidur, stres atau cemas, kebanyakan kafein, atau olahraga berat mepet jam tidur. Solusinya gampang: coba kurangi kopi terutama sore-malam, atur jam tidur biar lebih teratur, kelola stres sebelum rebahan, dan hindari olahraga intens menjelang tidur. Selama nggak sampai ganggu kualitas tidur kamu tiap malam, ini nggak berbahaya sama sekali. Tapi kalau sentakannya sering banget sampai bikin susah tidur, baru deh konsultasi ke dokter ya 🩺✨",2026-09-02T11:33:36.392497,health,2026-09-07T12:54:35.081975
aliphildan,7641555795603295508,https://www.tiktok.com/@aliphildan/video/7641555795603295508,False,1851,48,66,33,Saran model rambut yang bagus dong gais👇🏻,2026-09-02T12:15:53.241703,not_health,2026-09-07T12:30:02.143887
aliphildan,7633267833064967442,https://www.tiktok.com/@aliphildan/video/7633267833064967442,False,4700,65,92,80,Inilah jalan ninjaku✨💪🏻,2026-09-02T14:03:52.209770,not_health,2026-09-07T12:32:03.662067
aliphildan,7674172237871582484,https://www.tiktok.com/@aliphildan/video/7674172237871582484,False,19300,767,4196,557,"#stitch with @sumbarterkini_id Jujurly aku cukup tertarik dengan wacana ambulans udara dan flying doctor yang disampaikan kemarin. Secara medis, konsep ini memang punya potensi besar, terutama untuk daerah yang akses menuju fasilitas kesehatan rujukannya masih membutuhkan waktu berjam-jam. Pada kondisi seperti perdarahan, stroke, trauma berat, sepsis, atau kegawatan ibu dan bayi, waktu bisa sangat menentukan keselamatan pasien. Tapi menurutku, yang paling penting bukan sekadar punya helikopter atau pesawatnya. Yang jauh lebih penting adalah bagaimana sistemnya dibangun: triase, tim medis yang kompeten, stabilisasi pasien, sistem rujukan, rumah sakit penerima, sampai koordinasi 24 jam. Jadi semoga ini bukan hanya soal “dokter terbang”, tapi bagian dari sistem rujukan yang benar-benar terintegrasi. Apresiasi untuk idenya, sambil tetap berharap implementasinya nanti benar-benar berbasis kebutuhan di lapangan dan evidence-based.✨🙏🏻 #jff #fakesituation⚠️",2026-09-06T09:53:22.530725,not_health,2026-09-07T12:59:42.045865
aliphildan,7604312609759726866,https://www.tiktok.com/@aliphildan/video/7604312609759726866,False,4382,39,146,78,happy for u both 💍🌻 @Arrofi ramadhan @annsekar,2026-09-03T09:19:00.569322,not_health,2026-09-07T12:40:24.733951
aliphildan,7599588789459242247,https://www.tiktok.com/@aliphildan/video/7599588789459242247,False,10.1K,331,330,207,perdana bgt jadi bidan kucing✨👍🏻 @Doklip normal & Sume’eh,2026-09-03T09:29:50.262102,not_health,2026-09-07T12:54:55.157835
aliphildan,7650005654043757832,https://www.tiktok.com/@aliphildan/video/7650005654043757832,False,15.4K,363,691,236,#jff #fakesituation⚠️,2026-09-02T11:31:07.401120,not_health,2026-09-07T12:54:30.032758
aliphildan,7594746154454142215,https://www.tiktok.com/@aliphildan/video/7594746154454142215,False,4648,78,137,131,"pantesan gaji kecil, ternyata pahalanya besar🥹🤲🏻 terima kasih kadam atas penjelasannya @Kadam Sidik ✨🫶🏻",2026-09-03T09:39:52.577063,not_health,2026-09-07T13:06:19.954451
aliphildan,7675730369848560917,https://www.tiktok.com/@aliphildan/video/7675730369848560917,False,4131,203,186,55,Satu2nya lomba yg bisa aku ikutin✨😛 #fakesituation⚠,2026-09-02T10:22:16.885236,not_health,2026-09-07T12:30:04.281430
aliphildan,7610897855192059143,https://www.tiktok.com/@aliphildan/video/7610897855192059143,False,69.6K,1031,1194,930,"siapa sangka… @Ikhsanqthii, MD",2026-09-02T15:09:40.247251,not_health,2026-09-07T12:30:10.216442
dokternadiyah,7607824969854110996,https://www.tiktok.com/@dokternadiyah/video/7607824969854110996,False,228,22,25,33,Cek! Ini dia tanda bahaya masa nifas! #edukasikesehatan #dokterkandungan #nifas #obgyn,2026-09-04T02:27:53.963916,health,2026-09-07T13:03:59.820360
dokternadiyah,7602982143794416916,https://www.tiktok.com/@dokternadiyah/video/7602982143794416916,False,189,15,17,28,Fungsi kolagen itu banyakDan penurunan produksinya ga nunggu tuaa 😰#edukasikesehatan #kolagen #tipssehat #bumilcantik,2026-09-04T02:58:04.538723,health,2026-09-07T12:33:08.517627
dokternadiyah,7645331217235397908,https://www.tiktok.com/@dokternadiyah/video/7645331217235397908,False,394,4,147,63,"Hubungan suami istri saat haid masih sering jadi pertanyaan 🤔Sebenarnya, hal ini bukan cuma soal nyaman atau tidak, tapi juga perlu memperhatikan kebersihan dan kesehatan reproduksi.Saat menstruasi, area kewanitaan lebih sensitif sehingga risiko iritasi atau infeksi bisa meningkat jika tidak menjaga kebersihan dengan baik. Selain itu, sebagian orang juga bisa merasa lebih nyeri atau tidak nyaman selama haid.Kalau tetap memilih melakukannya, pastikan:✨ Menjaga kebersihan sebelum & sesudah✨ Mengutamakan kenyamanan kedua pihak✨ Menggunakan perlindungan bila diperlukan✨ Stop jika muncul nyeri atau keluhanYang paling penting: komunikasi dan saling menghargai kenyamanan pasangan 💙#edukasikesehatan #kesehatanreproduksi #menstruasi #creatorsearchinsights",2026-09-04T02:01:59.007126,health,2026-09-07T13:14:08.522686
dokternadiyah,7651253213965913365,https://www.tiktok.com/@dokternadiyah/video/7651253213965913365,False,12.8K,123,1336,9753,"Replying to @erta Ingin area miss V dan lipatan tampak lebih cerah? Yuk! Kenali dulu penyebabnya!Warna kulit yang lebih gelap di area selangkangan, ketiak, atau lipatan tubuh sebenarnya normal. Kondisi ini bisa dipengaruhi oleh gesekan, perubahan hormon, kehamilan, berat badan berlebih, hingga penggunaan produk yang kurang sesuai.Tips membantu mencerahkan area lipatan:✔️ Jaga kebersihan dan kelembapan kulit✔️ Gunakan pakaian yang nyaman dan tidak terlalu ketat✔️ Hindari menggaruk atau menggosok terlalu keras✔️ Pilih skincare khusus area sensitif yang aman dan terujiPerawatan yang tepat dan konsisten dapat membantu merawat kulit agar tampak lebih cerah, halus, dan sehat. 💖Sudah mulai rutin merawat area lipatan dan miss V belum?#perawatankewanitaan #missvcare #areasensitif #creatorsearchinsights",2026-09-04T02:04:25.547752,health,2026-09-07T13:14:20.802871
dokternadiyah,7634564803020754196,https://www.tiktok.com/@dokternadiyah/video/7634564803020754196,False,282,6,27,36,"Kenapa sih banyak perempuan suka minuman manis kekinian? 🤔Karena rasa manis itu bisa ningkatin mood, bikin happy, dan jadi “reward” kecil di tengah aktivitas. Apalagi tampilannya lucu dan estetik auto pengen coba! 😋Tapi sayangnya, minuman manis berlebihan nggak baik buat tubuh mulai dari lonjakan gula, gampang lelah, sampai efek ke kulit dan berat badan.Kabar baiknya, sekarang ada pilihan minuman manis yang lebih sehat tanpa gula tambahan ✨Tetap enak, tetap manis, tapi lebih aman untuk tubuh ✨Jadi, tetap bisa menikmati yang manis tanpa harus khawatir berlebihan 🤍#EdukasiSehat #LessSugar #PerempuanSehat #MinumanSehat #creatorsearchinsights",2026-09-04T02:12:48.746015,health,2026-09-07T12:57:47.538304
dokternadiyah,7642710121990245653,https://www.tiktok.com/@dokternadiyah/video/7642710121990245653,False,597,10,73,86,"Sering merasa pusing dan gampang lelah saat hamil? Waspada, bisa jadi itu tanda an3mia! 🩸🤰Anemia pada ibu hamil terjadi ketika tubuh kekurangan sel darah merah atau hemoglobin untuk membawa oksigen ke seluruh tubuh dan janin. Jika diabaikan, kondisi ini bisa berdampak pada tumbuh kembang si Kecil dan meningkatkan risiko persalinan prematur.Yuk, cegah anemia bumil dengan cara berikut:💊 Rutin minum tablet tambah darah (TTD) sesuai anjuran dokter.🥩 Konsumsi makanan kaya zat besi, seperti daging merah, ikan, dan sayuran hijau.🍊 Perbanyak asupan vitamin C untuk membantu penyerapan zat besi.Jangan lupa selalu jadwalkan pemeriksaan rutin kehamilan juga ya!",2026-09-04T02:11:12.625172,health,2026-09-07T12:45:41.148692
wishdrboyke,7611379342324567303,https://www.tiktok.com/@wishdrboyke/video/7611379342324567303,False,323,4,28,25,"Habis buka puasa langsung ""gas pol"" atau nunggu nanti? 🌙 Jangan sampai salah pilih waktu ya. Sahabat Dr. Boyke. Ternyata ada jam-jam tertentu yang lebih ideal biar kondisi tubuh tetap prima dan nggak malah bikin lemas saat harus bangun sahur. Simak rahasia sehatnya dari dr. Boyke di sesi ""Ramadan Bersama Dr. Boyke!.👨‍⚕️✨ #rayapenuhrasa #puasaramadhan #tipspuasa #drboyke #ramadankembalikuat",2026-09-07T03:00:37.831603,health,2026-09-07T12:43:05.690682
wishdrboyke,7636233062719720722,https://www.tiktok.com/@wishdrboyke/video/7636233062719720722,False,114,1,3,8,Nikmatnya kursi pijat 🤤 Janglah engkau lupa untuk relaksasi ya sahabat... kalau tubuh mulai terasa mudah linu pada persendian.. yg perlu kamu ingat ialah WishMove. Order WishMove sekarang juga dan rasakan nikmatnya tubuh ringan tanpa rasa linu dan kaku #creatorsearchinsights #drboyke #MasaTuaSehat #relaksasi #bebaskanlangkahberani,2026-09-07T02:41:37.075976,health,2026-09-07T13:04:37.770098
wishdrboyke,7628570249188625671,https://www.tiktok.com/@wishdrboyke/video/7628570249188625671,False,1456,14,111,268,Bahaya! Jangan biarkan area kewanitaan gatal & bau merusak momen percayamu di luar rumah! 🛑😱 ​Banyak wanita tidak siap saat masalah area wanita mu muncul mendadak. dr. Boyke memberikan solusi spesial dengan Wish Intimate Spray 60ml yang wajib jadi penghuni tetap tasmu! ​Kenapa harus SEKARANG dan selalu dibawa? ✅ Perlindungan Instan: Atasi bakteri penyebab bau & gatal setelah dari toilet umum. ✅ pH Seimbang: Menjaga keasaman alami area wanita meski jadwal sedang padat. ✅ Ukuran Tas-Friendly: Desain 60ml yang praktis dibawa kemana saja tanpa ribet. 👜✨ ​Jangan tunggu sampai masalah datang baru mencari solusi. Pastikan kesegaranmu tetap terjaga setiap saat!🩺🌿 ​🔥 STOK TERBATAS! AMANKAN MILIKMU SEBELUM KEHABISAN! 🔥 #SolusiKesehatan #drboyke #TipsKesehatan #selaluadaditasmu,2026-09-07T02:46:16.093577,health,2026-09-07T12:35:27.787567
wishdrboyke,7616246841360911634,https://www.tiktok.com/@wishdrboyke/video/7616246841360911634,False,3585,44,339,1055,"Cuma butuh 3 detik untuk proteksi area kewanitaan seharian! ​Gak perlu ribet, cukup semprot Wish Intimate Spray Manjakani 60ml dari dr. Boyke. ​Solusi praktis jaga kebersihan, cegah bau, dan tetap segar meski jadwal sedang padat-padatnya. ​Wajib banget #SelaluAdaDiTasMu untuk perlindungan instan kapan pun dan di mana pun. ​Klik keranjang kuning sekarang! Stok makin menipis, amankan milikmu sebelum kehabisan. ​#drboyke #IntimateSpray #KesehatanWanita #SelaluAdaDiTasMu",2026-09-07T02:56:20.024126,health,2026-09-07T13:14:10.439944
drgfira,7638603443288001800,https://www.tiktok.com/@drgfira/video/7638603443288001800,False,272,22,29,15,"Kalau kamu lagi di titik itu sekarang — titik dimana kamu hampir nyerah sama impian kamu sendiri, mungkin kamu butuh kata-kata ini : sabar. Allah tahu. #dentist #dentistlife",2026-09-05T16:36:39.192408,not_health,2026-09-07T12:37:13.258050
drgfira,7636382160429059346,https://www.tiktok.com/@drgfira/video/7636382160429059346,False,86,4,2,3,Support system terbaik seumur hidupku🥹 #dentist #dentistlife,2026-09-05T16:38:49.871373,not_health,2026-09-07T12:43:42.059082
drgfira,7623828020091948296,https://www.tiktok.com/@drgfira/video/7623828020091948296,False,93,22,3,25,"Namanya white spot ya, dan menandakan di bagian tersebut sangat rapuh 🥹 jadi butuh perawatan dan perlindungan khusus.. #drgfira #dentist #dentistlife #doktergigimalang #dentalwellness",2026-09-05T16:40:59.330604,health,2026-09-07T13:13:31.239080
jamilatussadiyah,7591889766669503764,https://www.tiktok.com/@jamilatussadiyah/video/7591889766669503764,False,189,2,25,36,Gelombang cinta adalah Cinta dan syukur yang paling dalam dari allah untuk bantu janin melihat dunia❤️,2026-09-06T22:01:16.895817,health,2026-09-07T12:45:48.391615
dionharyadi,7602759618917322004,https://www.tiktok.com/@dionharyadi/video/7602759618917322004,False,4186,115,191,360,"Sama juga dengan asap polusi sebenarnya, solusinya apa?Untuk sementara: menghindari sebisa mungkin dan masker. Lalu perkuat tubuhnya dengan gizi yang tepat serta latihan fisik rutin.Kalau buat yang merokok? Cara tercepat menyehatkan paru-parunya adalah dengan BERHENTI.Saya izin stitch ya @wulan_bahtiar",2026-09-03T15:04:51.600466,health,2026-09-07T12:48:25.064947
dionharyadi,7652166515881446677,https://www.tiktok.com/@dionharyadi/video/7652166515881446677,False,354,1,8,22,Bukan mau sombong tapi negara saya udah berdiri 80 tahun 🙏,2026-09-03T14:41:06.439091,not_health,2026-09-07T13:11:21.284349
dionharyadi,7615906662590795028,https://www.tiktok.com/@dionharyadi/video/7615906662590795028,False,17.3K,837,1251,669,"1 lele, 2 tempe, 2 tahu, 3 hari?Dari kemaren heboh lele mentah untuk MBG. Saya ngerti maksudnya untuk dimasak di rumah, oke. Tapi kan proses distribusinya harus dipikirkan juga dong 🥲",2026-09-03T14:57:31.879512,health,2026-09-07T12:59:48.921829
dokter.reni.anak,7605560395117448469,https://www.tiktok.com/@dokter.reni.anak/video/7605560395117448469,False,3,0,1,0,"🦟DBD itu nyata, tiap tahun kasusnya tidak pernah “0” alias selalu ada.❗️Tapi tidak semua orang mampu untuk vaksin DBD krn faktor ekonomi.Tp yg mampu secara ekonomipun, belum sepenuhnya memiliki pemahaman dan kesadaran akan pentingnya vaksin DBD utk mencegah penyakit yg satu ini (penyakit yang bahkan bisa merenggut nyawa org2 terkasih🥹😭)Yuks lindungi keluarga kita dari virus DBD dgn gerakan 3M plus dan vaksinasi 🦟#dbd #cegahdengue #vaksindbd @cegahdbd.id @praktekdokter.renifahriani #dokteranakbandung",2026-09-03T17:55:10.836318,health,2026-09-07T12:46:39.751375
dr.deamaulidia,7613973890154433800,https://www.tiktok.com/@dr.deamaulidia/video/7613973890154433800,False,10,2,1,1,"Botol terlihat bersih tapi masih keruh atau bau? Itu bukan sekadar noda.” Residu lemak & protein dari ASI/sufor bisa menempel dan jadi tempat bakteri. Ingat: ✔️ Cuci segera ✔️ Pakai sikat lembut ✔️ Pilih pembersih food grade & cek ingredients Kalau tetap keruh, sebaiknya ganti. Safety bayi dimulai dari botolnya 🤍",2026-09-05T14:45:38.776670,health,2026-09-07T13:12:50.327125
