id,unique_id,nickname,signature,verified,num_following,num_followers,num_videos,num_likes,createtime,scraping_status
7314382345419129862,.edukasikesehatan,MADU.ASLI,"",false,1,22700,1722,216500,2023-12-19T18:59:09.000000+0000,Public
"",01almarhum,"","",false,0,0,0,0,"",Gagal ditarik / Kemungkinan Private Ketat
"",11atcharawadee,"","",false,0,0,0,0,"",Gagal ditarik / Kemungkinan Private Ketat
6886298783240848385,121gia,Dr gia,"",false,6087,5897,913,14600,2020-10-22T04:36:18.000000+0000,Public
"",12345dokter,"","",false,0,0,0,0,"",Gagal ditarik / Kemungkinan Private Ketat
"",176615194,"","",false,0,0,0,0,"",Gagal ditarik / Kemungkinan Private Ketat
"",2929wiajajajakakakhhhh,"","",false,0,0,0,0,"",Gagal ditarik / Kemungkinan Private Ketat
"",53pt14n7,"","",false,0,0,0,0,"",Gagal ditarik / Kemungkinan Private Ketat
7478015626134537223,_officialdokterkamilia_,oficial akun  dokter kamelia,"",false,2453,967,1,12,2025-03-04T17:59:51.000000+0000,Public
"",aayush.shrestha36,"","",false,0,0,0,0,"",Gagal ditarik / Kemungkinan Private Ketat
6771721726502929414,abdullah_yw,عبدالله العلاوي,أعيش ببطء 🧠 | للأعمال: 0506788878 | رابط البايو 👇🏻,true,193,3100000,1735,49900000,2019-12-18T10:18:48.000000+0000,Public
7384170585926484993,abghayperr,berkah kulit🤟,di pandang sebelah mata🥰,false,2121,1094,5,20,2024-06-24T20:33:10.000000+0000,Public
7274645544453981190,aboveboardskincare,ABOVEBOARD SKINCARE,BPOM & HALAL CERTIFIED. Honest skincare without overclaim & fear-mongering.,false,1,263000,35,662500,2023-09-03T17:00:04.000000+0000,Public
6875306216190510081,aceudokterhewan,aceu dokter hewan,dokter hewan,false,1995,526,86,16900,2020-09-22T13:39:31.000000+0000,Public
7098948585736029186,adadoktergigi,Klinik Gigi Ada Dokter Gigi,IG : @adadoktergigi @gracety.shabrina Edukasi&layanan perawatan gigi Ditangani oleh dokter gigi berizin 📍Kota Bandung 📲 RSVP WA resmi di bawah,false,232,25800,782,534700,2022-05-18T05:46:08.000000+0000,Public
6731991651071575042,adadokterhewan,Wingke Pets Corner,Vet,false,459,648,65,850,2019-09-02T08:45:49.000000+0000,Public
"",ade_rai,"","",false,0,0,0,0,"",Gagal ditarik / Kemungkinan Private Ketat
6784718409063515138,adengrhni,adeee,"if anything, DM ✨",false,135,13100,878,184300,2020-01-22T10:52:34.000000+0000,Public
6839023630983414786,adityaspratamaa,dr. Aditya,"",true,989,1200000,1129,28100000,2020-06-16T19:04:33.000000+0000,Public
"",adrianrustam,"","",false,0,0,0,0,"",Gagal ditarik / Kemungkinan Private Ketat
"",afrin.azad6,"","",false,0,0,0,0,"",Gagal ditarik / Kemungkinan Private Ketat
7000241944392664091,agenprodukkesehatan97,Agen Produk Kesehatan,Order Dr Laser Good After Sales Servis 081325951892,false,512,1374,206,2898,2021-08-25T05:53:57.000000+0000,Public
"",ahhhoke,"","",false,0,0,0,0,"",Gagal ditarik / Kemungkinan Private Ketat
"",ahlipewangikorea,"","",false,0,0,0,0,"",Gagal ditarik / Kemungkinan Private Ketat
"",airlangga_ezka,"","",false,0,0,0,0,"",Gagal ditarik / Kemungkinan Private Ketat
7027357767757808642,aisyahbeautyclinic,aisyahbeautyclinic,"KONSULTASI (09.00-17.00) Treatment for Women Only Jl. Sudirman, Dumai. Riau",false,23,368,241,983,2021-11-06T07:37:12.000000+0000,Public
7233291190609839130,akademikesehatanmental,Akademi Kesehatan Mental,Mental Health Research & Education. 📲Apply Private Counseling & Collab : +6285 786 289 466,false,2,7023,266,273600,2023-05-15T06:24:03.000000+0000,Public
7444851091102008375,akbar.miniatur5,cees kita,"",false,9516,2888,9,531,2024-12-05T09:04:31.000000+0000,Public
6878991731645334530,akbarwijayaa,AWPP,"",false,65,316,22,17600,2020-10-02T12:01:12.000000+0000,Public
"",aku.selalu.salah29,"","",false,0,0,0,0,"",Gagal ditarik / Kemungkinan Private Ketat
7382618165232256005,akugatengkaya,?:(,"",false,144,44,62,106,2024-06-20T16:08:59.000000+0000,Public
7090809258752787482,akunkeduadokterhewanreal,DOKTER HEWAN 99,toko obat resmi original  klik di di showcase atau keranjang kuning profil,false,547,1294,98,4891,2022-04-26T07:21:23.000000+0000,Public
6756707119401550849,akupintar.id,Aku Pintar,Bantu Temukan Potensi Terbaik Siswa dengan AkuPintar+  Lebih Terarah dan Siap Dampingi Kapanpun 🎓 👇🏻 Daftar dan Coba Semua Fiturnya! 👇🏻,false,6,232700,1664,6400000,2019-11-07T23:14:27.000000+0000,Public
"",al_legend_19,"","",false,0,0,0,0,"",Gagal ditarik / Kemungkinan Private Ketat
6777695718057821186,alatkesehatanku,AlatKesehatanku,SOLUSI LENGKAP UNTUK RUMAH & KLINIK 🩺 TERSEDIA : SARUNG TANGAN • MASKER MEDIS,false,69,3835,336,22100,2020-01-03T12:40:56.000000+0000,Public
"",albina1463,"","",false,0,0,0,0,"",Gagal ditarik / Kemungkinan Private Ketat
7028533024137495553,aldytaher69,𝐕𝐎𝐆𝐀𝐑,"",false,2160,759,67,735,2021-11-09T11:37:47.000000+0000,Public
"",alexander839kf,"","",false,0,0,0,0,"",Gagal ditarik / Kemungkinan Private Ketat
6943726546226873346,aliegafahmiwrkdr,Doktergigidesa,"",false,100,6071,11,1400000,2021-03-25T22:45:21.000000+0000,Public
7400022119075677189,alifperatama84,𝕋𝕦𝕒𝕟 𝕞𝕦𝕕𝕒,"📌, untuk menghibur orang ☺️🤗 ⬇️ ⬇️ ☑️Terimakasih banyak orang² baik sudah mendukung saya sejauh ini ☺️☺️",false,25,31000,531,452000,2024-08-06T13:45:13.000000+0000,Public
6645562619456438273,aliphildan,Doklip✨ | Alip Hildan,📍JKT Doklip dari universe lain🤸🏻‍♂️🪐 kadang dokter kadang pasien,false,250,408100,1066,35700000,2019-01-12T10:57:02.000000+0000,Public
6787626300091991042,alodokter.id,Alodokter,"Chat Bersama Dokter, Respons Cepat Jawaban Akurat. Download Alodokter Sekarang!",true,1,486700,676,2200000,2020-01-30T06:56:40.000000+0000,Public
"",alvinhartantofit,"","",false,0,0,0,0,"",Gagal ditarik / Kemungkinan Private Ketat
6763121762642854914,alyaawinata,dr. alya winata✨,Medical Doctor🩺 click link for business inq📮,false,555,10000,326,952400,2019-11-25T06:06:33.000000+0000,Public
6809575424701629446,amatistadentalgroup,Amatista Dental Group,Smile Design| Full reconstruction 10+cities • 3 countries 🇲🇽🇩🇴🇨🇴 In-house lab • 30k+ patients ⬇️FREE ONLINE CONSULTATION📲,false,6021,193100,1303,397000,2020-03-29T10:30:29.000000+0000,Public
54818206489546752,amberdokter,Amber Dokter,👩‍⚕️ Dokter is mijn achternaam 👀 Onder toezicht CvdM 📧 amber@zeth.nl,false,133,805100,807,43800000,1970-05-28T17:22:38.000000+0000,Public
7617151591581713426,amhstorekesehatanmu,𝗞𝗲𝘀𝗲𝗵𝗮𝘁𝗮𝗻𝗠𝘂,"Produk herbal berkualitas untuk kesehatanMu. ✔️ BPOM & Halal ✔️ Efektif & Cepat ✔️ Promo & gratis ongkir Stok terbatas, buruan checkout!👇 🛒",false,133,1127,351,8321,2026-03-14T16:38:27.000000+0000,Public
7491583970334082055,ammar.fawwas8,🗿dokter sawit dan protokol🗿,"i love you Poppy playtime,btw maaf jarang upload karena gak tau mau ngonten apa dan lebih suka ke akun lain ☺️",false,358,562,22,4050,2025-04-10T07:31:57.000000+0000,Public
7345015823083504646,amuridentalclinic,amuridentalclinic,Operasional Hari Senin-Sabtu (Minggu Tutup) 🕐10.00-20.00 WITA 📍Kota MAKASSAR & Kab.GOWA  📍Sulawesi Selatan  ✅KONSULTASI GRATIS (Klik Link WA)👇🏻,false,18,14000,638,610700,2024-03-11T08:12:41.000000+0000,Public
7410306126975255558,anak.darana.herma,_Bismillah🤲🏽,"",false,578,146,61,783,2024-09-03T06:52:25.000000+0000,Public
7149484833563493377,anak.kesehatan,anak kesehatan,*menerima mahasiswa/ i baru  LANGSUNG DM DI IG 🙏 IG @anak.kesehatan,false,191,49800,1427,382900,2022-10-01T10:12:35.000000+0000,Public
6871800569410421762,anakdokteroetama,《RX.24》,"""i fear no evil. "" pslm 23 :4",false,874,125,12,139,2020-09-13T02:55:49.000000+0000,Public
7022294288265266178,anakleweng595,DOKTER,"",false,13,458,49,3561,2021-10-23T16:08:19.000000+0000,Public
6777380478723851270,anaklo25,خلودي25 | KLOoODE25,N💍  Youtuber +4M | K25@powr.sa +966 58 232 7503,true,226,701500,97,3300000,2020-01-02T16:17:39.000000+0000,Public
7146918600397407233,anaknyadokter2010,anaknyadokter,Calon anak UI @FKUI  My IG is here https://www.instagram.com/anaknyadokter?igsh=cnQxczJidTduNnF0,false,949,280,31,55400,2022-09-24T12:14:17.000000+0000,Public
"",anakohler,"","",false,0,0,0,0,"",Gagal ditarik / Kemungkinan Private Ketat
6971053956186293250,anakpertamadanterakhir29,wonderwoman,ig:i.am.taniiiiaaaaaa,false,213,1905,25,8510,2021-06-07T14:09:39.000000+0000,Public
6819502026071852034,analisa.widyaningrum,Analisa | Psychologist,Psychologist CEO @apdcindonesia  Instagram : @analisa.widyaningrum,false,1,395400,253,3100000,2020-04-25T04:30:46.000000+0000,Public
6778138869445690369,ananzaprili,"Ananza, Psikolog",Bantu km jadi versi terbaik diri sendiri✨ Self-Dev | Psychology | Lifestyle,true,633,804900,223,34400000,2020-01-04T17:20:35.000000+0000,Public
6783947811740271617,andreadianbimo,AndreaDianBimo,"Fitness & Lifestyle | NASM Coach Move stronger, feel better 🫶",true,72,809900,432,14400000,2020-01-20T09:02:15.000000+0000,Public
"",andrepratama_id,"","",false,0,0,0,0,"",Gagal ditarik / Kemungkinan Private Ketat
7616450870100493320,andrianasusanti1,Anti-Dokter Anak,Dokter Anak di Kabupaten Takalar Klinik Qayyun Takalar  RS Maryam Citra Medika Takalar  RSUD HPDN Takalar  Dokter anak and Mom.....,false,64,738,25,1615,2026-03-12T19:19:18.000000+0000,Public
7167173571977724934,anekakoyosehat,edukasikesehatan,"",false,1,33,16,176,2022-11-18T02:13:55.000000+0000,Public
6782175634431198210,angeliacd,dr.angelia,Q and A di IG aja :  dr.angeliacd,false,27,390700,374,7100000,2020-01-15T14:25:18.000000+0000,Public
7547523556038247425,anggoro4793,Anggoro Dokter Hewan PPL,"",false,1080,1020,1,15,2025-09-08T01:26:07.000000+0000,Public
6623723191616815106,angrekbaru,dokter,"",false,17,37,25,37,2018-11-14T14:28:54.000000+0000,Public
6932784014043874306,antonagustian99,dokter hewan✓,"",false,55,778,1,31,2021-02-24T11:02:44.000000+0000,Public
6971807907365028869,aprokodoctor,Aproko Doctor,The doctor that speaks your language,true,668,2600000,1439,74500000,2021-06-09T14:55:22.000000+0000,Public
"",apt.,"","",false,0,0,0,0,"",Gagal ditarik / Kemungkinan Private Ketat
7208234869032797211,apt.dinda,dinduy,"hi! masuk sini? harus positive vibes, oghe!",false,1,7,1,8,2023-03-08T17:52:44.000000+0000,Public
6962322831908668422,apt.wildan,apt.Wildan Hilmi,-Registered Apothecary -Lyricist,false,87,1198,25,1510,2021-05-15T01:28:26.000000+0000,Public
"",apt_rahmad,"","",false,0,0,0,0,"",Gagal ditarik / Kemungkinan Private Ketat
6619555618519924738,arahvirtucio,Doc Arah,🩺Veterinarian🐾 🏥FIVE PAWS VETERINARY CLINIC👩🏻‍⚕️ ✨vetmed | pet health | lifestyle✨,true,565,424800,936,7400000,2018-11-03T08:56:35.000000+0000,Public
"",ardhimohamad,"","",false,0,0,0,0,"",Gagal ditarik / Kemungkinan Private Ketat
"",arimbinovitasari29,"","",false,0,0,0,0,"",Gagal ditarik / Kemungkinan Private Ketat
7156166190934901762,asakesehatan.id,Asa Kesehatan,Follow untuk GRATIS KONSULTASI kesehatan !  Produk rekomendasi OFFICAL 👇👇👇,false,40,78200,1954,1200000,2022-10-19T10:19:40.000000+0000,Public
6750970232870978561,asiyahhauraz,sisi,'02  Social Media Inquiries: +62817210988 DM for collabs,false,146,176100,448,12200000,2019-10-23T12:12:24.000000+0000,Public
7028473713872241665,asma_dental,Klinik Pergigian Asma,"1425781-T 📍Kota Tinggi, Johor Braces | Whitening | Denture | Crown | Xray",false,70,11000,341,128000,2021-11-09T07:47:38.000000+0000,Public
7067008241251025947,asyifa.dental,Dokter Gigi Sampit,Dokter Gigi Sampit Jum'at-Rabu: 08.00-20.30 Kamis: 10.00-14.00 WA 089699678207 Alamat : Jl. Sukabumi No. 50-60 Sampit Kalimantan Tengah,false,43,4651,31,5403,2022-02-21T04:01:17.000000+0000,Public
"",atishiya2,"","",false,0,0,0,0,"",Gagal ditarik / Kemungkinan Private Ketat
6781458999520936961,attarischaa,"Agata IP, M.Psi., Psikolog",#belajar1hal psikologi | relationship | mental health | self-dev | Pesan buku saya ⬇️,false,198,383000,1618,12800000,2020-01-13T16:04:23.000000+0000,Public
6776992777324659714,aymanalts,Ayman Alatas,dr. Ayman Alatas Sp.MK Skin and Gut Microbiome expert,true,345,2000000,4191,183900000,2020-01-01T15:13:10.000000+0000,Public
6787593174028174337,ayosehat.kemkes,Ayo Sehat Kemenkes RI,Akun TikTok Tempatnya Informasi Kesehatan Kemenkes RI,true,155,26500,362,132900,2020-01-30T04:48:07.000000+0000,Public
7035614166808314907,azakipimpleclinic,Azaki Pimple Clinic,"Dermatologists ACNE, ACNE SCARS, MARKS Effective online consult Budget friendly",false,0,304800,912,2800000,2021-11-28T13:36:14.000000+0000,Public
"",bacotanmandor,"","",false,0,0,0,0,"",Gagal ditarik / Kemungkinan Private Ketat
7451820883314918407,badangizinasional.ri,badangizinasional.ri,Akun resmi Badan Gizi Nasional Republik Indonesia,true,2,126100,469,561900,2024-12-24T03:50:52.000000+0000,Public
6915584014389396482,baga241tiktok.com,DOKTER,"",false,1176,800,16,143,2021-01-09T02:37:57.000000+0000,Public
7287471682343306245,bang.ndraha,DOKTER,"",false,3405,812,132,1819,2023-10-08T06:32:02.000000+0000,Public
6936696308749403138,bapakdokterkulit,"dr. Rafdi Ahmed, SpDVE","Bapak-bapak dermatologist, bukan pengurus RT Dokternya santai, edukasinya bener.",false,7,11,1,24,2021-03-07T00:04:26.000000+0000,Public
6741203568637936641,barantinri,Badan Karantina Indonesia,"Official Tiktok Badan Karantina Indonesia, WA: linktr.ee/badankarantinaindonesia",true,52,7590,790,82800,2019-09-27T04:32:45.000000+0000,Public
6823840086816228358,beachgem10,Beachgem10,"Mom of 4. Peds ER doc. DrBeachgem@underscoretalent.com PO Box 57 St. Pete, FL 33731 Views are my own",true,2878,2700000,2518,95100000,2020-05-06T21:04:39.000000+0000,Public
7060389203028608001,bektimd,DokterDesa🩺👨‍🌾,New mom ngurus newborn🤰👶🏻 Senang belanja perabotan rumah ❤️‍🔥 Seorang dokter 🩺💊,false,5638,46500,3311,194600,2022-02-03T07:56:02.000000+0000,Public
"",belajar.psikologi,"","",false,0,0,0,0,"",Gagal ditarik / Kemungkinan Private Ketat
7150774844061352987,ben_edumedic,Dokter Ben,"dr. Ben 'Dokter Ben' Mengambil Aksi Untuk Pelosok Negeri (Tugsus Sangat Terpencil '25 & Iship DTPK'24) @Kementerian Kesehatan RI Bercerita, berbagi, bertindak",false,355,6918,643,536500,2022-10-04T21:38:29.000000+0000,Public
7490394707937149957,betoelbotiquin,Beto EL Botiquín 👨🏻‍⚕️,👨🏻‍⚕️ Enfermero Especialista 🎙️ Podcast: @betoelenfermero ❤️ Principal: @Beto eL Enfermero 👨🏻‍⚕️ @Beto El Enfermo1 👨🏻‍⚕️   👇 Episodio más reciente,false,259,43900,1289,604800,2025-04-07T02:37:01.000000+0000,Public
7264590986189177862,bgsadikin,Budi Gunadi Sadikin,Menteri Kesehatan Republik Indonesia,true,0,317900,458,5300000,2023-08-07T14:43:15.000000+0000,Public
7436331743753225262,bhfjrdqa5sj,Dokter Kulit Indonesia,"",false,0,6017,204,29600,2024-11-12T10:05:06.000000+0000,Public
"",bi9bos,"","",false,0,0,0,0,"",Gagal ditarik / Kemungkinan Private Ketat
6588963822694334466,bicara.kesehatan,BicaraKesehatan,"",false,26,57300,203,473900,2018-08-12T22:24:47.000000+0000,Public
7014093221744477186,bicaraasikecil,Bicarasikecil (Dokter Anak),Solusi Tumbuh Kembang Si Kecil 👶🏻❤️ 📍SOLO Klinik @Klinik Anak Kids First,false,313,1700000,780,15100000,2021-10-01T13:43:59.000000+0000,Public
"",bicarasehat,"","",false,0,0,0,0,"",Gagal ditarik / Kemungkinan Private Ketat
6914585217311409154,binsyam_8,Dokter Hewan Pulang Kampung,drh. Bagus Syetiawan,false,69,3338,4,356,2021-01-06T10:02:06.000000+0000,Public
"",bobbyida,"","",false,0,0,0,0,"",Gagal ditarik / Kemungkinan Private Ketat
"",bosanhidup_6,"","",false,0,0,0,0,"",Gagal ditarik / Kemungkinan Private Ketat
7482081101696074760,botolku.story,Botolku_SetiapTegukAdaCerita,Botolku 'Setiap Teguk Ada Cerita' 🗣️Menerima Pesanan 📲0821.6690.4480 📍Palembang,false,5,49,1,190,2025-03-15T16:55:58.000000+0000,Public
6902232548199810049,bpjskesehatan_ri,BPJS KESEHATAN RI OFFICIAL,"""Dengan Gotong Royong, Semua Tertolong""  #BPJSKesehatan #BPJSKita",true,15,332900,1003,1200000,2020-12-04T03:07:26.000000+0000,Public
6950259953887069186,bpk.ri,Badan Pemeriksa Keuangan,Akuntabilitas untuk semua!,false,28,24100,367,79700,2021-04-12T13:18:18.000000+0000,Public
"",brand.g32,"","",false,0,0,0,0,"",Gagal ditarik / Kemungkinan Private Ketat
6891782465762345986,brighty.id,Brighty Indonesia,Your Whole Body Deserves To Glow✨ #BeBrightWithBrighty BPOM | Dermatology Tested,true,650,430300,2392,3800000,2020-11-05T23:15:47.000000+0000,Public
6740851857205789698,brin_indonesia,BRIN,Akun Resmi Badan Riset dan Inovasi Nasional Republik Indonesia,true,49,28300,1029,217800,2019-09-26T05:47:56.000000+0000,Public
"",bs.boy39,"","",false,0,0,0,0,"",Gagal ditarik / Kemungkinan Private Ketat
"",budi.dorem,"","",false,0,0,0,0,"",Gagal ditarik / Kemungkinan Private Ketat
"",buge.samadi,"","",false,0,0,0,0,"",Gagal ditarik / Kemungkinan Private Ketat
7171347784238466074,bukan.dokter.hewan,La Tondha,No bio yet,false,325,22100,124,156900,2022-11-29T08:12:00.000000+0000,Public
6577685148195930113,bukandoktercinta_,Bukandoktercinta,❤️ dokdin ❤️ trainer filler&thread  💉Health 🏥Aesthetics 👩‍⚕️Sex 🩺Anti Aging,false,222,2600000,1742,33200000,2018-07-13T12:57:46.000000+0000,Public
"",bukandoktercintaa,"","",false,0,0,0,0,"",Gagal ditarik / Kemungkinan Private Ketat
6704737033636119553,bukandoktertiktok,MedicalBruder👨‍⚕️,Health|Relationship|Sex Bantu masyarakat hidup Sehat⬇️,false,108,191700,414,2500000,2019-06-20T22:03:59.000000+0000,Public
7276663750769001477,buku.edukasi4,BUKU EDUKASI,"",false,32,115100,20000,1800000,2023-09-09T03:31:44.000000+0000,Public
"",bulansuci041,"","",false,0,0,0,0,"",Gagal ditarik / Kemungkinan Private Ketat
7262943570063426565,bunda.rahayuu,kesehatan dan kecantikan,Solusi Tubuh Sehat ✨ 👇cek disini👇,false,4,68100,2176,541700,2023-08-03T04:10:26.000000+0000,Public
6949505374865294341,bundakamaray,Bunda Kamaray,"Channel Youtube  bunda Kamaray ,Etkamarara",false,39,347800,10800,2400000,2021-04-10T12:30:09.000000+0000,Public
6921752334226785281,by.fransiscaudrey,fransiscaudrey | anak kesmas✨,Public Health • Career • Mindset 🎬 Freelance video editor & graphic designer — DM for collab IG: @by.fransiscaudrey Catatan Kesmas:,false,551,3101,145,73100,2021-01-25T17:34:11.000000+0000,Public
6601071155392643074,byancalau,dr. Byanca Lau,Dokter Manusia Yang hobi Naik Kuda🐴🥰❤️ Business inquiries: WA: 0877-8558-9252 (Kak Rare),true,2314,222200,288,2700000,2018-09-14T13:27:25.000000+0000,Public
"",bydrgfisa,"","",false,0,0,0,0,"",Gagal ditarik / Kemungkinan Private Ketat
7239242831096939526,bydrshiba.ph,Dr. Shiba & Prof. Bengal,🐶 all-around dog care for your furry friend 🐾 follow my bff: @Prof. Bengal ✨,true,116,152900,807,814100,2023-05-31T07:19:27.000000+0000,Public
7346467854303396866,bydrshiba.th,Dr Shiba TH,🍪 อาหารเสริมในรูปแบบขนม 🔬 ทดสอบในห้องปฏิบัติการที่เยอรมัน 🌱 ปลอดภัย ยั่งยืน,false,31,38300,523,218700,2024-03-15T06:07:19.000000+0000,Public
7041462753366049818,byzoeskincare,Byzoe,Byzoe Official Store 🥇No.1 Basic Skincare TikTok🥇 100% Produk Lokal Indonesia,false,173,797600,10500,10400000,2021-12-14T07:51:45.000000+0000,Public
7421116405082702854,cak.sam51,Cak Sam dokter hewan,Dokter Hewan Muhammad Samsuddin,false,4184,10700,1795,121500,2024-10-02T10:01:49.000000+0000,Public
7059699800832754689,caksam201,PAK SAM DOKTER HEWAN,konten tentang kesehatan ternak  sapi,false,1296,1248,198,8444,2022-02-01T11:20:48.000000+0000,Public
"",callista_argentina,"","",false,0,0,0,0,"",Gagal ditarik / Kemungkinan Private Ketat
"",calondoktergigi31,"","",false,0,0,0,0,"",Gagal ditarik / Kemungkinan Private Ketat
6599773433499664386,calondokterhewan,MAZ ALIF,Part Time Traveller VetStudent'22 Airlangga University,false,364,596,69,22200,2018-09-11T01:31:36.000000+0000,Public
7109450592091554817,calondokterhewantiktok,Calon Dokter,Akun Utama @Inerchild,false,11,5895,21,53200,2022-06-15T12:59:17.000000+0000,Public
7230175413561000966,calonvet,Calon dokter hewan,Calon Dokter Hewan 🩺 Edukasi seputar hewan & kesehatan veteriner.,false,35,1007,28,903600,2023-05-06T20:53:15.000000+0000,Public
"",cantikawidjaja,"","",false,0,0,0,0,"",Gagal ditarik / Kemungkinan Private Ketat
"",casild7,"","",false,0,0,0,0,"",Gagal ditarik / Kemungkinan Private Ketat
"",cebotari.vica,"","",false,0,0,0,0,"",Gagal ditarik / Kemungkinan Private Ketat
6728413278068655105,cecepkhoeruman,kesehatan kulit,"maaf ya sebelum nya, kalau vidio gak ada keranjang kuning nya coba cek bio klik tautan🙏",false,817,3273,427,23900,2019-08-23T17:19:54.000000+0000,Public
"",cerita_anak_indonesia,"","",false,0,0,0,0,"",Gagal ditarik / Kemungkinan Private Ketat
7156176438206858266,ceritadok,dr. Gusti | Edukasi Kesehatan,Siang Live @RS Happy Land Medical Centre 🏥,false,3,162800,246,816600,2022-10-19T10:59:26.000000+0000,Public
"",ceritadompetkulit,"","",false,0,0,0,0,"",Gagal ditarik / Kemungkinan Private Ketat
"",ceritapukuldua,"","",false,0,0,0,0,"",Gagal ditarik / Kemungkinan Private Ketat
"",chariarcecarmona,"","",false,0,0,0,0,"",Gagal ditarik / Kemungkinan Private Ketat
"",charlesrojas14,"","",false,0,0,0,0,"",Gagal ditarik / Kemungkinan Private Ketat
"",chdndnsnsnsnn,"","",false,0,0,0,0,"",Gagal ditarik / Kemungkinan Private Ketat
"",chiclososboo,"","",false,0,0,0,0,"",Gagal ditarik / Kemungkinan Private Ketat
6643672165836046338,chillingbosssw,heedzeed,instagram ⬇️,false,651,173100,1214,16900000,2019-01-07T08:41:06.000000+0000,Public
"",chimnonliadan,"","",false,0,0,0,0,"",Gagal ditarik / Kemungkinan Private Ketat
7350222357698462726,chubbydental,Doktergigi,📍Surabaya Location 👇🏻 https://linktr.ee/Chubbydental.id,false,2,4,2,18,2024-03-25T08:56:42.000000+0000,Public
7355883322545685510,cisseibouraahima100,dokter,226 67952069,false,5892,2065,19,223,2024-04-09T15:04:08.000000+0000,Public
"",citraaceh2,"","",false,0,0,0,0,"",Gagal ditarik / Kemungkinan Private Ketat
"",cj.clint.l..sajul,"","",false,0,0,0,0,"",Gagal ditarik / Kemungkinan Private Ketat
"",clarin_hayes,"","",false,0,0,0,0,"",Gagal ditarik / Kemungkinan Private Ketat
7185788292134388763,coach_anton,coach Anton,"",false,1,0,4,7,2023-01-07T06:08:33.000000+0000,Public
"",coach_bimo,"","",false,0,0,0,0,"",Gagal ditarik / Kemungkinan Private Ketat
6770088118639019010,coach_rendy,CR,COACH PPOP DKI JAKARTA COACH INDONESIA ASG 2024 INTERNASIONAL PENCAK SILAT COACH CERTIFICATE LICENSE IG : Rendy Kurnia Hendrawan,false,342,1441,103,26500,2019-12-14T00:39:34.000000+0000,Public
"",cowboy24662,"","",false,0,0,0,0,"",Gagal ditarik / Kemungkinan Private Ketat
"",crub_x,"","",false,0,0,0,0,"",Gagal ditarik / Kemungkinan Private Ketat
"",curhat_psikolog,"","",false,0,0,0,0,"",Gagal ditarik / Kemungkinan Private Ketat
"",dailydidi26,"","",false,0,0,0,0,"",Gagal ditarik / Kemungkinan Private Ketat
6619176333971931138,dailyeffect.storevn,Daily Skincare,★ TIKTOK MALL CHÍNH HÃNG ★,false,2,604100,148,7600000,2018-11-02T08:24:46.000000+0000,Public
"",dakotawild111,"","",false,0,0,0,0,"",Gagal ditarik / Kemungkinan Private Ketat
6905221471992857602,damessa.dentalclinic,Damessa Dental Clinic,Konsultasikan dengan Dokter Gigi 🧑‍⚕️250+ Dentist 📍 23 Cabang di JABODETABEK,false,0,12400,594,198600,2020-12-12T04:25:59.000000+0000,Public
7177748060972729349,danteveteriner,Dante Veteriner 🐾,For collaborations / İşbirlikleri için : dr.dantecollab@gmail.com  ANKARA,false,3,1300000,701,43900000,2022-12-16T14:08:21.000000+0000,Public
7321536239931737093,darrel.jaket.kulit2,darrel.jaket.kulit2,"",false,93,4083,4,137,2024-01-08T01:39:55.000000+0000,Public
7186561186317976603,davienaskincare.haiga,DAVIENASKINCAREJAWA,"""LEADER DAVIENA SKINCARE"" @HAIGA SOVIA  2026 open agen, reseller, affilite  coming soon series burgundy",false,87,731900,1811,8000000,2023-01-09T08:07:46.000000+0000,Public
"",defisitalori,"","",false,0,0,0,0,"",Gagal ditarik / Kemungkinan Private Ketat
"",delaaaamutbangettt,"","",false,0,0,0,0,"",Gagal ditarik / Kemungkinan Private Ketat
7285112982001599494,deni_apt,Denire.🥰,"",false,10,183,1,8,2023-10-01T21:59:04.000000+0000,Public
6953019746334426113,denik_dokterhewan,Denik_DenoX,dokter hewan praktisi Wa 081232700368,false,1001,1200,261,1447,2021-04-19T23:47:42.000000+0000,Public
"",dennysantoso,"","",false,0,0,0,0,"",Gagal ditarik / Kemungkinan Private Ketat
7109333645131514906,denpasarveterinary,Dokter Hewan Denpasar,"",false,5,8,6,23,2022-06-15T05:25:28.000000+0000,Public
7628215874127086609,dentalcare_kediri,Dentalcare_Kediri,"drg. Resnawati, Sp.Ort & Team  | Dokter Gigi & Ortodonti  🕒 Senin–Jumat 09.00–20.30  📍Jl. Raya Tugurejo No. 34 ☎️082244846215 | 08121618232",false,6,54,37,271,2026-04-13T12:13:31.000000+0000,Public
6721318124316001286,dentaldigest,Dental Digest,@Fat Glob Toothpaste...Out NOW,false,692,9800000,497,225200000,2019-08-04T14:27:05.000000+0000,Public
6873051059876086785,dentalstudiobanjarmasin,Dokter Gigi Banjarmasin,DOKTER GIGI KELUARGA - Bersih - Steril - Terjadwal - Bunyamin Residence No.46 Banjarmasin,false,90,5521,171,3561,2020-09-16T11:48:22.000000+0000,Public
6708406933462320129,dermasterid,Dermaster Indonesia,No.1 Aesthetic Beauty Clinic in Indonesia 📞: 081198893620,false,3,414600,1572,3800000,2019-06-30T19:25:04.000000+0000,Public
6765585846651094022,dermdoctor,DermDoctor | Dr. Shah,Board Certified Derm  Founder of @Remedy Science Shop Favorite Skincare ⬇️,true,996,17900000,1569,575800000,2019-12-01T21:28:27.000000+0000,Public
"",dhananjay.0,"","",false,0,0,0,0,"",Gagal ditarik / Kemungkinan Private Ketat
7339256643731964934,dhiyaa294,dokter,مرحلة سادسة طب 💉 | #MedStudent جاي أشارككم معلومات طبية عامة تهمنا كلنا. إنسان ومو معصوم، أي خطأ صار سهواً، راسلني ونصّحني 🙏.,false,74,795,123,6179,2024-02-24T19:44:08.000000+0000,Public
7236600113735828482,dianahlihukumkesehatan,MALPRAKTEK TRAUMA CENTER,"",false,2639,14200,2384,254000,2023-05-24T04:24:22.000000+0000,Public
"",diet.tips.indo,"","",false,0,0,0,0,"",Gagal ditarik / Kemungkinan Private Ketat
7524354461998547975,diet_santuy,diet santuy,lemak pergi plis🏃🏻‍♀️💨,false,1,1,9,50,2025-07-07T14:58:12.000000+0000,Public
"",dietitian_putri,"","",false,0,0,0,0,"",Gagal ditarik / Kemungkinan Private Ketat
6730556766918067202,dionharyadi,dr. Dion Haryadi,👇Business/Event Inquiries  WA 0823‑8172‑8283 (Valent)👇,false,80,500600,1377,18400000,2019-08-29T11:57:44.000000+0000,Public
"",disanchristinkusuma,"","",false,0,0,0,0,"",Gagal ditarik / Kemungkinan Private Ketat
7517529601293583376,dmpclinic,DMP CLINIC BLITAR,Klinik Rawat Inap🏥 Poli Kandungan & Persalinan || Obesitas & Gizi || Penyakit Dalam || Poli Gigi dan Mulut || Poli Umum || Khitan || Poli Vaksinasi & Imunisasi,false,2,1396,112,6836,2025-06-19T05:34:15.000000+0000,Public
6705926286102283265,dmzzzs0,WAKIL KETUA DOKTER ODGJ,"",false,2013,154,1,58,2019-06-24T02:58:53.000000+0000,Public
7177684698595689498,dnh_dntlcre,Dokter Gigi Siak(ludal),Dokter gigi kamu,false,694,3572,206,41400,2022-12-16T10:02:28.000000+0000,Public
7504277891356034049,dniclinic_krian,DNICLINIC_KRIAN,SPESIALIS KULIT KELAMIN - KECANTIKAN 📍Ruko Mandiri Residence Blok A1-5 Krian Open ⏰️ 10.00 - 20.00 WA 0851-1744-4417,false,1,725,185,8147,2025-05-14T12:30:51.000000+0000,Public
"",docgelotv,"","",false,0,0,0,0,"",Gagal ditarik / Kemungkinan Private Ketat
7050658375809713153,dochs_medic,dochs medic,OFFLINE STORE JL MUARA UTARA 1 NO 9 BANDUNG WA : 0812-2229-0353,false,122,25700,2067,110100,2022-01-08T02:35:27.000000+0000,Public
6784926612473218053,doclaurasalazar,Doc Laura Salazar,🌈⚕️Médica y sexóloga educativa  Te ayudo a vivir tu sexualidad bien chido 😎 Jueves de preguntas y respuestas en mi IG 💬 📍CDMX | ♾️ Autista | ⚡️ TDAH,true,411,7200000,289,100900000,2020-01-23T00:20:30.000000+0000,Public
"",docmarters_kajian,"","",false,0,0,0,0,"",Gagal ditarik / Kemungkinan Private Ketat
7460267144752661509,docneldokterkulit,dr.Nellia Fonna Sp.D.V.E,Dokter Spesialis Kulit Kelamin & Estetika Ig @Drn.Glow_Healthy_Skin  Wa admin +62 813-7619-9565,false,127,118,153,919,2025-01-15T22:06:41.000000+0000,Public
6970995522468070402,doctor.incognito_99,dr. Incognito,"Organik, jujur, bertanggung jawab akun random : @noir_noir_yellowcart,  IG/threads: abelina_md, X : IncognitoD1999 FAST RESPONSE : +628127102728 (dr. Hani | PA)",false,1286,745200,1321,51500000,2021-06-07T10:22:54.000000+0000,Public
6948829470229300229,doctorbayteroficial,Doctor Bayter Oficial,Médico Intensivista🩺 Canal Oficial de la Dieta Keto Perfecta @doctorbayter,false,1,556500,85,2900000,2021-04-08T16:47:18.000000+0000,Public
"",doctore287,"","",false,0,0,0,0,"",Gagal ditarik / Kemungkinan Private Ketat
7317565518708900865,doctorkulit,Dr Kulit,"",false,8,14,4,43,2023-12-28T08:51:29.000000+0000,Public
7060575704550753282,doctorming6,Dr Ming,Healthy is very important💕,false,6,692900,669,11000000,2022-02-03T19:59:45.000000+0000,Public
"",doctorprincessskin,"","",false,0,0,0,0,"",Gagal ditarik / Kemungkinan Private Ketat
6752190053991449606,doctorvic,Doctor Vic,Enseño la Medicina al 🌎 🦴Ortopedia y Cirugía de Columna 🔥Mi PODCAST: @Medicina Viral 📩 MARCAS: dr.vic@sunsetsocial.mx ⬇️Consultas⬇️,true,428,2800000,707,43700000,2019-10-26T19:05:56.000000+0000,Public
6784603245261718534,doctoryumper,Doctor Yumper,"Si te encanta aprender con humor, estás en el lugar correcto... 🫀🦷🧠👁️🫁",true,170,3400000,324,46400000,2020-01-22T03:25:40.000000+0000,Public
6766115620042195970,doczul25,doczul25,"Dokter Penugasan Khusus di DTPK Puskesmas Perawatan Dai, Gorom (2024-2026) ""Tips kesehatan + kisah inspiratif pasien 🎥 | Edukasi dengan cerita nyata 💊""",false,708,1646,165,16400,2019-12-03T07:44:14.000000+0000,Public
6822053279946802178,dodinosaurus,DodiHD,TopUp Diamond FF/ML? IG : @Dokterstore_,false,2,80400,10,2000000,2020-05-02T01:30:56.000000+0000,Public
"",dohe995,"","",false,0,0,0,0,"",Gagal ditarik / Kemungkinan Private Ketat
7547979445135787028,dok.kecantikanid,dokterkecantikanid,kecantikan,false,10,772,35,1795,2025-09-09T06:55:12.000000+0000,Public
7068939223185474587,dok_mayki,Dok Mayki Tindahan,FB Page : Doc Mayki Dental Clinic YT : DoK Mayki Email : Mayki6zais@icloud.com,false,300,467600,2549,14900000,2022-02-26T08:54:29.000000+0000,Public
"",dokcorr,"","",false,0,0,0,0,"",Gagal ditarik / Kemungkinan Private Ketat
7221060797920068635,dokklas,dr. Gen Z,Medical doctor Magister of Public Health,false,90,2171,4,11600,2023-04-12T07:23:53.000000+0000,Public
7330181006757364737,dokte95,dokter,"",false,3448,273,43,323,2024-01-31T08:46:01.000000+0000,Public
7431552545649640454,dokter,- KAzaadly-,"",false,438,96,20,206,2024-10-30T12:59:22.000000+0000,Public
7488556371827393554,dokter.anak_,dr. Arieta Sp. A,Konsultasi Tumbuh Kembang | Konsultasi Kesehatan Anak | Spesialis Anak,false,1052,2796,95,9310,2025-04-02T03:43:20.000000+0000,Public
7608452678532334612,dokter.ayuu,Dokter Ayu,"",false,28,8259,282,20900,2026-02-19T06:02:14.000000+0000,Public
7490962119883916295,dokter.bedah.anak,dr.Robin Bedah Anak,"RS indriati SOLO, RS Astrini WONOGIRI, RSUD ir.Soekarno Sukoharjo  Melayani juga area Solo Raya, Karanganyar,Pacitan,Klaten,Boyolali dll Konsul Telemedisine ↙️",false,5,19700,409,72400,2025-04-08T15:18:51.000000+0000,Public
"",dokter.cinta040,"","",false,0,0,0,0,"",Gagal ditarik / Kemungkinan Private Ketat
7281425286155240454,dokter.duyhung,Dr Duy Hung 🇻🇳 🇮🇩,Dr Duy Hung Plastic Surrgery: Vietnam 🇻🇳 - Indonesia 🇲🇨  WhatsApp: (+62) 0812-268-666,false,3,445700,38,12600000,2023-09-21T23:28:56.000000+0000,Public
7300095707427357701,dokter.fokulitas,Dokter Fokulitas dokter,𝐜𝐢𝐭𝐚 𝐜𝐢𝐭𝐚 𝐝𝐨𝐤𝐭𝐞𝐫🌷🌷🌷,false,0,0,1,1,2023-11-11T06:59:42.000000+0000,Public
7319403076014752773,dokter.galih.offi,Dokter Galih Official,Dokter Spesialis Anak👶 🏥Brawijaya Hospital Tangerang 🏥RSU Hermina Ciledug,false,51,74600,301,463400,2024-01-02T07:42:09.000000+0000,Public
7624887344726901776,dokter.genz,Dokter GenZ,🌿 | Bantu kamu membangun kebiasaan sehat 📖 | Edukasi berbasis sains 👇 | Follow untuk tips kesehatan harian,false,0,228,14,4759,2026-04-04T12:57:08.000000+0000,Public
7614770565920490517,dokter.gigi.amal,Dokter Gigi Amal,"🏥 Rumah Sakit Mitra Sehat Mandiri, Krian  🏥 Dental Care Utama Sehat, Tulangan Reservasi / Konsul WA : 082252895008",false,290,1791,18,1613,2026-03-08T06:38:52.000000+0000,Public
7605239832927077396,dokter.gigi.caringin,Dokter gigi caringin,"Informasi & Reservasi  📅 : Senin-sabtu  ⏰ : 16.00-20.00 📞 : 081292759191 📍 : Jl. Ciherang Pondok, Ruko Dragon No.88 Ciherang, Caringin (sebelah fit gym)",false,2,308,10,585,2026-02-10T14:14:45.000000+0000,Public
7397246453766767622,dokter.gigi.kedaton,Dokter Gigi Kedaton,Buka Senin-Sabtu  Pagi 08.00 - 12.00 WIB Sore 14.00 - 20.00 WIB Minggu 08.00-12.00 WIB ☎️ Reservasi: 0857-3921-5295,false,7,124,126,757,2024-07-30T02:14:13.000000+0000,Public
7000144985563808770,dokter.gigi.lisa,drg.Lisa,🏠Makassar🏠 🏥Klinik Asahi🏥,false,324,13000,12,13500,2021-08-24T23:37:42.000000+0000,Public
7654077187906339860,dokter.gigi.wagir,Dokter Gigi Wagir,"",false,40,13,5,17,2026-06-22T04:48:38.000000+0000,Public
"",dokter.gigi12,"","",false,0,0,0,0,"",Gagal ditarik / Kemungkinan Private Ketat
7007752882954994715,dokter.gigi84,DOKTER GIGI,"",false,25,60,1,41,2021-09-14T11:40:14.000000+0000,Public
"",dokter.gigimu1,"","",false,0,0,0,0,"",Gagal ditarik / Kemungkinan Private Ketat
7002440298915726338,dokter.harmonospanak,dokter Harmono PD Sp.A,"dokter Harmono PD Sp.A, konsultasi gratis , gabung grup 2 WA: 👇👇👇",false,334,18300,209,80800,2021-08-31T04:04:41.000000+0000,Public
"",dokter.hewan.lokal,"","",false,0,0,0,0,"",Gagal ditarik / Kemungkinan Private Ketat
7315427697638065157,dokter.hewan.maka,Dokter Hewan Toraja,"Praktek Dokter Hewan Tana Toraja  🏥 Jln. Tritura No. 109, Makale, Tana Toraja  📱0821 5675 6995  ⌚️09.00 s/d 20.00 WITA",false,55,2289,362,35900,2023-12-22T14:35:39.000000+0000,Public
7536816978465620999,dokter.hewan.seti,Dokter Hewan Setia budi,jln setia Budi Tj rejo no51a Medan sunggal drh Ainun naim 085163214661,false,81,8766,127,732200,2025-08-10T04:59:08.000000+0000,Public
7630792264378074129,dokter.hewan.zain,dokter hewan Zainal,Tasikmalaya Animal Care | Caring with compassion Vet at @klinik.kanzenvet,false,61,6114,26,81300,2026-04-20T10:51:14.000000+0000,Public
"",dokter.hewan07,"","",false,0,0,0,0,"",Gagal ditarik / Kemungkinan Private Ketat
"",dokter.hewan47,"","",false,0,0,0,0,"",Gagal ditarik / Kemungkinan Private Ketat
7549554931830653953,dokter.hewan5,dokter hewan,bodoh amat,false,793,444,42,585,2025-09-13T12:48:54.000000+0000,Public
6810017141438743553,dokter.ikan.indonesia,dokter.ikan.indonesia,drh Citan. Drh spesialisasi ikan base Jakarta. WA 08128856464 utk appointment,false,59,116400,103,6600000,2020-03-30T15:04:34.000000+0000,Public
7617045289676997653,dokter.kameliaa16,Dokter Kameliaa,📌Yang sudah follow dan salin tautan 🎁 Silahkan Konfirmasi Bendahara 🤩 WhatsApp :  0895-3651-35854,false,707,1860,4,3719,2026-03-14T09:45:57.000000+0000,Public
7653500876380898324,dokter.kamilia,Dokter Kamilia,"",false,374,98,1,22,2026-06-20T15:32:15.000000+0000,Public
7553606069021787157,dokter.keras,Dokter Keras,"walaupun gue Keras, tapi gue mau lu sehat collab?",false,1,23300,18,118300,2025-09-24T10:49:22.000000+0000,Public
"",dokter.kita,"","",false,0,0,0,0,"",Gagal ditarik / Kemungkinan Private Ketat
"",dokter.kita0,"","",false,0,0,0,0,"",Gagal ditarik / Kemungkinan Private Ketat
"",dokter.kita4,"","",false,0,0,0,0,"",Gagal ditarik / Kemungkinan Private Ketat
7514737204799833106,dokter.kuda,Dokter Kuda,"",false,11,128,10,863,2025-06-11T16:58:20.000000+0000,Public
"",dokter.kulit.keca,"","",false,0,0,0,0,"",Gagal ditarik / Kemungkinan Private Ketat
"",dokter.kulit.kiki,"","",false,0,0,0,0,"",Gagal ditarik / Kemungkinan Private Ketat
7404699036475786245,dokter.kulit10,spesialis kulit,"",false,0,6,11,7,2024-08-19T04:14:02.000000+0000,Public
"",dokter.kulit3,"","",false,0,0,0,0,"",Gagal ditarik / Kemungkinan Private Ketat
"",dokter.kulit47,"","",false,0,0,0,0,"",Gagal ditarik / Kemungkinan Private Ketat
"",dokter.kulit6,"","",false,0,0,0,0,"",Gagal ditarik / Kemungkinan Private Ketat
"",dokter.kulit7,"","",false,0,0,0,0,"",Gagal ditarik / Kemungkinan Private Ketat
"",dokter.muda14,"","",false,0,0,0,0,"",Gagal ditarik / Kemungkinan Private Ketat
7540569201296917511,dokter.muda25,Dokter muda,"",false,20,24,2,8,2025-08-20T07:39:40.000000+0000,Public
7513990559062803472,dokter.muda27,dokter muda,yang ingin cuma mau di follow menyingkir,false,46,10,9,57,2025-06-09T16:40:58.000000+0000,Public
7361052243326419974,dokter.muda50,dokter muda,"",false,29,22,1,2,2024-04-23T13:22:11.000000+0000,Public
"",dokter.muda8,"","",false,0,0,0,0,"",Gagal ditarik / Kemungkinan Private Ketat
"",dokter.ndeso,"","",false,0,0,0,0,"",Gagal ditarik / Kemungkinan Private Ketat
6955097750086763521,dokter.rayendra,Dokter Rayendra,"Dr. dr. Raendi Rayendra, SpDVE,M.Kes, FINSDV,FAADV Dermatologist-Aesthetic Bogor",false,55,9503,276,85300,2021-04-25T14:11:25.000000+0000,Public
6573916583810105345,dokter.reni.anak,"dr. Reni Fahriani, SpA",✨Dokter Spesialis Anak & Konselor Laktasi✨ Praktek: Jl Batununggal Mulia XII no 44 Bandung. Reservasi (adm): 0895-35188-4622,false,161,29200,106,134800,2018-07-03T09:13:49.000000+0000,Public
"",dokter.sitilirih,"","",false,0,0,0,0,"",Gagal ditarik / Kemungkinan Private Ketat
7316827962313442310,dokter.sri.spesia,dokter kulit dr Sri Dermatolog,"",false,56,86,10,121,2023-12-26T09:09:23.000000+0000,Public
7611140148973061140,dokter.yana,Dokter Yana,"",false,148,10400,36,16800,2026-02-26T11:50:59.000000+0000,Public
7289070706543952902,dokter0113,dokter,"",false,1156,561,5,63,2023-10-12T13:57:04.000000+0000,Public
7220363437674873861,dokter035,Dokter,"",false,5696,2563,17,947,2023-04-10T10:17:46.000000+0000,Public
7590091361291387921,dokter0722,Dokter,"",false,839,736,2,67,2025-12-31T18:30:57.000000+0000,Public
6963175879272203266,dokter1231,Dokter,No bio yet,false,1,51,1,3,2021-05-17T08:38:41.000000+0000,Public
"",dokter178,"","",false,0,0,0,0,"",Gagal ditarik / Kemungkinan Private Ketat
7599187617317864449,dokter2507,dokter,ኢትዮ ኢሉሚናቲ መመዝገቢያ ማዕከል አባል ለመሆን ፈጥነው ይደውሉ ☎️+251957560333 ☎️+251957560333,false,8,706,7,8,2026-01-25T06:49:04.000000+0000,Public
7584842520266802177,dokter3304,Dokter,"",false,0,907,1,1915,2025-12-17T15:02:46.000000+0000,Public
6995803048225752091,dokter344,dokter,cita cita ku dokter,false,1,318,3,48,2021-08-13T06:48:46.000000+0000,Public
7528020432377676801,dokter349,dokter,22862017 729680@,false,1075,957,34,1041,2025-07-17T12:04:02.000000+0000,Public
7486036288476660754,dokter3506,Dokter,"",false,2962,1381,47,512,2025-03-26T08:44:07.000000+0000,Public
"",dokter3550,"","",false,0,0,0,0,"",Gagal ditarik / Kemungkinan Private Ketat
7087913161889743878,dokter410,dokter,don't be sad😞 make some fun🎭🤣,false,195,1509,10,21200,2022-04-18T12:03:03.000000+0000,Public
7525513018073285639,dokter4481,Dokter,"",false,593,137,15,78,2025-07-10T17:53:59.000000+0000,Public
"",dokter45,"","",false,0,0,0,0,"",Gagal ditarik / Kemungkinan Private Ketat
"",dokter467,"","",false,0,0,0,0,"",Gagal ditarik / Kemungkinan Private Ketat
7496925616919561224,dokter491,dokter,"",false,303,473,4,415,2025-04-24T17:00:16.000000+0000,Public
7139236604795110402,dokter583,Dokter,no bio,false,329,1001,16,4343,2022-09-03T19:24:13.000000+0000,Public
"",dokter631,"","",false,0,0,0,0,"",Gagal ditarik / Kemungkinan Private Ketat
7333960008776614918,dokter724,dokter,"",false,1645,1013,115,1410,2024-02-10T13:10:29.000000+0000,Public
"",dokter7539,"","",false,0,0,0,0,"",Gagal ditarik / Kemungkinan Private Ketat
7346624723349275653,dokter7651,dokter,"",false,691,590,71,610,2024-03-15T16:16:03.000000+0000,Public
"",dokter7976,"","",false,0,0,0,0,"",Gagal ditarik / Kemungkinan Private Ketat
"",dokter9239,"","",false,0,0,0,0,"",Gagal ditarik / Kemungkinan Private Ketat
7172059790755415046,dokter9292,Dokter,Dokter,false,3361,3973,56,17500,2022-12-01T06:14:57.000000+0000,Public
"",dokter_084,"","",false,0,0,0,0,"",Gagal ditarik / Kemungkinan Private Ketat
7545551845972919314,dokter_19,DOKTER,❤💛💚,false,9,27,4,348,2025-09-02T17:54:53.000000+0000,Public
7197563834701448218,dokter_85,𝑫𝒐𝒌𝒕𝒆𝒓 𝑶𝑫𝑮𝑱,see you next time 🫠,false,902,6194,35,47200,2023-02-07T23:43:40.000000+0000,Public
6971725648621224961,dokter_atan,dokter Atan,DM for Endorse (WA 081263237497) 260K+ on Instagram @dokterAtan,false,484,264900,603,5000000,2021-06-09T09:36:10.000000+0000,Public
7126913850166969370,dokter_daniel,dr.Daniel🦁,Real account dokter daniel  di larang curi Vidio denda 100juta,false,397,121400,188,1300000,2022-08-01T14:25:39.000000+0000,Public
6982036606678352898,dokter_darmika,dokter_darmika,Hypnotherapist | Private Healing | Public & In House Training | Online Webinar,false,1,278900,1008,5700000,2021-07-07T04:27:57.000000+0000,Public
6938982357811987458,dokter_forklift.official,DokterForkliftService,service and part elektrik forklift,false,308,1303,217,2748,2021-03-13T03:55:28.000000+0000,Public
7479208177918903303,dokter_genzee,Dr. GenZ,📍 Miso Original  🧑‍⚕️ Klinik kandungan Online 🚛 COD bayar di tempat & Cek Dulu,false,13,3,2,5,2025-03-07T23:07:34.000000+0000,Public
"",dokter_hantu,"","",false,0,0,0,0,"",Gagal ditarik / Kemungkinan Private Ketat
7014648631724082178,dokter_healthnwealth,DokTer_,ako ay doctor👩‍⚕️ ng katawan at ng bulsa 💱. ano bang sakit mo? gamutin natin😉,false,0,924,1,10,2021-10-03T01:39:15.000000+0000,Public
6873382321866425345,dokter_hewan,user8842200681954,"",false,1,3,2,0,2020-09-17T09:13:50.000000+0000,Public
7317177463322199046,dokter_hewan06,@￴ ￴ ￴ ￴ ￴ ￴ ￴ ￴ ￴ ￴￴ ￴,can I have some coffee☕,false,426,85,12,96,2023-12-27T07:45:38.000000+0000,Public
7346483634960630789,dokter_hewan09_real,DOKTER HEWAN,toko obat resmi dan kebutuhan alat peternakan lihat di showcase keranjang kuning,false,21,3230,171,14200,2024-03-15T07:08:33.000000+0000,Public
6604639878654361602,dokter_ika,dr. Ika,Kulit Sehat bersama dr.Ika STOP Penyalahgunaan obat keras Awas Merkuncrit ☠️ SEHAT YUK ❤️,true,214,2600000,5043,65000000,2018-09-24T04:15:54.000000+0000,Public
7226874133924611098,dokter_kulit3,Dokter Kulit,"",false,9,29,7,68,2023-04-27T23:22:36.000000+0000,Public
"",dokter_kulit42,"","",false,0,0,0,0,"",Gagal ditarik / Kemungkinan Private Ketat
7391700797002843142,dokter_motor02,🥰DOKTER CINTA🥰🥰🥰,mencari yg terbaik☺️,false,2663,2622,29,390,2024-07-15T03:34:14.000000+0000,Public
"",dokter_officialtrbk,"","",false,0,0,0,0,"",Gagal ditarik / Kemungkinan Private Ketat
7251407224010376198,dokter_orthopedi,dr.Ledy Kumala Devi SpOT,"",false,117,37600,373,1100000,2023-07-03T02:03:31.000000+0000,Public
7584669524462928913,dokter_spesialiskulitpas,dokter_spesialiskulitpas,"Dokter Spesialis Kulit, Kelamin & Estetika Al Maunah Kota Pasuruan dr.Arifiana W.K.D., Sp.D.V.E 📍Jl.KH Abdul Hamid No 46 Kota Pasuruan",false,1,17,7,14,2025-12-17T03:51:27.000000+0000,Public
6786191047800456194,dokteragung_bali,DOKTER AGUNG,Dokter Gokil Bali 🤩Edukasi & Hiburan itu wajib🤩,false,2466,329000,2168,4300000,2020-01-26T10:07:09.000000+0000,Public
7381746564072522758,dokterahlikulit,Herbaltasikmalayajaya,"",false,113,791,91,1550,2024-06-18T07:46:43.000000+0000,Public
"",dokteraktasutrisn,"","",false,0,0,0,0,"",Gagal ditarik / Kemungkinan Private Ketat
7093920401915200539,dokteramiraobgyn,"dr.Amira,SpOG",Dokter obgyn pedalaman  RSUD Fakfak Papua Barat IG: AMIRAALI (amira.abdat19),false,375,2300000,1745,59400000,2022-05-04T16:34:13.000000+0000,Public
6969424077791609858,dokteranak.bandung,"dr. Ahmad Hafidz, SpA",Dokter Spesialis Anak RS Limijati / Hello Baby Clinic Let's make your child Optimal Growth and Development,false,95,11100,101,35500,2021-06-03T04:44:53.000000+0000,Public
7241827535548597249,dokteranak.ekojaenudin,dokter Eko Jaenudin SpA,dokter anak_ berbagi TUMBUH KEMBANG anak praktek di KLINIK PRAMIKA PONOROGO,false,417,6025,309,32400,2023-06-07T06:29:26.000000+0000,Public
6749907803752072193,dokteranak.mulkiangela,"dr.Mulki Angela,CIMI,Sp.A,Ph.D",Dokter Spesialis Anak Share Info Penting,false,242,2614,39,3013,2019-10-20T15:29:38.000000+0000,Public
7339344785679418374,dokteranak3,Dokter Shinta,dr Shinta Aprilia Parenting | MPASI  Order frozen food : dm @omamafood (ig),false,74,15000,716,483100,2024-02-25T01:26:10.000000+0000,Public
7416360512105055237,dokteranak_drbond,DokterAnak_dr.Bond,🩺 Dr. Bond | Spesialis Anak 📚 Mendampingi Ayah Bunda Merawat Buah Hati 🥰 👶 Bayi • Anak • Neonatal Care 💡 IG : dokteranak_dr.bond,false,20,619,26,1726,2024-09-19T14:26:31.000000+0000,Public
6911653319263208450,dokteranak_leonirma,"dr.Leonirma,M.Sc,Sp.A,CIMI","❤ Ibu, Dokter Anak, Laktasi, Pijat Bayi ❤ 📲 Tine +62813-3979-0002 (WA)",false,66,111800,371,1600000,2020-12-29T12:24:51.000000+0000,Public
7600307757913261076,dokteranak_munira,dokteranak_munira,Dokter Spesialis Anak  Praktek di Jl. Gaperta Ujung No.83 (Sebelah Optik Rizky),false,9,17,3,286,2026-01-28T07:15:47.000000+0000,Public
7045842544417096731,dokteranak_sukma,dokteranak_sukma,Expert tumbuh kembang dan nutrisi anak | Apotek NK Medika  Konsultasi Gratis 👇,false,109,2020,65,8570,2021-12-26T03:07:34.000000+0000,Public
7474608610448213012,dokteranak_visia,"dr. Visia Vrisca, Sp.A, CBCFF",👶🩺 Dokter Spesialis Anak 🤱 Konselor Laktasi dan MPASI 📍Medan,false,66,25800,177,56100,2025-02-23T13:38:53.000000+0000,Public
"",dokteranak_wigun,"","",false,0,0,0,0,"",Gagal ditarik / Kemungkinan Private Ketat
7347434016340231173,dokteranakayam,KOKORUYUK 🐔,Dokter anak ayam 🐣✨,false,249,1643,31,1611,2024-03-17T20:36:31.000000+0000,Public
7238894443938939905,dokteranakbagus,dokteranakbagus,🩺 Dokter Spesialis Anak 🏩 Apotek Celeban 🏨 RSUD Wates 🏥 RS AMC Muhammadiyah,false,29,8016,108,13400,2023-05-30T08:47:32.000000+0000,Public
7394034038484337670,dokteranakbbs,dokteranakbbs,Board-Certified Pediatrician (Sp.A) 🩵Teman tumbuh si Kecil🩵  ✅ Praktisi Stunting ❌KONSUL DM❌ IG: @dokteranakbbs ❤️,false,21,16700,31,92000,2024-07-21T10:28:24.000000+0000,Public
6957642461980345345,dokteranakbunda,Dokter Anak | Satya Pratiwi,"👩🏻‍⚕️ Dokter anak & mama 🤍 𝘌𝘥𝘶𝘬𝘢𝘴𝘪 𝘬𝘦𝘴𝘦𝘩𝘢𝘵𝘢𝘯 𝘢𝘯𝘢𝘬 𝘣𝘦𝘳𝘥𝘢𝘴𝘢𝘳 𝘣𝘶𝘬𝘵𝘪 📍Denpasar, Bali Konsul online, e-book & jadwal praktik👇🏻",false,157,5262,149,110400,2021-05-02T10:46:12.000000+0000,Public
7556668431932670977,dokteranakhits,dokteranakhits,"dr. Doddy Kusumah Ronosulistyo, Sp.A 🎬 Edukasi Kesehatan Anak Dengan Gaya Santai 🏥 RS Siloam Sentosa | RS Siloam Bekasi Timur 🔗 @doddyrono",false,14,2092,102,9304,2025-10-02T16:52:54.000000+0000,Public
6931297207732700161,dokteranakiaa,"dr. Maria Natalia, Sp.A","Dokter Spesialis Anak 👶🫶 Belajar barengg yuuk bu, pak!! Akun ini dibuat murni untuk konten edukasi ya bapak ibu",false,1,6272,47,23400,2021-02-20T10:53:10.000000+0000,Public
"",dokteranaksiantar,"","",false,0,0,0,0,"",Gagal ditarik / Kemungkinan Private Ketat
7613976941612057601,dokteranaksuri,Dokter Anak Suri,"dr. Suryadi Limardi, Sp.A, CBC,.CBCFF Dokter Anak | Konselor Menyusui 🏥 Mayapada Hospital (MHJT) | RS Pluit Kesehatan Bayi & Anak • ASI •Tumbuh Kembang",false,10,2788,80,56000,2026-03-06T03:19:12.000000+0000,Public
6915663087299789825,dokteranandaprasetya,.ananda prasetya.,kerja ke cafe. pacaran❤🥰🙏,false,9085,84300,1228,906600,2021-01-09T07:44:47.000000+0000,Public
"",dokteranders,"","",false,0,0,0,0,"",Gagal ditarik / Kemungkinan Private Ketat
"",dokterandreas_situngkir,"","",false,0,0,0,0,"",Gagal ditarik / Kemungkinan Private Ketat
7205684339874792475,dokterandroidpekalongan,Dokter Android Pekalongan,Follow juga @servishppekalongan  Garansi 1 Bulan ☎️ 0822-2031-5106,false,66,202000,401,508100,2023-03-01T20:55:22.000000+0000,Public
6795730850866775041,dokteranggi,Dokter Anggi Dental Clinic,Aesthetic Dental Specialist  Telah Bekerjasama Asuransi,false,2,3697,720,28100,2020-02-21T03:06:28.000000+0000,Public
"",dokteranimasi,"","",false,0,0,0,0,"",Gagal ditarik / Kemungkinan Private Ketat
6652306348552159237,dokterarthur,dokterarthur,"",false,0,2,9,28,2019-01-30T15:06:08.000000+0000,Public
6839893595219149825,dokteraura,andrew dr.aura,"konsultasi cek link wa /ig @andrew_gpw,atau ig yg ada tombol di samping ini +62 8111032067",false,21,128700,536,314000,2020-06-19T03:20:28.000000+0000,Public
7151009212293628929,dokterawetmuda,Dokter Awet Muda,"Satu-satunya Dokter di Dunia yang protokolnya jelas dan terbukti menyehatkan masyarakat Indonesia, gratis, selamanya",false,250,374800,106,488100,2022-10-05T12:47:57.000000+0000,Public
6785732536859935746,dokterayuu,Dokter Laktasi,Certified Breastfeeding Specialist ™  Bandung Appointment Konsultasi👇,false,13,22100,29,130700,2020-01-25T04:27:54.000000+0000,Public
7008156038399050779,dokterbangunan01,Dokter Bangunan,Facebook youtube tiktok instagram 👇👇👇 Dokter Bangunan,false,21,11600,477,147400,2021-09-15T13:44:41.000000+0000,Public
7153658878528619521,dokterbarbarreal,Dokterbarbarreal,Part of @dokterbarbar IG : Agiaprily,false,20,36000,321,2400000,2022-10-12T16:10:01.000000+0000,Public
"",dokterbauer,"","",false,0,0,0,0,"",Gagal ditarik / Kemungkinan Private Ketat
6934945539084977154,dokterbicara2,dokterbicara,"yang kamu anggap normal… belum tentu benar 👀 dokter bahas kesehatan tubuh, rambut & kewanitaan",false,5,131500,344,1500000,2021-03-02T06:50:33.000000+0000,Public
7481200706701526032,dokterbrando.spy,dokter Brando,Dokter idaman semua 🩺 Contact: (dokterbrandospy@gmail.com),false,1,490100,184,7900000,2025-03-13T07:59:35.000000+0000,Public
7165364627193725978,dokterbrewok3,Dokterberbagi,Jadidokterkarnahati,false,2,3983,12,87000,2022-11-13T05:14:18.000000+0000,Public
6783205334674260997,dokterbruinebeer,Toto,Wat Dacht Je? Soms een beetje ongemakkelijk 😳 📩| Toto@MakersAvenue.nl,false,251,337000,432,19500000,2020-01-18T09:01:04.000000+0000,Public
"",doktercantengan,"","",false,0,0,0,0,"",Gagal ditarik / Kemungkinan Private Ketat
7593216390267307009,doktercantik1157,dokter cantik,"",false,1069,378,3,26,2026-01-09T04:37:39.000000+0000,Public
7628951702309192724,doktercantik_sivelyn,dokter velyn,i'm velyn^^  #cyberrr wajib bekawan ytlb rc jngn 🚮di kmn.,false,242,287,8,811,2026-04-15T11:48:55.000000+0000,Public
6755708996068361217,doktercapit,Dokter Capit🕹,All About Capit Boneka Bussiness Inquiries: doktercapit@yahoo.com,false,100,172800,1193,5300000,2019-11-05T06:41:13.000000+0000,Public
7194777083867317249,doktercinta000,★𝐑𝐀𝐇𝐌𝐀𝐓-𝐃𝐓★,"JANGAN KEPO,NGGA ADA YANG ISTIMEWAH GORONGTALO/MAKASSAR",false,28,133900,329,77200,2023-01-31T11:29:39.000000+0000,Public
"",doktercinta028,"","",false,0,0,0,0,"",Gagal ditarik / Kemungkinan Private Ketat
"",doktercinta2033,"","",false,0,0,0,0,"",Gagal ditarik / Kemungkinan Private Ketat
7203898589407511579,doktercintanyakamu,adinda guLvinar,OWNER GULVINAR PARFUM CARA ORDER BARANG VIA DM/WAWA 081281021334/082258989393,false,53,163300,379,513900,2023-02-25T01:25:45.000000+0000,Public
7224123783123158021,dokterdamebuta,dokter,"",false,1553,482,46,1035,2023-04-20T13:29:50.000000+0000,Public
7375750757181031430,dokterdetektif,DokterDetektif,2nd = dokterdetektifhero Selain itu dipastikan bukan akun resmi DokTif 😘,true,144,2800000,430,39400000,2024-06-02T03:59:56.000000+0000,Public
"",dokterdetektifhero,"","",false,0,0,0,0,"",Gagal ditarik / Kemungkinan Private Ketat
"",dokterdevi1,"","",false,0,0,0,0,"",Gagal ditarik / Kemungkinan Private Ketat
6922415251184157698,dokterdilaa,dilaaaa4499,Semua VT konten aja ya guys jangan di bawa serius,false,247,26300,291,150300,2021-01-27T12:26:38.000000+0000,Public
6992194585414255617,dokterdinakarina,Dokter.DinaKarin,Tidak transaksi di DM! Hati hati penipuan! SSD baju yang di fix,false,100,9095,24,702,2021-08-03T13:26:05.000000+0000,Public
6534508407062642690,dokterelvijuwita,dr Elvi Juwita,📍BIREUEN | SIGLI | KEC KUTABLANG  📞082273318944,false,242,159200,1901,3300000,2018-03-19T04:29:58.000000+0000,Public
7528305037656294418,dokterfakta.id,Dokter Fakta,Follow untuk info dan tips kesehatan🩺 Konsultasi +62 857-0395-4610,false,1,361000,241,7000000,2025-07-18T06:28:27.000000+0000,Public
6710609739443930113,doktergabutreal,DokterGabut👩🏻‍⚕️,business Inq DM Instagram : @haifarlin 🤏🏼 No Agency. No Family 🥳  #SINGLEFIGHTER,false,970,118000,1661,1600000,2019-07-06T17:53:04.000000+0000,Public
7509464992996656146,doktergen,Dokter Gen Z,support dokter gen z ya  kode interlink 231020066,false,0,41800,56,486900,2025-05-28T11:59:27.000000+0000,Public
7410616546404385798,doktergenz,Dokter Gen Z,Konsultasi di dm aja tidak ada pungutan biaya ✅Distributor herbal terpercaya ✅,false,463,598,418,2656,2024-09-04T02:57:00.000000+0000,Public
7497083282061034513,doktergenz.pntk,Dokter GenZ,akun pertama @Icibos,false,0,757,5,459,2025-04-25T03:12:06.000000+0000,Public
7534718144288818177,doktergenz.real,Dokter GenZ,Instagram : @doktergenz.pntk,false,0,0,4,0,2025-08-04T13:14:35.000000+0000,Public
"",doktergenz17,"","",false,0,0,0,0,"",Gagal ditarik / Kemungkinan Private Ketat
7472004244788364289,doktergenzet,DOKTER GEN Z,jaga kesehatan nya ngentod,false,0,0,2,1,2025-02-16T13:12:37.000000+0000,Public
"",doktergenzplg,"","",false,0,0,0,0,"",Gagal ditarik / Kemungkinan Private Ketat
129514063767695360,doktergigi,doktergigi,"",false,1,39,1,5,1970-12-16T00:20:42.000000+0000,Public
7212454549930394651,doktergigi.bawean,DOKTER GIGI SYAIF BAWEAN,informasi & reservasi Mau Konsultasi dan Janjian Perawatan? WA 081212619199,false,15,1371,53,2644,2023-03-20T02:47:15.000000+0000,Public
7639320997191025680,doktergigi.genzpontianak,Dokter Gigi Gen Z Pontianak,Dokter Gigi Gen Z  📍Pontianak Free Konsultasi Seputar Keluhan Gigi Kamu!🦷✨,false,8,12,8,88,2026-05-13T10:27:04.000000+0000,Public
6812943634885002242,doktergigi.jo,drg. Jo,"",false,96,211300,453,6400000,2020-04-07T12:20:51.000000+0000,Public
6704513396085998594,doktergigi.rizki,DOKTER GIGI RIZKI JAMBI,Dokter Gigi Rizki Kota Jambi,false,737,6876,635,1000000,2019-06-20T07:36:09.000000+0000,Public
"",doktergigi23,"","",false,0,0,0,0,"",Gagal ditarik / Kemungkinan Private Ketat
7327273612489835522,doktergigi232,DokterGigi232,PRAKTEK DOKTER GIGI DI SELATAN SURABAYA,false,40,83,57,799,2024-01-23T12:43:51.000000+0000,Public
6543987083475075074,doktergigi_,Dokter Gigi Tri Putra,Klinik @doktergigi_ Orthodontist 🔜  📍 Jakarta • Bekasi • Medan • Makassar WA 0812-8885-1470 ⬇️⬇️⬇️,false,587,4100000,705,64600000,2018-04-13T17:32:04.000000+0000,Public
6791306045127656449,doktergigi_cianjur,DOKTER GIGI CIANJUR,Reservasi Cianjur 081246298258 Ciranjang 081327614297,false,110,10600,180,12200,2020-02-09T04:55:57.000000+0000,Public
6958027567091008514,doktergigi_pedesaan,drg. Lona,"Integritas diri, tidak gampang menyerah dan selalu rendah hati kunci pelayanan berkualitas",false,282,4753,567,16800,2021-05-03T11:40:37.000000+0000,Public
6815551400090698753,doktergigiadelia,Adelia Susanto | Orthodontist,Dokter Gigi Spesialis Behel Facial esthetic oriented treatment IG:@adeliasusanto Praktek : @Klinik Gigi Opal Dental Jogja Praktek Jakarta : Opal Dental Jakarta,false,79,13800,109,788000,2020-04-14T13:00:19.000000+0000,Public
7247674590443619334,doktergigianak_lampung,doktergigianak_lampung,Dokter Gigi Spesialis Kedokteran Gigi Anak  📍Bandar Lampung More Info 👇🏻,false,6,3078,24,21200,2023-06-23T00:38:59.000000+0000,Public
6725177305318933505,doktergigiari,doktergigiari,DOKTER GIGI LUBUKLINGGAU  DM Konsul dan endorse Wawa +62889-7118-3695,false,104,26700,1867,31600,2019-08-15T00:02:40.000000+0000,Public
7642182280345584658,doktergigiazzahra,Dokter Gigi Kalirejo,Senyum Sehat Dimulai Dari Sini 🦷 drg. Anggun Wahyu Kesuma Wardani Tempat Praktik : RSU Az-Zahra Kalirejo📍   Reservasi hub  0823-8133-5565,false,11,1238,30,4100,2026-05-21T03:30:19.000000+0000,Public
6875832170587341826,doktergigibatusangkar,dokter gigi batusangkar 🦷💜,SPAM LIKE = BLOK 🚫 IG : Dokter_Gigi_Vivi_Batusangkar konsul gratis via DM IG ya,false,245,9955,695,216900,2020-09-23T23:40:29.000000+0000,Public
"",doktergigibelajar,"","",false,0,0,0,0,"",Gagal ditarik / Kemungkinan Private Ketat
"",doktergigicantik2,"","",false,0,0,0,0,"",Gagal ditarik / Kemungkinan Private Ketat
7293733239511401477,doktergigicilegon,DOKTER GIGI CILEGON,"Klinik Gigi Dentaraya  Ruko Grand Cilegon Residence, 23A, Cilegon.  Senin-Minggu: 09.00-21.00 WA: 0852-8191-7400",false,172,5496,1362,12000,2023-10-25T03:30:04.000000+0000,Public
6992140226740536322,doktergigicirebon,kemilaudental,"Klinik Gigi KEMILAU DENTAL✨️ 📌 Pemuda & Bima, Kota Cirebon 𝗜𝗡𝗙𝗢 𝗕𝗜𝗔𝗬𝗔 & 𝗥𝗘𝗦𝗘𝗥𝗩𝗔𝗦𝗜 𝗞𝗟𝗜𝗞 𝗟𝗜𝗡𝗞 👇🏻👇🏻",false,3,6151,101,31400,2021-08-03T09:55:09.000000+0000,Public
7428442795101340678,doktergigieka,doktergigieka,"📍: Jl.Ipik Gandamanah, Tegalmunjul, Kp. Krajan 2 (Samping toko baju hipopo), Kab. Purwakarta 📞 : Info & Reservasi hub admin 087736038538 IG: doktergigieka",false,50,16800,63,219600,2024-10-22T03:51:57.000000+0000,Public
"",doktergigifitra,"","",false,0,0,0,0,"",Gagal ditarik / Kemungkinan Private Ketat
7287813765805868037,doktergigigenz,doktergigigenz,📍Bangil   drg @Yuan 's portfolio,false,18,89,6,2341,2023-10-09T04:39:29.000000+0000,Public
6781493964916966402,doktergigihits,DokterGigiHits,"",false,473,1911,56,57100,2020-01-13T18:20:04.000000+0000,Public
"",doktergigiii,"","",false,0,0,0,0,"",Gagal ditarik / Kemungkinan Private Ketat
7479388858423051272,doktergigikamu_,drg. Ivana | Dokter Gigi Kamu,Dental public health enthusiasm Dental Health Education 📩 Business inquiry: +6281266266419,false,102,12300,383,323100,2025-03-08T10:48:42.000000+0000,Public
6993236389429101569,doktergigikecil,doktergigikecil,Akun asal asalan Lgi belajar main tik tok,false,59,37,27,476,2021-08-06T08:48:49.000000+0000,Public
7044209401373017090,doktergigikediri_blitar,drg. Yuniko Dimas Ardi Ansyah,"DOKTER GIGI 📍 Jl. Cendrawasih, Lampu Merah Pasar Sambi Kediri Ke Arah Timur, Kec. Ringinrejo, Kab. Kediri, Jawa Timur WA : 0851-5805-6770",false,1,11600,239,46800,2021-12-21T17:30:08.000000+0000,Public
6782558417258644481,doktergigiku_garut,Doktergigiku_Garut,KLINIK UTAMA DOKTERGIGIKU Modern Dental Care in Garut Dokter Gigi Spesialis & Dokter Gigi Umum 👇 Reservasi & Lokasi,false,25,481,45,1898,2020-01-16T15:10:41.000000+0000,Public
6833279200599671810,doktergigilelilef,DOKTER GIGI LELILEF(ND DENTAL),"Alamat : Deretan Ruko Bank BRI, Ruko Nomor 10, Lelilef Waibulen 📞 :085825049814",false,583,3294,52,9807,2020-06-01T07:33:14.000000+0000,Public
7128326086718981147,doktergigilusi,Dokter Gigi Lusi J.,"",false,878,29700,1081,297100,2022-08-05T09:45:50.000000+0000,Public
7419190309702108165,doktergigimagang,eugenvfrmim,"Compra dando clic al enlace de abajo, y descubre más cosas en la tienda ✨",false,1,17700,258,142100,2024-09-27T05:27:35.000000+0000,Public
6893546646912074753,doktergigimakassar_,drg.yustikaputry | Makassar🥰,🎓 FKG UNHAS IG : @yustikaputry.drg,false,165,5124,137,129900,2020-11-10T17:21:42.000000+0000,Public
6860620256235324418,doktergigimedandgm,Dokter Gigi Medan,Konsultasi online WA 087766425351 IG @doktergigimedan dentist - orthodontist,false,2,4990,86,33200,2020-08-13T23:50:30.000000+0000,Public
"",doktergigipalur,"","",false,0,0,0,0,"",Gagal ditarik / Kemungkinan Private Ketat
7196359470342931482,doktergigipdcare,doktergigipdcare,Dokter Gigi KUBAR Senin-Sabtu : 09:00-21:00 Minggu : 12:00-21:00 Konsultasi GRATISS ⬇️ 081334329393,false,369,523,111,2154,2023-02-04T17:50:07.000000+0000,Public
7125035552211108890,doktergigiperbatasan,Farhan dokter gigi perbatasan,"R.I.P CONAN🥀18.3.2023💔 Business inq 🗂️ Putricnisa30@gmail.com 2 cabang Klinik dokter gigi 📍balai karangan, sekayam sanggau 📍 kapuas, sanggau",false,11,52000,868,4600000,2022-07-27T12:56:53.000000+0000,Public
6849143474853135362,doktergigisemarang,dokterbedahmulutsema,Edukasi Gigi - Mulut (education about teeth & mouth) IG : doktergigisemarang.id,false,78,68300,271,956400,2020-07-14T01:34:43.000000+0000,Public
7217637484115772417,doktergigisemarang_,doktergigisemarang,"drg. Imacullati Ririn, SpOrt, MMRS Jl. Melati Utara 16 Semarang 0821 3733 7377",false,2,32400,1153,1100000,2023-04-03T01:59:41.000000+0000,Public
6782216010876961793,doktergigishani,doktergigishani,dentist manish must be happiest 💗 shan bright like a diamond 💎,false,169,1867,806,54700,2020-01-15T17:01:59.000000+0000,Public
7065985085359096858,doktergigitantri,Drg.Tantri,"Do what’s right, not what’s usual🫶🏻 ❌No online consults❌  Dental care happens in person, not in DMs",false,66,30800,100,862500,2022-02-18T09:50:55.000000+0000,Public
6555044212206600193,doktergigituren,doktergigituren,life must goes on,false,6247,3454,3625,33500,2018-05-13T12:39:23.000000+0000,Public
"",doktergigiums,"","",false,0,0,0,0,"",Gagal ditarik / Kemungkinan Private Ketat
6809857569416725506,doktergigiwawansumantri,doktergigiwawansumantri,Dentist Influencer’s  #doktergigiwawansumantri #dentist For Business/Collab & Reservasi Appointment WhatsApp,false,9,34300,704,341100,2020-03-30T04:45:21.000000+0000,Public
6855485550116619266,doktergigiyun,doktergigiyun,Reservasi perawatan gigi 085165157489 Pontianak Bantu follow ya 🙈❤️ Yang follow dapat free konsultasi langsung  lewat DM 😁,false,836,6231,82,4238,2020-07-31T03:45:13.000000+0000,Public
6782466530078082050,dokterhar,dokterHar,🧑‍⚕️Dokter KeSUKSESanMu🥇 📌Bebas Sakit💉 📌Bebas Finansial💰💵 📌Bebas Waktu⏰,false,164,120100,282,1800000,2020-01-16T09:14:07.000000+0000,Public
7108026145274921986,dokterhelm,DokterHelm,Authorized Distributor Helmet OPEN RESELLER  & PEMBELIAN GROSIR👇🏻 Join Live : Senin-Minggu / 11:00siang sampai 03:00malam @DokterHelmTgr @DokterHelmJkt,false,19,94300,1104,797400,2022-06-11T16:51:42.000000+0000,Public
7029929349290099739,dokterhesy,Dokterku,FREE KONSULTASI link ⬇️ Health and beauty Product,false,14,7715,1,26000,2021-11-13T05:56:15.000000+0000,Public
"",dokterhewan,"","",false,0,0,0,0,"",Gagal ditarik / Kemungkinan Private Ketat
7589622752647218183,dokterhewan.awian,Dokterhewan Awianno,"",false,49,20,2,41,2025-12-30T12:12:30.000000+0000,Public
7318012543288443910,dokterhewan.tropical,dokterhewan.tropical,"Tropical vet , pet and farm",false,81,31,10,120,2023-12-29T13:46:10.000000+0000,Public
"",dokterhewan104,"","",false,0,0,0,0,"",Gagal ditarik / Kemungkinan Private Ketat
7254087120917480453,dokterhewan24,Mas Yumaja🫧,Pati utara!,false,37,646,7,296,2023-07-10T07:22:53.000000+0000,Public
"",dokterhewan324,"","",false,0,0,0,0,"",Gagal ditarik / Kemungkinan Private Ketat
"",dokterhewan38,"","",false,0,0,0,0,"",Gagal ditarik / Kemungkinan Private Ketat
6973643161570657281,dokterhewan6,Ahat,"",false,792,1022,54,881,2021-06-14T13:37:05.000000+0000,Public
7490960312758977543,dokterhewan70,🍩,"",false,61,167,2,2480,2025-04-08T15:11:51.000000+0000,Public
"",dokterhewan73,"","",false,0,0,0,0,"",Gagal ditarik / Kemungkinan Private Ketat
"",dokterhewan76,"","",false,0,0,0,0,"",Gagal ditarik / Kemungkinan Private Ketat
7123608220791096346,dokterhewan86,Dokter Hewan 86,"“For collaboration, contact: hbb.plyg@gmail.com”",false,14,17900,85,685900,2022-07-23T16:38:07.000000+0000,Public
"",dokterhewan95,"","",false,0,0,0,0,"",Gagal ditarik / Kemungkinan Private Ketat
"",dokterhewan_,"","",false,0,0,0,0,"",Gagal ditarik / Kemungkinan Private Ketat
"",dokterhewan___,"","",false,0,0,0,0,"",Gagal ditarik / Kemungkinan Private Ketat
6972746672154133505,dokterhewanasmat,dokterhewanasmat,No bio yet,false,1342,6006,207,95300,2021-06-12T03:38:15.000000+0000,Public
7158825471529010202,dokterhewanbandarlampung,dokterhewanbandarlampung,"Layanan • Pet Clinic, Pet Hotel, Grooming, Pet Shop   ☎️: 0877-1048-8388 📍: Jl. Way Sekampung No.27, Pahoman, Engal – Bandar Lampung",false,76,1335,23,555,2022-10-26T14:19:02.000000+0000,Public
"",dokterhewanbandung,"","",false,0,0,0,0,"",Gagal ditarik / Kemungkinan Private Ketat
6790163315331974145,dokterhewancirebon,Kimora petshop & Care,Praktik Mandiri Kimora Petshop & Care Ramadhan Praktik sore 16.00-18.00 Waled - Cirebon Timur Konsultasi Online Klik link dibawah https://kimora.my.id/,false,340,665,76,6180,2020-02-06T03:01:35.000000+0000,Public
7222556898674148354,dokterhewandoni,dokter hewan doni,"",false,2139,1357,453,12300,2023-04-16T08:09:31.000000+0000,Public
7191277748869825537,dokterhewanexoticjogja,dokterhewanexoticjogja,DOKTER HEWAN EXOTIC JOGJA 🐢🦎🦜🐓🦔🐇✨ Konsultasi dan Reservasi kedatangan 👇🏻,false,26,2287,56,194200,2023-01-22T01:10:26.000000+0000,Public
7178427941163582490,dokterhewanfernan,Dokter Hewan Pariaman,Dokter Hewan dan GM23 Petshop Sumbar.konsultasi kesehatan hewan 085272622733,false,280,480,142,6330,2022-12-18T10:06:37.000000+0000,Public
7056445215855444994,dokterhewanindaah,Dok.ind,Tidak menerima konsultasi online..,false,1304,507,56,7756,2022-01-23T16:51:21.000000+0000,Public
6637442368114524162,dokterhewanku.com,dokter hewan ngawi,tempat praktek Jl.A yani.gg jowan no 20 reservasi: 089654437394,false,444,1381,38,3582,2018-12-21T13:46:18.000000+0000,Public
6806494135081812993,dokterhewanlabuanbajo,MamaKennethCalvin,wife mom of two dokter hewan / Vet 💉,false,302,1649,408,10200,2020-03-21T03:13:30.000000+0000,Public
7330485742432977925,dokterhewanlaila,drh. Lailatus Sa'diyah,Dokter Hewan Call/WA : 082252548488,false,128,952,202,2212,2024-02-01T04:28:33.000000+0000,Public
6929425550823244802,dokterhewanlampung,Dokter Hewan Lampung,"☎️ WA 08117282020 / 08117282030 📍Felice Pet Care & Shop (Bandar Lampung) mohon maaf DM SLOW RESPON, fast respon hanya melalui wa 🙏🏻",false,2,552,20,1781,2021-02-15T09:50:11.000000+0000,Public
7162450882369307649,dokterhewanmadiun,dokterhewanmadiun,"Praktek Dokter Hewan & Petcare Jl. Slamet Riyadi I/16, Seberang Mie XP",false,73,97,174,3461,2022-11-05T08:47:29.000000+0000,Public
7065910051567928322,dokterhewanmuda8,Drh. Muda,"Ytb : kubab cover IG  : habib_kubab Habib Tantowi SK,H",false,2885,1344,55,1037,2022-02-18T04:59:45.000000+0000,Public
6903094438713852929,dokterhewanngawi,Gecko vet & care,🧑‍⚕️ : drh Febry Zainal  ⏱️ : 08:00 AM -20:00 PM (everyday)  📍: jln jawa karangasri ngawi  ☎️:0812-2940-1078,false,11,467,136,142700,2020-12-06T10:52:01.000000+0000,Public
7070080848612475905,dokterhewanonline,dokterhewanshop,Sharing Tips perawatan hewan kesayangan dan hewan peliharaan. let's go!,false,1570,2062,125,1685,2022-03-01T10:44:34.000000+0000,Public
7275597029340922888,dokterhewanpampamdo,Dokter Hewan Pampamdo,"Klinik Hewan Pampamdo 🐾 since 2013 Jl. DR Saharjo No 15, Manggarai, Jaksel Dokter Hewan | Grooming | Titip Hewan Konsultasi ⬇️ 081297790055",false,47,17800,150,464200,2023-09-06T06:32:19.000000+0000,Public
6933064866547549186,dokterhewanpekanbaru,Dokter Hewan Pekanbaru,"",false,9,1107,5,23,2021-02-25T05:12:35.000000+0000,Public
6992279691710743578,dokterhewanradhiyan,Radhiyan.vet,🩺 Vet&owner @radhiyanpetandcare 🐾 Vet Partner of @furvitpet.indonesia @mypets.indonesia 🎥 Influencer | Enterpreneur | Speaker ☎️ 081380006116 (dharma),false,377,2850,269,25600,2021-08-03T18:56:21.000000+0000,Public
7423802452116718597,dokterhewanrakyat,@dokterhewanrakyat,Konten Edukasi peternakan.,false,13,2279,76,14100,2024-10-09T15:45:03.000000+0000,Public
7224282452554269722,dokterhewans23,DRH,"melayani jasa konsultasi semua spesies hewan, menyediakan bahan baku pakan hewan, menyediakan sumber protein dari telur omega, penyedia telur non antibiotik",false,710,1695,40,748,2023-04-20T23:45:33.000000+0000,Public
7543136469767930901,dokterhewansiantar,dokterham,"Sharing dokter hewan 👨🏻‍⚕️🐾 | Vaksin, perawatan, tips sehari-hari 😻 | Klinik Hewan @HUBU Petshop & Klinik Hewan  💉",false,1,2760,199,94800,2025-08-27T05:41:59.000000+0000,Public
7145366871041688602,dokterhewansitorus,Siantar Pet Clinic,"Dokter Hewan,Pethotel, Petshop,Grooming We treat your pet as one of our family",false,429,608,66,6433,2022-09-20T07:52:47.000000+0000,Public
7205545769276982298,dokterhewantebingtinggi,Dokterhewantebingtinggikota,Jl. Jend. Sudirman No.242 T. Tinggi 📲 085360065450 Vet Clinic,false,777,477,22,4079,2023-03-01T11:57:39.000000+0000,Public
6912192213473199106,dokterhewanterdekat,DOKTER HEWAN KAB. LANDAK,"drh. Ryan Probo W Ngabang,Kab. Landak, KalBar Ig : @dokterhewan_landak 081228824321 081234561337",false,5426,1963,102,5831,2020-12-30T23:16:02.000000+0000,Public
7475600662974743560,dokterhewanto,dokterhewanto,Dokter Hewan Total 🐩🐈 Follow @dokterhewanto Untuk Info Seputar KucingAnjing Lu,false,1,16700,13,37700,2025-02-26T05:48:34.000000+0000,Public
6902171493402035201,dokterhewanwyt,Dokter Hewan WYT,KONSULTAN RUMINANSIA Microbial Driven Feeding System (MDFS) Efisiensi Produksi & Reproduksi Sapi Perah Pendekatan Kesehatan Rumen 📩 Konsultasi terbatas via DM,false,825,1792,141,9736,2020-12-03T23:10:31.000000+0000,Public
7098104798532224026,dokterhmd,dokterhmd,Bussiness inq 👇🏼,false,353,115800,1083,3600000,2022-05-15T23:11:48.000000+0000,Public
"",dokterida,"","",false,0,0,0,0,"",Gagal ditarik / Kemungkinan Private Ketat
7088633975438951450,dokterikadevisppd,"dr. Ika Devi, Sp.PD",IG @dokterikadevi 361 K wa CP 0818.370.170/0811.3322.664 KONSUL FREE👇👇,false,919,192000,999,1800000,2022-04-20T10:40:11.000000+0000,Public
6528690286079950849,dokterkalteng,Kadang pasien,"Kadang dokter, kadang pasien Business Inquiries +6287718665870 (Yessi)",false,136,46300,411,3200000,2018-03-03T12:12:41.000000+0000,Public
"",dokterkameliaberbagiuan1,"","",false,0,0,0,0,"",Gagal ditarik / Kemungkinan Private Ketat
7613266047450186760,dokterkameliia,Dokter Kamelia,Untuk Mendapatkan THR Lebaran 📌  Lihat detail wa admin dibawah 👇👇,false,2,48700,2,124800,2026-03-04T05:20:34.000000+0000,Public
7215232530634032155,dokterkecantikan09,Dokter kecantikan,"Beauty comes from inside, shines outside",false,78,180900,86,566500,2023-03-27T14:27:14.000000+0000,Public
6650681103802630145,dokterkecantikanmu,dr. deka hartono,Your Aesthetic Doctor From Jakarta 🇮🇩 Real Account ✅ 2nd acccount @Dokter Kecantikanmu 2,false,93,172200,1424,2100000,2019-01-26T05:59:22.000000+0000,Public
"",dokterkecik_,"","",false,0,0,0,0,"",Gagal ditarik / Kemungkinan Private Ketat
7387723425970177029,dokterkesehatan_id,Dokter kesehatan,Follow untuk info kesehatan Business inq +62 882-0013-04595,false,6,547200,146,10100000,2024-07-04T10:20:00.000000+0000,Public
"",dokterkhususjanda,"","",false,0,0,0,0,"",Gagal ditarik / Kemungkinan Private Ketat
6562343237709217793,dokterkita,DOKTERKITA,@klinikdokterkita.com,false,1175,822,67,3494,2018-06-02T04:43:19.000000+0000,Public
6980340710638666754,dokterkita_,karingragrant,Parfum Loundry Terbaik,false,13,57,10,146,2021-07-02T14:47:00.000000+0000,Public
"",dokterkomedian,"","",false,0,0,0,0,"",Gagal ditarik / Kemungkinan Private Ketat
"",dokterkopi,"","",false,0,0,0,0,"",Gagal ditarik / Kemungkinan Private Ketat
81973228262,dokterkosmetikk_,Dokter Kosmetik,"",false,1780,9210,41,39400,1970-01-01T00:00:19.000000+0000,Public
"",dokterkulit,"","",false,0,0,0,0,"",Gagal ditarik / Kemungkinan Private Ketat
7551327093285569544,dokterkulit.andre,edukasikulit_spkk,"Dr. Andre, Sp.DVE Dokter Spesialis Kulit & Kelamin Skin • Hair • STD • Aesthetic 🏥 Rumkital dr.Mintoharjo 🏥 Klinik Pandawa Jakarta",false,3,576,15,2501,2025-09-18T07:25:47.000000+0000,Public
"",dokterkulit.balikpapan,"","",false,0,0,0,0,"",Gagal ditarik / Kemungkinan Private Ketat
7456039244814599185,dokterkulit.co.id,Dokter kulit,"",false,465,845,2,2,2025-01-04T12:40:16.000000+0000,Public
7263378542473479174,dokterkulit.drniar,Dokterkulit.drniar,Estetik | Kulit | Kelamin Brawijaya depok ❄️ Uderma linktr.ee/dokterkulit.drniar,false,11,1260,51,10000,2023-08-04T08:18:21.000000+0000,Public
7573252739057075216,dokterkulit.id,Dokter Spesialis Kulit,Follow untuk tips kesehatan,false,1,3482,145,20600,2025-11-16T09:28:29.000000+0000,Public
"",dokterkulit08,"","",false,0,0,0,0,"",Gagal ditarik / Kemungkinan Private Ketat
"",dokterkulit1,"","",false,0,0,0,0,"",Gagal ditarik / Kemungkinan Private Ketat
6977008003380724737,dokterkulit198,dokterkulit198,"",false,4,4,2,1,2021-06-23T15:14:24.000000+0000,Public
7161376840794883098,dokterkulit2,Skin care telaris,Make up glowing skin care 😍😘 Dijamin Original Dan BPOM💯,false,663,344,129,1506,2022-11-02T11:19:39.000000+0000,Public
"",dokterkulit23,"","",false,0,0,0,0,"",Gagal ditarik / Kemungkinan Private Ketat
7398859048168227857,dokterkulit4,dokterkulit,"",false,62,11,5,3,2024-08-03T10:31:54.000000+0000,Public
"",dokterkulit5,"","",false,0,0,0,0,"",Gagal ditarik / Kemungkinan Private Ketat
"",dokterkulit6,"","",false,0,0,0,0,"",Gagal ditarik / Kemungkinan Private Ketat
"",dokterkulit75,"","",false,0,0,0,0,"",Gagal ditarik / Kemungkinan Private Ketat
7475715305986638849,dokterkulit86,dokterkulit86,REKOMENDASI PENGHILANG KUTIL SECARA PERMANEN TANPA EFEK SAMPING ✅️✅️✅️,false,0,3,7,21,2025-02-26T13:13:26.000000+0000,Public
7467475034606109701,dokterkulit_estetikakoe,dokterkulit_estetikakoe,"Spesialis Kulit, Kelamin & Estetika Instagram: @dokterkulit_estetikakoe  RSU HANDAYANI KOTABUMI RSU GRAHA HUSADA BDL RSU AZZAHRA KALIREJO LAMTENG",false,21,175,39,861,2025-02-04T08:16:58.000000+0000,Public
7492293897403450375,dokterkulit_mojok,Spesialiskulit_Mojokerto,"Dokter Kulit Mojokerto  dr. Asri Rahmawati,SpDVE, FINSDV @kencanaskinclinic1",false,326,1584,97,8827,2025-04-12T05:26:50.000000+0000,Public
7498629786097452038,dokterkulitarisia,"dr. Arisia Fadila, Sp. DVE",Dokter spesialis kulit bagi-bagi tips menjaga kesehatan kulit sehari-hari,false,27,60,15,294,2025-04-29T07:13:19.000000+0000,Public
7407436170634363909,dokterkulitasli1,dokterkulitasli1,Bikin Kamu Cantik🥰,false,0,254,121,1776,2024-08-26T13:15:31.000000+0000,Public
6939792544965837826,dokterkulitbatam,dokterkulitbatam,"dr. Tessa Thendria, MKedKlin, Sp.DVE RS AWAL BROS BATAM  APOTEK GOODWILL APPOINMENT +62 811-9932-199",false,51,3077,71,35300,2021-03-15T08:19:25.000000+0000,Public
6871133591638066178,dokterkulitbekasi,"dr. Dia Febrina,Sp.DVE, FINSDV",Founder @Dr.dermskincareofficial Konsultasi online & Collab 👇👇,false,28,4746,46,19400,2020-09-11T07:47:36.000000+0000,Public
6679748474287047682,dokterkulitbungo,"dr. Lely Marlini, Sp.DVE",👩🏻‍⚕️ Dokter Spesialis Kulit @Klinik Utama Shaza  🌼 Owner @Beauty Lounge  ♥️ Sharing Skincare - Beauty - Daily Life,false,7,2310,45,5885,2019-04-14T13:55:36.000000+0000,Public
7452905347645293585,dokterkulitdankelamin,"dr. Junaidi, Sp.KK, M. Ked","✨Edukasi dan Solusi Berbagai Penyakit Kulit✨ 👨🏻‍⚕️dr. Junaidi, Sp. Kk., M. Ked",false,6,691,32,226,2024-12-27T01:59:09.000000+0000,Public
6953716306478629890,dokterkulitfirda,"Dr Firda,SpKK, FINSDV, FAADV","Hafira Skincare formulasi Dokterkulit, BPOM,Halal,NO ADDICT !! Klik👇👇",false,88,3437,397,16900,2021-04-21T20:50:43.000000+0000,Public
6913044906996057089,dokterkulitgarut,"dr. Mushthafa A, Sp.DVE","- Board-certified Dermatologist, Venereologist, and Aesthetic Specialist - Spesialis Kulit, Kelamin, dan Estetika IG: mushthafa_dermatologist",false,210,1132,112,65400,2021-01-02T06:24:55.000000+0000,Public
7094476394616767489,dokterkulitglow,Dokter Kulit Glow,DOKTER KULIT Free Ongkir & konsul Bisa COD 👇 https://msha.ke/dokterkulitglow.,false,38,23,5,9,2022-05-06T04:31:45.000000+0000,Public
"",dokterkulitindo,"","",false,0,0,0,0,"",Gagal ditarik / Kemungkinan Private Ketat
7496193722545357842,dokterkulitjaksel,dokterkulitjaksel,"Dr. Pandu Haryo Jatmiko, Sp.DVE  Dermatologist 📍Smart Skin Clinic, Jakarta Skin Center, Siloam Hospital Mampang, IG @tellyourskin ❌ DM consultation",false,3,297,63,2428,2025-04-22T17:40:09.000000+0000,Public
6953720399197324290,dokterkulitkamu,"dr. Jhauharina, SpDVE","Spesialis Dermatologi,Venereologi, Estetika | RS Siloam Mampang Konsultasi online: (admin) 088293547358",false,118,175900,389,1500000,2021-04-21T21:06:36.000000+0000,Public
"",dokterkulitkelamin,"","",false,0,0,0,0,"",Gagal ditarik / Kemungkinan Private Ketat
"",dokterkulitku,"","",false,0,0,0,0,"",Gagal ditarik / Kemungkinan Private Ketat
6729661074809865217,dokterkulitkucom,"dr.Arthur,SpKK | dokterkulitku","Edukasi kesehatan, kecantikan, kulit kelamin utk awam. Konsul & Belanja 👇",true,153,1100000,308,18600000,2019-08-27T02:01:59.000000+0000,Public
7327762736900572166,dokterkulitkucom_,user46360287609,No bio yet,false,59,15,2,4,2024-01-24T20:21:54.000000+0000,Public
"",dokterkulitkusabr,"","",false,0,0,0,0,"",Gagal ditarik / Kemungkinan Private Ketat
7491187785141355537,dokterkulitlamongan,dokterkulitlamongan,"dr. Yuli Wahyu R, Sp.DVE ig : @dokterkulitlamongan wa : 081909054955 (appointment by Wa) 📍ruko demangan residence, Lamongan",false,0,50,9,76,2025-04-09T05:54:33.000000+0000,Public
"",dokterkulitmobil,"","",false,0,0,0,0,"",Gagal ditarik / Kemungkinan Private Ketat
6913314452507739137,dokterkulitmobil7,Mojo Indah Garage,📍 https://share.google/D4d4jJsvFqdwPiqfw,false,35,372,6,420,2021-01-02T23:50:53.000000+0000,Public
6956931232233440257,dokterkulitmu,dermatips,"📣 Edukasi Kesehatan 💉 dr. Lidya T, SpDVE",false,113,180,28,8565,2021-04-30T12:46:16.000000+0000,Public
"",dokterkulitniar,"","",false,0,0,0,0,"",Gagal ditarik / Kemungkinan Private Ketat
"",dokterkulitpangkep,"","",false,0,0,0,0,"",Gagal ditarik / Kemungkinan Private Ketat
"",dokterkulitputri,"","",false,0,0,0,0,"",Gagal ditarik / Kemungkinan Private Ketat
7560627874416378887,dokterkulitsehat,dokterkulitsehat.id,"Daily Skin Health  Praktik di Skin 3 Clinic Jakarta, Skin 3 Clinic Depok & RSIA Sammarie Family Healthcare",false,82,51,12,85,2025-10-13T08:57:34.000000+0000,Public
7640442158084293652,dokterkulitsehatskintalk,SkinTalk,dokter untuk kamu,false,0,0,2,7,2026-05-16T10:57:45.000000+0000,Public
"",dokterkulitsemara,"","",false,0,0,0,0,"",Gagal ditarik / Kemungkinan Private Ketat
7394676071419233285,dokterkulitsemarang,"dr.Clarissa Valencia S.,Sp.DVE","dr. Clarissa Valencia Sudjadi, Sp.DVE SPESIALIS KULIT DAN KELAMIN 085868799000",false,0,15,33,130,2024-07-23T03:59:49.000000+0000,Public
"",dokterkulitsolo,"","",false,0,0,0,0,"",Gagal ditarik / Kemungkinan Private Ketat
"",dokterkulitsyahfo,"","",false,0,0,0,0,"",Gagal ditarik / Kemungkinan Private Ketat
7388910075706098693,dokterkulittarakan,dokterkulittarakan,"👨‍⚕️ Aznamry, dr., Sp. D.V.E, MARS, AIFO-K 🏥 RS Pertamina Trkn || Praktek Apotek Restu Farma Trkn 🫡 SIAP MENGAWAL KESEHATAN KULIT KAMU",false,16,1766,45,7878,2024-07-07T15:04:48.000000+0000,Public
7042115053383025665,dokterkulityu,dr Yusuf Ardian SpDVE,"Dokter Spesialis Kulit, Estetika (Sp.DVE)  Edukasi Flek, Jerawat & Acne Scar 🎥 Jawaban via kolom komentar 📩 Konsultasi pribadi & produk via WA",false,1238,35800,830,89700,2021-12-16T02:03:00.000000+0000,Public
7476715436542870545,dokterkulkas01,dokterkulkas,0821 3140 3088 Dokter Kulkas alumni PT yasonta(sharp)  since 1982 ProbolinggO,false,9988,2396,630,12500,2025-03-01T05:54:27.000000+0000,Public
"",dokterkurastuntas,"","",false,0,0,0,0,"",Gagal ditarik / Kemungkinan Private Ketat
"",dokterlawak,"","",false,0,0,0,0,"",Gagal ditarik / Kemungkinan Private Ketat
7362460197450810374,doktermatahendra,doktermatahendra,👁️ Bikin mata tetap sehat sampai tua 🎥 Edukasi kesehatan mata 👍 Bantu 10.000+ mata 👨🏻‍⚕️ LASIK | SMILE | Katarak | Retina 📍Makassar | WA👇 082151116141,false,0,153500,397,528500,2024-04-27T08:25:46.000000+0000,Public
7251874893338330114,doktermayat7,Doktermayat,M a small green Mortici-ant 🐜 1st Muslim lady Embalmer in 🇸🇬,false,6592,113300,272,494800,2023-07-04T08:18:19.000000+0000,Public
6772441817369986050,doktermedok,Dokter Medok,"dr. Adrian Setiaji, Sp KFR, AIFO-K Taekwondo & Flexibility Coach 🏆 📍Jakarta",false,37,826300,1697,14100000,2019-12-20T08:53:07.000000+0000,Public
7135025974328493082,doktermesty,"dr. Mesty Ariotedjo, SpA, MPH","Ibu & dokter anak, bangun satu solusi untuk parenting, @Tentang Anak",false,7,315400,321,5000000,2022-08-23T11:04:50.000000+0000,Public
6864576830368908289,doktermlbb,(Timothy) Dokter MLBB,Restream MPL ID Jumat-Sabtu-Minggu (14:15 WIB) Mau isi 💎 & WDP ke deskripsi Doktermlbb Web kelas (Kelasdoktermlbb.com) Daftar kelas Dokter click link desc ⬇️,false,0,0,3393,18500000,2020-08-24T15:44:01.000000+0000,Public
7096745500074902555,doktermobil_indonesia,Dokter Mobil Indonesia,"Bengkel Spesialis AC, Tune Up & Cuci Darah Mobil CUCI AC 99K | CHAT ADMIN 🔽🔽",false,46,268800,1487,3300000,2022-05-12T07:17:02.000000+0000,Public
7441029605094147088,doktermuda08,dokter muda,"",false,22,6,9,7,2024-11-25T01:55:12.000000+0000,Public
"",doktermuda93,"","",false,0,0,0,0,"",Gagal ditarik / Kemungkinan Private Ketat
"",doktermuda_21,"","",false,0,0,0,0,"",Gagal ditarik / Kemungkinan Private Ketat
"",doktermudahdylandanis,"","",false,0,0,0,0,"",Gagal ditarik / Kemungkinan Private Ketat
"",doktermudamu2020,"","",false,0,0,0,0,"",Gagal ditarik / Kemungkinan Private Ketat
6956300240383214593,doktermutan,"dr. Frenos , M.Biomed",lo percaya ga? kalau gua..A humble voice from within your mind.,false,2,167900,265,5100000,2021-04-28T19:57:42.000000+0000,Public
7507164089904104466,dokternadiyah,"Dr. dr. Nadiyah, Sp.OG","20th Spesialis Obgyn👩‍⚕️ Rutin berbagi tips kesehatan perempuan, ibu & anak 💡",false,7,115600,300,1800000,2025-05-22T07:10:47.000000+0000,Public
7370584822509880326,dokterninakustinasp.og,"Dokter Nina Kustina,Sp.Og",Kami Utamakan Privasi Terjaga Tidak Ada Resiko Atau Efek Samping Gransi Uang Kembali Jika Gagal 100% Amnah Tinggal WhatsApp👇👇,false,95,14100,1,32900,2024-05-19T05:53:28.000000+0000,Public
"",dokternuratina,"","",false,0,0,0,0,"",Gagal ditarik / Kemungkinan Private Ketat
7404368933572969477,dokternya_anak_anak,🌻,"",false,132,291,6,564,2024-08-18T06:53:04.000000+0000,Public
7640099583142462472,dokternya_genz,Dokternya_genz,"ojok bosen dadi wong apik 🔥 sdy,malang,Gresik more DM  melayani partai besar maupun kecil  ekspedisi se-nusantara",false,47,33,1,5,2026-05-15T12:48:23.000000+0000,Public
7567600534287729684,dokternya_genz.yaa,dokter genZ👩‍⚕,"",false,1,1,5,61,2025-11-01T03:55:03.000000+0000,Public
6671021657858228225,dokteronline,dr. Akbar Sp.PD,Your Online Internist 🧑‍⚕️ Hi...saya dr. Akbar Sp.PD 👋 Endorse or Business DM IG 🤙🏻 Or Text CP : 0877-1866-5870 (Yessi),false,33,348500,1459,3100000,2019-03-22T01:31:06.000000+0000,Public
7465816432228779025,dokteroplos_official,Dokter Oplos Essen Lab,✅️Edukasi & sharing umpan ✅️Berdasarkan pengalaman & pendekatan ilmiah ✅️Bersama jadi pemancing yang lebih pintar,false,19,7233,123,30900,2025-01-30T21:00:45.000000+0000,Public
7297422395386725422,dokterpintar21,DIY Verse,🪵 Turning Trash Into Luxury Furniture ✨ DIY • Woodworking • Satisfying Builds,false,2800,138000,1104,2300000,2023-11-04T02:05:53.000000+0000,Public
7505294792696644615,dokterpstore_maka,DOKTERPSTORE_MAKASSAR_PERINTIS,"",false,22,653,4,211,2025-05-17T06:16:57.000000+0000,Public
6841842511049933826,dokterpstore_p0ntianak,DOKTER PSTORE PONTIANAK,"Servis iPhone Termurah DiPontianak 📍JL.Jend Urip,Sebrang Mall Matahari,Pontianak Kota,Kalimantan Barat @pst0re @pstorepontianak_new @dokterpstore 0881010137024",false,5967,21800,102,116100,2020-06-24T09:23:15.000000+0000,Public
7631602614304867336,dokterputridasmaratih,PraktekDokter Putri Dasmaratih,"Pelayanan Ramah,Perawatan Optimal 🏥Senin-Minggu 🕘09:00-21:00 📍Kota Dumai,Riau",false,2,11,4,35,2026-04-22T15:15:48.000000+0000,Public
"",dokterrahayu.tl.saitours,"","",false,0,0,0,0,"",Gagal ditarik / Kemungkinan Private Ketat
"",dokterrambut.id,"","",false,0,0,0,0,"",Gagal ditarik / Kemungkinan Private Ketat
7387874990169408518,dokterricharlie,dokter,"",false,1423,616,23,188,2024-07-04T20:08:09.000000+0000,Public
"",dokterrio,"","",false,0,0,0,0,"",Gagal ditarik / Kemungkinan Private Ketat
6713167993130238977,dokterris,dokterris,Edukasi Kesehatan Dunia Kedokteran,false,20,164200,539,3100000,2019-07-13T15:20:24.000000+0000,Public
7183923674750895131,dokterrizkimrd,dokterrizkimrd,"Kerjasama by WA/IG ""Cocoknya untuk Anak""@Yayle Indonesia  LIVE RUTIN JAM 8 MALAM",false,15,194800,986,981000,2023-01-02T05:32:53.000000+0000,Public
6870055585540424705,dokterrtiktok,Dokter Tiktok,DOKTER BUKAN CUMA OBAT YANG DIA BERIKAN… TAPI JUGA BISIKAN YANG PERLAHAN MENGUASAI PIKIRAN. CP ENDORS 0895-4113-52468,false,4,264300,792,17200000,2020-09-08T10:04:23.000000+0000,Public
7136796353812333569,doktersarafku,DokterSarafKu | FajarQIMI SpN,"Dokter Saraf &Nyeri Balikpapan @rspertaminabpp  Sp.N,FMIN,CIPS,FIPP,CIPP, AIFO-K",false,555,538100,1380,3900000,2022-08-28T05:34:48.000000+0000,Public
7095544169397404677,doktersosialmedia,DOKTER SOSMED INDONESIA,"CS : 082229999189 Kami penyedia jasa profesional dibidang layangan media sosial yang berfokus pada JASA VIEWS LIVE STREAMING engagement,Visibilitas Toko online",false,1,202800,1342,43500000,2022-05-09T01:35:16.000000+0000,Public
7624922461549626388,dokterspesialisherbal.id,Putri✨ l Edukasi Kesehatan,"✨Sharing Edukasi✨ Review herbal, edukasi promil, haid & kesehatan wanita 🌿",false,3,928,75,9969,2026-04-04T15:13:24.000000+0000,Public
7433254462376903686,dokterspesialiskulitmu,dokterspesialiskulitmu,"Know your skin, love your skin! #DermatologyExpert #HealthySkin",false,4,41,8,81,2024-11-04T03:03:40.000000+0000,Public
7217087157638792198,dokterstephanie,"dr. Stephanie Anindita Sp, FM",Dokter Spesialis Forensik & Medikolegal.,false,61,661400,523,5700000,2023-04-01T14:24:08.000000+0000,Public
6947171309621462018,dokterstir,Dokterstir,📍MALL MGK KEMAYORAN LT 5 Blok E5 NO.6 WA 0838 6950 8093 WA 0813 8000 2023 SENIN - SABTU 09:30 - 18:00,false,68,34500,1515,272700,2021-04-04T05:32:47.000000+0000,Public
7265354848648332293,dokterstrsumsel,𝐃𝐎𝐊𝐓𝐄𝐑 𝐒𝐓𝐑💱,follow ini akun ke DUA✍️ ™Jadilah Orang Baik Meskipun Tidak Pernah Di Anggap BAIK✓,false,468,501800,1581,7300000,2023-08-09T16:07:25.000000+0000,Public
6950281973736014850,doktertht,doktertht,💡Bahas AMANDEL A-Z di Konten Subscription/Langganan,false,281,151200,818,2900000,2021-04-12T14:43:45.000000+0000,Public
7258499073899070470,doktertoktok,DokterTiktok,Terimakasih atas dukungan berharga dari Anda 🙏,false,17,104100,122,1900000,2023-07-22T04:43:31.000000+0000,Public
6946932658555454466,doktertoyindonesia,Dokter Toy,The og of Crazy Bird and Karoman.  Dokter Toy selalu ada yang baru ⭐ #NEWKAROMANCHIBI,false,0,35600,254,191600,2021-04-03T14:06:42.000000+0000,Public
7021233434992182273,doktertulanganak,Hengkie Marseno,Dokter Tulang Anak RS Akademik UGM RS Mayapada Surabaya Halodoc,false,174,5224,67,111800,2021-10-20T19:31:39.000000+0000,Public
7587023603541492754,dokterumumsehat1_,EDUKASI KESEHATAN,"",false,21,19,20,235,2025-12-23T12:06:29.000000+0000,Public
"",dokterwinda.anak,"","",false,0,0,0,0,"",Gagal ditarik / Kemungkinan Private Ketat
7221575574479782938,dokterwongkito,dokterwongkito,"dr. EMIR FAKHRUDIN, SpOG, Subsp. FER, DMAS",false,4,119000,237,934100,2023-04-13T16:41:29.000000+0000,Public
7649018283018863637,dokterxg,DX,@,false,7071,2681,40,1009,2026-06-08T13:37:30.000000+0000,Public
7512400879787230228,doktor_indosiarr,DOKTER,bagi yang ingin mati ayoo berobat dengan saya,false,16,42,1,7,2025-06-05T09:52:12.000000+0000,Public
"",doktor_kulit2,"","",false,0,0,0,0,"",Gagal ditarik / Kemungkinan Private Ketat
7338644901952193542,dokwira,dokter hewan wira,Dokter Hewan  Email: drhzatyawirabhakty@gmail.com Bertanya di kolom komentar aja ya.,false,126,6728,613,102700,2024-02-23T04:10:16.000000+0000,Public
7381775942350717958,domofficial2m,DOM Official (ช่องจริง),ติดต่องาน line : @457mapxb เท่านั้น,false,118,302400,5723,10700000,2024-06-18T09:40:43.000000+0000,Public
6810005195877336066,dosenkecantikan,Dosen Kecantikan 🗒✍🏼,"gak cantik dari sananya, bisa cantik dari dananya. pamela: 0878-1000-1371",true,355,1200000,1370,127800000,2020-03-30T14:18:13.000000+0000,Public
7103536806137873435,dosenskincare,DosenSkincare,Edukasi skincare berdasarkan science S.T Teknik Kimia ITB M.Sc Chemical Eng NUS,false,408,923300,267,25300000,2022-05-30T14:30:46.000000+0000,Public
7259142073704776709,dotercerita,DOKTER CERITA 🎬,SEDANG BERCERITA ☺️ jangan lupa mampir 👇,false,0,1,2,1,2023-07-23T22:18:41.000000+0000,Public
7401107832131437574,dr..ikhsan8,Dr. Ikhsan,febi febi,false,622,783,9,82,2024-08-09T11:58:20.000000+0000,Public
"",dr.abdul,"","",false,0,0,0,0,"",Gagal ditarik / Kemungkinan Private Ketat
"",dr.abelina.mes,"","",false,0,0,0,0,"",Gagal ditarik / Kemungkinan Private Ketat
6658171021369425921,dr.aisyafik,Aisya Dokter Anak,🏥👩‍⚕️Dokter Sp. Anak di SOLO | Konselor ASI & MPASI | 🏥 RS UNS | 🏥 RS Hidayah DM 📞087718665870 for business inquiries (Yessi) 🩺 Konsultasi via Halodoc 👇,false,157,137800,881,369200,2019-02-15T10:24:04.000000+0000,Public
"",dr.alghufron,"","",false,0,0,0,0,"",Gagal ditarik / Kemungkinan Private Ketat
7325323125338719275,dr.althea_official,Dr.Althea US,Only essentials.  Gently effective. SHOP FROM OUR OFFICIAL MALL⬇️,true,7,270600,382,1700000,2024-01-18T06:34:58.000000+0000,Public
"",dr.amira.spog,"","",false,0,0,0,0,"",Gagal ditarik / Kemungkinan Private Ketat
"",dr.andry_obgyn,"","",false,0,0,0,0,"",Gagal ditarik / Kemungkinan Private Ketat
"",dr.andry_spkj,"","",false,0,0,0,0,"",Gagal ditarik / Kemungkinan Private Ketat
"",dr.antonius,"","",false,0,0,0,0,"",Gagal ditarik / Kemungkinan Private Ketat
"",dr.ardisppkk,"","",false,0,0,0,0,"",Gagal ditarik / Kemungkinan Private Ketat
7481750856389936134,dr.ayman.suwaid,Dr. Ayman Suwaid,"",false,0,14800,59,41000,2025-03-14T19:34:27.000000+0000,Public
"",dr.benny_spog,"","",false,0,0,0,0,"",Gagal ditarik / Kemungkinan Private Ketat
"",dr.bevy,"","",false,0,0,0,0,"",Gagal ditarik / Kemungkinan Private Ketat
"",dr.bramundito,"","",false,0,0,0,0,"",Gagal ditarik / Kemungkinan Private Ketat
"",dr.cladiaspdv,"","",false,0,0,0,0,"",Gagal ditarik / Kemungkinan Private Ketat
"",dr.clara_spkk,"","",false,0,0,0,0,"",Gagal ditarik / Kemungkinan Private Ketat
"",dr.claudia,"","",false,0,0,0,0,"",Gagal ditarik / Kemungkinan Private Ketat
"",dr.daffashafwan,"","",false,0,0,0,0,"",Gagal ditarik / Kemungkinan Private Ketat
"",dr.daisy_spdv,"","",false,0,0,0,0,"",Gagal ditarik / Kemungkinan Private Ketat
"",dr.danar,"","",false,0,0,0,0,"",Gagal ditarik / Kemungkinan Private Ketat
"",dr.danielaronov,"","",false,0,0,0,0,"",Gagal ditarik / Kemungkinan Private Ketat
"",dr.dara_spog,"","",false,0,0,0,0,"",Gagal ditarik / Kemungkinan Private Ketat
6794387565735773186,dr.deamaulidia,dr.Dea♥️ Dokter Laktasi,Hobi Jalan2 sama bocil 💕 Dokter Konsultan Laktasi & Konselor MPASI Sharing seputar Ibu dan Bayi IG: @deamaulidia Konsultasi klik ⬇️,false,1248,29500,337,498500,2020-02-17T12:13:50.000000+0000,Public
"",dr.decsa,"","",false,0,0,0,0,"",Gagal ditarik / Kemungkinan Private Ketat
7168395212883264514,dr.devialmalizaapris,dokter devi almaliza oktary,dokter  mamanya raline❤️ masyallah tabarakallah❤️,false,357,51,7,56,2022-11-21T09:14:31.000000+0000,Public
"",dr.dhika,"","",false,0,0,0,0,"",Gagal ditarik / Kemungkinan Private Ketat
"",dr.dhika_umum,"","",false,0,0,0,0,"",Gagal ditarik / Kemungkinan Private Ketat
"",dr.dimas_spn,"","",false,0,0,0,0,"",Gagal ditarik / Kemungkinan Private Ketat
"",dr.ekles,"","",false,0,0,0,0,"",Gagal ditarik / Kemungkinan Private Ketat
"",dr.erfen,"","",false,0,0,0,0,"",Gagal ditarik / Kemungkinan Private Ketat
"",dr.erfen_sps,"","",false,0,0,0,0,"",Gagal ditarik / Kemungkinan Private Ketat
7634770056149156871,dr.ernacipta,Klinik Dokter Erna Cipta,KONSULTASI DAN KUNJUNGI KLINIK KAMI 081585375773,false,12,196,113,1166,2026-05-01T04:07:06.000000+0000,Public
6889447047134020613,dr.ezzatofficial,Ahmed Ezzat,دكتور أحمد عزت أخصائي أمراض النساء والتوليد Dr. Ahmed Ezzat د. أحمد عزت,true,116,3800000,1810,41700000,2020-10-30T16:13:10.000000+0000,Public
6887692805838521346,dr.faisal_,دكتور فيصل ⚽️💙🤍,صغير في العمر 👦 كبير في حب نادي الهلال 💙 أعشق البطولات والطموح ⭐🏆 والزعيم دايم في القمة 💪,false,211,1362,127,9546,2020-10-25T22:45:49.000000+0000,Public
"",dr.felicia_,"","",false,0,0,0,0,"",Gagal ditarik / Kemungkinan Private Ketat
"",dr.ferry_k,"","",false,0,0,0,0,"",Gagal ditarik / Kemungkinan Private Ketat
"",dr.fransiscashf,"","",false,0,0,0,0,"",Gagal ditarik / Kemungkinan Private Ketat
"",dr.fransiskashf,"","",false,0,0,0,0,"",Gagal ditarik / Kemungkinan Private Ketat
"",dr.gabriellasalim,"","",false,0,0,0,0,"",Gagal ditarik / Kemungkinan Private Ketat
"",dr.gilang_spdv,"","",false,0,0,0,0,"",Gagal ditarik / Kemungkinan Private Ketat
7131571589069915137,dr.giovanniabraham,dr. gio | Skincare Educator,📚Based On Research 🎖️Your Educator 🥼Doctor  Glow Hacker✨ 📞0878-6477-6040 (Rai),false,495,986300,1830,25000000,2022-08-14T03:40:03.000000+0000,Public
"",dr.hanschristian,"","",false,0,0,0,0,"",Gagal ditarik / Kemungkinan Private Ketat
6789618337900971009,dr.harun.albar,Dokter Spesialis Anak,@brawijayaantasari  @kmchospital_  @murniteguhpejatenjakarta business inquiries +6285183230174,false,378,58400,253,256800,2020-02-04T15:46:47.000000+0000,Public
"",dr.hasan_spog,"","",false,0,0,0,0,"",Gagal ditarik / Kemungkinan Private Ketat
102656786180063232,dr.henry,Dr.Henry,"""live with passion, live musical.ly""",false,7,10,4,47,1970-10-04T15:20:45.000000+0000,Public
"",dr.henry_kulit,"","",false,0,0,0,0,"",Gagal ditarik / Kemungkinan Private Ketat
7320901929277424645,dr.hewan_projek,dr.hewan projek,"",false,211,30,3,10,2024-01-06T08:38:28.000000+0000,Public
6989232629896905730,dr.ihsanbiren,dr.ihsanbiren,"Dokter, Aktivis, Santri 🇮🇩 Jakarta, Indonesia",false,81,37100,246,577300,2021-07-26T13:52:11.000000+0000,Public
7362912848655221766,dr.ikhsan,dr ikhsan,"",false,42,102,4,8,2024-04-28T13:42:17.000000+0000,Public
"",dr.ilham_obgyn,"","",false,0,0,0,0,"",Gagal ditarik / Kemungkinan Private Ketat
"",dr.iman_spkj,"","",false,0,0,0,0,"",Gagal ditarik / Kemungkinan Private Ketat
6882046558528701442,dr.indratarigan,Doa ibu persada,kolaborasi wa admin:  081376910855,false,1,2000000,1159,36000000,2020-10-10T17:35:29.000000+0000,Public
7398986523952284677,dr.indrawijaya,dr.indra Wijaya,berjuang demi masa depan,false,225,201,31,296,2024-08-03T18:46:34.000000+0000,Public
"",dr.irfan_spog,"","",false,0,0,0,0,"",Gagal ditarik / Kemungkinan Private Ketat
"",dr.isnamiranti,"","",false,0,0,0,0,"",Gagal ditarik / Kemungkinan Private Ketat
"",dr.iswanto,"","",false,0,0,0,0,"",Gagal ditarik / Kemungkinan Private Ketat
"",dr.iswanto_spog,"","",false,0,0,0,0,"",Gagal ditarik / Kemungkinan Private Ketat
7291346829417333793,dr.jeffry,Dr.Jeffry,Dunmex com | Bill Gates promo code 🔥🔥🔥,false,0,0,3,1,2023-10-18T17:09:35.000000+0000,Public
"",dr.jessica_t,"","",false,0,0,0,0,"",Gagal ditarik / Kemungkinan Private Ketat
"",dr.jiemi_spkj,"","",false,0,0,0,0,"",Gagal ditarik / Kemungkinan Private Ketat
7468606629014799368,dr.kamelianew,Dr.Kamelia NEW,SILAHKAN ANDA KIRIM 📤 DM / HUBUNGI NO SAYA DIBAWAH UNTUK BANTUAN-NYA pasti Langsung saya RESPON 🥰 𝗪𝗵𝗮𝘁𝘀𝗔𝗽𝗽 👇🏻,false,0,25400,15,41100,2025-02-07T09:28:08.000000+0000,Public
"",dr.kamila_spdv,"","",false,0,0,0,0,"",Gagal ditarik / Kemungkinan Private Ketat
"",dr.kamilahjaidi,"","",false,0,0,0,0,"",Gagal ditarik / Kemungkinan Private Ketat
"",dr.kevinmak,"","",false,0,0,0,0,"",Gagal ditarik / Kemungkinan Private Ketat
"",dr.kriston,"","",false,0,0,0,0,"",Gagal ditarik / Kemungkinan Private Ketat
7507542329386796033,dr.kulit_pelaihari,dr.kulit_pelaihari,"Spesialis Kulit, Kelamin dan Estetika Senin - Sabtu Info dan Pendaftaran: 085250305767 (WA) Instagram: dr.kulit_pelaihari",false,0,143,22,336,2025-05-23T07:38:32.000000+0000,Public
"",dr.lahargo_spkj,"","",false,0,0,0,0,"",Gagal ditarik / Kemungkinan Private Ketat
6572496116608663561,dr.lismaviany,"dr. Lisma Viany, M.Biomed✨","Lisvia Beauty : Cemara, Amir Hamzah, T.Morawa, Binjai | DM IG @lisvia_beauty✨🥰",false,42,9183,328,91400,2018-06-29T13:21:41.000000+0000,Public
6777684347346699270,dr.mario_,🌱🐾🦡,Edits and Gacha :) Don’t steal please 🤦‍♀️ Goal 10k  BE A WORM 🐛💖😋,false,2,12,2,31,2020-01-03T11:56:49.000000+0000,Public
7272086777991726123,dr.marsha,Dr Marsha,"",false,728,61,1,6,2023-08-27T19:30:45.000000+0000,Public
"",dr.melyarna,"","",false,0,0,0,0,"",Gagal ditarik / Kemungkinan Private Ketat
7596913469451437111,dr.meta,Dr.Meta,Me and my monkey,false,9,14,30,861,2026-01-19T03:44:12.000000+0000,Public
"",dr.mikhailgandhi,"","",false,0,0,0,0,"",Gagal ditarik / Kemungkinan Private Ketat
7368360766443586565,dr.mulya.spog.mkes,Dokter Mulya,@Ayu harisyah,false,24,247100,783,7200000,2024-05-13T06:02:59.000000+0000,Public
1690231010049026,dr.ndreamon,Andreas Kurniawan | Psikiater,Psikiater yang suka bercanda Host @pod.ruangtunggu Buku: linktr.ee/ndreamon,true,145,124200,381,2800000,1970-01-05T13:18:57.000000+0000,Public
"",dr.nisa_obgyn,"","",false,0,0,0,0,"",Gagal ditarik / Kemungkinan Private Ketat
"",dr.nova_spkj,"","",false,0,0,0,0,"",Gagal ditarik / Kemungkinan Private Ketat
6642678204002533378,dr.okypratamaa,Dr. Oky Pratama REAL,Founder Benings Group 2nd : @dr.okypratamaa_kedua  Beli Online 👇🏻,false,141,3300000,777,75500000,2019-01-04T16:24:01.000000+0000,Public
7106315463274316826,dr.okypratamaa_kedua,dr.okypratamaa_kedua,Akun Kedua Akun Utama @Dr. Oky Pratama REAL  Bening’s Group,true,202,3300000,1569,123300000,2022-06-07T02:13:23.000000+0000,Public
6776770422790816774,dr.patricio_ochoa,Dr. Duck,"MD Longevidad,antiaging  mejoría personal biohack Insta: @dr.patricio_ochoarb",false,62,1000000,438,16500000,2020-01-01T00:50:19.000000+0000,Public
7347987443239044103,dr.pongevidencebased,Dr.PONG เรื่องผิวเห็นผล,📍Account Official (ช่องจริงหมอพงศ์) เวชสำอางสำหรับคนเป็นสิวผิวบอบบาง 👨🏻‍⚕️🩺,false,8,241000,1890,1800000,2024-03-19T08:24:05.000000+0000,Public
"",dr.pongkyspa,"","",false,0,0,0,0,"",Gagal ditarik / Kemungkinan Private Ketat
6625054965583577090,dr.radiastomo.spog,Dokter Radiastomo SpOG,Praktek 🏥 USG 4D Karawang 🏥 RS Hermina Karawang 🏥 RS Permata Keluarga,false,151,130000,300,231200,2018-11-18T04:36:51.000000+0000,Public
"",dr.reza_pahlevi,"","",false,0,0,0,0,"",Gagal ditarik / Kemungkinan Private Ketat
"",dr.richardlee,"","",false,0,0,0,0,"",Gagal ditarik / Kemungkinan Private Ketat
6926386819190621185,dr.rinaldhuhri.chkn,Dokterbrewok,ig dr_brewok Reservasi admin klinik Alamat: maps dr rinal dhuhri cilodong depok Di Cp 082317878980,false,217,1300000,1293,18000000,2021-02-07T05:18:21.000000+0000,Public
6591811759240708097,dr.rusydina,Dr Rusydina | Skin & Hormones,"Women's health, hormones, skin explained. Skincare💅🏻 and make up 💄for 40's For👩🏻‍⚕️ consultation : 📍 @KLINIK AURORA SRI GOMBAK",false,765,74800,1286,728600,2018-08-20T14:36:14.000000+0000,Public
"",dr.sandra_sinaga,"","",false,0,0,0,0,"",Gagal ditarik / Kemungkinan Private Ketat
"",dr.sandrasuryadiredja,"","",false,0,0,0,0,"",Gagal ditarik / Kemungkinan Private Ketat
"",dr.sheila,"","",false,0,0,0,0,"",Gagal ditarik / Kemungkinan Private Ketat
"",dr.shindy,"","",false,0,0,0,0,"",Gagal ditarik / Kemungkinan Private Ketat
"",dr.shindy_putri,"","",false,0,0,0,0,"",Gagal ditarik / Kemungkinan Private Ketat
7262274914790081542,dr.spesialiskulit,DOKTER SPESIALIS KULIT,⬇️⬇️supplement pemutih 100% originall⬇️⬇️ Diskon 50% stok terbatas cek etalase🛒,false,23,788,18,2960,2023-08-01T08:55:42.000000+0000,Public
182687165326319616,dr.stefany,Dr.Stefany,I need to kill you to silence all the sweet little things you said! 😉🍮🔪,false,33,61,1,7,1971-05-08T07:19:30.000000+0000,Public
"",dr.sumarno1,"","",false,0,0,0,0,"",Gagal ditarik / Kemungkinan Private Ketat
"",dr.teddy_spkj,"","",false,0,0,0,0,"",Gagal ditarik / Kemungkinan Private Ketat
"",dr.tirta,"","",false,0,0,0,0,"",Gagal ditarik / Kemungkinan Private Ketat
"",dr.tirta),"","",false,0,0,0,0,"",Gagal ditarik / Kemungkinan Private Ketat
6904171311984739330,dr.tuluss,dr.tulus,"",false,1563,469700,2381,6200000,2020-12-09T08:30:50.000000+0000,Public
"",dr.vannya,"","",false,0,0,0,0,"",Gagal ditarik / Kemungkinan Private Ketat
"",dr.vannya_skin,"","",false,0,0,0,0,"",Gagal ditarik / Kemungkinan Private Ketat
"",dr.vitoanggoro,"","",false,0,0,0,0,"",Gagal ditarik / Kemungkinan Private Ketat
7170879427067413510,dr.wahyu_dokterkulitku,Wahyu,👨‍⚕️Dokter kulit mu 🌟Daily tips untuk para pejuang acne dan flek 👇Follow👇,false,45,7244,158,132500,2022-11-28T01:54:32.000000+0000,Public
"",dr.yassinbintang,"","",false,0,0,0,0,"",Gagal ditarik / Kemungkinan Private Ketat
6792506054334792705,dr.ziee,"dr. Yessica Tania,dpl AAAM","Skincare,Aesthetic Expert & Millenial Mom CP : Christina-081337466678",true,5,1800000,1981,63300000,2020-02-12T10:32:36.000000+0000,Public
6823864291223176197,dr_ahmed_ashraf,الدكتور احمد اشرف,حائز على لقب أفضل صانع محتوى فئة الصحة في الوطن العربي 2025 (قطر🇶🇦) اضغط هنا للاعلانات⬇️,true,3,5300000,4762,59200000,2020-05-06T22:38:35.000000+0000,Public
6808124243423855618,dr_dhilla91,Dr dhilla,"DOCT D CLINIC Jln darussalam, Lhokseumawe (Aceh) +62 821-8044-4819",false,1580,50200,883,295300,2020-03-25T12:39:09.000000+0000,Public
6916770173203153921,dr_ekles,Dr Ekles,GRATIS ‼️  KONSULTASI/ORDER ke @Dr Ekles Skincare  JOIN AFFILIATE ke @Dr Ekles Skincare  DAPATKAN KOMISI PULUHAN JUTA + JALAN2 LUAR NEGERI. KLIK LINK DI👇🏻👇🏻,true,92,1300000,1844,6200000,2021-01-12T07:20:51.000000+0000,Public
6803711564232852485,dr_gzo,دكتور غزو,Dr Gzo 💉🩺💊 دكتور غزو İnstagram: dr.gzo0 For business inquiries: +905368261596,true,6,7500000,815,188500000,2020-03-13T15:15:42.000000+0000,Public
7015221907697091586,dr_kece,Edukasi Kesehatan,Konsultasi Kesehatan Via Live,false,252,104700,288,710300,2021-10-04T14:43:52.000000+0000,Public
6816919455475958785,dr_komang_artawan_spa,Dokter Anak Borneo,"",false,455,109400,599,1200000,2020-04-18T05:29:04.000000+0000,Public
6960989014095266818,dr_tompi,dr_tompi,BEYOUTIFUL CLINIC  GEUT skin care,false,13,310400,54,409300,2021-05-11T11:12:32.000000+0000,Public
"",drankdeluxe,"","",false,0,0,0,0,"",Gagal ditarik / Kemungkinan Private Ketat
6977918133140145153,drcerdastiktok,Dokter Cerdas,📕 Tips & Fakta Kesehatan  Dokter Andalan Tiktok 👑,false,68,1278,194,27800,2021-06-26T02:06:10.000000+0000,Public
6786955121688757249,drchubby,DokterGigiSatria,🛒 Oralcare - Skincare - Headcare - Bodycare (biasa aku pakai)  📍Praktek Jl. Gubeng Kertajaya VA / 20 Surabaya 📞 08-1818-1919-51 (admin),false,34,866400,3206,26500000,2020-01-28T11:32:09.000000+0000,Public
6849509188491461633,drdinda_venusglow,dr Dinda Dokter Kecantikan,"Edukasi Kecantikan, Kesehatan & Hukum Kesehatan dr.Dinda Yuliasari, M.Biomed(AAM),CIBTAC,C.Ht MH kes ⚖️💉wannabe",false,85,18700,1285,512000,2020-07-15T01:13:53.000000+0000,Public
7194966255480652826,drdionsky,Doctor Dee,dr. Christian Dion Saelan || Penyakit Dalam Edukasi Kesehatan Belajar Bareng👇👇,false,545,263700,829,1700000,2023-01-31T23:43:44.000000+0000,Public
7081556138927801345,drdzulkeflyahmad,Dr Dzulkefly Ahmad,Menteri Kesihatan Malaysia Ahli Parlimen Kuala Selangor,false,95,21100,1208,316200,2022-04-01T08:54:33.000000+0000,Public
7016507082955047942,drelliephillips,Dr. Ellie Phillips,"Preventive dentist helping heal teeth naturally! Austin, Tx | Zellie’s Founder",false,90,846000,836,8100000,2021-10-08T01:51:00.000000+0000,Public
6989267610086032385,drernaofficial,er-1 by dr. Erna,dr. Erna Official Personalized Beauty by dr. Erna Purnamasari Click to Shop 🔽,false,0,38700,1880,117900,2021-07-26T16:07:56.000000+0000,Public
6806678564113794053,drfood.worldwide,Dr. Food,Flio Order NOW  ⬇️⬇️,true,1,8700000,1056,146300000,2020-03-21T15:09:11.000000+0000,Public
"",drg.angga,"","",false,0,0,0,0,"",Gagal ditarik / Kemungkinan Private Ketat
7581522239440569364,drg.anisyasalim,dokter gigi lahat,"ig @drg.anisyasalim 📲 0896-5455-0942 📍Simpang kodim lama, jln letnan marzuki no 56 lahat",false,0,1587,99,3713,2025-12-08T16:18:22.000000+0000,Public
"",drg.bobby,"","",false,0,0,0,0,"",Gagal ditarik / Kemungkinan Private Ketat
"",drg.deviana,"","",false,0,0,0,0,"",Gagal ditarik / Kemungkinan Private Ketat
6774294049937277954,drg.dryan,drg. Adrian Rustam,🦷Dokter Gigi🦷 👨‍⚕️Sharing tips gigi sehat & kuat 🔬😜 Berbasis Sains But Fun,false,273,117900,244,2400000,2019-12-25T08:40:43.000000+0000,Public
6787084249734267906,drg.firdha,Drg. Firdha🫰🏻,IG : @fmuharraran Dokter gigi📍Medan 💌drgfirdha@gmail.com Belanja di kerkun⬇️,false,95,783,231,9923,2020-01-28T19:53:14.000000+0000,Public
6548359006795350018,drg.gita,"Gita Jazaul Aufa, drg.",Dokter Gigi Batang - Pekalongan | Digit Dental |,false,106,121,9,70,2018-04-25T12:17:22.000000+0000,Public
7478263780019930113,drg.iqbalizda,Dokter Gigi Iqbal Izdaulfikri,@Iqbalizda bahas hewan Kalau akun ini bahas gigi 🤣 BANDUNG Konsultasi Gigi ⬇️,false,6,6176,32,244900,2025-03-05T10:02:49.000000+0000,Public
6905614520547853313,drg.maydjunaedy,dokter gigi maya.Ternate,"Dokter Gigi di Ternate 🦷 Edukasi & random stuff pergigian Alamat :Lorong Gapura Depan Hypermart, samping bakso Berkah 📞 085328708028 (no call, just chat)",false,300,7350,181,31000,2020-12-13T05:51:13.000000+0000,Public
"",drg.michele,"","",false,0,0,0,0,"",Gagal ditarik / Kemungkinan Private Ketat
"",drg.nadia,"","",false,0,0,0,0,"",Gagal ditarik / Kemungkinan Private Ketat
6935983277448053761,drg.nihlah,drg.nihlah,"IG : @drg_nihlah location : find me on google Jl.Hamid Rusdi, Bunul MALANG 0B2254B477O7",false,47,80000,2251,3500000,2021-03-05T01:57:30.000000+0000,Public
7491712868170777607,drg.rabithahnasution,Rabithah | Dokter Gigi Siantar,"📌 Klinik Kimia Farma       Jl. Kartini, Pematangsiantar ⏰  Senin-Jumat (12.00-18.00) Reservasi via WA 0822-7543-0744 👇",false,0,18300,218,302800,2025-04-10T15:52:09.000000+0000,Public
6798726033719297026,drg.ranigifandaa,dokrann | dokter gigi cirebon,🦷 Dental Educator | Healthcare Creator ❤️ Sahabat Gigi kamu 🦷 Bantu kamu atasi masalah gigi 🫶 📍 Klinik My Dentist Cirebon 📍 Praktek Dokter GDC Cirebon,false,38,21000,1015,814900,2020-02-29T04:49:18.000000+0000,Public
"",drg.riri,"","",false,0,0,0,0,"",Gagal ditarik / Kemungkinan Private Ketat
"",drg.ryannugraha,"","",false,0,0,0,0,"",Gagal ditarik / Kemungkinan Private Ketat
7141304616570569730,drg.stephanie,DokterGigiAmbon,"drg. Stephanie Rehatta,MM IG : @drg.stephanie (username) ☎️ WA :  +6281251935210",false,889,15100,64,44400,2022-09-09T09:09:10.000000+0000,Public
"",drg.vivi,"","",false,0,0,0,0,"",Gagal ditarik / Kemungkinan Private Ketat
6760092221561455617,drg.yuliana,Dokter gigi sidoarjo,"Ortodonti UGM, my IG @yulianaseputra",false,122,4565,95,121100,2019-11-17T02:10:23.000000+0000,Public
7116806561648968705,drg_florence,CICI DOKTER GIGI 🦷✨✨,Dokter Gigi Asera Dental |  Your friendly dentist👩🏻‍⚕️🫶🏻 Follow IG: aseradental.id 📍BEKASI Praktik Setiap Hari Sesuai Perjanjian,false,370,8447,485,80500,2022-07-05T08:44:12.000000+0000,Public
7465297039595193351,drgenz.id,Dokter Gen Z,Apa aja buat Gen Z‼️,false,3,38,17,289,2025-01-29T11:25:14.000000+0000,Public
6967153822884922369,drgfira,Drg. Fira | Dokter Gigi Malang,🦷A Passionate Mom-Dentist  ❤️ Suka cerita cara merawat gigi sejak dini 📍Malang | Lokasi praktek : DM,false,211,21700,164,652900,2021-05-28T01:55:09.000000+0000,Public
"",drgiamgw8vf,"","",false,0,0,0,0,"",Gagal ditarik / Kemungkinan Private Ketat
7005781707618812933,drgiammattei,DrGiammattei,Presidente Constitucional de la República de Guatemala 2020-2024. Cuenta oficial,true,6,212200,420,2000000,2021-09-09T04:11:04.000000+0000,Public
6782707847907312641,drgigawelina,doktergigi.Welina82,ibu 44th dokter gigi  jembrana BALI🏝 suami dr.i gede eka Sp.An,false,135,27500,1413,358300,2020-01-17T00:50:33.000000+0000,Public
6778460955069187073,drgmaesa,Dokter Gigi Kamu,Praktek di @maesadental cbg Tangerang & Jaksel  Reservasi via WA 0813 9804 7477,false,74,138000,482,1300000,2020-01-05T14:10:27.000000+0000,Public
7013302263053698049,drgmbarwulan,doktergigi ambarwulan,"",false,0,4,13,32,2021-09-29T10:34:40.000000+0000,Public
7107101640692089857,drgputrirahmina,Drgputrirahmina,Dentist | Content Creator | Dental Health Educator Business Inquiries 👇👇,false,61,325100,229,16100000,2022-06-09T05:04:09.000000+0000,Public
6790924070885622786,drgyudha,Dokter Gigi Yudha Mahendra,drg I Made Yudha Mahendra Putra Free Consultation > DM  DOKTER GIGI DENPASAR,false,233,9071,48,408200,2020-02-08T04:13:42.000000+0000,Public
7495265296216081416,drh.billa.kirana,Dokter Hewan | Billa & Kirana,Jakarta | your two gen Z's vets. . by @Billa the vet and @Nyonyo🐱🌠,false,30,3110,358,1300000,2025-04-20T05:37:23.000000+0000,Public
6785075556583375873,drh.elsarosita,Dokterhewanelsa,Dokter Hewan Kediri Selatan IG : @vetmate_kediri Lokasi : Ds. Jambean Dsn. Jambean Kec Kras Kab Kediri,false,156,934,267,19200,2020-01-23T09:58:29.000000+0000,Public
6780937220071113730,drh.ghulam,Dokter Hewan Ghulam,Dokter hewan/Update kasus seputar hewan/Tips pemeliharaan hewan/Sharing2/kerja sama: +62 895-3092-3205/JOGJA,false,121,22200,974,10500000,2020-01-12T06:19:37.000000+0000,Public
6712062174548395010,drh.mlbb,Dokter hewan Mlbb,bantu YouTube gua berkembang gaes,false,90,1374,55,8872,2019-07-10T15:49:16.000000+0000,Public
76950082859,drh.novia,Dokter Hewan Pangkur,Dokter Hewan 🐱🐶🐄🐏,false,315,551,199,2887,1970-01-01T00:00:17.000000+0000,Public
6958693110478259201,drh.ocha,Dokter Hewan,Kumpulan contoh soal TIU CPNS,false,418,2655,77,155600,2021-05-05T06:43:15.000000+0000,Public
6809399634491622401,drh.teguhhandoko,Dokter Hewan Teguh Handoko,Dokter Hewan di PTG VET Guru Biologi di MAN 1 Surakarta,false,1490,9715,4145,547000,2020-03-28T23:08:19.000000+0000,Public
7228498497119667227,drh_dsm,Dokter Hewan DSM,Daily Vet Activity and Farm,false,619,1161,154,4816,2023-05-02T08:25:57.000000+0000,Public
6838004871176143873,drhfira,Dokter hewan probolinggo,Hanya dokter hewan biasa 💜,false,1524,3376,201,206200,2020-06-14T01:11:15.000000+0000,Public
6807758573721469958,drhossamabolatta,Dr. Hossam Abolatta,Plastic Surgeon  بروفيسور  جراحه التجميل,true,399,4500000,1720,46500000,2020-03-24T13:00:10.000000+0000,Public
6832293975057384453,drhtetwin,Dr. Htet Win,Facebook ကတော့ Doc Htat ပဲဖြစ်ပါတယ်။ Like & Follow လုပ်ထားပါလို့ အကြံပြုပါတယ်။,false,600,2800000,514,17000000,2020-05-29T15:50:03.000000+0000,Public
7005859243023451138,drhtomimnick12,Dokter Hewan,DOKTER HEWAN  PRAKTISI ORANG SUMBA,false,171,691,70,1679,2021-09-09T09:11:56.000000+0000,Public
7297653583875900422,drinqalabfareed,Dr. Inqalab Fareed,Dentist | Implant Surgeon | Health Speaker  For an appointment: ☎️ +923058884378,false,58,86700,394,1000000,2023-11-04T17:03:01.000000+0000,Public
7487796242912199688,drkamvnofficial,DrKam Vietnam Official,📍 Follow để SỐNG KHỎE CÙNG CHUYÊN GIA !,false,29,11000,361,210900,2025-03-31T02:33:38.000000+0000,Public
6563421123416080386,drkevinmak,dr. Kevin Mak,💊 Dokter Vitamin & Suplemen 🧬 Bantu kamu ga salah pilih vitamin ⬇️ Cek ini dulu sebelum kamu beli vitamin,true,143,4200000,4269,114500000,2018-06-05T02:26:04.000000+0000,Public
"",drkulitindo,"","",false,0,0,0,0,"",Gagal ditarik / Kemungkinan Private Ketat
7241074994654315525,drmomdiary,Dr.Mom,สุขภาพดีสมวัยไปกับหมอแม่ สั่งสินค้าดอกเตอร์มัมในตะกร้า/ไลน์: @drmomdiary 💜,false,9,667300,1091,21400000,2023-06-05T05:49:11.000000+0000,Public
6510083666160304130,drrezagladys,dr Reza Gladys,doctor.  owner @Glafidsya Skincare @Glafidsya Glow,true,154,7000000,1621,199700000,2018-01-12T08:49:30.000000+0000,Public
6804731766209807361,drrichardlee,"dr. Richard Lee, MARS, ph.D","dr. Richard Lee,MARS official account Aesthetic doctor @klinik_kecantikan_athena",true,153,6400000,2988,177400000,2020-03-16T09:14:37.000000+0000,Public
6733411899843314693,drshabduallah,شريف عبدالله - Sherif Abdallah,شريف عبدالله، دكتور بمجال تصنيع الدواء ، التواصل واتس فقط 01001014046,false,1,2100000,2003,23200000,2019-09-06T04:37:06.000000+0000,Public
7011641055842878465,drsurya.anak,dr.Surya | Dokter Anak,jelasin yang susah jadi gampang mpasi.vaksin.tumbuh kembang,false,68,3201,88,23400,2021-09-24T23:08:20.000000+0000,Public
6786123572127056897,drtrangiakhanhbs1,Bác sĩ Trần Gia Khánh Da Liễu,Cần tư vấn da tìm ZAHAN CLINIC trên F ở B ò Hotline đặt lịch khám trực tiếp:  039 336 9009 - HN hoặc 079 336 9009 - HCM,true,532,716800,3110,4300000,2020-01-26T05:45:19.000000+0000,Public
"",dunia_keperawatan,"","",false,0,0,0,0,"",Gagal ditarik / Kemungkinan Private Ketat
6941607918694106113,dunianaksehat,Dokter Anak Jogja,"dr. Galuh, Sp.A 🏥: RS Panti Rapih Yogyakarta 🏥: RS Santa Elisabeth Bantul",false,34,2597,128,28300,2021-03-20T05:43:59.000000+0000,Public
7012219073489716226,dws_derma,DOKTER KULIT CEPU-BLORA,Kirim pesan ke DWS DERMA CEPU di WhatsApp. https://wa.me/6288216750637,false,377,363,116,965,2021-09-26T12:31:20.000000+0000,Public
6789620921390269445,ecenazucer,Ecenaz Üçer,İnstagram: @ecenazucer ecenaz.ucer@gamesmedya.com,true,162,937000,256,7200000,2020-02-04T15:56:49.000000+0000,Public
7538225148156445712,edukasi.kesehatan.negri,Edukasi kesehatan untuk negri,Edukasi Kesehatan Untuk Negeri,false,0,123,47,2244,2025-08-14T00:03:33.000000+0000,Public
"",edukasi.kesehatan15,"","",false,0,0,0,0,"",Gagal ditarik / Kemungkinan Private Ketat
7632961356446467089,edukasi.kesehatan452,Edukasi Kesehatan,"",false,0,1057,20,6816,2026-04-26T07:08:25.000000+0000,Public
7442545366744417297,edukasi.kesehatantubuh,Edukasi Kesehatan,Edukasi Kesehatan  Follow Akun Ini Untuk Update Info,false,0,1885,21,6102,2024-11-29T03:57:08.000000+0000,Public
7640527309364053009,edukasi_kesehatan.id1,Edukasi Kesehatan,"",false,0,664,1,616,2026-05-16T16:28:11.000000+0000,Public
"",edukasi_kesehatan1,"","",false,0,0,0,0,"",Gagal ditarik / Kemungkinan Private Ketat
6849584921133417473,edukasi_tipssehat,Edukasi Tips Sehat,⚠️ Banyak orang gak sadar gula darahnya tinggi ⚠️ Kolesterol diam-diam berbahaya Di sini kamu belajar cara mengatasinya 👍Follow sebelum terlambat!,false,32,6195,132,17500,2020-07-15T06:07:45.000000+0000,Public
7618577572099654676,edukasihsehat,Edukasi Kesehatan,🛡️ Edukasi Bahaya & Manfaat Kesehatan 💡 Kupas Tuntas Fakta Tubuh Manusia,false,2,11,25,338,2026-03-18T12:51:59.000000+0000,Public
7522954440635466770,edukasikesehataan,Edukasi Kesehatan,"",false,0,541,52,915,2025-07-03T20:25:24.000000+0000,Public
7598194837795832852,edukasikesehatan17,Edukasi kesehatan,🍎 Tips kesehatan • Nutrisi • Gaya hidup 📖 Konten singkat & mudah dipahami 👇 Follow biar nggak ketinggalan,false,14,135,21,1090,2026-01-22T14:36:34.000000+0000,Public
7205160785084744730,edukasikesehatan82,edukasikesehatan,No bio yet,false,134,1776,399,19600,2023-02-28T11:03:43.000000+0000,Public
7241644258343339014,edukasikesehatan_,Edukasi Kesehatan_,Edukasi kesehatan,false,52,773,8,15300,2023-06-06T18:38:13.000000+0000,Public
7592844023854973973,edukasikesehatan_real,Healthy Pedia,𝗘𝗱𝘂𝗸𝗮𝘀𝗶 𝗦𝗲𝗽𝘂𝘁𝗮𝗿 𝗞𝗲𝘀𝗲𝗵𝗮𝘁𝗮𝗻 konten berkualitas ✅ tontonan yang lebih baik 💯 ilmu yang bermanfaat 🧠,false,0,647,50,7032,2026-01-08T04:32:41.000000+0000,Public
"",edukasikesehatancom,"","",false,0,0,0,0,"",Gagal ditarik / Kemungkinan Private Ketat
7357983878096962566,edukasikesehatanisk,EDUKASI SEHAT ISK,Edukasi Lengkap Mengenai Pemulihan Kesehatan ISK !! Konsultasi : 0889-8063-5035,false,1434,2895,538,11500,2024-04-15T06:55:22.000000+0000,Public
7426810024867611654,edukasikesehatann,Health Education,Kesehatan HIV Kesehatan Haji & Umroh,false,1050,3210,211,29400,2024-10-17T18:15:58.000000+0000,Public
7597885303018554389,edukasikesehatann_,edukasikesehatann_,"",false,0,300,11,1797,2026-01-21T18:35:25.000000+0000,Public
7599676013601850389,edukasikesehatannn,edkes,SEPUTAR KESEHATAN,false,80,124,5,347,2026-01-26T14:24:17.000000+0000,Public
"",edukasikesehatannn_,"","",false,0,0,0,0,"",Gagal ditarik / Kemungkinan Private Ketat
6986175012601398273,edukasikesehatanofficial,Edukasi Kesehatan,✨ Herbal Resmi & Terpercaya 💊 Sudah BPOM 📩 Chat untuk konsultasi gratis,false,298,1438,379,34100,2021-07-18T08:07:04.000000+0000,Public
7605246226019484690,edukasikesehatanvirtual,Edukasi Kesehatan Virtual,📚| Edukasi Berbasis Sains (Science-based). 🌿| Bantu Kamu Membangun Kebiasaan Sehat. 👇🏻| Silahkan Save & Share,false,2,10,7,176,2026-02-10T14:39:33.000000+0000,Public
"",edukasisehat.bybahri,"","",false,0,0,0,0,"",Gagal ditarik / Kemungkinan Private Ketat
7580574346709402644,edukasisehat_,Edukasi Kesehatan,⭐ SEPUTAR KESEHATAN ⭐ CARA CARA ATASI KOLESTEROL ⭐ DARI BERBAGAI SUMBER TERPERCAYA,false,0,104,64,817,2025-12-06T03:00:04.000000+0000,Public
7144249458074878977,efatalearning,Edukasi Kesehatan Mental,Edukasi Kesehatan Mental | Manajemen Stres,false,4,39,33,24,2022-09-17T07:36:39.000000+0000,Public
"",efewissie,"","",false,0,0,0,0,"",Gagal ditarik / Kemungkinan Private Ketat
7498662942151214097,ekaprana.sutan,Dokter Ekaprana Sutan,"Spesialis Penyakit Dalam, Konsultasi  -> WA : 081362053528",false,324,21400,790,123700,2025-04-29T09:21:59.000000+0000,Public
6710781623627908097,ekidarehanf,Ekida,IG @ekidarehanf ☺️ Medical Doctor 💉 For Business Inq WA 📲 +62 851-1155-0599 ⬇️ SPlLL LlNK DI Bl0 lG AKU,true,3560,1400000,2382,86000000,2019-07-07T05:00:04.000000+0000,Public
"",elektro076,"","",false,0,0,0,0,"",Gagal ditarik / Kemungkinan Private Ketat
7216745883702445082,elektronik601,reval,"",false,4860,1519,2,25,2023-03-31T16:19:49.000000+0000,Public
"",elguerito17373,"","",false,0,0,0,0,"",Gagal ditarik / Kemungkinan Private Ketat
7329351913840149509,ellaskinclinic.klaten,Ella Skin Clinic Klaten,"""SEGERA BOOKING & DAPATKAN PROMO NYA"" Jl Merbabu no 10, Tonggalan, Klaten Tengah",false,33,3365,311,14600,2024-01-29T03:08:43.000000+0000,Public
"",elvine_gunawan,"","",false,0,0,0,0,"",Gagal ditarik / Kemungkinan Private Ketat
6793326307972809729,embull_the_circle.real,embull_the_circle.real,"CEO of ""PAAHHHH embull niihhh” BA @Mr.Vet Indonesia Video harian embull di IG ya",false,458,2600000,3696,72300000,2020-02-14T15:35:36.000000+0000,Public
6815271311309833218,ervanfs94,?,"",false,57,273,4,34,2020-04-13T18:53:26.000000+0000,Public
7343157430551036934,evoke.indonesia,Evoke,Sabun rasa skincare 🛀 shop now👇🏻,false,1,114600,680,3700000,2024-03-06T08:01:11.000000+0000,Public
"",ex.wiedergeborene,"","",false,0,0,0,0,"",Gagal ditarik / Kemungkinan Private Ketat
6570312831164612609,fadhilaheryananda,Fadhilah Eryananda,Extroverted Clinical Psychologists  https://linktr.ee/fadhilaherynd,false,238,2177,235,212600,2018-06-23T16:09:25.000000+0000,Public
7041735286263792641,fahmiqobil03,doktergigi fahmi,a Dentist  open your mind,false,41,797,19,150,2021-12-15T01:29:19.000000+0000,Public
6877198609813865473,fainna.safitri,Fainna Safitri | Psikolog,Psikolog Bandung  ✨ Counseling | Talkshow | Training ✨ Mental Health • Parenting • Work-Life Harmony ☎️ 085861576676  Outfit & Beauty inspo at my showcase ⬇️,false,73,17300,259,193500,2020-09-27T16:02:58.000000+0000,Public
7249714467510961154,fairjuliatiktok,fairjuliatiktok,Health and Personal Care | Live Commerce Host,false,1365,36500,2240,105300,2023-06-28T12:34:45.000000+0000,Public
7157128675249996826,fajaristikomah,Dokterhewan,No bio yet,false,3828,35600,535,481600,2022-10-22T00:34:36.000000+0000,Public
"",fakta.isk,"","",false,0,0,0,0,"",Gagal ditarik / Kemungkinan Private Ketat
7599904029741466631,faktadapur.id,"💯 Edukasi, Hack & Kesehatan","😱 Edu Herbal, Tips dan Trik Bermanfaat 🧠 Jangan Ikuti Kata Otak. Cek Faktanya!",false,3,9598,18,135600,2026-01-27T05:09:06.000000+0000,Public
6865609361596023810,fakultaspertanian3,Dokter,fakultas pertanian,false,1256,193,62,4814,2020-08-27T10:30:46.000000+0000,Public
"",farhanmauludi,"","",false,0,0,0,0,"",Gagal ditarik / Kemungkinan Private Ketat
"",farhanzubedi,"","",false,0,0,0,0,"",Gagal ditarik / Kemungkinan Private Ketat
"",fariz_nur_abadi,"","",false,0,0,0,0,"",Gagal ditarik / Kemungkinan Private Ketat
"",farmasis_angga,"","",false,0,0,0,0,"",Gagal ditarik / Kemungkinan Private Ketat
"",farmasis_riri,"","",false,0,0,0,0,"",Gagal ditarik / Kemungkinan Private Ketat
19884358,fauzaannibras,Fauzan Nibras | Dokter Gen Z,kemasan gen z dalam bentuk dokter 🙏 10k in gasii daget deh ig:fauzaannibras/link di bawah 👇,false,230,12300,214,4200000,1970-01-01T00:00:00.000000+0000,Public
6965839635491046402,fauziah.drh,Dokterhewanfauziah,"berprofesi dokter hewan, Owner fawwaz Pet & Vet (cabang BTR 1 & Narogong pasar tanah merah), ummi nya shaqueena dan Daneen🤏",false,933,1626,212,29600,2021-05-24T12:55:25.000000+0000,Public
"",fbfauzi66,"","",false,0,0,0,0,"",Gagal ditarik / Kemungkinan Private Ketat
"",fdliiii02,"","",false,0,0,0,0,"",Gagal ditarik / Kemungkinan Private Ketat
7164734053231887362,feby_.9,dokter,- just an ordinary girl ★ Ig:feebyzz no spam like🚫 repostan @massachusetts340 🙄,false,14,201,14,2598,2022-11-11T12:27:21.000000+0000,Public
6921378121346532353,felixwinata15,dr. Felix Winata,"Ocehan seputar Estetik dan pribadi✌️ 📍SBY / JKT , ID",false,152,10600,39,72500,2021-01-24T17:22:02.000000+0000,Public
"",feteboll,"","",false,0,0,0,0,"",Gagal ditarik / Kemungkinan Private Ketat
7412969224911455238,finddentalcare.kroya,Dokter Gigi Kroya-Find Dental,"""Estetik, Profesional, Terjangkau"" Ayamalas,Kroya Cuss Booking WA : 087884676217",false,2,4881,48,3545,2024-09-10T11:06:36.000000+0000,Public
"",fit_bram,"","",false,0,0,0,0,"",Gagal ditarik / Kemungkinan Private Ketat
7062332212905083910,fit_with_anisa,Anisa ♌️,Fitness Trainer,false,30,103,10,287,2022-02-08T13:35:54.000000+0000,Public
7005842339525674011,fransherywidjajamd,FransHerywidjaja MD,"Eye rejuve specialist ,  has handled more than 1100 eyebag cases and will stop after 2000 cases Korean ,Taiwan Sertificate",false,545,425200,2297,5100000,2021-09-09T08:06:21.000000+0000,Public
7633032416328860680,fryyz89,CR7,i'm back..!,false,4,6,8,370,2026-04-26T11:44:10.000000+0000,Public
7420299813688509448,funguskids,Đồ chơi Fungus Kids,Mua đồ @Đồ chơi Fungus,false,48,6277,200,27900,2024-09-30T05:13:01.000000+0000,Public
7634152599914071041,funvet.id,funvet.id,Dokter Hewan Pare Kediri - Konsultasi - Pemeriksaan - Vaksinasi - Steril jantan dan betina - Operasi minor Pendaftaran pelayanan di funvet.id 085749419105,false,0,1464,42,47300,2026-04-29T12:11:03.000000+0000,Public
"",gabrielaarbildo..18,"","",false,0,0,0,0,"",Gagal ditarik / Kemungkinan Private Ketat
7474829690353468423,gardi.dokter.anak,Gardi si Dokter Anak,"dr. I Nyoman Warigardita Susila, Sp.A DSA yang #rutin memberi edukasi untuk anak",false,198,8221,105,24800,2025-02-24T03:56:48.000000+0000,Public
7050075919487501338,gelarsramdhani,Dokter Gigi Gelar S. Ramdhani,"drg. Gelar S. Ramdhani, Sp.RKG Majalengka, Jawa Barat Grup WA 0813-2214-3148",false,640,12600,231,232500,2022-01-06T12:55:14.000000+0000,Public
6765512476190376961,gerryprayudi,Gerry Prayudi,"",false,20,127200,21,5400000,2019-12-01T16:43:44.000000+0000,Public
7242139761241621510,giapratamamd,dr. Gia Pratama,[Akun TikTok Official dr. Gia Pratama] Pengabdi Kemanusiaan. Penulis #GiaStory,false,33,1200000,518,21600000,2023-06-08T02:41:02.000000+0000,Public
"",gionuuyee,"","",false,0,0,0,0,"",Gagal ditarik / Kemungkinan Private Ketat
"",gizi_fajar,"","",false,0,0,0,0,"",Gagal ditarik / Kemungkinan Private Ketat
"",gizianak_id,"","",false,0,0,0,0,"",Gagal ditarik / Kemungkinan Private Ketat
7408415868847555589,glad2glow.cleansing,Glad2Glow.Live,"G2G Official Store Kulit Bersih Maksimal, Glowing Natural! #Let'sGlowTogether",false,0,131400,1688,1100000,2024-08-29T04:37:15.000000+0000,Public
7057790395749811202,glamsaestheticmat,Glams Aesthetic Mataram,Klinik kecantikan,false,25,3548,441,138500,2022-01-27T07:51:20.000000+0000,Public
7158760513119552539,gmeelan.official.shop,GMEELAN.Official.Shop,"Explore the World, Save Skin From Dullness",false,69,1700000,248,12300000,2022-10-26T10:06:58.000000+0000,Public
6926087327170216961,gofit.id,GOFIT Indonesia,Sports and healthy lifestyle media. Find us on Instagram: @gofit.id,false,5,1417,509,26000,2021-02-06T09:56:10.000000+0000,Public
7495641945966347285,greatpawrent,Dokter Hewan Malang,Dokter Hewan Malang | Pet Animal  Info: +62 812‑5288‑8956,false,8,632,167,12200,2025-04-21T05:58:58.000000+0000,Public
"",gykkmgwec,"","",false,0,0,0,0,"",Gagal ditarik / Kemungkinan Private Ketat
7593263823508079632,hailafnpcoo,deakesehatan,semoga yang follow orang tua SEHAT banyak REZEKI 😇🤲,false,2,41800,26,98600,2026-01-09T07:41:43.000000+0000,Public
7364057790833361936,hairulriza8,DOKTER KULIT MOBIL,"",false,213,251,198,1898,2024-05-01T15:45:15.000000+0000,Public
6822237517413434370,hal_276,DokterHewan .,"",false,280,201,4,111,2020-05-02T13:25:52.000000+0000,Public
"",halo_apoteker,"","",false,0,0,0,0,"",Gagal ditarik / Kemungkinan Private Ketat
7155801151509562370,hamkeeey,dokter gigi genz,ᵕ̈⋆.𐙚 ̊🦷dokter gigi genz Kendari a wife-mama-working-studying-ngonten🫡,false,81,380,103,5310,2022-10-18T10:43:07.000000+0000,Public
"",hamrodi_,"","",false,0,0,0,0,"",Gagal ditarik / Kemungkinan Private Ketat
102314844283883520,haneenelosaime,Neenaaa🦋 حنين العصيمي,🇲🇦/🇸🇦 📍🇪🇬 شايفاك ياللي مش عاملي فولو عالinstagram😡 🍉❤️ MINI Dr.👩🏻‍⚕️,false,1117,899800,2438,43000000,1970-10-03T17:13:51.000000+0000,Public
7235574585882035246,hannah_bhiatt,hannah_bhiatt,doing a little bit of everything and somehow making it work 🤩 💌dave.valkenburg@grail-talent.com,true,0,583000,1839,14500000,2023-05-21T10:04:48.000000+0000,Public
7007502664344044549,hatemsettin,Hatem settin حاتم ستين,طبيب الخيل 🇪🇬horse doctor Biggest influence about horses in the world,true,21,3200000,851,39300000,2021-09-13T19:29:15.000000+0000,Public
"",haura.herbal0,"","",false,0,0,0,0,"",Gagal ditarik / Kemungkinan Private Ketat
"",healthy_erik,"","",false,0,0,0,0,"",Gagal ditarik / Kemungkinan Private Ketat
"",healthydiet.id,"","",false,0,0,0,0,"",Gagal ditarik / Kemungkinan Private Ketat
"",healthypetmadiun_,"","",false,0,0,0,0,"",Gagal ditarik / Kemungkinan Private Ketat
"",hello.doktergigi,"","",false,0,0,0,0,"",Gagal ditarik / Kemungkinan Private Ketat
6952718768557376514,himakhunpad,HIMA Kedokteran Hewan UNPAD,Akun resmi dari Himpunan Mahasiswa Kedokteran Hewan Unpad,false,0,394,31,4624,2021-04-19T04:19:46.000000+0000,Public
"",hiwete152,"","",false,0,0,0,0,"",Gagal ditarik / Kemungkinan Private Ketat
6901620386871100418,hnh.skincare,H&H Skincare,HNH Skincare by dr.Kamila Jaidi Konsultasi Dokter Gratis--> 08111189249,true,24,1500000,4889,6800000,2020-12-02T11:31:56.000000+0000,Public
"",homebeautyskinn,"","",false,0,0,0,0,"",Gagal ditarik / Kemungkinan Private Ketat
7013951448003494913,htmbeautyaesthetic,Htmbeautyclinic.dmi,"KLINIK KECANTIKAN HTMBEAUTY Certified BPOM✅ AESTHETIC SKIN CARE  📍Riau,Dumai jl tegalega no 79",false,118,237,193,1392,2021-10-01T04:33:50.000000+0000,Public
6796691718349227010,huyyybe,Huyybe,Dr for work Huyybe@gmail.com IG: Huyybe,false,332,148400,620,5300000,2020-02-23T17:15:07.000000+0000,Public
"",hzaynn,"","",false,0,0,0,0,"",Gagal ditarik / Kemungkinan Private Ketat
6784508916287800325,ideale_dental,Стоматологія IDEALЕ🦷❤️,"Лікуємо карієс, вирівнюємо прикус , безболісно видаляємо зубки мудрості ультразвуком, ставимо вініри, лікуємо уві сні дорослих і діточок і все це з гумором🦷❤️",true,14,3100000,1734,71000000,2020-01-21T21:19:37.000000+0000,Public
"",igoralvarengaandrade,"","",false,0,0,0,0,"",Gagal ditarik / Kemungkinan Private Ketat
"",iirenee.3529,"","",false,0,0,0,0,"",Gagal ditarik / Kemungkinan Private Ketat
7119885624932729883,ikh.medan,Institut Kesehatan Helvetia,"Institut Kesehatan Helvetia S1 Kedokteran & Kedokteran Gigi D3,D4,S1,S2,Profesi ADMIN: 0811-3342-005 ⬆️Nomor admin kampus cuman ini⬆️",false,6,9739,702,100500,2022-07-13T15:52:32.000000+0000,Public
"",ikha_cm_yunita,"","",false,0,0,0,0,"",Gagal ditarik / Kemungkinan Private Ketat
7400593516920226821,ikhsanqthii,"Ikhsanqthii, MD",(Memang) Dokter Tonton Podcast aku disiniii 👇,false,183,973100,1312,104800000,2024-08-08T02:42:31.000000+0000,Public
6968811531853333506,ikraorthodentalcare,Dokter Gigi Spesialis Ternate,Dentist & Orthodontist Specialist 🦷 #SenyumTernate 📱: 08114312987 (admin),false,1,5364,87,19900,2021-06-01T13:07:54.000000+0000,Public
7025324822026044421,iliridak,Ilirida krasniqi,Master of science in dental surgery Contact: Contact@iliridastudio.com IG: iliridakrasniqi,false,184,180200,477,5700000,2021-10-31T20:08:20.000000+0000,Public
"",iloveyou25th7._,"","",false,0,0,0,0,"",Gagal ditarik / Kemungkinan Private Ketat
7118910159409169410,imigrasi_malang,Kantor Imigrasi Malang,Akun Tiktok Resmi Kantor Imigrasi Kelas I TPI Malang. WA Center: 08113595000,true,148,8975,380,593900,2022-07-11T00:47:14.000000+0000,Public
6948732932094624770,immacantikkk,Dokter Bingung 🦄💊💉👩🏻‍⚕️🩺,sukanya ngasih tauk🫰🏻 CP : DM IG (immacantik),false,209,147400,874,3700000,2021-04-08T10:32:41.000000+0000,Public
6763441545574499329,immanuelgawi,Dokter imm,IG : immanuelgawi_,false,123,139000,4532,3100000,2019-11-26T02:47:28.000000+0000,Public
7331769732318725125,info.diabetes,Edukasi Kesehatan,Solusi KESEHATAN pada Tubuh Anda konsultasikan - JOINlive Wa 0889 7103 0934,false,846,25500,1387,2400000,2024-02-04T15:31:05.000000+0000,Public
7187962911670207515,info.kesehatan.id,Couple Goals,Edukasi | Produk | Tips ++,false,4,421,10,3098,2023-01-13T02:47:11.000000+0000,Public
7136007248874521606,info.kesehatan.idn,Info Kesehatan IDN,Menyajikan Informasi Seputar Kesehatan,false,2,40200,502,362500,2022-08-26T02:32:40.000000+0000,Public
7458607621713871873,info.kesehatanid,Info KesehatanID,Clipper Edukasi kesehatan yang berharap bisa memberikan manfaat 🌻,false,61,57400,202,2900000,2025-01-11T10:46:53.000000+0000,Public
7269977113163154437,info_bnnri,Badan Narkotika Nasional RI,📞 Call center 184,true,164,59200,1290,478400,2023-08-22T03:04:10.000000+0000,Public
7158073038398538778,infokesehatan12,INFO KESEHATAN DAN KECANTIKAN,"",false,0,31100,577,411200,2022-10-24T13:39:12.000000+0000,Public
7147678979838723099,informasikesehatanpublik,INFORMASI KESEHATAN,Segala jenis herbal untuk kesehatan 🌱 Hidup Sehat dengan Herbal 💚 Alami • Aman • Terpercaya 📦 Ready Stock 👇 Klik Keranjang Kuning,false,123,35100,6,335600,2022-09-26T13:24:57.000000+0000,Public
7580983294994826247,inggris28,dokterhewan,folow akun ke2 gua@m4ulana234,false,35,60,7,154,2025-12-07T05:27:00.000000+0000,Public
7620143629038715924,ini.dokter.rakima,Raki | Math Doc,"• Math Education (I'm the god of math😈) • Video Editor (amateur) • never being alone, cuz you all here :3 • true Rival of @Jerome Polin😈😈",false,746,13500,118,841900,2026-03-22T18:09:05.000000+0000,Public
7569383760186835976,insyaalloh02sukses,Kenyamanan anda,"",false,258,4516,739,39000,2025-11-05T23:14:52.000000+0000,Public
"",intan_psikolog,"","",false,0,0,0,0,"",Gagal ditarik / Kemungkinan Private Ketat
"",ir.dokter.kulit,"","",false,0,0,0,0,"",Gagal ditarik / Kemungkinan Private Ketat
106223992222425088,isnamarantika,isna marantika,LIVE SETIAP HARI kreator Beauty & Health personal care CURI VIDEO DENDA,false,10,43700,1826,136800,1970-10-14T06:03:20.000000+0000,Public
"",its_subflowers_,"","",false,0,0,0,0,"",Gagal ditarik / Kemungkinan Private Ketat
7003217523730826267,itsdoktermuda,dr Rudi Itsdoktermuda,"Medical | Mind | Faith Full time husband, part time doctor",false,287,217200,644,11300000,2021-09-02T06:20:43.000000+0000,Public
"",itsdrryan,"","",false,0,0,0,0,"",Gagal ditarik / Kemungkinan Private Ketat
6953878588542649346,ivo.bambari,ivo.DokterHewan,@Dokterhewan_veterinary@VIVAVETERINER💚#Lab_Keswan@bidangkeswan#klinik_Keswan,false,6,4676,453,10700,2021-04-22T07:20:27.000000+0000,Public
"",izindokter,"","",false,0,0,0,0,"",Gagal ditarik / Kemungkinan Private Ketat
6896476668358755330,jamilatussadiyah,Jamilatus Sadiyah,"Bidan, Founder @bumilpamil.id 😍💕",false,221,201700,427,3700000,2020-11-18T14:51:41.000000+0000,Public
"",jansen_ongko,"","",false,0,0,0,0,"",Gagal ditarik / Kemungkinan Private Ketat
6937475648266306561,jasamasukfk99,Dokter Muda,Jasa masuk fk/non fk seluruh Indonesia   PTN DAN PTS  TERMURAH DAN BAYAR DI AKHIR 🙏 📍Semarang - Solo - Jogja 082241671981,false,63,7,6,36,2021-03-09T02:28:40.000000+0000,Public
7432885044828374034,jashmine666,Jashmine Bodycare,HB Anggur Ungu ORIGINAL HB Anggur kuning  KODE ORI AGR004001 LIVE SETIAP HARI ❤️‍🔥 ORIGINAL 1 BOTOL PUTIH,false,463,15000,1639,28200,2024-11-03T03:10:09.000000+0000,Public
6988281616925721602,jegullllllllllllllllllll,dokter hewan,🔓.,false,518,1258,57,355,2021-07-24T00:21:46.000000+0000,Public
"",jeng,"","",false,0,0,0,0,"",Gagal ditarik / Kemungkinan Private Ketat
"",jessicalewis33,"","",false,0,0,0,0,"",Gagal ditarik / Kemungkinan Private Ketat
"",jessicarinada,"","",false,0,0,0,0,"",Gagal ditarik / Kemungkinan Private Ketat
6807700293590664194,jiemiardian,Jiemi Ardian,Psychiatrist | Trauma Therapist Help you heal with Trauma Processing Therapy®,true,321,365300,708,8600000,2020-03-24T09:14:01.000000+0000,Public
7000917420139775002,jij750,DOKTER,"",false,100,452,12,1216,2021-08-27T01:35:09.000000+0000,Public
"",jr.zee5,"","",false,0,0,0,0,"",Gagal ditarik / Kemungkinan Private Ketat
6532003486077288450,juanchimy,Juan Lopez,✨La parte divertida de la medicina 🩺 Colaboraciones⬇️ Juancollab@outlook.com,false,402,3900000,600,201800000,2018-03-12T10:29:36.000000+0000,Public
"",justuraveragedancers,"","",false,0,0,0,0,"",Gagal ditarik / Kemungkinan Private Ketat
6954666454110422018,k_tik.dvm,dokterhewanK_tik,"",false,371,458,247,1959,2021-04-24T10:17:46.000000+0000,Public
6791263545519588353,kakell01,KakEll01,"",true,0,1600000,2902,13700000,2020-02-09T02:11:02.000000+0000,Public
"",kaloriku.id,"","",false,0,0,0,0,"",Gagal ditarik / Kemungkinan Private Ketat
6574752691255394309,kanou.dental,Dokter gigi denpasar,DOKTER GIGI DENPASAR booking langsung chat WA+62858-0900-9191 visit IG: @kanou.dental,false,6,26400,271,1200000,2018-07-05T15:18:20.000000+0000,Public
6804444304733111298,karlos.satwa.medika,Dokter hewan malang,Dokter Hewan Malang ~ Lawang Pet Shop Pet Grooming Home Care Info:0812-5902-2890,false,382,949,195,20800,2020-03-15T14:39:07.000000+0000,Public
"",karnahartadiaberubah,"","",false,0,0,0,0,"",Gagal ditarik / Kemungkinan Private Ketat
202959101717557248,kashfiaaaaa,DrAmina هَ,Doctor💉 Leo🦁 Behave or Get Kicked🤬,true,151,1700000,446,32700000,1971-07-01T22:24:58.000000+0000,Public
7007523638086616065,katongflores,katongflores✪,Catholic✝️ Filipi 4:13,false,506,6512,176,1300000,2021-09-13T20:50:39.000000+0000,Public
7265706710199043077,kawankesehatan,Kawan Kesehatan,"",false,4,66100,1050,476000,2023-08-10T14:52:49.000000+0000,Public
7094872598483502085,kdmbapakaing2026,News KDM Kang Dedi Bapak Aing,"",false,1,10400,85,265300,2022-05-07T06:09:13.000000+0000,Public
7366524132794450950,kedailelongmotosikal_my,KEDAI LELONG MOTOSIKAL TRUSTED,"OFFICIAL ACCOUNT ""Kedai Lelong Motosikal"" Nak Order Sila Join Kt Telegram Group",false,0,48500,2,131800,2024-05-08T07:15:55.000000+0000,Public
7051736379676509186,kedoktergigi,Dokter Gigi EL,DOKTER GIGI SPESIALIS KONSERVASI Call me : DOK EL : Memberi solusi Masalah Curhatan Gigi  BU EL : Gibah santai kebutuhan dan Lifestyle rumah tangga,false,1116,1253,144,7372,2022-01-11T00:18:40.000000+0000,Public
6904067457167655937,keishaalmeraofficial,Keisha Almera Skincare,🩺 dr. iin Yasinta ☎️ Cabang jejeruk : 085730621900 🩺 dr. Chinan ☎️ Cabang baron : 085854530030,false,7,1033,106,2616,2020-12-09T01:47:49.000000+0000,Public
6955752173880542210,kemenkesri,Kementerian Kesehatan RI,Akun resmi Kementerian Kesehatan RI HALO KEMENKES 1500567,true,0,337800,822,4500000,2021-04-27T08:30:55.000000+0000,Public
6883242557967877121,kennetheugenee,kennetheugenee,Dentistry student 🦷👨‍⚕️ DENTAL COASS Gym enthusiast 💪🏻😤,false,81,143900,99,7000000,2020-10-13T22:56:35.000000+0000,Public
7408731250116183046,kesehatan.01,kesehatan.01,"",false,1,16400,1,24600,2024-08-30T01:01:05.000000+0000,Public
7247187558403769350,kesehatan.kulitaladoktor,kesehatan kulit ala dokter,selamat datang di profile kesehatan kulit,false,7,2421,54,83500,2023-06-21T17:09:03.000000+0000,Public
7572031670398075920,kesehatan.sosial,kesehatan sosial,"kelas doang kesehatan, membernya engga.",false,10,12,2,48,2025-11-13T02:30:07.000000+0000,Public
7034856525261358081,kesehatan112,welcome,di follow ya teman² siapa yang follow di beri rejeki umur panjang sehat selalu,false,41,98400,46,437100,2021-11-26T12:36:12.000000+0000,Public
7200636091559396379,kesehatanalami50,SEHAT ITU MAHAL,"",false,0,53400,787,374300,2023-02-16T06:25:35.000000+0000,Public
7190060654538523649,kesehatanalamiah,KesehatanAlamiah,"",false,2,65300,2258,477500,2023-01-18T18:27:30.000000+0000,Public
7395869371857716229,kesehatanedukasi,Edukasi Kesehatan,Edukasi Kesehatan Konsultasi Nomor Dibawah 0858-6916-0862,false,6,666,82,2914,2024-07-26T09:10:26.000000+0000,Public
7059987134992417793,kesehatanituberharga,Video Klip Edukasi,cek dibawah untuk cari obat herbal tanpa efek samping berlegalitas BPOM & HALAL,false,245,73700,198,1400000,2022-02-02T05:55:48.000000+0000,Public
7652584274940773383,kesehatankita_lan,@kesehatankita_lanpei,!www.lanpeimed.com,false,17,2,2,1,2026-06-18T04:15:22.000000+0000,Public
"",kesehatankita_lanpei,"","",false,0,0,0,0,"",Gagal ditarik / Kemungkinan Private Ketat
"",kesehatankuherbal,"","",false,0,0,0,0,"",Gagal ditarik / Kemungkinan Private Ketat
7579632800434357266,kesehatanmu70,KesehatanHerbaL.,yang tidak ingin kejebolan yuk bunn...🥰🥰,false,494,875,87,6141,2025-12-03T14:06:23.000000+0000,Public
7550551012789715989,kesehatanrahim,Diana ✨ | Edukasi Kesehatan,EDUKASI SEHAT ALAMI 🍃 Sharing kesehatan kewanitaan dan pengalaman pasien ✨,false,3,2435,61,15000,2025-09-16T05:14:12.000000+0000,Public
7259254244083057669,kesehatantien5,Kesehatan Tien,"😍Berbagi edukasi kesehatan, tips hidup sehat, manfaat herbal, dan pola hidup alami dengan bahasa yang simpel dan mudah dipahami.",false,138,47600,245,240300,2023-07-24T05:33:58.000000+0000,Public
7540241590443377672,kesehatantubuh.id,kesehatantubuh.id,Rahasia tubuh sehat 🍃,false,0,16700,109,179100,2025-08-19T10:28:22.000000+0000,Public
7527905122933277704,kesihatanmalaysia111,Kesihatan Malaysia,"",false,0,3957,23,16300,2025-07-17T04:36:35.000000+0000,Public
"",keziaalicia,"","",false,0,0,0,0,"",Gagal ditarik / Kemungkinan Private Ketat
6838362743591814145,khasmaaa,Dokter hewan,Dokter Hewan Berbagi kasus dan saran,false,184,5561,68,45100,2020-06-15T00:19:59.000000+0000,Public
7328984383322063877,kikihasan01,TOLOR TAPUTAR,♟️manado pejuang rece♟️,false,2799,2007,26,235,2024-01-28T03:22:31.000000+0000,Public
7210231804576416794,kimorabless,EDUKASI  KESEHATAN,No bio yet,false,63,13100,116,28000,2023-03-14T03:01:51.000000+0000,Public
7272580872682144774,kinora.enjelista,DOKTER KULIT,"",false,0,11,4,3,2023-08-29T03:28:05.000000+0000,Public
6796841458764694530,klikdokter_id,KlikDokter,"Yuk #JagaSehatmu 💪🏻 Info Sehat, Tanya Dokter, Belanja Sehat & Health Tools ⬇️",true,5,333800,1078,2600000,2020-02-24T02:56:11.000000+0000,Public
7300543869317317637,klinik.dokter.kita,Klinik Dokter Kita,https://wa.me/6282373527373,false,10,11,2,0,2023-11-12T11:58:48.000000+0000,Public
7606773864873493525,klinik.naraya.med,Klinik Dermalounge Plus Kediri,"Klinik Dermalounge+ Kediri. Layanan Spesialis Kandungan, Jantung, Anak, Bedah, Kecantikan, Kulit dan Kelamin, Penyakit Dalam, IGD 24jam, Gigi dan Umum",false,22,1463,79,13100,2026-02-14T17:27:35.000000+0000,Public
7653398124250579988,klinik.permata.bun,Klinik Permata Bunda,SELAMAT DATANG DI KLINIK DK KANDUNGAN SPESIALIS DOKTER ABORSI*  SEDIA PAKET 1 BULAN SAMPAI 8 BULAN konsultasi&pemesanan hubungi whatsApps kami  WA:0895622397798,false,204,104,42,572,2026-06-20T08:53:31.000000+0000,Public
7281301447102202886,klinik.punokawan,KLINIK PUNOKAWAN,Live streaming 19.00-21.00 05-07 13.00-15.00..kosong8#12#17•18•88*98,false,2347,1500000,454,7500000,2023-09-21T15:28:22.000000+0000,Public
7364995567267283974,klinik_dokter_cinta,CEO Klinik Dokter Cinta,Klinik Dokter Cinta 🫶,false,514,3245,1145,39000,2024-05-04T04:24:18.000000+0000,Public
7636337187155411989,klinik_dokter_kita,Klinik Dokter Kita (Sidomulyo),"🩺 Tips Kesehatan Mudah Dipahami 👨‍⚕️ Edukasi Kesehatan Harian 📍 Sidomulyo, Lampung Selatan",false,85,591,62,3640,2026-05-05T09:28:22.000000+0000,Public
6863721483480876033,klinik_dokter_l,Klinik Dokter L,Klinik Dokter L Banjarmasin Wa: 0858-2281-0149,false,17,613,445,2929,2020-08-22T08:24:50.000000+0000,Public
6784194874633634818,klinikhana,Klinik Hana by Dr Aina,From Our Clinic To Your Skin  Formulated By Skin Doctor  🏥 Certified Skin & Medical Aesthetic Clinic(LCP) Lesen Pengiklanan KKM KKLIU 2428 / EXP 31 December 28,false,57,122100,4890,408100,2020-01-21T01:00:59.000000+0000,Public
7140980201945400322,klinikjambiletrysa,Dokter Gigi Jambi,DOKTER GIGI JAMBI Since 2017 Senyum Sehat dan Estetik TANPA mahal Reservasi wa : 082376635905 Instagram : klinikjambiletrysa,false,27,3858,55,3302,2022-09-08T12:10:16.000000+0000,Public
7193504875048403970,klinikpakarrawhah_,Klinik Pakar Rawhah Shop,📍O&G And Paediatric Specialist Clinic 📍NOM. SSM :202201036612,false,750,96900,2054,173400,2023-01-28T01:12:50.000000+0000,Public
7287392673564083218,klinikta.id,Dokter Gigi Bone,"Konsultasi Online 𝗚𝗥𝗔𝗧𝗜𝗦 Jl. Letjen Suprapto, Watampone Kompleks Sentral Lama Depan BTC Senin-Sabtu 09.00-21.00 Minggu 09.00-15.00",false,20,8063,248,16700,2023-10-08T01:25:26.000000+0000,Public
6938275927865738241,klinikutamadokterkita,KLINIK DOKTER KITA,🏥 One Stop Health Service Reservasi via WA: 0823 1555 9991,false,7,1226,413,8478,2021-03-11T06:14:10.000000+0000,Public
6784060774777406465,kmellyani,Dokter Gen Z🥰,👩‍⚕️👋 Hi! This is your beloved doctor 🥰 💡 Bahas mitos atau fakta 📖 Belajar bareng yuk,false,77,971,89,5054,2020-01-20T16:20:36.000000+0000,Public
"",kntbkvvaa.a,"","",false,0,0,0,0,"",Gagal ditarik / Kemungkinan Private Ketat
7203579889563452442,ko_rikko,DOKTERMOTOR99⚡️,#TIMGACOR 🚀Tiap Hari Open 10.00-20.00 WIB 🚀 SOLUSI NO GIMMICK HUBUNGI ➡️ 0896-8622-2259 SPAREPART PAKAI @RTRSPEED OFFICIAL 🔥,false,9,138400,920,3300000,2023-02-24T04:49:02.000000+0000,Public
"",konsultasidokterkulit,"","",false,0,0,0,0,"",Gagal ditarik / Kemungkinan Private Ketat
7308249118563927042,kpwbesut,Klinik Perubatan Wildan Besut,"Klinik Perubatan Wildan 24 Jam Besut  ""Care With Love""✨ 202301006072 (1499991-M)",false,219,4695,1076,120700,2023-12-03T06:19:06.000000+0000,Public
6789883001968002050,kristina_dokterkulit,kristina_dokterkulit,Dokter Spesialis Dermatovenorologi dan Estetika (2015- sekarang),false,73,8,1,5,2020-02-05T08:53:49.000000+0000,Public
6783137396499776513,kubutuhdoktercinta,huruf pertama,"",false,73,119600,234,4600000,2020-01-18T04:37:26.000000+0000,Public
"",kuranglebihnyabgin,"","",false,0,0,0,0,"",Gagal ditarik / Kemungkinan Private Ketat
7189227562177496065,kxrinadine,Nadine Karin | Behel,"Behel, lasik, rekomendasi cute stuff, I share everything that i like! 🫶😋 📍Surabaya 📩 Business inq: +62 857-1160-1306 (Nisya)",false,173,26600,1091,3400000,2023-01-16T12:34:40.000000+0000,Public
7605194880033293330,labirin.tubuh,Labirin Tubuh,"",false,0,29800,110,1100000,2026-02-10T11:20:19.000000+0000,Public
7636373456515335175,langkah.sehat55,Langkah Sehat,Mulai Langkah Kecilmu Menuju Hidup Lebih Baik Tips Sehat&Rekomendasi Herbal,false,0,7221,55,28700,2026-05-05T11:49:07.000000+0000,Public
6780288654813496325,lau.vet,Laura Londoño,"Médica Veterinaria YouTube, Cursos Virtuales y más 👇🏼",false,35,1200000,637,30600000,2020-01-10T12:22:51.000000+0000,Public
"",lestarikusumah,"","",false,0,0,0,0,"",Gagal ditarik / Kemungkinan Private Ketat
7023098482928305153,lili.kesehatanmental,Lili Harahap,Konseling Berbasis Psikologi Relasi | Pernikahan Pengembangan Diri | Karier Konsultasi: 0812-6834-377,false,334,104100,706,1300000,2021-10-25T20:09:00.000000+0000,Public
6977600159941968898,lintangmaharani31,Dokter,Dokter ❤💞,false,6383,213,100,334,2021-06-25T05:32:16.000000+0000,Public
7260433921573241862,lorisbeautykediri,loriskediri,Buka setiap hari 09.00-19.00 Jl. Imam Bonjol No.362 Kediri  081.21714.8889,false,37,10500,709,217700,2023-07-27T09:51:43.000000+0000,Public
"",louloupik8,"","",false,0,0,0,0,"",Gagal ditarik / Kemungkinan Private Ketat
7475278137464472583,lucia_dokteranak,Lucia_dokteranak,"Dokter Anak, Konselor Laktasi, Dosen FK di Surabaya https://chat.whatsapp.com/LNE5jcK1DoW03KsyUJBxC6?mode=hqrt1",false,264,9687,137,41400,2025-02-25T08:57:00.000000+0000,Public
6932663730761368577,lucillehealthyskin,Dokter Kulit Surabaya,Tips and trick to enhance your skin @lucille.healthyskin,false,11,94,46,208,2021-02-24T03:15:58.000000+0000,Public
"",lulakamaldr,"","",false,0,0,0,0,"",Gagal ditarik / Kemungkinan Private Ketat
7394220442954843141,lumino_dokterhewanwsb,Lumino | Dokter Hewan Wonosobo,Sementara kita off dulu ya gais,false,155,2730,353,117400,2024-07-21T22:31:45.000000+0000,Public
6636134762728587265,machalatte020202,Dokterhewanagats,"",false,435,1624,140,9146,2018-12-18T01:12:08.000000+0000,Public
6850759305277539330,mahasiswakesehatan._,SPMB STIKES LUWU RAYA,Penerimaan Mahasiswa Baru Tahun Ajaran 2026/2027. Yuuuk Mendaftar Sekarang,false,149,18900,277,99500,2020-07-18T10:04:58.000000+0000,Public
7473764192283395090,mangdokterkulit,Dokter Kulit Pria | MangDok,"Just call me Mangdok 🩺🔎 (dr. Frizam, Sp.DVE) Spesialis Kulit, Kelamin & Estetika  Tempat curhat masalah kulit nu nyunda & santuy #CurhatDongMang IG: frizamds",false,16,743,59,1122,2025-02-21T07:02:07.000000+0000,Public
"",mariaczcz8,"","",false,0,0,0,0,"",Gagal ditarik / Kemungkinan Private Ketat
"",mariaeofit,"","",false,0,0,0,0,"",Gagal ditarik / Kemungkinan Private Ketat
6990590866298897410,mas_mantrihewan,Dokter Hewan Griya Malika,kesehatan hewan besar dan kecil steril kucing dan anjing vaksinasi dan penyuluh,false,760,1529,992,16900,2021-07-30T05:42:50.000000+0000,Public
"",masak_sehat_,"","",false,0,0,0,0,"",Gagal ditarik / Kemungkinan Private Ketat
6832180438091678722,masdoktel,mas dokter,ig : @masficc business and inquiries ⬇️ +6287718665870,false,173,147900,662,3400000,2020-05-29T08:29:28.000000+0000,Public
6839296890908853249,matasogelap,keseharian,"",false,217,939,143,48200,2020-06-17T12:44:57.000000+0000,Public
"",maxssutton,"","",false,0,0,0,0,"",Gagal ditarik / Kemungkinan Private Ketat
7245585165190972421,maz.dokter,Maz dokter,Kesehatan hewan dan ternak,false,14,13700,48,111400,2023-06-17T09:30:57.000000+0000,Public
7416295144494482450,medandentalcenter,dokter gigi medan dentalcenter,DOKTER GIGI MEDAN,false,19,5554,56,33400,2024-09-19T10:12:52.000000+0000,Public
6844745809302537218,medglowskincare,Medglow Clinic Skincare Dokter,𝐉𝐮𝐭𝐚𝐚𝐧 𝐌𝐚𝐬𝐚𝐥𝐚𝐡 𝐊𝐮𝐥𝐢𝐭 𝐏𝐚𝐬𝐢𝐞𝐧 𝐓𝐞𝐫𝐚𝐭𝐚𝐬𝐢🔥 🔬Medical Grade PDRN Salmon DNA®️ by MEDGLOW CLINIC  BPOM•HALAL Open Affiliator Reseller,false,6,2100000,1005,67300000,2020-07-02T05:09:32.000000+0000,Public
7054447860922401818,mediasehat,Mediasehat,Media Sehat - Solusi Kesehatan Kamu 📩 Admin : 085756230911,false,45,46100,670,88100,2022-01-18T07:40:36.000000+0000,Public
7055401237722891265,medis.id,medis.id,MEDIS SAUDI ⭐⭐⭐⭐⭐ Hajj Umroh Service #medis #handling #muthowif #tourleader #badalhaji #badalumroh #suntikstophaid #landarrangement #suntikinfusvitamin,false,18,10000,20,73200,2022-01-20T21:20:11.000000+0000,Public
7033744810552853505,melvinahusyanti96,OWNER DAVIENA SKINCARE,FOUNDER @Daviena Skincare Official @davienaclinic @Murah Nian Store,true,2268,11000000,1562,441000000,2021-11-23T12:42:11.000000+0000,Public
"",meni_md,"","",false,0,0,0,0,"",Gagal ditarik / Kemungkinan Private Ketat
6787740724751713281,menjadimanusia.id,Menjadi Manusia,Beli e-book kumpulan cerpen di bio 👇🏻,false,0,437300,1107,13000000,2020-01-30T14:20:41.000000+0000,Public
7460323634739315713,mentalhealth.indo,Mentalhealth Indonesia,"Pusat pelayanan konseling, Webinar dan Workshop 🫶Sehat Mental, Hidup Optimal",false,2,20,33,467,2025-01-16T01:45:53.000000+0000,Public
7623613598237295632,merahonoc3d,Edukasi kesehatan,"",false,17,1261,9,6010,2026-04-01T02:34:21.000000+0000,Public
6784956561271636993,merlangen,dokter hewan Jogja,ig @vet.call.yogyakarta,false,568,5807,69,141600,2020-01-23T02:16:43.000000+0000,Public
7394058846048896006,mesenic.id,mesenic,"",false,6,20800,587,45200,2024-07-21T12:04:40.000000+0000,Public
"",mesika48mess,"","",false,0,0,0,0,"",Gagal ditarik / Kemungkinan Private Ketat
7449368573272146949,mesya____1874,Main cantik🫢,Aku sayang kamu🩷🩷,false,942,469,88,2020,2024-12-17T13:14:39.000000+0000,Public
7234587580851307526,midkidvietnam,Midkid Store,Midkid - Bảo vệ từ chiếc răng đầu đời của bé Livestream hằng ngày: 9:00 - 23:00,false,0,20600,514,20300,2023-05-18T18:14:43.000000+0000,Public
"",mileygarciaa,"","",false,0,0,0,0,"",Gagal ditarik / Kemungkinan Private Ketat
7568076308468974593,mindfulness_id,mindfulness.id,"",false,0,1,1,9,2025-11-02T10:41:18.000000+0000,Public
7177211213321864194,minhtrithu_y,Cửa Hàng Thuốc Thú Y Minh Trí,THUỐC GÀ ĐÁ  Z.I 0.9.7.7.0.9.6.3.0.9,false,1528,57700,2157,547700,2022-12-15T03:25:06.000000+0000,Public
"",miomiloooo4,"","",false,0,0,0,0,"",Gagal ditarik / Kemungkinan Private Ketat
"",miss_shane31,"","",false,0,0,0,0,"",Gagal ditarik / Kemungkinan Private Ketat
6805414303999575041,mizaafrizal,Miza Afrizal,Pediatrician Rsia tumbuh kembang @klinikkecil  Business: +62 89674879591 (fina),false,187,99900,109,1400000,2020-03-18T05:23:12.000000+0000,Public
"",mmbuhhlahhhhh,"","",false,0,0,0,0,"",Gagal ditarik / Kemungkinan Private Ketat
6924291378965709825,moiinaumi,Dokter Hewan Gresik,"drh. Naumi Dian R. P., M. Vet MoiiPetCare (Gresik-Surabaya)  081330126922",false,84,1429,81,19000,2021-02-01T13:46:58.000000+0000,Public
"",movapartnerofficial1,"","",false,0,0,0,0,"",Gagal ditarik / Kemungkinan Private Ketat
"",mrslaauliaa,"","",false,0,0,0,0,"",Gagal ditarik / Kemungkinan Private Ketat
7283454065915610113,mrvet.vn1,MR. VET Vietnam,Dòng hạt HOLISTIC đảm bảo dinh dưỡng tối ưu cho mèo 💙,false,37,26100,1197,172100,2023-09-27T10:41:38.000000+0000,Public
7489359132513469458,mrvetph,MR.VET Philippines,"BAI REGISTERED 🇵🇭 FDA, ISO, HACCP, BRCGS ✅ Available in 🇻🇳🇹🇭🇮🇩🇲🇾",false,8,60100,610,155400,2025-04-04T07:38:27.000000+0000,Public
7609905039794308116,mubarkdaute,dokter,ኢቶ ኢሊሚናቲ መመዝገቢያ መአከል ይደዉሉ የራሥወንና የቤተሠብወን ህይወት ይቀይሩ 09 13 28 74 92 09 13 28 74 92,false,1469,1235,54,896,2026-02-23T03:58:08.000000+0000,Public
6719095066081084418,mudacumasekali,mudacumasekali,"Become creator, gain social currency, sell digital product, escape the rat race 🐀 Business Inq: 082210099954 (Dio)",false,622,614300,1543,10300000,2019-07-29T14:40:29.000000+0000,Public
"",muhammad.aqil.haz15,"","",false,0,0,0,0,"",Gagal ditarik / Kemungkinan Private Ketat
7220033359350760450,mumicamil,mumicamil,🎀 sharing barang lucu & useful 🏨 hotel review | 🍴 food review  ✨ affiliate yang suka jajan,false,223,1611,701,35100,2023-04-09T12:56:54.000000+0000,Public
6959705014554788869,muno0p,Dokter Hewan🇰🇭,no bio yet,false,415,495,66,4210,2021-05-08T00:09:58.000000+0000,Public
7234512411024262150,musfirahindarpratiwi,Dokter gen Z,"",false,229,2038,93,14200,2023-05-18T13:23:01.000000+0000,Public
"",muthia_sgz,"","",false,0,0,0,0,"",Gagal ditarik / Kemungkinan Private Ketat
6806668939722441729,mutiirawannn,drh. mutiara🩺🐾,"journey of new vet, one paw at a time👩🏼‍⚕️🐾",false,226,31100,153,2700000,2020-03-21T14:31:50.000000+0000,Public
"",mvdiha0,"","",false,0,0,0,0,"",Gagal ditarik / Kemungkinan Private Ketat
"",n,"","",false,0,0,0,0,"",Gagal ditarik / Kemungkinan Private Ketat
"",nabepetshop.dokte,"","",false,0,0,0,0,"",Gagal ditarik / Kemungkinan Private Ketat
6641626548162478086,nabhanmasry,دكتور نبهان,🇸🇾🇸🇦 For business : Doctor.nabhan@gmail.com ضفتني ؟ خذ تفاحة 🍏 حساباتي 👇🏻ضيفوني,true,69,6200000,1390,109600000,2019-01-01T20:23:04.000000+0000,Public
"",nadialaydrus,"","",false,0,0,0,0,"",Gagal ditarik / Kemungkinan Private Ketat
7239878046902617093,naglesthoj,Nag Les Thoj,꧁*TSHUAJ KHO ZOO PLAB MOB}*꧂ HMOOB:LÀO CAI_FB: Nag Les Thoj GIỜ LIVE : 6: GIỜ 35 PHÚT TỐI,false,1090,389100,4307,8300000,2023-06-02T00:24:25.000000+0000,Public
7507477141505033234,najril335,DOKTER_HEWAN,"",false,41,95,12,3255,2025-05-23T03:25:35.000000+0000,Public
7554674457072436231,namiradentalcare,NAMIRA DENTAL CARE,"🦷 Rawat Gigi, Rawat Percaya Diri 🦷 Praktik Mandiri Dokter Gigi Raziqa @raziqaaa  📍 Wonoketro, Jetis, Ponorogo 📞 0878-1730-2848",false,2,259,87,2033,2025-09-27T07:55:16.000000+0000,Public
6964436575384519682,nasehat.ketua,nasehat ketua,"BUKU LAINNYA KETUA SILAHKAN KLIK DI ""SHOWCASE"" ATAU LINK DI BAWAH 👇👇👇",false,0,4761,974,48800,2021-05-20T18:10:50.000000+0000,Public
6823638199283303425,natashaskincare.id,Natasha Skincare,Official Tiktok Natasha Skincare,false,27,193800,4181,1400000,2020-05-06T08:01:14.000000+0000,Public
"",nazar.zar13,"","",false,0,0,0,0,"",Gagal ditarik / Kemungkinan Private Ketat
"",naziahhakiki,"","",false,0,0,0,0,"",Gagal ditarik / Kemungkinan Private Ketat
6797651466464248834,ndcdentist,ndcdentist -Dokter Gigi Malang,KLINIK GIGI MALANG DOKTER GIGI MALANG Sawojajar - Araya - Sigura - Kepanjen - Batu - Pandaan  Konsultasi > DM,false,18,8299,502,193000,2020-02-26T07:19:26.000000+0000,Public
"",ners.fian,"","",false,0,0,0,0,"",Gagal ditarik / Kemungkinan Private Ketat
"",ners_diki,"","",false,0,0,0,0,"",Gagal ditarik / Kemungkinan Private Ketat
"",ners_eko,"","",false,0,0,0,0,"",Gagal ditarik / Kemungkinan Private Ketat
6957784764712911878,newred2021,dokter kulit,"",false,233,96,2,37,2021-05-02T19:58:25.000000+0000,Public
6958158540029395970,ngajilagi.id,ngajilagi.id,Pengen les baca Al-Qur'an dibimbing tutor profesional. Daftar lewat sini ya😃👇🏻,false,0,1700000,1036,23600000,2021-05-03T20:08:51.000000+0000,Public
"",ngantuk90923,"","",false,0,0,0,0,"",Gagal ditarik / Kemungkinan Private Ketat
7205452946934891525,ngobrolkesehatan,Si Paling Sehat,Asam Lambung & GERD Enthusiast✨ Share cerita kalian (DM) 🎙️ #SiPalingSehat ‼️,false,4,85100,546,7500000,2023-03-01T05:57:27.000000+0000,Public
7223762584222106632,nguyentay217,Thuốc Thú Y,"",false,9979,10900,16000,91800,2023-04-19T14:08:12.000000+0000,Public
6532039246599946242,nichosaputranugraha,Nicho Saputra Nugraha,Clinical Nutrition Resident UI @Ninchoid @Rumah Gizi  Official Health Influencer @Secret Clean  CP +62 821-8506-7181 (Nina),true,285,822300,1789,49800000,2018-03-12T12:48:22.000000+0000,Public
"",nikolatief,"","",false,0,0,0,0,"",Gagal ditarik / Kemungkinan Private Ketat
"",niksih,"","",false,0,0,0,0,"",Gagal ditarik / Kemungkinan Private Ketat
7077507088427860993,niningsuryani0808,Dokter Annora,Aesthetic Doctor  Founder of @annora_clinic 📲 O812-478O-4128,false,124,176700,173,6700000,2022-03-21T11:02:10.000000+0000,Public
6991492487168672794,normi1dokter,DokterQu (DQ),085797926231 dokterqu,false,1212,4410,23,880,2021-08-01T16:01:35.000000+0000,Public
6524647349690941441,novy_oktaviana,"dr. Novy Oktaviana, Sp. DVE","Dokter Spesialis Kulit Kelamin & Estetica  Founder : 👉Alzena Skincare Indonesia 👉DermaLink Skin Clinic 👉Dyaratu Salon, Nail Art & Spa",false,9994,339800,2760,4500000,2018-02-20T14:44:02.000000+0000,Public
7428240135436878853,nutrisi_anakcerdas,NUTRISI KESEHATAN ANAK.,Pusat Nutrisi anak Cerdas.  Kasih Tiens ZINC solusi GTM & stunting,false,29,15400,252,302800,2024-10-21T14:45:31.000000+0000,Public
"",nutrisi_bunda,"","",false,0,0,0,0,"",Gagal ditarik / Kemungkinan Private Ketat
"",nutrisionis_icha,"","",false,0,0,0,0,"",Gagal ditarik / Kemungkinan Private Ketat
6791088042981114882,nutrovet,Nutro Vet,"Oi, eu sou a Bárbara Veterinária Nutróloga Clica   👇🏻",false,0,177000,597,2400000,2020-02-08T14:50:00.000000+0000,Public
"",olahraga_pemula,"","",false,0,0,0,0,"",Gagal ditarik / Kemungkinan Private Ketat
6912399970940044290,olahragadirumah,Olahraga Bakar Kalori di Rumah,Follow kami untuk mendapatkan ide olahraga yang bisa kamu praktekkan di rumah,false,343,321,32,344,2020-12-31T12:42:14.000000+0000,Public
7365799287118185477,omgskincare.official,omgskincare.official,Skincare viral OMG Beauty,false,4,40600,1701,224600,2024-05-06T08:23:09.000000+0000,Public
"",omprenggmbgnine_e,"","",false,0,0,0,0,"",Gagal ditarik / Kemungkinan Private Ketat
6867492075539416065,onad___,DOKTER SEPATU,• Karna disetiap sepasang sepatu punya cerita 👟 • Reparasi • Ganti Sole • Reglue Cuma 189k • Jangan buang sepatu lo dulu! • Konsultasi & kirim sepatu 👇,false,600,128100,1051,4400000,2020-09-01T12:16:40.000000+0000,Public
61518720577130496,ongiel,Skincare w/ Jan Angelo,Helping Filipinos make INFORMED skincare decisions since 2020 ❤️,false,1448,487200,468,7100000,1970-06-15T18:44:03.000000+0000,Public
"",ongyekung,"","",false,0,0,0,0,"",Gagal ditarik / Kemungkinan Private Ketat
7483029144722474001,orangkaya_gadungan,D0KT€R - H€W@N,Brand Ambassador  SEGALA SESUATU YANG  TERJADI DI PERTIKTOKAN🤝,false,219,11000,772,241600,2025-03-18T06:14:52.000000+0000,Public
7550929775495463952,orcadentalstudiopalu,DOKTER GIGI PALU,"🦷 Modern Dental Clinic - Cepat, Nyaman & Peduli 💛 ⏰ Senin - Sabtu : 10.00 - 21.00 WITA ⏰ Minggu : 13.00 - 19.45 WITA IG : @orcadentalstudio",false,7,6222,127,14800,2025-09-17T05:43:59.000000+0000,Public
6782826238504338433,ourvetklt,OurVet Clinic,"Buka Setiap Hari,08.00 - 19.30 WIB 0811268075 ( Admin) Jln Pemuda 249, Klaten",false,4,239,101,1496,2020-01-17T08:29:58.000000+0000,Public
7242284736688030726,ownerumialfatih,UMi Al-Fatih Skincare,umi alfatih skincare,false,40,2900000,3003,103800000,2023-06-08T12:03:36.000000+0000,Public
7023982281887007746,oyello.petcare.caruban,Dokter Hewan Caruban,"drh.Winda, praktisi di Oyello Petcare Caruban Info/reservasi langsung WA 085746577211",false,434,469,164,6284,2021-10-28T05:18:35.000000+0000,Public
6896264572760916994,paudpedia,Direktorat PAUD,"Akun Resmi Direktorat Pendidikan Anak Usia Dini, Kemendikdasmen",false,17,37200,840,153600,2020-11-18T01:08:39.000000+0000,Public
6995055020917081089,pawpuavet,Dokter Hewan Pawpua,🐶😸 PawPua Veterinary 💉 Periksa • rawat • vaksin • grooming • penitipan 📍 Papua Tengah - Nabire ☎ 0852-5335-6366 (admin)  🐾 Ko sayang Torang rawat,false,282,1882,648,32000,2021-08-11T06:26:02.000000+0000,Public
"",pemuda.well79,"","",false,0,0,0,0,"",Gagal ditarik / Kemungkinan Private Ketat
7599318912349717522,penyuluhankesehatan,Edukasi Kesehatan,"Penyuluhan kesehatan untuk keluarga Indonesia. Tips anak sehat, nutrisi & edukasi harian. Cek rekomendasi produk terbaik di sini👇",false,0,647,8,3514,2026-01-25T15:18:33.000000+0000,Public
"",perawat_faisal,"","",false,0,0,0,0,"",Gagal ditarik / Kemungkinan Private Ketat
6960302681009947649,perawat_indonesia,BIASA AJA,"",false,270,13,3,2,2021-05-09T14:49:13.000000+0000,Public
6719132507256046598,personal_growth,Daniel O'Steen,"",false,61,238,9,175,2019-07-29T17:05:46.000000+0000,Public
7032846472497644545,pestapratiwi,Kesehatan ❤️,Pesta Pratiwi Pasaribu Amd .Keb .  Ig: Pratiwi Pasaribu  jasa homecare 📍 Delitua  Info kampus kesehatan DHDT dm ig,false,18,8566,106,64000,2021-11-21T02:36:10.000000+0000,Public
7084244326213059611,petpro.id,Klinik Dokter Hewan Petpro,Veterinary | Home Visit | Grooming | Hotel  📱08118555657 📍Lokasi: Cek Web👇,false,5,1307,151,6489,2022-04-08T14:46:06.000000+0000,Public
7099999860875019265,petshop_murah_2,Dokter Yya 2,🚨JUAL KANDANG AYAM 🐔  .,false,6667,5860,4469,29800,2022-05-21T01:45:37.000000+0000,Public
6744636092648276993,petshopdeeva,Deeva Pet Shop & Dokter Hewan,@verradeeva,false,464,16200,2078,361400,2019-10-06T10:32:42.000000+0000,Public
6541703659485724673,phandu_putras,PHD | Drama dokter gigi 🦷,Dokter gigi Gen-Z 🦷| Dentist 🦷| IG : @phandu_putras business inquiries:👇🏻,false,133,9578,543,140700,2018-04-07T13:51:13.000000+0000,Public
"",phapsuthu_y,"","",false,0,0,0,0,"",Gagal ditarik / Kemungkinan Private Ketat
"",pijapsikologi,"","",false,0,0,0,0,"",Gagal ditarik / Kemungkinan Private Ketat
6848474108477309954,pikripunyatireeeeex,doktergigi,"",false,84,89,8,825,2020-07-12T06:17:14.000000+0000,Public
7409215150039811077,pitadental,Dokter Gigi Tambun @pitadental,EDUKASI gigi & mulut melalui #POV pasien PITA🎀 ⬇️Reservasi⬇️,false,0,7000,162,109600,2024-08-31T08:18:52.000000+0000,Public
"",podcast_kesehatan88,"","",false,0,0,0,0,"",Gagal ditarik / Kemungkinan Private Ketat
"",polidsat,"","",false,0,0,0,0,"",Gagal ditarik / Kemungkinan Private Ketat
77691332707,praktek_dokter_kulit_kel,dr arief spkk,No bio yet,false,3475,2075,59,5122,1970-01-01T00:00:18.000000+0000,Public
7658008797588325393,praktekdoktergigi82,PraktekDoktergigiSp3,DoktergigiSp3,false,47,28,8,78,2026-07-02T19:05:17.000000+0000,Public
"",praktekpribadidok,"","",false,0,0,0,0,"",Gagal ditarik / Kemungkinan Private Ketat
7553879044937401351,praktikdoktergigi.po,doktergigiponorogo,"🦷 Praktik drg. Restia Rahmadhani 📍 Jl. Letjend Suprapto, Ronowijayan, Ponorogo (Selatan Perempatan UIN Ponorogo) OPEN : 16.30 - 20.00 Reservasi: 085857857289",false,8,220,53,991,2025-09-25T04:28:40.000000+0000,Public
"",priciliya06,"","",false,0,0,0,0,"",Gagal ditarik / Kemungkinan Private Ketat
"",prilly_spsi,"","",false,0,0,0,0,"",Gagal ditarik / Kemungkinan Private Ketat
"",private_1y69,"","",false,0,0,0,0,"",Gagal ditarik / Kemungkinan Private Ketat
7258260279066493960,produkpragaan2,Dokter Hewan 🤭,https://omg10.com/4/10725183,false,115,57,35,119,2023-07-21T13:16:52.000000+0000,Public
"",psikolog_analisa,"","",false,0,0,0,0,"",Gagal ditarik / Kemungkinan Private Ketat
"",psikologikita,"","",false,0,0,0,0,"",Gagal ditarik / Kemungkinan Private Ketat
"",pusatduniakesehatan,"","",false,0,0,0,0,"",Gagal ditarik / Kemungkinan Private Ketat
6937567817320367105,pusatlsskincare,LS SKINCARE REBORNOFFICIAL,Live Streaming 24jam  Affiliate Wellcome komisi 15%,false,146,205500,1997,512600,2021-03-09T08:26:20.000000+0000,Public
7388782972571730949,putraanakke,Saputra sja,Putra anak ke2,false,3353,1896,763,10900,2024-07-07T06:51:35.000000+0000,Public
6776459035450672130,putramahmoud,𝓟𝓾𝓽𝓻𝓪🖤,Prince abdullah 🤴🏻,false,238,1100000,635,38500000,2019-12-31T04:41:58.000000+0000,Public
7652659858957730833,putrazunior3,KING ★PUTRA,"",false,329,122,32,156,2026-06-18T09:08:40.000000+0000,Public
"",putri_dietitian,"","",false,0,0,0,0,"",Gagal ditarik / Kemungkinan Private Ketat
7625971163499938833,putrikesehatan,Putri Kesehatan,Akun Edukasi • Bantu Follow Yuk😇,false,11,11000,77,1032,2026-04-07T11:02:54.000000+0000,Public
"",qgdvjyvpofborusaragihqc2,"","",false,0,0,0,0,"",Gagal ditarik / Kemungkinan Private Ketat
6783923150134887425,qonitcah,Qonitcah,"Nursing, Universitas Indonesia Business / Endorsement: +62 857 1000 5818",false,1184,2200000,1375,69400000,2020-01-20T07:26:33.000000+0000,Public
"",quyen.ba.vi.thu.y,"","",false,0,0,0,0,"",Gagal ditarik / Kemungkinan Private Ketat
"",quynhdan223,"","",false,0,0,0,0,"",Gagal ditarik / Kemungkinan Private Ketat
7234906059562746885,racikandokterkulit,PARFUM GRATIS ONGKIR,"",false,219,7,6,666,2023-05-19T14:50:34.000000+0000,Public
7121220906633954330,raedaromatherapy.my,Raed HQ,Sinar Rezeki Global Sdn Bhd (1295027-P) 📍Raed Brand  👨🏻‍⚕️Formulation by Doctor Microbiologist ✔️HALAL Certified Products,false,851,152800,2104,2100000,2022-07-17T06:14:07.000000+0000,Public
7059205083522991105,rafaskinclinic,Rafa Skinclinic,Klinik Spesialis Kulit&Kelamin 📍@rafa.skinclinic  📍@rafa.skinclinicpraya,false,866,655,333,3341,2022-01-31T03:21:03.000000+0000,Public
7462351080920646672,rafatar0524,dokter,: @Nining cicit❤️,false,220,39,22,110,2025-01-21T12:53:25.000000+0000,Public
7565144767177524240,randy.da,dokter muda,"",false,1653,198,296,1137,2025-10-25T13:05:25.000000+0000,Public
7406250768393225222,rayhandoktergenz,Rayhan | Dokter gen Z,👨‍⚕️ dokter internsip Daily Life | Medical Content | Lifestyle 📩 Collaboration: DM IG / Tiktok ig: @mrayhanaditia_ @soleclinic.idn,false,138,5827,261,1200000,2024-08-23T08:35:33.000000+0000,Public
7364323277567788038,real_revk,dokter,"""Level Max,Hati Noob",false,626,101,70,560,2024-05-02T08:55:28.000000+0000,Public
"",regan_psikiater,"","",false,0,0,0,0,"",Gagal ditarik / Kemungkinan Private Ketat
6926633669496341509,reginald_santos,Reginald_Santos,"Lima, Perú  📩:reginald.santos2002@gmail.com",false,0,2600000,6609,1200000000,2021-02-07T21:16:15.000000+0000,Public
"",reisabrotoasmoro,"","",false,0,0,0,0,"",Gagal ditarik / Kemungkinan Private Ketat
"",reisabrotoasmoro),"","",false,0,0,0,0,"",Gagal ditarik / Kemungkinan Private Ketat
"",remantok,"","",false,0,0,0,0,"",Gagal ditarik / Kemungkinan Private Ketat
"",renownedzoologist,"","",false,0,0,0,0,"",Gagal ditarik / Kemungkinan Private Ketat
7399606263451681798,rentijanda,RENTI PIJIT KESEHATAN,pijit full body khusus di PEKANBARU RIAU aja Wa 6282178072752 buka 1 minggu 1 x saja IG @rentijanda,false,1977,13700,34,16600,2024-08-05T10:51:29.000000+0000,Public
7342363690878616583,resepdokter.id,Resep Sehat Dokter,Follow untuk Resep Kesehatan Setiap Hari.  Rekomendasi Produk.  👇👇👇,false,26,111500,1343,755100,2024-03-04T04:41:04.000000+0000,Public
7405868129575764998,resepherbalzaidulakbar,Edukasi Kesehatan,Saluran Dakwah & Edukasi Kesehatan,false,0,6466,73,47300,2024-08-22T07:50:43.000000+0000,Public
7002555890894062594,review_skincarebysin,Review Skincare✨,Tukang Review Skincare💄💅🏻✨🌸 Semua produk disini 💯% ori ya guyss😍 ⚠️CURI VIDEO DENDA 100jt⚠️,false,309,45800,2221,2300000,2021-08-31T11:33:15.000000+0000,Public
7003538769224500226,rgbclinicpurwakarta,Rgbclinic_official,"RGB Beauty Clinic✨ ☎️ 0813-8339-6592 📍Jl.RE Martadinata Purwakarta, Jawa Barat",false,37,1219,757,5454,2021-09-03T03:07:19.000000+0000,Public
"",rhyotanlainkokomaking,"","",false,0,0,0,0,"",Gagal ditarik / Kemungkinan Private Ketat
"",rinaldinuribrahim,"","",false,0,0,0,0,"",Gagal ditarik / Kemungkinan Private Ketat
7320592324600988677,riski.maulana2312,dokter,"",false,2522,305,12,167,2024-01-05T12:37:02.000000+0000,Public
6962397545013330945,riski.nurlette,DOKTER,ayo 1k,false,396,53,1,2,2021-05-15T06:18:21.000000+0000,Public
"",rizaldo,"","",false,0,0,0,0,"",Gagal ditarik / Kemungkinan Private Ketat
6524439389917102082,rmalasaryyy,rmalasary,•ig|rmalasaryyy fb|rmalasary •💍 @Medis Susanto  •Semua yang dipake👇🏻,false,16,439400,2171,5000000,2018-02-20T01:17:02.000000+0000,Public
"",roannathomas,"","",false,0,0,0,0,"",Gagal ditarik / Kemungkinan Private Ketat
7052719533178930202,roozzaak,Dokter Gemoy,"🩺 (Kebetulan) Dokter 🩺 🗣️ Kadang edukasi, kadang random 🗣️ ❗️Cek keranjang, siapa tau butuh ❗️ 👇 Kerjasama👇",false,13,98400,1147,1900000,2022-01-13T15:53:48.000000+0000,Public
7213943893342913562,rppwbmdobez,Dokter kulit,Semua orang adalah pencinta kecantikan Ikuti saya untuk membuat kulit Anda lebih,false,0,2,4,4,2023-03-24T03:06:39.000000+0000,Public
7290422845107307522,ruang.kesehatan.id,Ruang Kesehatan,"",false,0,10300,61,137800,2023-10-16T05:24:03.000000+0000,Public
"",ruang.tenang,"","",false,0,0,0,0,"",Gagal ditarik / Kemungkinan Private Ketat
"",ruang_psikologi,"","",false,0,0,0,0,"",Gagal ditarik / Kemungkinan Private Ketat
"",ruelcc1,"","",false,0,0,0,0,"",Gagal ditarik / Kemungkinan Private Ketat
6942053647157199873,rumahgigikuklaten,dokter gigi klaten,Hallo rumah gigiku disini @dokmin👩🏼‍⚕️  WA 081-1352-6161 (Konsultasi Gratis),false,94,4841,601,8029,2021-03-21T10:33:38.000000+0000,Public
7536243559197836295,rusdinisnain,Oppa Kulit Barito,"Part Time Dermatologist, Full time Husband",false,368,1142,70,8047,2025-08-08T15:53:58.000000+0000,Public
6906868884004684802,ryanwinalda,Ryan Things,PROMO BULAN JULI 🥰 DISKON HINGGA 75 % Vitamin Anak & Dewasa ✅ Alat Kesehatan ✅ Klik showcase Dibawah ⬇️ endorse ig:@ryanwinalda,false,957,823400,3559,48800000,2020-12-16T14:58:47.000000+0000,Public
7387096570026296326,sabirjihadjimaaabajifra2,dokter,laviyu,false,3254,1559,466,4282,2024-07-02T17:47:29.000000+0000,Public
6567144657661444102,sabrinamaidaaah,Sabrina M | Psikolog,"Certified CBT Therapist Prepare/Enrich Facilitator for Couple 🎀 relationship, families & self",false,230,314600,4948,22000000,2018-06-15T03:15:17.000000+0000,Public
"",sadia.akther982,"","",false,0,0,0,0,"",Gagal ditarik / Kemungkinan Private Ketat
7582950704248882194,sahabat_sehat2,edukasi kesehatan,"",false,16,18,15,146,2025-12-12T12:41:33.000000+0000,Public
6911260300747817986,sahabatkesehatan,Sahabat Kesehatan,"Karena sendiri udah sepi, yuk bareng-bareng biar hepi #sehatbareng dari Kalbe !",false,7,23700,776,16600,2020-12-28T10:59:44.000000+0000,Public
6725620808196047873,salsabilagz,user7033968302421,"",false,1,4,3,9,2019-08-16T04:43:41.000000+0000,Public
6876718132523615234,sandybadawipetcare,dokterhewandepok24Jam,No bio yet,false,81,5863,7,8380,2020-09-26T08:58:29.000000+0000,Public
7114303035011531777,sanesdokterhewan,Sanes Dr Hewan,"",false,79,785,16,478,2022-06-28T14:49:14.000000+0000,Public
7577528945534043158,sarah.chiruuu,SARAH CHIRU | WIN WITH ME,"",false,13,1821,3,268,2025-11-27T22:02:21.000000+0000,Public
"",sarahsalsabila,"","",false,0,0,0,0,"",Gagal ditarik / Kemungkinan Private Ketat
"",sarandokterkulit,"","",false,0,0,0,0,"",Gagal ditarik / Kemungkinan Private Ketat
"",sarohh8015,"","",false,0,0,0,0,"",Gagal ditarik / Kemungkinan Private Ketat
6811693355216552961,sarrahjoseph,Dokterhewan ❤️,"",false,65,55,32,448,2020-04-04T03:29:08.000000+0000,Public
7143424338690638875,sayoraraw,Malaikat Pencabut Gigi,dokter giginya para idol kesayangan kalian 📲 085223769050 Ben @sayoraraw,false,81,199800,531,13900000,2022-09-15T02:14:46.000000+0000,Public
"",sa’i,"","",false,0,0,0,0,"",Gagal ditarik / Kemungkinan Private Ketat
7042550083644261377,sdermhouse,S-Derm Purwakarta,Healthy & Beautiful Skin.   📍Jl. Ibrahim Singadilaga No.28A Purwakarta,false,3,333,22,680,2021-12-17T06:11:08.000000+0000,Public
7355926111525995526,sehat.praktik.dok,SEHAT PRAKTIK DOKTER HEWAN,RUKO  GATEWAY D-11 RAYA WARU SIDOARJO.  Emergency 24 Jam- Opname- Operasi Besar/kecil-Jemput Antar Hewan. Kremasi WA ONLY 081553200867  CALL 031-8535867 (24j),false,15,592,44,19000,2024-04-09T17:50:11.000000+0000,Public
7555378291251659792,sehat.setiap.hari,Sehat setiap hari,Follow akun ini untuk mendapatkan info update seputar kesehatan ❤️,false,0,117,68,2436,2025-09-29T05:26:30.000000+0000,Public
"",sehat_klinik,"","",false,0,0,0,0,"",Gagal ditarik / Kemungkinan Private Ketat
7200629272108205083,sehatalaaku50,KESEHATAN BERSAMA,"",false,0,55400,681,345300,2023-02-16T05:59:08.000000+0000,Public
"",sehatbareng_eka,"","",false,0,0,0,0,"",Gagal ditarik / Kemungkinan Private Ketat
7617054073640862736,sehatjasmani4,SehatJasmani,"Mulai dari sekarang, bukan nanti Jaga tubuh = investasi hidup Sehat jasmani, hidup lebih berarti...",false,0,52500,93,219200,2026-03-14T10:20:02.000000+0000,Public
7530094160276964359,sehatkesehatann,sehatbersamakesehatan,"",false,9,46,24,1220,2025-07-23T02:11:10.000000+0000,Public
7629637107657622529,sehattulangsendi,edukasi kesehatan tulang sendi,✅ EDUKASI KESEHATAN TULANG DAN SENDI ✅ REKOMENDASI PRODUK KESEHATAN,false,367,322,164,459,2026-04-17T08:08:38.000000+0000,Public
"",selflove_id,"","",false,0,0,0,0,"",Gagal ditarik / Kemungkinan Private Ketat
7596169152436569109,sepalsepil289,salep racikan dokter kulit,"",false,725,2008,513,10800,2026-01-17T03:35:53.000000+0000,Public
7312055739835827205,seputarkesehatan6,Toko Kesehatan,mencegah lebih baik daripada mengobatii,false,288,1562,1070,30400,2023-12-13T12:30:44.000000+0000,Public
"",seringikutkajian.com,"","",false,0,0,0,0,"",Gagal ditarik / Kemungkinan Private Ketat
7237759061973664774,seruni.official,Seruni Skincare Store,Official TikTok Account of Seruni Brand Official  #BeYourFlowerToday🌷 Let's join grup clipper 👇🏻👇🏻👇🏻,false,4,915500,3254,6300000,2023-05-27T07:21:41.000000+0000,Public
7479077686720267269,shabaskuy.family,Dokter Hewan •Shabaskuy Family,Holaaa ~ 🐾🐾 Account ini dikelola oleh drh. Lisa & drh. Rizky 🏨 Pawsome Petcare & Petshop Tangerang,false,1,1469,97,12500,2025-03-07T14:41:11.000000+0000,Public
7266006008424973317,sharingkesehatan,SK,bantu kamu sembuh dari sakit,false,3,103800,89,1100000,2023-08-11T10:14:15.000000+0000,Public
7158416469872149505,shashabudolera,Shasha Budolera,FOR ONLINE CONSULTS message @Doc Shasha MD  Partnerships: 📩shashabudolera@gmail.com Viber: +639271818164,false,2845,37100,3164,481300,2022-10-25T11:51:54.000000+0000,Public
"",shashaloca0,"","",false,0,0,0,0,"",Gagal ditarik / Kemungkinan Private Ketat
7309340058070713346,siajeng__,@jeng,📍 cipanas-cianjur,false,899,9053,283,1800000,2023-12-06T04:52:30.000000+0000,Public
7530920218905101330,siapmuda_edukasi,Edukasikesehatan,"",false,3,37,4,189,2025-07-25T07:36:41.000000+0000,Public
7050699091860374554,sikat.gigimu,edukasi kesehatan gi,dikelola oleh drg.fatimah,false,72,435,65,372,2022-01-08T05:13:27.000000+0000,Public
6857872941456638978,skin.cantik,SkincareCantik,Skincare Buat Si Cantik,false,78,646800,8,9100000,2020-08-06T14:09:31.000000+0000,Public
7293089870422443050,skincare..011,Skin Care,"✨ Skincare Lover | Glow Journey 💧 Tips • Routines • Honest Reviews 🌿 Clear Skin, Healthy Skin Daily Glow 👇 please Follow and reposts videos",false,13,471400,54,1700000,2023-10-23T09:53:28.000000+0000,Public
6772889398327411713,skincareans,andin,"Beauty, Lifestyle, Travel ✈️🌎29 countries 📍Jakarta CP: 0851-5897-3392  0878-6477-6040",false,657,1100000,2288,64100000,2019-12-21T13:49:58.000000+0000,Public
6620079008561758210,skincaredungcach.byson,Skincare Đúng Cách,CHỈ CÓ kênh này và @Skincare Đúng Cách Meteam các kênh khác là giả mạo/ăn cắp đăng lại video‼️ For work: skincaredungcach.byson@znamedia.com,false,66,624200,652,9500000,2018-11-04T18:47:36.000000+0000,Public
6855069843005637637,skincarees,Skincarees,Skincare 💋tips tool 👇Link to pore vacuum👇,false,21,451500,96,6900000,2020-07-30T00:52:03.000000+0000,Public
6670129240568446977,skincere.nezma,skincare nezma,INI~AKUN~REAL~NEZMA~BAHAR skincere~nezma~produk~madura sampang~semoga~slalu~sehat~dan sukses~slalu~dan~banyak~recekinya amin~yarabbel~alamin~statusku~bersuami,false,9845,503400,10300,5300000,2019-03-19T15:48:04.000000+0000,Public
7229814976024757275,skinpacific.id,SKIN PACIFIC SKINCARE,🏆DERMATOLOGIST TEST & BPOM APPROVE,false,22,584900,228,287800,2023-05-05T21:34:34.000000+0000,Public
6844931334676481030,skndoctor,Dr Ewoma,award-winning cosmetic doctor  founder + contributing editor info@skndoctor.com shop my posts + book a call with me👇🏾,false,775,417700,819,9300000,2020-07-02T17:09:28.000000+0000,Public
"",skwadfitness,"","",false,0,0,0,0,"",Gagal ditarik / Kemungkinan Private Ketat
7374800323377038342,smiledent.purwodadi,DOKTER GIGI PURWODADI,Dokter Gigi Terbesar di Purwodadi  Pusat Behel dan Tambal Estetik  📍Smiledent Purwodadi Pusat  📍Smiledent Purwodadi Godong Konsultasi dan Reservasi 👇🏻,false,121,4624,613,9535,2024-05-30T14:31:46.000000+0000,Public
6596945908595294209,social_dentalclinic,Dokter gigi payakumbuh,Dokter Gigi Payakumbuh Sumatera Barat RESERVASI DAN LOKASI KLINIK 👇🏻👇🏻👇🏻,false,88,5306,613,22700,2018-09-03T10:39:22.000000+0000,Public
6940641110264841221,sofiatiarastrkeb,BidanSofii | Edukasi Kesehatan,"✓ Edukasi Kesehatan Seputar Ibu & Anak 🤱 ✓ Tips & Rekomendasi Promil Alami 🫄 ✓ Rekomendasi Produk Kesehatan 💊 👩‍⚕Konsultasi online, KOL/Endors 👇",false,1794,2277,416,8784,2021-03-17T15:12:17.000000+0000,Public
"",soile_1,"","",false,0,0,0,0,"",Gagal ditarik / Kemungkinan Private Ketat
7008507781608424475,solusikesehatan_id,Solusi Kesehatan 👨🏻‍🔬,Mari Ikhtiar Bersama untuk kesehetan kita dg menyimak video Jangan Lupa Follow❤,false,21,19200,18,110500,2021-09-16T12:29:37.000000+0000,Public
7050194696207123462,songofskin,Song Of Skin,Let Your Skin Sing —✨ K Beauty | Skincare   Find us songofskin.com - #songofskin,false,992,1400000,1449,67800000,2022-01-06T20:36:09.000000+0000,Public
7547595702764340225,spesialist.kesehatan,spesialist.kesehatan,"Karna sehat, hidup lebih bernilai 🤍",false,7,15900,99,41000,2025-09-08T06:06:05.000000+0000,Public
"",star.boy.on.top5,"","",false,0,0,0,0,"",Gagal ditarik / Kemungkinan Private Ketat
139443895767261184,sundariindah,Bamboe Drinks,ready minuman kekinian,false,499,226,279,5627,1971-01-11T18:33:32.000000+0000,Public
6781380936325153793,swanpedia,Swanpedia,5 tahun mengajar Skincare. Not medical Advice! Business : 0811-8881-8822,false,131,749800,1431,36100000,2020-01-13T11:01:28.000000+0000,Public
6531128801630863362,syamimhasni,syamimhasni,@Dr Zawani Animal Clinic  HELLO POSITIVE PEOPLE & NAHIA,true,451,1200000,499,25900000,2018-03-10T01:55:22.000000+0000,Public
7034884003258008603,syiar_chalifah,Kesehatan,be a human being who is useful to other humans in terms of goodness,false,197,65,1889,9417,2021-11-26T14:22:50.000000+0000,Public
7077558356416463898,t16er.co,DOKTER MUDA,Ale | Bit | Ule | Ghil | Sep | Fan | Box | Vit | Sal,false,12,22,4,57,2022-03-21T14:21:07.000000+0000,Public
6997075222113305626,tagampardameansin,dokter hewan,"",false,1091,1350,136,1013,2021-08-16T17:05:27.000000+0000,Public
6994929221001757697,tanamanbudokter,The Orchids,🌺The Orchids By @tanaman_budokter 🌺 Surga pecinta Anggrek dendrobium keriting,false,3,1879,115,844,2021-08-10T22:17:52.000000+0000,Public
"",tanya_apoteker,"","",false,0,0,0,0,"",Gagal ditarik / Kemungkinan Private Ketat
7364199334802883589,tanyadokter_id,tanyadokter_id,"Woi, Bro! Dokter GACOR di sini.  Follow biar ga ketinggalan info-info seputar kesehatan dari gue! 😜",false,1,1051,712,11000,2024-05-02T00:54:31.000000+0000,Public
6810759948269028353,tanyadokterkulit,dr. Vivi Dyah Ayu,No bio yet,false,175,1344,73,4689,2020-04-01T15:07:02.000000+0000,Public
6758782131021661186,tanyakandokter,TANYAKAN DOKTER,business/endorsement : 082147111323,true,130,729500,962,4700000,2019-11-13T13:26:33.000000+0000,Public
7284982741904360453,tarsidi28,TOKO SERBA MURAH,Produk pilihan berkualitas & harga terbaik,false,2,1091,125,2542,2023-10-01T13:33:40.000000+0000,Public
7366246928181576709,temancurhat.id,TemanCurhat,Siap dengerin curhatanmu kapanpun dimanapun.,false,0,0,1,0,2024-05-07T13:20:13.000000+0000,Public
"",temanself_,"","",false,0,0,0,0,"",Gagal ditarik / Kemungkinan Private Ketat
6795759557248467969,tentanganak.id,Tentang Anak,"🧑🏻‍⚕️Dikembangkan 65+ Dokter & Psikolog Anak  📲 Diunduh 1.5+ juta AyBun Kehamilan & Tumbuh Kembang Aman, Percayakan pada EXPERTnya❤️",true,6,1100000,2738,22700000,2020-02-21T04:57:51.000000+0000,Public
"",terapikesehatan_depok,"","",false,0,0,0,0,"",Gagal ditarik / Kemungkinan Private Ketat
6897771306604954625,this.is.pras,Dokter Pras,"KONSULTASI GRATIS  Live 07.30, 12.00, 21.30 WIB Belajar bareng dr.Pras Join di",true,783,1400000,1583,13000000,2020-11-22T02:35:33.000000+0000,Public
"",ths1230,"","",false,0,0,0,0,"",Gagal ditarik / Kemungkinan Private Ketat
"",tidak,"","",false,0,0,0,0,"",Gagal ditarik / Kemungkinan Private Ketat
7474450506443670529,tiksehat,Tik Sehat,DILARANG NYOMOT KONTEN/SCRIPT/VISUAL GAMBAR/ ATP ( Amati Tiru Plek ) USAHA DONG MIKIR KONSEP SENDIRI GAK NGIKUTIN KONSEP ORANG LAIN !!! Manage by @M U Z H ,false,1,196300,410,1900000,2025-02-23T03:25:22.000000+0000,Public
7203897051683521562,tipspsikologis,Tips Kesehatan,"Tips Kesehatan, Percintaan & Psikologis",false,25,69700,1072,598400,2023-02-25T01:19:47.000000+0000,Public
6920519822082999298,tirtacipeng,Tirtaaaaaa,"Hobi bahas sepatu, kesehatan dan olahraga",true,1197,2700000,1417,60700000,2021-01-22T09:51:24.000000+0000,Public
7610292745772499988,tk05338,Dokter perawatan kulit,"",false,5,1,2,3,2026-02-24T05:02:38.000000+0000,Public
7626720609700086801,tokoh.mama.gigi771,TOKOH Mama GIGI,Jika berminat mau nebus motor 600ribu silakan hubungi wa mamagigi                   👇 081211150147,false,1295,7737,4,21600,2026-04-09T11:31:08.000000+0000,Public
"",tokomamagigiofficial,"","",false,0,0,0,0,"",Gagal ditarik / Kemungkinan Private Ketat
7216659399501956123,tomskincare,tomskincare,KHÔNG NHẬN BOOKING ✨Glow up✨ Hỗ trợ khách hàng và công bố KQ giveaway: @TomSkincare Support,false,275,631700,294,9800000,2023-03-31T10:44:13.000000+0000,Public
7125959897200444417,tonnyh67,DokterAnak_Tonny,Dr Anak Rutin berbagi tips kesehatan anak,false,63,2653,103,8780,2022-07-30T00:43:49.000000+0000,Public
6959344937372730369,tribunhealth,TribunHealth,Situs Media Kesehatan Tribun Network Website :,false,6,85000,5565,848000,2021-05-07T00:52:41.000000+0000,Public
7148320706995962886,trtdiyanetcocuk,TRT Diyanet Çocuk,Hoş geldiniz! 👋🏼 Kalplere yolculuğumuzda bize eşlik edin! ❤,true,8,200300,1121,1300000,2022-09-28T06:55:11.000000+0000,Public
7176510087346979867,tuntasmurni,Jaga kesehatan!!,"",false,15,27500,626,145900,2022-12-13T06:04:22.000000+0000,Public
7159577381635572742,twindentists,twindentists,Hussein & Hassan – Identical Twins 🧬  Dentists 🦷  IG: twindentists,false,2,166600,263,4400000,2022-10-28T14:56:50.000000+0000,Public
6792838906506363906,tyanars_,𝐆𝐀𝐃𝐈𝐒𝐏𝐔𝐑𝐖𝐎𝐊𝐄𝐑𝐓𝐎,"𝑴𝒆𝒓𝒕𝒊𝒂𝒏𝒂 𝑹𝒊𝒛𝒌𝒊, 𝑺.𝑲𝒆𝒃.,𝑩𝒅𝒏ᥫ᭡ 𝐈𝐆 @𝐭𝐲𝐚𝐧𝐚𝐫𝐬_ 𝐂𝐏 : 𝟎𝟖𝟕𝟕-𝟔𝟏𝟎𝟗-𝟒𝟗𝟔𝟕",false,197,91200,2742,2700000,2020-02-13T08:04:14.000000+0000,Public
7297928665122702341,uklikk6,Dokter,"",false,1887,191,8,39,2023-11-05T10:50:28.000000+0000,Public
6791327465346597890,ulfanoona_,🌷 Ulfa Noona 🌷,🎬 Drama | Film | Series | etc. motto hidup : tetaplah nonton sebelum nonton itu dilarang🚫 🚨sec acc @⛅️ 𝑑𝑒𝑎𝑟 𝑛𝑜𝑜𝑛𝑎 ₊⋆✦,false,10,7836,1135,2000000,2020-02-09T06:19:05.000000+0000,Public
6709262576755000322,undcdentalaesthetic,Dokter gigi UNDC,dunia wulan ig: wulandkiw 💸 ig: katalogdentistry.official,false,441,22500,1720,1600000,2019-07-03T02:45:24.000000+0000,Public
6958507505395926022,unnymassam,edukasi kesehatan,semangat 😂,false,142,33,3,16,2021-05-04T18:43:01.000000+0000,Public
7573252930721170448,urindaily,Edukasi Kesehatan,Dapatkan tips dan panduannya 📥,false,0,3295,23,34600,2025-11-16T09:29:14.000000+0000,Public
"",useerjajsjsjaja2,"","",false,0,0,0,0,"",Gagal ditarik / Kemungkinan Private Ketat
"",user039864232,"","",false,0,0,0,0,"",Gagal ditarik / Kemungkinan Private Ketat
6928910870982820865,user1234_5553,.,newbie affiliate🛍️,false,48,12900,18,1846,2021-02-14T00:32:57.000000+0000,Public
"",user19708025,"","",false,0,0,0,0,"",Gagal ditarik / Kemungkinan Private Ketat
"",user256640427580437,"","",false,0,0,0,0,"",Gagal ditarik / Kemungkinan Private Ketat
"",user267131187,"","",false,0,0,0,0,"",Gagal ditarik / Kemungkinan Private Ketat
7334471943082673158,user2jkmxo8kby,dokter,"",false,1958,1124,58,700,2024-02-11T22:17:03.000000+0000,Public
"",user3326813270651,"","",false,0,0,0,0,"",Gagal ditarik / Kemungkinan Private Ketat
"",user3400899,"","",false,0,0,0,0,"",Gagal ditarik / Kemungkinan Private Ketat
7266793098898113541,user3485148120235,dokter,"",false,740,507,20,226,2023-08-13T13:08:34.000000+0000,Public
7538023789151781895,user35423510950760,dokter,"",false,98,295,123,1021,2025-08-13T11:02:10.000000+0000,Public
"",user4093270285868,"","",false,0,0,0,0,"",Gagal ditarik / Kemungkinan Private Ketat
"",user45233140,"","",false,0,0,0,0,"",Gagal ditarik / Kemungkinan Private Ketat
6987706319583052805,user5227281958825,dokter,"",false,845,556,1,96,2021-07-22T11:09:20.000000+0000,Public
"",user5270010624059,"","",false,0,0,0,0,"",Gagal ditarik / Kemungkinan Private Ketat
"",user6174051524167,"","",false,0,0,0,0,"",Gagal ditarik / Kemungkinan Private Ketat
"",user654323454,"","",false,0,0,0,0,"",Gagal ditarik / Kemungkinan Private Ketat
"",user7062723157859,"","",false,0,0,0,0,"",Gagal ditarik / Kemungkinan Private Ketat
"",user7284913309030,"","",false,0,0,0,0,"",Gagal ditarik / Kemungkinan Private Ketat
"",user755691022450734,"","",false,0,0,0,0,"",Gagal ditarik / Kemungkinan Private Ketat
"",user7566530123575,"","",false,0,0,0,0,"",Gagal ditarik / Kemungkinan Private Ketat
"",user767112281763,"","",false,0,0,0,0,"",Gagal ditarik / Kemungkinan Private Ketat
7345747027001607173,user79630238662804,dokter,mame,false,1531,1055,19,1064,2024-03-13T07:30:08.000000+0000,Public
"",user9181495238805,"","",false,0,0,0,0,"",Gagal ditarik / Kemungkinan Private Ketat
"",user937262490,"","",false,0,0,0,0,"",Gagal ditarik / Kemungkinan Private Ketat
"",user94251316,"","",false,0,0,0,0,"",Gagal ditarik / Kemungkinan Private Ketat
"",user9692308230210,"","",false,0,0,0,0,"",Gagal ditarik / Kemungkinan Private Ketat
7005180060241183745,vanethamaisondebeaute,KLINIK Dr. methana Sp.DVE,shopee.co.id/yurimethanasari2,false,62,1471,1794,6057,2021-09-07T13:16:22.000000+0000,Public
7169201093292885018,varelnandika,Varel Nandika,CEO PT Tulang Punggung Drama Indonesia. Business inq 📩 IG @Suneeday Creative,false,28,3000000,433,99600000,2022-11-23T13:21:45.000000+0000,Public
7096812155958035458,vet_clinic_denpasar,Dokter hewan denpasar,Dokter hewan Bali bisa melakukan house call/ datang kerumah. Wa : 089603734404,false,30,2078,144,22800,2022-05-12T11:35:42.000000+0000,Public
6925481913356420102,veterinarysecrets,"Andrew Jones, DVM",Free e-book⬇️,false,1483,929800,1130,9200000,2021-02-04T18:46:51.000000+0000,Public
7447766182080463877,videoedukasikesehatan,aceeekk**/edukasi kesehatan,ig:aaaacekkkkkkkkkkkkkk,false,18,60,83,4384,2024-12-13T05:36:33.000000+0000,Public
"",vinamuliana_,"","",false,0,0,0,0,"",Gagal ditarik / Kemungkinan Private Ketat
6527194513659559938,viniarimbhi,𝓥ᥫ᭡,"",false,37,5181,22,540500,2018-02-27T11:28:19.000000+0000,Public
7494865929915646993,vitamin.kesehatan.anak,Vitamin anak&dewasa,No bio yet,false,874,3514,1877,10200,2025-04-19T03:47:38.000000+0000,Public
6918213875121767425,vivredental,Dokter gigi sby timur | VIVRE,Klinik Dokter Gigi Gresik dan SBY 🦷 Untuk informasi 👇🏻 📱: 0822-3317-6161 📱: 0811 3596161,false,2,6434,359,248000,2021-01-16T04:43:09.000000+0000,Public
7485627971044443144,vwkqympu,Dokter Perawatan Kulit,"10 tahun riset kecantikan & kulit, rekomendasi produk kulit bagus buat semua!",false,271,602,6,1,2025-03-25T06:19:38.000000+0000,Public
6871991334430409729,watahijsjsj,Dokter,"",false,96,177,6,5634,2020-09-13T15:16:05.000000+0000,Public
"",wealdentalcare,"","",false,0,0,0,0,"",Gagal ditarik / Kemungkinan Private Ketat
7045491557072438273,winatauye,dokter hewan keliling,gavin a winata.  hanya hiburan 😻🎊🎈🎭 follow ✌,false,1680,1800,115,2468,2021-12-25T04:25:34.000000+0000,Public
6906755663272150018,windymayang_,windy mayang,KLINIK PRATAMA 10 CABANG  @WM CENTER,false,231,478700,1177,5800000,2020-12-16T07:39:26.000000+0000,Public
6776238651812627458,wishdrboyke,Wish by Dr. Boyke,Kesehatan Pasutri GRAHA WISH Tebet - Jakarta,false,4,276100,469,2000000,2019-12-30T14:26:46.000000+0000,Public
7229632057222382594,wwdokter,Dokter,"",false,3324,1129,238,4165,2023-05-05T09:44:45.000000+0000,Public
"",wwwwwn00,"","",false,0,0,0,0,"",Gagal ditarik / Kemungkinan Private Ketat
"",xloveameliax,"","",false,0,0,0,0,"",Gagal ditarik / Kemungkinan Private Ketat
6760542369567966210,xuanca._,Xuan Ca,Dr for work: Instagram,true,478,2800000,1154,145800000,2019-11-18T07:17:11.000000+0000,Public
"",ya797681,"","",false,0,0,0,0,"",Gagal ditarik / Kemungkinan Private Ketat
7618924589968294933,yamahamiom3103,DO,"",false,57,71,5,86,2026-03-19T11:18:36.000000+0000,Public
"",ygrek_ald_988,"","",false,0,0,0,0,"",Gagal ditarik / Kemungkinan Private Ketat
"",yogayandikaspa,"","",false,0,0,0,0,"",Gagal ditarik / Kemungkinan Private Ketat
"",yoo.sp.b,"","",false,0,0,0,0,"",Gagal ditarik / Kemungkinan Private Ketat
6858406332136719361,yuliabaltschun,Yulia Baltschun,Certified DIET Educator Penulis Buku I HATE DIET Mom of 2 Baby Boys,false,94,459400,129,4800000,2020-08-08T00:39:20.000000+0000,Public
7409340963582067717,yunfau_lovers,kesehatan badan,"",false,621,906,1248,5077,2024-08-31T16:27:05.000000+0000,Public
"",ywa148,"","",false,0,0,0,0,"",Gagal ditarik / Kemungkinan Private Ketat
"",zeynepmihrimah988,"","",false,0,0,0,0,"",Gagal ditarik / Kemungkinan Private Ketat
7515765104400450561,zhafira_klinik,Dokter Gigi & Umum Ternate,"Kampung Makassar, Ternate Dokter Gigi & Umum ⏰Buka Senin-Sabtu : 12.00-21.00",false,0,19000,49,1200000,2025-06-14T11:27:06.000000+0000,Public
6960728678557320198,zikinnow,dokter,#fyp#,false,1714,1022,74,1572,2021-05-10T18:22:18.000000+0000,Public
7599240696189568001,ziomama.jouney,Zio dan Mama,🌿 Ruang Cerita Zio 🎥 AI + Real Life Kids Activity 💡 Edukasi | Petualang,false,31,121800,303,658000,2026-01-25T10:15:02.000000+0000,Public
6853990396235924481,zoevana,OWNER BYZOE SKINCARE,Hidup cuma sekali Jadilah orang baik,true,529,395400,1359,8600000,2020-07-27T03:03:15.000000+0000,Public
7275759053383484421,zonakesehatan.id,Zona Kesehatan,Info produk kesehatan berkualitas klik dibawah ini. Banyak PROMO & bisa COD ⏬⏬⏬⏬,false,112,59400,1302,638000,2023-09-06T17:01:03.000000+0000,Public
6928370566664012802,zudanariffakrulloh,Zudan Arif Fakrulloh,Prof.Zudan Arif F DIRJEN DUKCAPIL 2015-2023. SEKRETARIS BNPP PJ Gubernur SULSEL,true,157,508400,1226,3800000,2021-02-12T13:36:18.000000+0000,Public
"",zxn86,"","",false,0,0,0,0,"",Gagal ditarik / Kemungkinan Private Ketat
